btag|paths|landing|packed
100549771_471860|1|00000027:/150-BONUS-UP-TO-2000-EUR-50-Free-Spins|05-17~2,2,2,1,0 05-27~1,1,0,0,0 06-26~1,1,0,0,0 07-14~1,1,0,0,0 08-04~1,0,0,0,0 08-29~2,2,2,2,0 08-01~1,1,1,0,0 05-19~1,1,0,0,0 08-10~1,1,1,1,0 05-22~1,1,0,0,0 05-10~1,1,0,0,0 05-21~1,1,0,0,0 05-15~1,1,0,0,0 07-09~1,1,0,0,0 05-14~1,1,1,1,0 06-01~1,1,0,0,0 06-27~1,1,0,0,0 05-08~1,1,0,0,0 07-11~1,0,0,0,0 06-18~2,2,1,1,0 08-22~1,1,0,0,0 06-06~1,1,0,0,0 07-21~1,1,0,0,0 06-19~3,3,2,2,0 06-13~1,1,0,0,0 07-06~1,1,0,0,0 05-16~1,1,0,0,0 all~27,27,10,9,0
100657402_465780|1|00000007:/150-BONUS-UP-TO-2000-EUR-50-Free-Spins|08-28~1,1,0,0,0 05-21~1,1,1,0,0 06-26~1,1,1,1,1 all~7,5,3,2,1 06-06~1,0,0,0,0 05-13~1,1,0,0,0 06-07~2,1,1,0,0
100714138_465827|2|00000004:/150-BONUS-UP-TO-2000-EUR-50-Free-Spins 00000010:/de/150-BONUS-UP-TO-2000-EUR-50-Free-Spins|05-09~2,2,0,0,0 06-05~1,1,0,0,0 05-02~1,1,0,0,0 06-15~1,1,0,0,0 06-16~1,1,0,0,0 all~14,14,3,3,0 05-27~2,2,1,0,0 05-20~1,1,1,1,0 05-06~1,1,0,0,0 06-03~1,1,0,0,0 05-31~1,1,0,0,0 05-14~1,1,0,0,0 05-08~1,0,0,0,0 05-07~1,1,0,0,0 05-12~1,1,0,0,0 05-10~1,1,0,0,0 05-18~1,1,1,0,0
100714138_497964|2|00000013:/ 00000027:/de|08-05~1,1,0,0,0 06-15~1,1,0,0,0 07-18~1,1,1,0,0 08-04~3,0,0,0,0 06-25~1,1,0,0,0 08-10~1,1,1,0,0 07-12~1,1,0,0,0 06-24~1,1,0,0,0 07-19~1,0,0,0,0 08-23~1,0,0,0,0 08-18~1,1,1,1,1 08-02~1,0,0,0,0 07-03~1,1,0,0,0 06-21~1,1,0,0,0 08-15~2,1,1,1,0 07-06~1,0,0,0,0 08-29~1,0,0,0,0 06-17~1,0,0,0,0 07-14~1,1,1,1,0 08-07~3,2,1,1,0 06-08~1,1,1,0,0 06-16~2,1,0,0,0 06-22~2,2,0,0,0 07-27~1,1,0,0,0 08-16~1,0,0,0,0 07-31~1,0,0,0,0 08-17~1,1,1,1,0 08-09~3,1,1,1,0 08-26~2,2,2,1,0 06-18~1,1,0,0,0 08-22~1,0,0,0,0 08-08~1,0,0,0,0 07-28~2,1,0,0,0 08-03~1,1,1,1,0 all~40,23,12,8,1
100714138_497965|2|00000001:/tr 00000019:/|07-17~1,1,0,0,0 06-11~1,1,1,1,0 08-17~1,1,1,1,0 06-18~1,1,0,0,0 06-19~1,1,1,1,0 07-16~1,0,0,0,0 all~20,15,11,8,0 07-08~1,1,1,1,0 07-31~1,0,0,0,0 07-10~1,1,0,0,0 06-26~1,1,1,0,0 08-18~1,1,1,0,0 07-07~1,0,0,0,0 08-16~1,0,0,0,0 08-19~1,1,1,1,0 07-24~1,1,1,1,0 07-20~2,2,1,1,0 08-02~1,0,0,0,0 07-29~1,0,0,0,0 08-23~1,1,1,1,0 08-25~1,0,0,0,0 08-05~1,1,1,0,0 08-29~1,1,0,0,0
100790946_465852|2|00000010:/no/150-BONUS-UP-TO-2000-EUR-50-Free-Spins 00000025:/150-BONUS-UP-TO-2000-EUR-50-Free-Spins|06-14~2,2,0,0,0 07-29~1,1,1,0,0 06-26~1,1,1,1,0 08-23~1,0,0,0,0 08-22~1,1,1,1,0 08-06~2,2,1,0,0 07-24~1,1,0,0,0 08-28~1,1,0,0,0 05-17~1,1,0,0,0 07-19~1,1,0,0,0 07-18~1,1,0,0,0 07-08~1,1,0,0,0 08-13~1,1,0,0,0 06-22~1,1,0,0,0 05-18~1,1,1,1,0 07-22~1,0,0,0,0 06-10~1,1,0,0,0 05-14~1,1,0,0,0 06-21~1,1,0,0,0 07-21~1,1,1,1,0 07-28~1,1,0,0,0 06-24~2,2,0,0,0 08-29~1,1,0,0,0 08-07~1,1,0,0,0 08-15~1,1,0,0,0 05-02~1,1,0,0,0 06-27~1,0,0,0,0 05-07~1,1,0,0,0 07-06~1,1,0,0,0 08-26~1,1,1,1,0 05-23~2,2,2,1,0 06-06~1,1,1,1,0 06-29~1,1,1,1,1 07-05~1,1,1,1,0 07-20~2,2,1,1,1 07-14~1,1,0,0,0 all~35,35,13,10,4
101232044_493603|2|00000006:/special-bonus/up-to-200 00000080:/pt/special-bonus/up-to-200|05-17~9,9,7,6,6 05-19~19,18,9,5,5 05-22~4,2,2,2,2 05-25~7,6,4,3,3 05-15~15,15,11,9,7 05-27~3,3,2,1,1 05-26~1,1,0,0,0 05-24~13,12,8,5,5 05-23~4,4,2,1,1 05-16~4,3,2,2,2 06-14~1,1,0,0,0 05-18~4,3,0,0,0 05-29~4,4,3,3,2 05-20~9,7,3,2,2 06-01~2,0,0,0,0 05-21~16,13,4,3,3 all~86,86,57,44,41
101401470_486641|5|00000002:/fr/150-BONUS-UP-TO-2000-EUR-50-Free-Spins 00000003:/es/150-BONUS-UP-TO-2000-EUR-50-Free-Spins 00000004:/de/150-BONUS-UP-TO-2000-EUR-50-Free-Spins 00000019:/150-BONUS-UP-TO-2000-EUR-50-Free-Spins 00000238:/pt/150-BONUS-UP-TO-2000-EUR-50-Free-Spins|07-09~6,5,0,0,0 07-04~2,0,0,0,0 06-27~25,25,12,10,8 05-15~4,3,0,0,0 05-03~2,2,0,0,0 05-09~2,2,0,0,0 06-04~2,1,0,0,0 05-20~2,2,0,0,0 05-17~3,2,0,0,0 05-25~4,4,0,0,0 05-28~2,1,0,0,0 07-22~3,1,0,0,0 06-10~24,22,12,9,3 05-14~3,3,0,0,0 06-07~4,3,0,0,0 06-08~4,3,0,0,0 05-24~4,3,0,0,0 07-06~8,8,2,2,2 06-24~11,10,5,4,3 07-13~3,3,0,0,0 06-29~12,12,0,0,0 06-18~16,15,9,8,8 05-13~2,2,0,0,0 05-05~3,2,0,0,0 06-03~3,3,0,0,0 07-03~31,31,16,13,12 05-27~2,1,0,0,0 06-26~16,16,5,5,4 05-02~2,2,0,0,0 06-17~8,8,2,2,2 06-30~4,4,0,0,0 05-12~4,3,0,0,0 05-23~4,4,0,0,0 07-01~3,3,0,0,0 06-11~12,10,3,2,2 06-23~17,15,6,5,5 07-31~1,1,0,0,0 08-01~1,1,0,0,0 06-13~7,7,3,3,3 06-14~12,11,3,3,2 06-22~13,11,4,3,3 07-14~4,3,0,0,0 07-19~2,2,0,0,0 05-16~1,1,0,0,0 07-05~17,15,8,4,3 07-23~1,1,0,0,0 05-04~5,4,0,0,0 05-08~1,1,0,0,0 06-05~3,3,0,0,0 06-15~19,18,7,6,3 06-28~15,14,3,3,3 07-08~2,1,0,0,0 07-11~2,2,0,0,0 05-21~5,4,0,0,0 05-07~3,2,0,0,0 06-19~19,18,12,10,8 05-18~4,3,0,0,0 06-21~12,12,3,3,3 05-31~2,1,0,0,0 05-29~1,1,0,0,0 07-26~1,1,0,0,0 05-06~2,2,0,0,0 06-20~11,9,2,2,2 06-09~1,1,0,0,0 05-11~2,2,0,0,0 05-26~4,3,0,0,0 05-01~2,2,0,0,0 07-20~2,1,0,0,0 07-02~2,2,0,0,0 06-25~19,19,10,8,7 07-10~6,6,0,0,0 05-22~4,3,0,0,0 05-19~3,3,0,0,0 06-01~2,2,0,0,0 07-16~2,2,0,0,0 07-17~3,2,0,0,0 06-12~13,13,7,5,3 06-02~1,1,0,0,0 05-10~4,4,0,0,0 07-07~11,10,1,1,1 06-16~20,20,11,9,6 all~266,262,144,128,107
101401470_491917|5|00000001:/es/special-bonus/up-to-200 00000003:/fr/special-bonus/up-to-200 00000006:/de/special-bonus/up-to-200 00000006:/special-bonus/up-to-200 00000230:/pt/special-bonus/up-to-200|05-22~10,10,4,4,4 05-07~2,2,0,0,0 06-23~1,1,0,0,0 05-04~4,4,0,0,0 06-08~1,0,0,0,0 07-03~1,1,0,0,0 06-20~3,3,0,0,0 06-03~1,1,0,0,0 07-12~2,1,0,0,0 05-09~18,17,0,0,0 05-15~12,12,10,8,8 05-26~16,14,6,3,3 05-24~21,21,5,4,4 05-11~24,24,0,0,0 05-12~5,5,0,0,0 06-30~1,1,0,0,0 07-11~2,2,0,0,0 05-10~8,8,0,0,0 06-11~1,1,0,0,0 05-02~10,10,0,0,0 05-01~14,13,0,0,0 05-18~5,4,1,1,1 05-28~5,4,2,2,1 05-25~17,17,5,5,5 05-30~1,1,0,0,0 05-20~10,9,5,2,2 06-26~1,0,0,0,0 07-14~3,3,0,0,0 07-08~2,2,0,0,0 06-19~1,1,0,0,0 06-25~3,3,0,0,0 05-17~17,16,10,8,7 05-13~3,3,2,2,2 06-21~1,1,0,0,0 05-27~13,12,8,7,5 06-02~2,1,0,0,0 05-23~29,29,15,10,7 05-14~2,2,2,1,1 05-19~6,6,6,2,2 07-02~1,1,0,0,0 06-01~1,1,0,0,0 06-04~1,1,0,0,0 05-21~15,15,9,8,7 05-05~1,1,0,0,0 05-16~13,13,11,7,7 06-24~1,1,0,0,0 06-10~2,2,0,0,0 05-31~2,2,0,0,0 05-03~4,4,0,0,0 all~246,244,102,79,74
101558256_470708|2|00000018:/es/150-BONUS-UP-TO-2000-EUR-50-Free-Spins 00000048:/150-BONUS-UP-TO-2000-EUR-50-Free-Spins|08-19~2,2,0,0,0 07-29~2,2,1,0,0 07-26~3,3,2,1,0 all~66,64,24,9,1 08-16~4,4,1,0,0 07-13~1,1,0,0,0 08-03~2,2,0,0,0 07-25~2,2,1,0,0 05-09~1,1,0,0,0 05-03~1,1,0,0,0 08-13~1,1,0,0,0 07-21~1,1,0,0,0 07-19~1,1,1,0,0 07-23~3,3,1,1,0 08-11~5,5,3,1,0 08-02~4,4,2,0,0 07-12~1,1,0,0,0 07-24~2,2,1,1,0 08-09~2,2,1,1,0 08-01~2,1,0,0,0 08-08~6,6,2,1,0 07-30~1,1,1,1,0 07-27~1,1,1,1,1 05-01~1,1,0,0,0 08-10~7,6,2,1,0 08-12~4,4,2,0,0 07-18~1,0,0,0,0 08-06~2,2,2,0,0 08-07~3,2,0,0,0 08-17~2,1,0,0,0 08-05~3,3,0,0,0
101575715_493605|5|00000002:/de/special-bonus/up-to-200 00000002:/es/special-bonus/up-to-200 00000002:/fr/special-bonus/up-to-200 00000006:/special-bonus/up-to-200 00000095:/pt/special-bonus/up-to-200|06-03~1,1,1,1,1 06-02~1,1,0,0,0 05-31~2,1,0,0,0 07-21~2,2,0,0,0 05-19~7,6,2,1,1 06-04~5,4,0,0,0 05-17~10,10,8,7,6 05-20~22,22,17,7,5 05-25~15,15,7,5,4 06-01~1,1,0,0,0 06-07~1,1,0,0,0 05-27~2,2,0,0,0 05-22~11,11,8,6,5 06-06~2,2,0,0,0 05-26~3,3,2,1,1 05-18~18,18,7,4,4 05-21~9,9,2,0,0 05-23~4,4,2,1,0 05-28~2,2,0,0,0 05-24~12,12,9,5,2 05-29~2,2,0,0,0 05-16~9,9,7,3,3 all~107,106,74,47,42
101575747_470737|4|00000001:/fr/150-BONUS-UP-TO-2000-EUR-50-Free-Spins 00000003:/es/150-BONUS-UP-TO-2000-EUR-50-Free-Spins 00000005:/150-BONUS-UP-TO-2000-EUR-50-Free-Spins 00000099:/pt/150-BONUS-UP-TO-2000-EUR-50-Free-Spins|06-10~1,1,0,0,0 05-31~1,1,0,0,0 07-11~5,4,4,4,4 07-24~9,8,5,4,4 08-03~2,0,0,0,0 07-21~4,4,1,0,0 07-12~7,6,2,2,2 07-16~9,8,7,4,4 07-19~6,5,0,0,0 07-29~4,4,0,0,0 07-22~12,12,8,6,6 07-14~7,5,2,2,1 07-25~3,2,0,0,0 07-20~21,20,5,4,4 07-13~8,8,4,3,3 07-26~13,12,5,5,2 07-17~6,3,1,1,1 07-06~1,1,0,0,0 08-10~1,0,0,0,0 07-27~5,4,0,0,0 08-04~3,2,0,0,0 07-31~1,1,0,0,0 07-28~10,10,8,6,4 07-15~7,4,3,3,3 08-01~3,2,0,0,0 07-10~8,8,7,5,5 08-07~1,1,0,0,0 07-23~1,0,0,0,0 07-18~9,8,7,6,4 05-22~1,1,0,0,0 all~108,105,68,57,55
101578548_492625|5|00000001:/es/special-bonus/up-to-200 00000001:/fr/special-bonus/up-to-200 00000002:/de/special-bonus/up-to-200 00000007:/special-bonus/up-to-200 00000027:/pt/special-bonus/up-to-200|05-29~3,2,2,0,0 05-31~8,3,3,2,0 05-25~14,10,5,3,0 06-01~8,6,4,0,0 05-27~1,0,0,0,0 05-26~3,2,1,1,1 06-02~2,2,1,1,0 05-30~2,1,1,1,1 05-14~2,2,1,0,0 05-23~7,7,5,2,0 05-15~2,2,1,0,0 05-24~9,8,7,4,2 all~38,38,33,23,18
101578548_497396|4|00000001:/de/150-BONUS-UP-TO-2000-EUR-50-Free-Spins 00000001:/es/150-BONUS-UP-TO-2000-EUR-50-Free-Spins 00000021:/150-BONUS-UP-TO-2000-EUR-50-Free-Spins 00000061:/pt/150-BONUS-UP-TO-2000-EUR-50-Free-Spins|06-25~4,1,1,0,0 08-12~3,2,2,1,0 06-03~17,15,6,2,0 08-13~4,1,1,0,0 06-09~4,3,1,0,0 08-15~1,0,0,0,0 07-09~4,1,1,0,0 07-15~1,1,1,1,1 06-22~1,1,0,0,0 06-05~3,2,2,1,0 08-14~6,4,0,0,0 06-24~1,1,0,0,0 06-12~5,4,3,1,1 all~84,74,54,46,38 06-10~3,3,0,0,0 07-10~1,0,0,0,0 06-04~21,15,8,6,3 06-15~4,4,2,1,0 06-14~3,3,2,2,2 06-26~3,1,1,1,1 08-18~1,0,0,0,0 06-11~2,0,0,0,0 06-08~7,4,2,1,0 08-24~2,2,2,2,0 06-16~4,2,0,0,0 07-17~1,1,0,0,0 06-06~5,3,2,1,0 06-29~2,1,1,1,1 08-17~3,2,1,1,1 07-07~2,1,1,0,0 08-11~13,7,4,3,2 06-18~6,4,2,1,1 07-08~5,5,1,0,0 06-23~1,0,0,0,0 08-10~13,12,10,3,1 06-07~1,1,1,1,0 06-30~1,0,0,0,0 06-20~1,1,1,1,0
101644135_471394|8|00000001:/el/150-BONUS-UP-TO-2000-EUR-50-Free-Spins 00000001:/it/150-BONUS-UP-TO-2000-EUR-50-Free-Spins 00000001:/ja/150-BONUS-UP-TO-2000-EUR-50-Free-Spins 00000005:/pt/150-BONUS-UP-TO-2000-EUR-50-Free-Spins 00000007:/fr/150-BONUS-UP-TO-2000-EUR-50-Free-Spins 00000014:/es/150-BONUS-UP-TO-2000-EUR-50-Free-Spins 00000033:/de/150-BONUS-UP-TO-2000-EUR-50-Free-Spins 00000241:/150-BONUS-UP-TO-2000-EUR-50-Free-Spins|07-16~2,2,1,0,0 08-06~1,1,1,1,0 05-01~2,2,0,0,0 05-24~3,2,2,0,0 05-16~1,1,0,0,0 05-03~1,1,0,0,0 08-25~2,2,2,1,0 07-29~6,4,1,0,0 05-02~4,4,0,0,0 05-08~1,1,0,0,0 06-02~2,2,2,0,0 07-30~3,3,3,0,0 05-23~1,1,1,1,0 05-26~3,3,1,0,0 05-04~4,4,0,0,0 06-30~4,3,3,0,0 06-18~3,3,3,1,0 07-10~2,1,0,0,0 06-17~3,3,3,2,0 08-29~1,1,1,1,0 07-25~1,1,0,0,0 08-15~3,3,1,0,0 08-05~3,3,2,0,0 06-22~2,2,2,1,0 07-26~4,4,1,1,0 06-04~4,3,3,0,0 08-19~4,4,4,1,0 06-27~3,3,2,1,0 05-25~6,5,3,1,0 08-08~8,8,4,0,0 06-07~2,2,2,0,0 06-14~5,5,2,1,0 05-13~6,6,1,0,0 08-22~2,2,2,1,0 07-11~4,4,2,0,0 07-01~1,0,0,0,0 08-07~1,1,0,0,0 06-08~3,3,1,0,0 05-12~3,3,0,0,0 06-03~2,2,1,0,0 06-10~1,1,1,0,0 08-21~1,1,0,0,0 07-14~2,2,2,0,0 08-16~3,3,1,1,0 06-28~2,2,1,0,0 05-20~3,3,2,0,0 06-24~1,1,0,0,0 05-11~9,9,0,0,0 06-12~2,1,0,0,0 07-23~1,1,0,0,0 06-23~3,3,3,1,0 06-26~4,4,4,2,0 07-27~6,6,4,2,0 08-02~5,4,2,0,0 06-05~3,3,3,1,0 06-15~2,2,0,0,0 06-20~2,2,2,1,0 05-05~2,2,0,0,0 05-14~3,3,2,2,0 07-28~6,6,1,1,0 05-15~4,4,2,0,0 05-27~4,4,1,0,0 08-03~2,2,2,0,0 07-06~4,3,0,0,0 06-21~3,3,1,0,0 05-10~5,5,0,0,0 05-09~5,4,0,0,0 05-17~3,3,1,0,0 05-30~1,1,1,1,0 08-24~1,1,0,0,0 07-13~1,1,0,0,0 08-09~5,4,2,2,0 07-17~2,2,1,0,0 07-03~3,3,3,0,0 05-18~4,4,3,2,0 08-10~3,3,2,1,0 06-06~3,3,2,0,0 05-07~2,2,0,0,0 07-20~2,2,1,0,0 07-07~4,4,3,1,0 05-19~2,2,1,0,0 06-01~7,6,0,0,0 08-01~2,2,1,0,0 08-28~1,1,0,0,0 06-16~2,2,1,0,0 07-15~2,2,2,0,0 05-22~5,5,3,0,0 06-25~5,4,3,0,0 08-04~1,0,0,0,0 07-02~3,3,0,0,0 05-06~5,5,0,0,0 08-20~2,2,1,0,0 07-31~1,1,1,0,0 07-22~1,1,1,0,0 08-14~4,4,3,0,0 06-29~3,3,3,1,0 08-17~6,6,4,1,0 05-31~4,4,2,0,0 05-21~5,5,1,0,0 07-09~1,1,0,0,0 07-05~4,4,4,0,0 07-08~5,5,2,1,0 08-23~3,3,2,0,0 07-18~1,1,1,1,0 06-09~4,3,0,0,0 06-19~5,5,4,3,0 all~303,294,151,53,0
101769693_493604|5|00000001:/fr/special-bonus/up-to-200 00000002:/es/special-bonus/up-to-200 00000003:/de/special-bonus/up-to-200 00000006:/special-bonus/up-to-200 00000081:/pt/special-bonus/up-to-200|05-16~7,6,4,2,2 05-24~3,2,0,0,0 05-30~1,1,0,0,0 05-18~3,2,0,0,0 06-01~1,1,0,0,0 06-03~1,0,0,0,0 05-19~10,9,6,2,1 06-10~1,0,0,0,0 06-15~1,1,0,0,0 06-06~2,2,0,0,0 05-17~19,18,12,6,6 06-04~1,0,0,0,0 05-28~2,2,0,0,0 05-21~14,11,6,5,4 05-20~12,10,1,1,1 05-23~22,19,11,7,5 06-20~1,0,0,0,0 06-07~1,0,0,0,0 05-26~8,6,3,2,0 05-27~2,0,0,0,0 05-15~9,9,6,6,5 05-22~9,8,3,1,1 05-29~4,4,3,3,3 05-25~4,2,0,0,0 06-05~2,1,0,0,0 06-17~1,0,0,0,0 06-08~1,0,0,0,0 07-10~4,4,3,1,0 all~93,92,57,42,34
101826048_472512|1|00000024:/de/150-BONUS-UP-TO-2000-EUR-50-Free-Spins|08-23~3,3,1,0,0 07-21~1,1,0,0,0 08-28~1,1,0,0,0 08-25~1,1,0,0,0 05-31~1,1,0,0,0 08-01~1,1,0,0,0 08-11~1,1,0,0,0 07-26~1,1,1,0,0 08-22~1,1,0,0,0 08-14~1,1,0,0,0 05-14~1,1,0,0,0 05-04~1,1,0,0,0 05-20~1,1,0,0,0 07-06~1,1,1,1,0 06-30~1,1,0,0,0 07-22~1,1,0,0,0 05-18~1,1,0,0,0 06-20~1,1,0,0,0 08-29~1,1,1,1,0 05-27~1,1,1,0,0 07-11~1,1,0,0,0 05-01~1,1,0,0,0 08-21~1,1,0,0,0 08-08~1,1,1,0,0 all~24,24,6,2,0
103128376_486395|2|00000001:/de/promotions/welcome-bonus 00000029:/promotions/welcome-bonus|05-26~1,1,1,1,0 05-17~1,1,1,0,0 08-06~1,0,0,0,0 07-07~1,0,0,0,0 08-03~1,0,0,0,0 06-26~1,0,0,0,0 08-18~1,0,0,0,0 05-02~1,1,0,0,0 07-08~2,0,0,0,0 06-25~1,0,0,0,0 05-13~2,0,0,0,0 08-20~1,0,0,0,0 08-27~1,1,0,0,0 06-19~1,0,0,0,0 08-24~1,1,1,1,0 07-10~1,0,0,0,0 05-22~2,0,0,0,0 08-02~1,1,1,1,1 07-17~1,0,0,0,0 05-09~1,0,0,0,0 05-14~2,1,0,0,0 05-18~2,1,1,1,0 05-07~1,0,0,0,0 08-19~1,0,0,0,0 06-27~2,0,0,0,0 07-22~1,0,0,0,0 07-30~1,0,0,0,0 all~30,11,6,4,1
103157756_487754|6|00000002:/fr/crypto-casino 00000002:/ko/crypto-casino 00000003:/es/crypto-casino 00000004:/tr/crypto-casino 00000005:/pt/crypto-casino 00000136:/crypto-casino|07-25~1,0,0,0,0 07-28~3,1,1,1,0 05-25~1,0,0,0,0 05-30~1,0,0,0,0 08-16~3,1,1,1,0 all~152,42,23,19,8 07-03~1,0,0,0,0 07-18~1,1,0,0,0 05-19~2,2,0,0,0 05-09~2,0,0,0,0 05-04~1,0,0,0,0 06-02~1,1,0,0,0 08-02~2,0,0,0,0 06-03~1,0,0,0,0 07-12~1,0,0,0,0 07-23~2,0,0,0,0 06-24~2,1,0,0,0 07-16~1,0,0,0,0 08-26~2,0,0,0,0 06-18~3,0,0,0,0 05-07~2,0,0,0,0 06-08~2,1,0,0,0 06-11~1,1,0,0,0 07-15~1,0,0,0,0 08-20~3,0,0,0,0 07-08~2,1,1,1,0 05-16~1,0,0,0,0 08-21~1,0,0,0,0 07-17~1,0,0,0,0 06-05~1,0,0,0,0 07-05~2,0,0,0,0 06-27~3,2,2,1,1 08-19~2,0,0,0,0 05-01~1,0,0,0,0 08-11~3,0,0,0,0 07-22~4,2,1,0,0 08-05~1,0,0,0,0 05-21~1,0,0,0,0 06-30~2,1,0,0,0 06-23~2,1,0,0,0 07-27~3,1,1,1,0 08-25~2,1,1,1,0 08-22~1,0,0,0,0 05-13~2,2,0,0,0 08-29~3,1,0,0,0 06-21~2,0,0,0,0 07-10~1,0,0,0,0 06-10~5,1,1,1,0 06-15~2,0,0,0,0 08-03~2,0,0,0,0 07-07~1,0,0,0,0 07-14~1,0,0,0,0 08-18~2,0,0,0,0 06-26~3,1,0,0,0 06-13~1,0,0,0,0 08-01~3,1,0,0,0 06-22~3,0,0,0,0 06-06~2,1,0,0,0 08-06~1,0,0,0,0 05-27~4,2,0,0,0 05-26~1,0,0,0,0 05-14~2,1,1,0,0 06-12~1,0,0,0,0 05-23~1,0,0,0,0 07-29~1,0,0,0,0 05-28~1,0,0,0,0 05-03~1,0,0,0,0 08-17~1,1,1,1,0 06-29~2,0,0,0,0 07-20~3,0,0,0,0 06-04~1,0,0,0,0 07-24~3,0,0,0,0 07-30~1,1,1,1,0 08-23~1,0,0,0,0 06-20~5,2,2,1,0 05-05~1,0,0,0,0 06-25~4,1,1,1,1 07-26~4,0,0,0,0 05-11~1,1,0,0,0 06-16~2,0,0,0,0 08-28~2,0,0,0,0 06-09~2,2,1,1,1 07-31~3,1,0,0,0 08-13~1,0,0,0,0 07-02~1,0,0,0,0 07-11~1,1,1,1,1 06-19~1,0,0,0,0 08-27~1,0,0,0,0 08-24~4,1,0,0,0 05-02~1,0,0,0,0 05-12~3,0,0,0,0 08-10~2,1,0,0,0 08-14~2,0,0,0,0 07-04~2,0,0,0,0 07-09~1,0,0,0,0
103157797_487755|3|00000001:/es/crypto-casino 00000001:/fr/crypto-casino 00001187:/crypto-casino|07-22~1,1,1,1,0 05-29~2,0,0,0,0 07-06~93,0,0,0,0 06-12~1,0,0,0,0 06-13~1,0,0,0,0 08-03~9,0,0,0,0 08-10~95,0,0,0,0 08-27~1,1,1,1,0 05-13~2,1,0,0,0 08-15~2,2,0,0,0 08-18~2,0,0,0,0 06-26~1,0,0,0,0 07-19~1,0,0,0,0 05-20~4,2,1,1,0 08-24~196,0,0,0,0 06-15~1,0,0,0,0 06-25~2,1,1,1,0 07-11~1,1,0,0,0 05-15~4,0,0,0,0 07-13~87,0,0,0,0 05-16~1,0,0,0,0 08-23~1,0,0,0,0 06-02~5,1,1,0,0 07-28~1,0,0,0,0 08-17~186,0,0,0,0 06-29~81,0,0,0,0 05-28~2,0,0,0,0 05-19~3,1,1,0,0 06-03~3,0,0,0,0 07-03~1,0,0,0,0 07-12~1,0,0,0,0 07-09~1,0,0,0,0 05-14~6,0,0,0,0 05-31~1,0,0,0,0 07-04~2,1,0,0,0 06-24~1,0,0,0,0 06-04~1,0,0,0,0 05-30~2,0,0,0,0 06-01~1,0,0,0,0 08-26~1,0,0,0,0 07-07~1,0,0,0,0 06-21~1,1,0,0,0 07-27~96,0,0,0,0 08-11~91,0,0,0,0 05-17~4,0,0,0,0 07-20~87,0,0,0,0 08-07~1,0,0,0,0 06-22~92,0,0,0,0 05-02~1,0,0,0,0 08-19~1,0,0,0,0 05-10~1,1,0,0,0 07-18~1,1,0,0,0 05-07~1,0,0,0,0 07-21~1,0,0,0,0 06-28~1,0,0,0,0 06-17~1,0,0,0,0 06-30~1,0,0,0,0 05-08~4,0,0,0,0 all~1189,18,9,6,1
103600904_493485|2|00000002:/special-bonus/up-to-200 00000493:/de/special-bonus/up-to-200|05-31~18,18,0,0,0 05-19~23,23,0,0,0 05-17~13,13,0,0,0 06-01~5,5,0,0,0 05-26~18,18,0,0,0 05-11~25,25,0,0,0 05-12~26,26,0,0,0 05-18~20,20,0,0,0 05-09~31,31,0,0,0 05-21~17,17,0,0,0 05-30~21,21,0,0,0 05-16~20,20,0,0,0 05-29~26,26,0,0,0 05-24~34,34,0,0,0 05-07~2,2,0,0,0 05-13~22,22,0,0,0 05-14~19,19,1,0,0 05-15~26,26,2,1,1 05-25~28,28,0,0,0 05-28~15,15,0,0,0 05-08~3,3,0,0,0 05-23~32,32,0,0,0 05-22~16,16,0,0,0 05-10~22,22,0,0,0 05-20~17,16,0,0,0 all~495,494,3,1,1
103972272_494526|2|00000002:/special-bonus/up-to-200 00000018:/de/special-bonus/up-to-200|05-25~1,0,0,0,0 07-01~1,0,0,0,0 06-26~1,1,0,0,0 05-13~1,1,1,0,0 05-22~15,15,11,5,0 05-26~1,0,0,0,0 05-21~1,1,1,1,0 05-30~1,1,0,0,0 05-20~1,1,0,0,0 06-02~1,0,0,0,0 05-14~2,2,2,0,0 05-23~1,0,0,0,0 all~20,20,15,7,0
104363979_485984|3|00000004:/es/150-BONUS-UP-TO-2000-EUR-50-Free-Spins 00000035:/150-BONUS-UP-TO-2000-EUR-50-Free-Spins 00000061:/pt/150-BONUS-UP-TO-2000-EUR-50-Free-Spins|08-16~1,1,1,1,1 06-28~3,3,2,2,2 06-25~2,1,0,0,0 05-27~4,4,1,1,1 07-25~2,2,2,2,2 06-17~1,1,1,1,1 05-12~2,2,0,0,0 05-02~1,1,0,0,0 06-15~1,1,1,1,1 06-03~1,1,1,1,1 07-31~1,1,1,1,1 08-12~1,1,1,1,1 05-15~3,3,3,3,3 07-29~1,1,1,1,1 05-24~2,2,2,2,2 07-15~1,1,1,1,1 08-19~1,1,1,1,1 06-27~1,1,1,1,1 06-18~4,3,2,2,2 07-13~2,2,1,1,1 06-05~1,1,1,1,1 07-12~3,2,0,0,0 05-21~1,1,1,1,1 07-22~2,2,2,2,2 08-11~1,1,1,1,1 07-21~1,1,1,1,1 05-14~2,2,2,2,2 08-14~3,3,3,3,3 07-11~4,4,1,0,0 05-13~4,4,3,2,2 06-19~6,4,1,0,0 07-02~1,1,0,0,0 06-16~2,2,2,2,2 05-18~3,3,3,2,2 08-06~1,1,1,1,1 06-02~1,1,1,1,1 07-24~1,1,1,1,1 08-13~1,1,1,1,1 06-29~3,2,1,1,1 08-17~1,1,1,1,1 07-10~1,1,0,0,0 05-19~4,4,4,4,4 07-28~1,1,1,1,1 08-15~2,2,2,2,2 05-20~3,3,3,3,3 06-01~1,1,0,0,0 06-23~4,4,2,2,2 07-04~1,1,0,0,0 08-02~1,1,1,1,1 07-20~3,2,2,2,2 08-05~2,2,2,2,2 07-23~1,1,1,1,1 06-26~2,2,1,1,1 08-18~2,2,2,2,2 07-27~1,1,1,1,1 06-09~1,1,0,0,0 all~100,94,72,68,68
104492471_494694|5|00000001:/fr/special-bonus/up-to-200 00000002:/es/special-bonus/up-to-200 00000002:/ja/special-bonus/up-to-200 00000005:/de/special-bonus/up-to-200 00000031:/special-bonus/up-to-200|05-20~10,9,6,6,6 05-16~8,8,7,5,4 05-25~1,1,1,1,1 05-26~1,1,1,1,1 all~41,41,35,28,26 05-22~4,2,2,2,2 05-21~4,3,3,3,3 05-19~14,12,10,4,3 05-18~6,6,6,4,4
104601415_487606|4|00000001:/de/150-BONUS-UP-TO-2000-EUR-50-Free-Spins 00000001:/pt/150-BONUS-UP-TO-2000-EUR-50-Free-Spins 00000003:/fr/150-BONUS-UP-TO-2000-EUR-50-Free-Spins 00000035:/150-BONUS-UP-TO-2000-EUR-50-Free-Spins|05-03~1,1,0,0,0 08-18~1,1,1,0,0 06-02~2,2,2,2,0 08-17~1,1,0,0,0 06-01~1,1,1,1,0 06-22~1,1,0,0,0 07-11~1,1,1,0,0 08-16~1,1,1,0,0 07-15~2,2,0,0,0 08-02~1,1,0,0,0 05-31~1,1,1,0,0 06-30~1,1,0,0,0 05-20~1,1,0,0,0 07-06~2,2,0,0,0 05-04~1,1,0,0,0 07-08~1,1,0,0,0 08-01~1,1,1,0,0 06-04~1,1,0,0,0 06-21~1,1,0,0,0 08-28~1,1,1,0,0 05-21~1,1,0,0,0 08-24~1,1,1,1,0 07-20~1,1,0,0,0 06-08~1,1,1,1,0 05-13~2,2,0,0,0 07-05~1,1,1,1,0 06-09~2,1,0,0,0 08-10~1,1,0,0,0 06-06~1,1,0,0,0 05-06~1,1,0,0,0 05-16~1,1,1,1,0 07-23~1,1,1,1,0 08-22~1,1,0,0,0 06-25~1,1,1,0,0 08-04~1,1,0,0,0 06-05~1,1,0,0,0 05-22~2,2,1,0,0 08-26~1,1,0,0,0 all~40,39,16,8,1
104619259_492958|2|00000002:/special-bonus/up-to-200 00000107:/es/special-bonus/up-to-200|06-30~1,1,0,0,0 05-27~1,1,0,0,0 05-18~4,4,0,0,0 06-04~2,1,1,1,0 05-17~6,4,1,0,0 08-07~1,1,0,0,0 05-31~2,2,0,0,0 05-16~12,9,1,0,0 05-15~18,17,6,2,0 05-14~5,5,2,2,0 05-29~1,0,0,0,0 all~109,108,25,13,1 06-07~1,1,0,0,0 05-13~25,24,9,6,1 05-19~2,2,1,0,0 05-12~40,39,0,0,0 06-26~1,1,0,0,0 06-08~2,1,0,0,0 07-08~1,1,0,0,0 05-28~2,2,1,1,0 06-05~1,0,0,0,0 06-03~2,1,0,0,0 06-20~1,1,0,0,0 06-01~1,1,0,0,0 06-06~3,2,1,0,0 06-24~1,1,1,0,0 05-04~3,3,0,0,0 06-09~1,0,0,0,0 06-21~1,1,0,0,0
104768250_488475|3|00000001:/de/150-BONUS-UP-TO-2000-EUR-50-Free-Spins 00000001:/tr/150-BONUS-UP-TO-2000-EUR-50-Free-Spins 00000064:/150-BONUS-UP-TO-2000-EUR-50-Free-Spins|06-18~1,1,0,0,0 08-19~2,2,1,0,0 06-03~1,1,1,1,0 07-17~1,1,0,0,0 05-24~3,3,1,1,0 08-16~1,1,1,0,0 05-06~1,1,0,0,0 05-04~1,1,0,0,0 05-18~1,1,0,0,0 08-15~1,1,0,0,0 08-02~1,1,0,0,0 05-22~1,1,0,0,0 05-21~2,2,2,0,0 07-26~2,2,0,0,0 05-08~2,2,0,0,0 08-21~1,1,1,1,0 05-05~3,3,0,0,0 05-15~1,1,0,0,0 07-09~1,1,1,1,1 05-26~2,2,0,0,0 06-06~1,1,0,0,0 07-28~1,1,1,1,0 07-05~1,1,0,0,0 05-19~4,4,0,0,0 06-17~1,1,1,1,1 08-29~2,2,1,1,0 08-25~2,2,0,0,0 07-01~1,1,0,0,0 07-03~1,1,0,0,0 06-02~5,5,2,1,0 06-22~1,1,0,0,0 05-03~2,2,0,0,0 05-17~3,3,2,1,0 07-13~1,1,0,0,0 06-12~1,0,0,0,0 05-13~1,1,0,0,0 06-21~1,1,0,0,0 05-01~1,1,0,0,0 05-14~2,2,0,0,0 05-09~2,2,0,0,0 05-16~2,2,2,1,0 07-12~1,0,0,0,0 05-25~2,2,1,0,0 06-04~2,1,1,1,0 05-11~1,1,0,0,0 05-23~1,1,0,0,0 all~66,66,20,13,3
104806457_492367|4|00000001:/pt 00000002:/de 00000009:/fr 00000065:/|08-06~2,2,1,1,0 05-01~2,2,0,0,0 06-16~2,1,0,0,0 08-17~2,2,2,2,0 06-29~1,1,0,0,0 07-10~1,0,0,0,0 07-06~2,0,0,0,0 05-29~1,1,0,0,0 07-25~1,0,0,0,0 08-08~2,2,0,0,0 08-18~1,0,0,0,0 06-26~2,0,0,0,0 05-31~1,1,1,0,0 07-20~2,1,1,1,0 05-27~1,0,0,0,0 07-21~1,1,0,0,0 05-03~1,1,0,0,0 06-27~1,0,0,0,0 07-31~1,1,1,1,0 08-23~2,1,0,0,0 08-20~1,1,0,0,0 05-16~1,1,0,0,0 08-01~1,0,0,0,0 06-18~2,1,1,0,0 07-16~1,0,0,0,0 07-09~1,1,0,0,0 06-28~1,1,0,0,0 08-16~1,0,0,0,0 06-05~1,1,0,0,0 05-06~1,1,0,0,0 07-22~1,0,0,0,0 07-07~1,1,0,0,0 06-30~2,2,2,0,0 06-14~2,2,1,1,1 08-09~2,2,1,0,0 all~77,52,20,13,2 05-17~1,0,0,0,0 06-19~2,1,1,0,0 08-27~2,2,0,0,0 06-06~1,0,0,0,0 07-01~2,1,0,0,0 06-21~1,0,0,0,0 08-12~1,1,0,0,0 05-30~3,2,0,0,0 05-19~1,1,0,0,0 08-15~1,1,0,0,0 05-23~1,1,1,1,0 07-03~1,1,1,0,0 05-25~5,5,2,2,0 05-05~2,1,0,0,0 05-07~3,1,0,0,0 05-15~1,1,1,1,1 05-13~1,1,0,0,0 05-12~2,2,0,0,0 07-15~1,0,0,0,0 05-02~1,0,0,0,0 08-29~1,1,1,1,0 06-17~1,1,1,0,0 06-10~1,0,0,0,0
104806457_492368|2|00000004:/fr 00000006:/|07-17~1,1,1,1,0 07-20~1,1,0,0,0 07-13~1,1,0,0,0 06-19~1,1,1,0,0 08-09~1,1,1,0,0 08-19~1,1,0,0,0 08-03~1,0,0,0,0 08-25~1,0,0,0,0 05-29~1,1,0,0,0 08-01~1,0,0,0,0 07-01~2,0,0,0,0 08-15~1,1,1,1,0 all~10,6,4,2,0
104902940_489586|2|00000002:/de/150-BONUS-UP-TO-2000-EUR-50-Free-Spins 00000004:/150-BONUS-UP-TO-2000-EUR-50-Free-Spins|08-22~1,1,0,0,0 05-29~3,3,3,0,0 05-25~2,2,1,0,0 06-16~1,1,0,0,0 all~6,6,3,0,0
104905419_493578|2|00000006:/fr/special-bonus/up-to-200 00000046:/special-bonus/up-to-200|05-27~1,1,0,0,0 05-13~9,7,3,0,0 05-15~4,2,2,0,0 05-17~1,0,0,0,0 05-19~5,2,1,1,0 05-25~4,2,2,1,0 06-01~1,0,0,0,0 06-02~2,0,0,0,0 05-30~2,0,0,0,0 05-07~6,6,0,0,0 06-03~2,0,0,0,0 05-18~5,2,1,1,0 05-09~2,2,0,0,0 06-04~3,0,0,0,0 05-20~5,2,0,0,0 06-06~2,0,0,0,0 05-28~3,1,0,0,0 05-22~5,2,0,0,0 06-08~3,0,0,0,0 05-08~15,15,0,0,0 05-12~6,5,0,0,0 05-14~9,3,3,0,0 05-26~3,1,1,0,0 06-07~1,0,0,0,0 05-16~4,1,0,0,0 05-11~5,5,0,0,0 06-09~1,0,0,0,0 05-29~2,0,0,0,0 05-23~1,0,0,0,0 05-21~3,1,1,1,0 05-24~1,0,0,0,0 all~52,51,14,6,2
104905643_492987|5|00000001:/de/special-bonus/up-to-200 00000001:/es/special-bonus/up-to-200 00000001:/pt/special-bonus/up-to-200 00000007:/fr/special-bonus/up-to-200 00000044:/special-bonus/up-to-200|05-15~1,1,1,1,0 05-04~2,2,0,0,0 06-04~2,2,2,1,1 05-20~1,1,1,0,0 05-16~2,2,1,0,0 05-23~2,2,0,0,0 05-30~2,2,0,0,0 05-09~1,1,0,0,0 05-08~3,3,0,0,0 05-12~4,4,0,0,0 07-01~1,1,1,1,1 06-01~1,1,1,1,0 06-02~2,2,1,1,1 05-05~1,1,0,0,0 05-28~1,1,0,0,0 06-05~1,1,1,1,0 05-17~3,2,0,0,0 05-26~1,1,1,0,0 05-22~1,1,0,0,0 05-11~1,1,0,0,0 05-21~4,4,2,0,0 05-24~4,4,1,1,0 05-06~1,1,0,0,0 05-31~1,1,0,0,0 07-09~1,1,0,0,0 05-10~1,1,0,0,0 05-07~3,3,0,0,0 05-29~2,2,0,0,0 05-19~1,0,0,0,0 06-08~1,1,0,0,0 06-06~3,2,1,1,0 05-27~2,2,1,0,0 05-13~2,2,0,0,0 all~54,53,15,8,3
104923577_496887|1|00000027:/|07-25~4,0,0,0,0 05-30~9,9,6,0,0 06-02~1,1,1,1,1 06-01~17,17,6,2,2 all~27,27,13,3,3
104956447_497530|2|00000001:/ 00000185:/es|06-23~1,0,0,0,0 08-25~1,0,0,0,0 06-11~2,0,0,0,0 07-10~5,0,0,0,0 06-04~9,1,1,0,0 06-05~1,0,0,0,0 08-15~1,0,0,0,0 06-30~7,4,0,0,0 07-13~4,2,2,1,0 06-24~5,1,0,0,0 06-21~4,1,0,0,0 07-07~4,0,0,0,0 07-03~3,0,0,0,0 06-22~4,0,0,0,0 07-05~7,3,1,0,0 06-14~8,1,0,0,0 06-15~5,1,0,0,0 07-09~4,3,1,1,0 07-15~4,0,0,0,0 06-27~11,2,1,1,0 06-16~8,5,1,0,0 07-16~8,2,2,0,0 07-04~4,1,1,1,0 07-08~5,0,0,0,0 07-12~3,0,0,0,0 06-13~5,2,0,0,0 06-12~3,1,1,0,0 06-20~8,4,0,0,0 06-17~2,1,0,0,0 07-11~9,2,1,1,0 07-14~6,0,0,0,0 07-01~8,2,0,0,0 06-29~4,2,1,1,0 07-20~1,1,1,1,0 06-09~3,0,0,0,0 06-19~7,1,1,1,0 07-06~5,3,2,2,0 06-25~13,0,0,0,0 06-28~12,4,1,1,0 07-02~2,1,0,0,0 08-04~2,0,0,0,0 07-17~1,0,0,0,0 06-26~7,4,1,1,0 07-23~2,0,0,0,0 06-08~2,2,0,0,0 all~186,54,19,12,0
105155591_492466|5|00000004:/es/crypto-casino 00000007:/de/crypto-casino 00000012:/no/crypto-casino 00000033:/crypto-casino 00000146:/pt/crypto-casino|05-11~12,5,0,0,0 06-04~2,2,0,0,0 06-21~1,0,0,0,0 06-03~5,3,0,0,0 05-18~1,1,0,0,0 05-26~12,9,4,4,4 06-22~1,1,0,0,0 05-19~1,1,1,1,1 05-31~2,1,0,0,0 05-02~1,0,0,0,0 05-12~7,5,0,0,0 06-02~4,2,0,0,0 05-04~1,0,0,0,0 05-05~5,2,0,0,0 06-11~1,0,0,0,0 05-10~5,5,0,0,0 05-21~6,6,5,5,5 05-01~17,9,0,0,0 05-06~9,9,0,0,0 06-09~3,3,3,3,3 05-27~10,6,5,4,4 05-15~18,15,4,0,0 05-09~5,5,0,0,0 05-25~24,14,9,8,8 05-29~6,5,4,4,4 05-22~9,8,5,5,5 05-14~9,9,5,5,5 05-08~10,10,0,0,0 06-19~2,1,0,0,0 05-23~18,16,11,8,8 05-07~5,5,0,0,0 06-01~5,3,0,0,0 05-17~2,1,0,0,0 05-28~2,1,0,0,0 05-16~4,4,0,0,0 05-13~8,8,0,0,0 06-06~2,1,0,0,0 05-03~4,1,0,0,0 05-24~15,14,10,5,3 05-20~3,3,2,1,1 05-30~4,2,0,0,0 all~202,153,68,58,56
105156098_491469|9|00000001:/it/crypto-sportsbook 00000001:/ja/crypto-sportsbook 00000001:/no/crypto-sportsbook 00000001:/pt/crypto-sportsbook 00000003:/el/crypto-sportsbook 00000009:/de/crypto-sportsbook 00000013:/es/crypto-sportsbook 00000041:/crypto-sportsbook|05-17~1,0,0,0,0 06-06~2,0,0,0,0 05-16~2,0,0,0,0 05-09~5,1,0,0,0 06-10~1,0,0,0,0 05-08~5,1,0,0,0 06-13~1,0,0,0,0 07-19~1,0,0,0,0 05-10~5,1,0,0,0 06-03~2,1,1,1,1 05-15~9,2,1,1,0 06-12~2,0,0,0,0 07-30~3,0,0,0,0 05-20~1,0,0,0,0 05-28~1,0,0,0,0 05-23~9,1,0,0,0 05-26~1,0,0,0,0 05-03~1,0,0,0,0 06-15~1,0,0,0,0 05-04~1,0,0,0,0 05-05~11,0,0,0,0 08-04~1,1,1,1,0 05-30~3,0,0,0,0 05-25~2,1,1,1,1 05-11~8,0,0,0,0 all~71,12,3,3,3
105156098_497054|9|00000001:/it/sport-promocode 00000001:/tr/sport-promocode 00000002:/fr/sport-promocode 00000002:/no/sport-promocode 00000005:/pt/sport-promocode 00000008:/de/sport-promocode 00000016:/es/sport-promocode 00000064:/sport-promocode|06-18~1,1,0,0,0 07-30~1,0,0,0,0 06-03~1,1,0,0,0 07-17~1,0,0,0,0 08-16~1,1,0,0,0 08-01~1,0,0,0,0 07-20~1,1,1,0,0 08-17~1,0,0,0,0 06-13~1,1,0,0,0 08-02~4,3,1,0,0 06-16~3,3,2,1,0 07-07~1,0,0,0,0 08-13~16,14,2,1,0 07-09~6,5,2,1,0 07-06~1,1,1,1,0 07-19~5,5,1,0,0 06-06~6,6,0,0,0 07-05~1,0,0,0,0 06-05~4,4,0,0,0 06-20~5,5,1,1,0 06-17~1,1,0,0,0 06-01~8,6,3,0,0 07-21~17,14,2,0,0 06-02~2,1,0,0,0 06-22~3,3,1,0,0 06-12~5,5,0,0,0 07-22~3,3,1,1,0 06-21~1,1,0,0,0 06-15~2,2,0,0,0 06-11~1,0,0,0,0 07-29~13,12,3,1,0 06-04~1,1,0,0,0 07-25~1,1,0,0,0 06-30~1,1,0,0,0 all~100,91,21,10,1
105157473_491662|7|00000002:/el/crypto-sportsbook 00000002:/it/crypto-sportsbook 00000003:/pt/crypto-sportsbook 00000004:/es/crypto-sportsbook 00000009:/fr/crypto-sportsbook 00000011:/de/crypto-sportsbook 00000139:/crypto-sportsbook|06-01~4,0,0,0,0 08-11~1,0,0,0,0 06-17~1,0,0,0,0 08-29~1,0,0,0,0 07-12~2,0,0,0,0 08-23~1,0,0,0,0 06-26~2,0,0,0,0 08-18~2,0,0,0,0 06-08~1,0,0,0,0 05-10~7,0,0,0,0 06-09~1,0,0,0,0 08-19~1,0,0,0,0 06-27~6,1,1,1,0 07-28~2,0,0,0,0 06-03~4,2,0,0,0 07-27~1,0,0,0,0 05-09~6,2,0,0,0 06-21~1,0,0,0,0 08-02~2,0,0,0,0 07-03~1,0,0,0,0 08-16~1,0,0,0,0 06-28~1,0,0,0,0 08-13~4,1,1,1,1 05-04~5,1,0,0,0 05-13~4,0,0,0,0 07-20~1,0,0,0,0 07-11~1,0,0,0,0 05-20~7,0,0,0,0 08-01~2,0,0,0,0 05-30~4,0,0,0,0 05-29~13,3,3,3,1 05-26~4,1,1,1,1 07-10~1,0,0,0,0 07-22~3,1,1,1,0 08-10~1,0,0,0,0 05-27~7,1,1,1,0 06-07~1,0,0,0,0 06-18~1,0,0,0,0 08-26~1,0,0,0,0 07-14~1,0,0,0,0 05-17~9,2,2,2,1 08-28~1,0,0,0,0 06-16~2,0,0,0,0 05-03~21,6,0,0,0 08-27~2,0,0,0,0 06-19~2,0,0,0,0 05-08~6,1,0,0,0 05-14~6,2,2,2,0 07-21~1,0,0,0,0 06-14~1,0,0,0,0 07-05~1,0,0,0,0 06-22~1,0,0,0,0 05-23~6,2,2,0,0 05-24~4,0,0,0,0 06-06~2,0,0,0,0 07-19~2,0,0,0,0 08-15~2,0,0,0,0 08-09~1,0,0,0,0 07-26~1,0,0,0,0 08-24~1,0,0,0,0 05-19~9,3,3,1,0 05-28~10,1,1,1,0 07-08~1,0,0,0,0 05-05~4,2,0,0,0 07-13~1,0,0,0,0 05-07~11,5,0,0,0 07-04~1,0,0,0,0 08-21~2,0,0,0,0 08-20~1,0,0,0,0 07-16~1,0,0,0,0 06-02~6,0,0,0,0 07-17~2,0,0,0,0 06-10~1,0,0,0,0 08-22~1,0,0,0,0 07-18~10,3,3,3,0 08-05~2,0,0,0,0 05-11~2,0,0,0,0 05-01~4,1,0,0,0 05-25~2,0,0,0,0 08-06~1,0,0,0,0 05-18~3,1,1,1,0 06-25~3,0,0,0,0 07-02~2,0,0,0,0 06-05~3,0,0,0,0 07-25~1,0,0,0,0 06-29~2,0,0,0,0 08-17~3,0,0,0,0 05-31~3,1,0,0,0 06-24~1,0,0,0,0 08-08~1,0,0,0,0 07-24~1,0,0,0,0 05-15~7,2,0,0,0 05-21~5,0,0,0,0 05-22~8,2,2,1,0 08-04~2,0,0,0,0 08-14~3,1,1,1,1 05-06~10,1,0,0,0 05-16~2,0,0,0,0 06-04~3,0,0,0,0 05-02~9,1,0,0,0 05-12~7,1,0,0,0 07-06~1,0,0,0,0 07-01~1,0,0,0,0 all~170,59,28,25,9
105157473_497065|9|00000001:/fr/sport-promocode 00000001:/it/sport-promocode 00000001:/no/sport-promocode 00000001:/tr/sport-promocode 00000002:/es/sport-promocode 00000002:/pt/sport-promocode 00000005:/de/sport-promocode 00000088:/sport-promocode|08-18~4,3,0,0,0 06-26~3,3,1,1,0 07-05~2,2,0,0,0 06-12~4,3,3,0,0 07-26~1,1,0,0,0 06-14~3,3,2,1,0 08-28~7,6,4,2,0 08-11~2,2,0,0,0 08-13~2,2,0,0,0 06-18~1,0,0,0,0 07-16~1,0,0,0,0 07-06~4,4,0,0,0 08-25~2,2,0,0,0 07-10~1,1,0,0,0 07-09~2,1,0,0,0 06-05~2,2,0,0,0 06-19~3,2,1,1,0 06-08~1,1,0,0,0 07-21~1,1,1,1,0 06-21~3,3,0,0,0 08-12~3,3,0,0,0 07-04~2,1,0,0,0 08-07~3,3,1,0,0 08-17~2,2,1,1,0 06-29~2,1,1,1,0 07-15~3,2,0,0,0 07-12~2,2,0,0,0 07-19~3,3,2,2,1 06-30~2,1,0,0,0 08-20~1,0,0,0,0 06-09~2,2,0,0,0 08-24~3,3,0,0,0 07-01~3,2,1,0,0 06-13~4,4,0,0,0 07-28~1,1,0,0,0 07-08~1,0,0,0,0 08-05~1,0,0,0,0 06-27~5,4,1,1,0 08-19~2,2,1,0,0 06-01~2,2,2,0,0 07-27~1,1,0,0,0 08-10~2,2,1,0,0 08-29~7,5,0,0,0 07-13~5,4,0,0,0 08-23~3,3,0,0,0 06-10~1,1,0,0,0 07-03~1,1,1,0,0 08-04~1,1,1,1,1 07-02~4,4,0,0,0 06-28~6,6,1,1,0 08-16~3,2,0,0,0 07-18~2,1,0,0,0 06-22~1,0,0,0,0 06-20~2,1,0,0,0 07-07~1,1,0,0,0 08-01~1,1,0,0,0 07-23~3,3,1,1,0 08-21~2,2,0,0,0 07-17~2,1,0,0,0 07-14~6,5,2,2,2 07-30~2,2,1,1,0 07-20~1,1,0,0,0 06-25~1,1,0,0,0 07-24~3,3,0,0,0 06-07~2,2,0,0,0 all~102,96,29,18,5
105191727_492371|3|00000004:/special-bonus/up-to-200 00000005:/pt/special-bonus/up-to-200 00000057:/es/special-bonus/up-to-200|05-04~11,7,0,0,0 05-13~4,4,4,4,4 05-07~8,6,0,0,0 all~66,63,16,14,11 05-08~7,7,0,0,0 05-05~10,6,0,0,0 05-03~28,28,0,0,0 05-06~2,1,0,0,0 05-29~2,2,2,0,0 05-09~3,3,0,0,0
105266505_492220|4|00000001:/fr/crypto-casino 00000002:/pt/crypto-casino 00000007:/de/crypto-casino 00000031:/crypto-casino|06-04~1,0,0,0,0 08-12~1,0,0,0,0 08-08~1,1,0,0,0 05-17~5,1,0,0,0 06-22~1,0,0,0,0 08-04~1,0,0,0,0 05-18~5,1,0,0,0 05-21~2,1,0,0,0 05-20~3,2,1,0,0 05-27~1,0,0,0,0 05-14~5,4,2,0,0 05-25~1,0,0,0,0 06-01~1,1,0,0,0 07-22~1,0,0,0,0 06-05~2,1,0,0,0 05-24~3,1,1,1,0 08-01~1,1,0,0,0 07-21~1,0,0,0,0 06-26~1,0,0,0,0 05-16~2,1,1,0,0 05-31~1,0,0,0,0 06-20~1,0,0,0,0 07-25~1,0,0,0,0 06-10~1,0,0,0,0 08-23~1,0,0,0,0 05-30~1,0,0,0,0 08-03~1,1,1,1,0 06-16~1,0,0,0,0 08-16~1,0,0,0,0 06-25~1,0,0,0,0 05-15~6,2,1,0,0 all~41,19,7,2,0
105280811_492323|3|00000001:/no/special-bonus/up-to-200 00000006:/de/special-bonus/up-to-200 00000102:/special-bonus/up-to-200|05-21~3,3,1,1,0 05-10~8,6,0,0,0 05-11~8,6,0,0,0 05-02~3,3,0,0,0 05-17~2,2,2,2,0 05-07~6,6,0,0,0 05-06~10,10,0,0,0 06-16~1,1,0,0,0 05-09~6,5,0,0,0 05-16~4,4,1,1,1 05-27~2,2,1,1,0 06-21~1,1,0,0,0 05-05~11,10,0,0,0 06-04~2,2,2,2,1 05-22~1,1,1,1,0 05-14~5,5,0,0,0 05-30~1,0,0,0,0 05-01~3,3,0,0,0 06-01~2,2,0,0,0 06-08~1,1,1,0,0 05-29~4,3,3,2,2 05-08~3,3,0,0,0 05-28~2,2,1,1,0 05-26~3,3,0,0,0 05-03~7,7,0,0,0 05-25~2,2,1,1,0 05-15~4,3,1,1,0 05-13~4,4,2,1,0 05-24~2,1,0,0,0 06-02~8,7,3,3,3 05-04~7,7,0,0,0 05-23~1,1,1,1,0 05-12~5,4,0,0,0 all~109,109,28,26,13
105280811_497414|2|00000001:/pt/150-BONUS-UP-TO-2000-EUR-50-Free-Spins 00000088:/150-BONUS-UP-TO-2000-EUR-50-Free-Spins|06-16~2,1,1,1,0 08-06~1,1,0,0,0 08-13~1,1,0,0,0 07-22~1,1,0,0,0 07-19~4,3,1,1,1 06-23~3,2,0,0,0 07-18~4,3,1,0,0 06-18~2,0,0,0,0 06-15~6,6,4,3,1 06-08~3,3,0,0,0 07-03~4,4,3,3,1 08-02~4,3,1,0,0 06-20~4,3,2,2,1 07-17~1,1,1,1,1 07-30~3,1,0,0,0 08-10~4,4,0,0,0 06-09~2,1,1,0,0 06-30~1,1,0,0,0 08-11~2,2,0,0,0 08-23~1,1,0,0,0 07-06~2,1,0,0,0 07-27~1,0,0,0,0 07-29~2,1,0,0,0 07-26~3,3,1,1,0 08-04~2,2,2,2,1 06-26~2,2,1,1,0 07-14~3,3,0,0,0 06-14~6,6,2,2,1 06-19~3,3,3,2,1 07-25~4,3,1,0,0 06-25~9,8,5,1,0 08-09~5,5,0,0,0 08-05~2,1,0,0,0 07-31~5,4,4,3,2 06-21~7,5,2,2,1 07-20~1,1,1,1,1 07-21~1,1,0,0,0 06-29~1,1,1,1,0 06-12~2,2,1,1,0 07-24~5,4,2,2,0 08-16~3,3,1,1,0 06-28~4,4,2,1,0 06-22~4,3,3,2,1 07-04~3,3,1,1,0 07-07~1,0,0,0,0 07-02~1,1,0,0,0 08-03~1,1,0,0,0 06-04~1,0,0,0,0 07-16~7,6,1,1,1 06-24~2,2,1,1,1 07-05~2,2,1,1,1 07-15~1,1,0,0,0 all~89,87,49,41,22
105284095_494198|2|00000002:/special-bonus/up-to-200 00000076:/de/special-bonus/up-to-200|06-04~9,7,3,2,0 06-13~1,0,0,0,0 06-06~1,0,0,0,0 06-07~2,1,0,0,0 06-01~8,6,2,2,1 06-05~6,5,1,1,0 05-27~3,1,0,0,0 05-22~6,3,2,2,1 05-31~2,1,0,0,0 06-09~2,0,0,0,0 05-19~12,11,3,2,1 05-15~6,6,3,2,1 06-08~2,1,0,0,0 05-21~4,4,3,3,1 05-17~2,2,1,1,0 05-26~3,3,1,1,1 05-23~3,2,1,1,0 05-25~5,4,1,0,0 05-14~7,7,1,1,0 05-30~4,3,2,2,1 06-11~2,0,0,0,0 06-10~9,6,4,2,0 05-24~4,4,2,2,1 06-12~1,0,0,0,0 06-02~4,3,0,0,0 05-16~1,0,0,0,0 05-20~4,4,1,0,0 06-03~5,4,2,2,0 05-18~7,6,1,0,0 all~78,77,33,28,11
105284192_492357|2|00000001:/no/crypto-casino 00000105:/crypto-casino|05-21~6,3,2,2,0 06-15~2,0,0,0,0 06-04~1,1,1,1,0 05-18~3,1,1,1,0 05-04~2,2,0,0,0 06-16~4,2,1,0,0 06-23~3,1,0,0,0 05-16~4,2,1,1,0 05-25~4,2,0,0,0 05-27~8,4,3,2,1 07-03~2,1,0,0,0 05-11~1,1,0,0,0 06-09~3,0,0,0,0 06-08~2,1,0,0,0 06-12~1,0,0,0,0 05-01~2,1,0,0,0 05-02~2,2,0,0,0 06-05~1,0,0,0,0 05-26~1,0,0,0,0 05-05~1,0,0,0,0 06-25~2,1,1,1,0 06-17~2,1,0,0,0 06-26~3,1,1,1,0 05-29~4,2,2,2,1 05-14~2,0,0,0,0 05-03~1,0,0,0,0 05-19~3,1,0,0,0 06-22~2,1,1,1,0 07-02~1,0,0,0,0 06-11~3,0,0,0,0 05-31~2,2,1,1,0 06-01~1,0,0,0,0 05-20~4,1,0,0,0 05-17~2,1,0,0,0 06-06~3,1,1,1,0 06-10~3,1,1,1,0 05-30~3,0,0,0,0 06-02~1,0,0,0,0 06-07~1,0,0,0,0 06-29~1,0,0,0,0 06-19~1,0,0,0,0 05-09~1,0,0,0,0 05-08~2,0,0,0,0 05-28~8,3,2,2,1 06-18~2,0,0,0,0 05-15~4,1,0,0,0 06-27~3,0,0,0,0 06-13~2,1,1,1,0 all~106,41,20,18,4
105284192_492361|2|00000001:/crypto-casino 00000009:/es/crypto-casino|06-10~2,1,1,0,0 06-12~1,1,1,0,0 06-04~1,0,0,0,0 06-16~2,2,1,0,0 05-27~1,0,0,0,0 06-08~1,0,0,0,0 06-17~1,1,0,0,0 05-04~1,0,0,0,0 all~10,5,3,0,0
105284192_501202|1|00000024:/casino-promocode|08-29~1,1,0,0,0 07-25~1,1,1,1,0 07-27~3,3,2,1,0 07-26~2,2,1,1,0 07-13~2,2,0,0,0 07-07~1,1,0,0,0 07-10~1,1,1,1,0 08-27~1,1,0,0,0 07-24~1,1,0,0,0 08-18~1,1,0,0,0 07-28~2,2,1,1,0 08-28~1,1,0,0,0 07-04~1,1,0,0,0 07-18~1,1,0,0,0 08-15~2,2,0,0,0 07-21~1,1,0,0,0 07-11~1,1,0,0,0 08-09~1,1,0,0,0 07-23~1,1,1,0,0 08-13~1,1,0,0,0 08-04~1,1,0,0,0 all~24,24,7,6,0
105301207_496527|11|00000003:/ja/promotions/bonus-score 00000007:/tr/promotions/bonus-score 00000010:/no/promotions/bonus-score 00000031:/pt/promotions/bonus-score 00000119:/fr/promotions/bonus-score 00000353:/de/promotions/bonus-score 00001616:/es/promotions/bonus-score 00003303:/promotions/bonus-score|06-21~1,0,0,0,0 06-04~1073,15,4,3,0 06-23~1,0,0,0,0 06-22~2,0,0,0,0 06-28~9,1,0,0,0 06-17~15,0,0,0,0 06-03~427,7,4,2,0 06-06~389,11,6,3,1 06-24~3,1,1,0,0 06-14~23,2,1,0,0 06-20~2,1,0,0,0 07-09~1,1,1,1,0 06-05~486,12,8,3,0 05-27~52,3,2,1,0 06-12~103,5,2,1,0 06-18~2,0,0,0,0 05-28~421,15,10,5,0 05-30~231,8,3,1,0 06-09~366,18,10,4,0 06-25~6,1,0,0,0 05-31~342,6,5,3,0 06-15~19,0,0,0,0 06-07~577,16,9,6,0 06-30~1,0,0,0,0 06-29~2,0,0,0,0 06-10~321,24,10,6,0 06-27~3,0,0,0,0 06-08~337,5,2,1,0 06-13~18,0,0,0,0 06-16~19,0,0,0,0 06-19~2,1,1,1,0 06-02~371,7,4,4,0 06-26~1,0,0,0,0 06-11~475,47,23,10,0 06-01~321,14,8,3,0 05-29~338,6,5,3,0 all~5448,277,129,70,1
105301207_496687|5|00000001:/de/promotions/champions-league-final 00000001:/no/promotions/champions-league-final 00000002:/se/promotions/champions-league-final 00000006:/promotions/champions-league-final 00000008:/es/se/promotions/champions-league-final|05-30~16,4,2,2,0 05-29~5,1,1,0,0 all~18,6,4,3,0
105301207_497043|11|00000002:/ko/promotions/bracket-challenge 00000003:/tr/promotions/bracket-challenge 00000033:/no/promotions/bracket-challenge 00000034:/pt/promotions/bracket-challenge 00000081:/fr/promotions/bracket-challenge 00000223:/de/promotions/bracket-challenge 00001986:/es/promotions/bracket-challenge 00002731:/promotions/bracket-challenge|07-19~19,4,2,2,0 07-14~27,3,2,0,0 07-20~11,0,0,0,0 06-14~142,20,12,5,0 06-17~196,44,23,12,0 06-18~197,41,30,18,0 06-24~186,34,21,9,0 07-16~21,4,3,3,0 06-22~218,67,44,21,1 07-03~163,25,13,11,0 06-28~221,42,28,10,0 06-23~190,33,19,7,0 06-08~224,28,18,8,0 06-13~116,23,17,9,0 07-13~24,1,0,0,0 06-07~243,34,23,12,0 06-10~200,28,25,9,0 06-27~157,31,21,13,0 06-20~189,37,27,14,0 07-11~18,3,2,2,0 07-02~213,32,20,11,0 06-29~112,16,11,4,0 06-01~49,7,4,3,0 07-21~5,0,0,0,0 06-03~220,25,16,9,0 06-04~246,14,9,5,0 07-04~95,19,10,3,0 07-09~38,5,3,1,0 07-15~38,7,4,3,0 06-15~136,19,13,6,0 06-05~194,17,10,2,0 07-18~20,0,0,0,0 07-01~152,25,11,7,0 06-21~245,38,19,8,0 06-09~185,16,11,3,0 07-08~62,15,12,2,0 06-30~263,58,40,21,1 06-19~212,46,26,13,0 07-10~27,5,4,1,0 07-12~28,5,2,0,0 06-11~191,32,17,6,0 06-25~184,36,21,10,0 06-26~199,50,27,13,0 07-06~119,20,12,9,0 07-07~130,25,20,9,0 06-02~260,43,28,17,0 06-12~131,19,15,9,0 07-17~22,2,1,1,0 06-06~212,25,18,9,0 06-16~108,25,13,5,0 07-05~127,24,17,12,0 all~5097,1091,730,408,2
105301207_498825|19|00000119:/no/crypto-sportsbook/world_cup_2026/matches 00000258:/de/crypto-sportsbook/world_cup_2026/matches 00000396:/fr/crypto-sportsbook/world_cup_2026 00000453:/no/crypto-sportsbook/world_cup_2026 00000737:/crypto-sportsbook/world_cup_2026/matches 00002762:/de/crypto-sportsbook/world_cup_2026 00007865:/es/crypto-sportsbook/world_cup_2026 00012642:/crypto-sportsbook/world_cup_2026|07-14~412,6,2,1,1 07-19~304,6,2,1,1 08-04~7,0,0,0,0 07-31~9,0,0,0,0 06-19~618,34,19,13,1 08-27~6,1,0,0,0 07-29~9,0,0,0,0 07-23~12,1,1,1,0 07-10~280,5,2,2,0 08-24~25,5,3,3,1 07-12~430,3,2,2,0 06-15~417,19,12,7,0 07-27~3,0,0,0,0 08-17~55,5,2,1,0 06-29~729,6,2,2,0 08-07~173,6,2,0,0 06-20~674,31,14,7,0 07-24~7,0,0,0,0 08-11~234,7,0,0,0 06-25~1133,33,17,7,0 08-08~554,5,1,1,0 08-10~424,7,1,0,0 07-26~6,0,0,0,0 06-16~640,33,19,15,0 08-28~7,0,0,0,0 08-20~28,1,0,0,0 07-13~351,1,0,0,0 07-03~1776,20,9,6,0 08-05~64,1,1,1,0 07-30~5,0,0,0,0 07-06~1389,27,18,13,0 08-23~33,1,1,1,0 07-16~232,1,0,0,0 08-14~40,4,0,0,0 08-13~93,10,1,1,0 08-18~33,0,0,0,0 06-26~856,34,13,8,1 07-21~9,0,0,0,0 06-21~727,25,13,7,0 06-24~1166,35,12,10,0 07-25~12,0,0,0,0 08-29~5,1,0,0,0 06-17~671,28,15,10,0 06-22~700,17,9,6,0 08-09~297,6,1,0,0 08-01~8,0,0,0,0 07-09~320,6,3,2,1 07-04~2010,20,9,6,0 06-23~775,33,16,8,0 07-18~248,11,0,0,0 06-30~1776,21,6,5,0 08-26~6,2,1,1,0 06-18~475,21,7,5,0 07-11~334,5,4,3,1 07-28~6,0,0,0,0 07-15~413,5,2,2,0 07-01~2356,20,9,5,0 all~25484,879,352,248,9 08-12~63,6,2,0,0 07-22~11,0,0,0,0 08-02~5,0,0,0,0 07-05~1601,18,9,6,0 08-03~4,0,0,0,0 07-17~308,5,1,0,0 07-02~3502,24,9,5,0 06-27~970,25,14,4,0 08-19~27,0,0,0,0 08-06~76,4,2,2,0 08-22~23,0,0,0,0 07-20~39,1,0,0,0 06-28~908,24,15,11,0 08-16~63,13,6,4,0 08-15~80,13,5,3,0 07-07~2138,17,10,5,0 08-21~28,4,3,2,0 08-25~25,1,0,0,0 07-08~892,10,5,3,0
105301207_500590|8|00000001:/it/promotions/wimbledon-cashback 00000001:/ja/promotions/wimbledon-cashback 00000001:/ko/promotions/wimbledon-cashback 00000009:/pt/promotions/wimbledon-cashback 00000030:/fr/promotions/wimbledon-cashback 00000059:/es/promotions/wimbledon-cashback 00000280:/promotions/wimbledon-cashback 00000462:/de/promotions/wimbledon-cashback|07-01~153,0,0,0,0 06-29~45,1,1,1,0 07-02~292,0,0,0,0 06-30~117,1,0,0,0 07-11~55,1,0,0,0 07-12~66,0,0,0,0 07-09~53,0,0,0,0 07-04~80,0,0,0,0 07-07~68,1,1,0,0 07-03~128,2,2,1,0 07-05~77,0,0,0,0 06-26~13,2,2,0,0 06-28~54,3,1,0,0 07-10~60,0,0,0,0 07-08~55,0,0,0,0 07-13~16,0,0,0,0 07-06~41,0,0,0,0 06-27~51,0,0,0,0 all~843,25,5,2,0
105301207_501664|10|00000003:/tr/live-casino 00000004:/it/live-casino 00000062:/fr/live-casino 00000274:/es/live-casino 00001524:/no/live-casino 00004146:/pt/live-casino 00006121:/de/live-casino 00013721:/live-casino|08-14~604,486,3,0,0 08-19~801,672,1,0,0 07-27~38,36,4,1,0 08-29~28,24,0,0,0 08-23~91,82,0,0,0 08-10~1431,1255,4,0,0 07-24~27,27,2,0,0 08-12~1038,1011,4,2,0 08-27~32,30,0,0,0 07-17~49,44,2,1,1 08-24~70,58,0,0,0 07-11~15,15,6,4,0 07-08~18,16,14,2,0 07-10~62,58,15,5,0 08-26~49,47,0,0,0 07-28~193,186,2,0,0 07-20~35,34,3,0,0 08-13~952,906,6,4,0 08-03~2067,1969,13,2,0 08-06~601,580,9,2,0 07-23~44,42,2,0,0 08-16~1065,888,1,1,0 07-14~35,32,7,5,0 07-13~32,32,15,6,0 07-18~24,24,1,1,0 08-21~612,502,0,0,0 08-25~58,54,0,0,0 07-29~1547,1439,6,2,0 07-30~2637,2433,6,3,1 07-09~3,2,0,0,0 08-09~1078,1004,3,2,2 08-04~759,730,1,1,0 08-18~646,548,0,0,0 07-26~37,35,1,0,0 08-11~1755,1562,7,5,0 08-28~34,31,0,0,0 08-15~987,789,6,1,0 08-01~2502,2307,5,1,0 07-12~42,42,18,8,0 08-22~116,101,1,1,0 08-05~589,557,4,0,0 08-17~1044,875,3,2,0 08-02~2577,2425,11,4,1 07-19~22,21,3,0,0 07-22~48,48,2,2,0 08-20~775,619,0,0,0 07-16~48,46,2,1,1 07-15~42,41,4,3,0 08-07~1117,1037,0,0,0 07-31~1876,1733,6,0,0 07-21~51,51,4,1,0 07-25~20,19,1,1,0 08-08~1265,1177,4,1,0 all~25857,23966,195,80,6
105301207_501903|6|00000001:/pt/promotions/ufc-329-cashback 00000002:/de/promotions/ufc-329-cashback 00000002:/no/promotions/ufc-329-cashback 00000015:/fr/promotions/ufc-329-cashback 00000114:/es/promotions/ufc-329-cashback 00000260:/promotions/ufc-329-cashback|07-12~189,8,4,1,0 07-20~40,0,0,0,0 07-19~22,2,0,0,0 07-10~90,9,3,1,0 07-15~18,2,1,0,0 07-18~20,0,0,0,0 07-17~14,1,1,1,0 07-21~19,1,1,0,0 07-13~74,7,3,2,0 all~394,49,25,12,0 07-16~22,4,3,2,0 07-14~26,1,1,1,0 07-11~172,13,9,4,0
105301207_502030|5|00000001:/it/deposit-offer-slots 00000002:/de/deposit-offer-slots 00000005:/deposit-offer-slots 00000006:/br/deposit-offer-slots 00000009:/se/deposit-offer-slots|07-14~9,1,1,1,1 07-21~1,1,0,0,0 07-13~17,8,2,1,0 all~23,8,4,2,0 07-10~5,5,3,1,0
105301207_505960|2|00000077:/de/promotions/ufc-330 00000281:/promotions/ufc-330|08-16~144,2,0,0,0 08-24~1,0,0,0,0 08-14~47,4,1,1,0 08-13~8,0,0,0,0 08-17~1,1,0,0,0 08-15~174,8,4,3,0 08-18~2,0,0,0,0 all~358,11,6,4,0
105302925_492699|8|00000002:/it 00000004:/fr 00000005:/de 00000008:/es 00000008:/pt 00000008:/tr 00000015:/ja 00000244:/|08-14~1,1,0,0,0 05-13~4,3,1,0,0 06-04~4,3,1,1,0 08-05~4,3,0,0,0 07-09~2,2,1,1,0 07-02~2,2,1,1,0 05-27~7,5,1,0,0 06-11~3,3,0,0,0 07-25~3,2,0,0,0 08-21~2,2,0,0,0 05-21~5,3,1,1,1 08-15~1,1,0,0,0 06-24~1,0,0,0,0 08-17~1,1,0,0,0 06-29~1,0,0,0,0 all~294,205,40,25,7 05-23~3,1,0,0,0 07-22~2,2,1,1,0 08-22~1,1,0,0,0 08-01~5,4,0,0,0 07-03~3,3,0,0,0 05-29~3,2,1,1,0 06-23~1,1,1,1,0 05-18~3,3,1,0,0 06-12~1,1,1,1,1 05-11~4,3,0,0,0 06-08~4,3,0,0,0 07-08~1,0,0,0,0 08-08~1,1,0,0,0 06-13~4,3,3,2,1 05-04~5,4,0,0,0 08-09~1,1,0,0,0 06-21~5,2,0,0,0 05-30~5,4,1,0,0 06-20~1,0,0,0,0 08-13~3,2,2,1,0 07-04~4,3,2,1,0 05-24~10,5,0,0,0 06-30~2,1,0,0,0 08-04~5,4,0,0,0 06-17~4,3,1,1,0 05-14~6,3,1,1,0 06-03~5,3,0,0,0 05-19~3,2,0,0,0 05-09~8,7,0,0,0 07-30~1,0,0,0,0 07-15~2,2,1,1,0 07-17~3,0,0,0,0 06-06~2,1,0,0,0 07-21~1,0,0,0,0 08-24~1,1,0,0,0 07-28~1,1,0,0,0 06-28~2,2,0,0,0 08-16~4,3,0,0,0 07-19~4,2,1,1,1 08-27~2,1,0,0,0 05-16~3,1,0,0,0 05-05~3,2,0,0,0 08-02~2,2,0,0,0 05-26~9,5,3,2,2 06-10~3,2,0,0,0 06-07~1,1,0,0,0 08-23~1,1,0,0,0 05-20~4,2,1,1,0 06-15~3,2,1,0,0 07-01~1,0,0,0,0 05-12~7,6,0,0,0 06-14~1,1,0,0,0 07-13~1,1,0,0,0 08-20~2,0,0,0,0 08-25~2,2,1,0,0 05-22~3,2,0,0,0 05-06~5,3,0,0,0 07-10~2,2,1,1,0 05-28~3,2,0,0,0 05-25~3,3,0,0,0 08-07~9,8,1,1,0 07-20~3,3,1,0,0 07-26~1,1,1,0,0 08-11~2,1,0,0,0 05-31~3,1,0,0,0 06-01~6,4,0,0,0 08-03~2,1,0,0,0 08-06~15,8,0,0,0 07-06~2,0,0,0,0 05-08~6,4,0,0,0 07-31~1,0,0,0,0 06-16~2,1,0,0,0 08-28~2,2,1,1,0 06-26~2,1,0,0,0 07-16~1,1,0,0,0 06-09~6,4,0,0,0 05-17~3,3,1,0,0 07-27~2,1,0,0,0 05-07~8,7,0,0,0 06-27~1,1,1,0,0 08-26~1,0,0,0,0 06-18~3,1,0,0,0 07-29~3,1,0,0,0 07-07~2,1,0,0,0 05-10~6,4,0,0,0 06-05~4,4,0,0,0 06-02~5,2,1,0,0
105318264_492975|2|00000001:/de/special-bonus/up-to-200 00000069:/special-bonus/up-to-200|05-13~11,11,1,0,0 05-24~4,1,0,0,0 05-17~12,9,7,4,0 05-15~6,4,3,2,0 05-20~3,1,0,0,0 06-02~1,1,0,0,0 05-23~6,6,3,2,0 05-09~1,1,0,0,0 05-21~4,3,0,0,0 05-30~3,2,1,1,0 05-29~2,1,0,0,0 05-19~2,2,1,1,0 05-14~16,14,6,1,0 05-04~1,1,0,0,0 05-11~2,1,0,0,0 05-08~2,1,0,0,0 05-26~1,0,0,0,0 05-22~3,2,1,1,0 05-16~7,5,4,2,0 05-12~2,1,0,0,0 05-28~1,0,0,0,0 06-03~1,1,0,0,0 05-10~4,4,0,0,0 05-05~4,4,0,0,0 06-04~2,2,1,0,0 05-18~7,3,2,0,0 05-07~1,1,0,0,0 05-27~2,2,0,0,0 06-08~1,1,0,0,0 all~70,68,29,15,1
105318755_492695|1|00000038:/special-bonus/up-to-200|05-07~1,1,0,0,0 05-13~1,1,0,0,0 05-19~22,21,4,2,1 05-11~6,6,0,0,0 05-14~1,1,0,0,0 05-05~1,1,0,0,0 05-06~5,4,0,0,0 05-20~2,1,0,0,0 all~38,35,4,2,1
105321308_494228|2|00000002:/special-bonus/up-to-200 00000021:/pt/special-bonus/up-to-200|05-15~4,3,1,1,0 all~23,21,14,14,14 05-19~1,1,0,0,0 05-25~5,5,1,1,1 05-29~2,2,0,0,0 05-22~1,1,1,1,1 05-26~1,1,0,0,0 05-21~2,2,1,1,1 05-28~2,2,1,1,1 05-18~2,2,0,0,0 05-24~11,11,8,8,8 05-27~2,1,1,1,1
105322119_493810|4|00000001:/de/crypto-casino 00000001:/ko/crypto-casino 00000010:/no/crypto-casino 00000011:/crypto-casino|05-19~1,0,0,0,0 05-12~1,1,0,0,0 all~23,17,3,3,0 08-01~1,1,0,0,0 06-02~3,3,1,1,0 06-05~3,2,0,0,0 06-06~1,0,0,0,0 06-19~1,1,1,1,0 08-15~1,1,0,0,0 05-26~1,1,0,0,0 05-13~4,4,0,0,0 06-22~2,0,0,0,0 06-13~1,0,0,0,0 08-24~1,1,0,0,0 07-25~1,1,0,0,0 06-24~1,1,0,0,0 06-03~1,1,0,0,0 07-04~1,1,0,0,0 06-08~2,0,0,0,0
105322126_493817|2|00000007:/crypto-sportsbook 00000011:/no/crypto-sportsbook|06-04~3,2,0,0,0 07-31~1,0,0,0,0 06-02~5,1,0,0,0 05-11~1,1,0,0,0 05-12~1,0,0,0,0 all~18,12,6,4,1 05-25~2,1,1,1,0 06-03~6,2,2,1,0 05-27~2,1,0,0,0
105322126_497387|4|00000001:/de/sport-promocode 00000003:/es/sport-promocode 00000022:/sport-promocode 00000270:/no/sport-promocode|07-17~4,4,1,1,1 08-07~11,10,1,1,1 08-24~13,12,4,2,0 07-28~2,2,1,1,0 07-31~12,10,3,0,0 06-30~4,4,0,0,0 07-20~2,2,0,0,0 07-13~3,3,1,1,0 06-19~5,4,1,1,0 08-27~10,8,0,0,0 07-11~4,3,1,0,0 06-16~8,6,3,1,1 08-28~8,8,0,0,0 07-24~3,3,0,0,0 08-14~8,7,3,3,1 07-18~3,3,0,0,0 08-04~7,7,2,1,1 06-23~2,1,0,0,0 07-27~3,3,0,0,0 08-12~18,18,5,5,1 06-05~2,2,1,0,0 08-18~11,10,3,3,2 06-26~2,1,0,0,0 08-13~7,5,1,0,0 08-09~6,6,2,1,1 all~296,290,81,56,28 06-06~2,2,1,0,0 06-15~3,1,0,0,0 08-23~9,9,2,1,1 07-10~6,5,2,2,1 08-06~8,8,0,0,0 06-09~2,1,0,0,0 06-11~6,6,2,1,1 07-05~2,2,0,0,0 08-20~6,6,0,0,0 07-15~1,1,0,0,0 08-17~6,5,1,1,0 06-29~5,4,1,1,0 08-10~4,4,0,0,0 06-25~7,5,2,0,0 06-13~3,3,1,0,0 07-22~1,1,1,0,0 06-22~4,4,0,0,0 06-27~1,1,0,0,0 08-19~10,8,0,0,0 07-26~2,2,1,0,0 08-03~3,3,1,1,0 06-04~4,4,2,1,0 06-14~5,4,0,0,0 08-02~8,6,2,1,0 07-07~4,4,2,2,1 06-20~7,6,0,0,0 08-25~7,7,1,1,0 07-12~4,2,0,0,0 08-08~5,5,0,0,0 07-02~3,2,0,0,0 08-11~5,5,0,0,0 06-07~1,1,1,1,1 07-21~2,2,0,0,0 06-12~3,2,0,0,0 08-01~3,3,0,0,0 07-06~2,2,0,0,0 08-29~8,8,1,1,1 06-17~8,6,2,1,0 07-14~1,1,1,1,0 06-24~3,3,1,1,0 08-05~9,9,0,0,0 07-03~2,1,0,0,0 08-21~11,11,2,1,0 07-30~1,1,0,0,0 08-15~8,8,2,1,0 06-28~22,22,14,13,8 08-16~9,8,2,0,0 07-08~2,2,1,1,0 07-04~4,4,0,0,0 08-22~4,4,0,0,0 07-19~5,5,0,0,0 06-08~2,2,0,0,0 08-26~11,8,1,0,0 06-18~3,3,1,1,1
105399418_493010|1|00000208:/crypto-casino|07-20~4,0,0,0,0 05-31~1,0,0,0,0 07-14~2,0,0,0,0 05-27~2,0,0,0,0 07-08~2,0,0,0,0 06-20~1,0,0,0,0 07-12~2,0,0,0,0 05-17~4,1,1,1,0 05-04~14,4,0,0,0 08-07~1,0,0,0,0 07-10~3,0,0,0,0 05-11~2,0,0,0,0 06-08~2,1,0,0,0 05-18~1,1,0,0,0 07-06~2,0,0,0,0 05-30~4,0,0,0,0 07-29~2,0,0,0,0 08-12~4,0,0,0,0 07-22~2,0,0,0,0 06-19~2,0,0,0,0 08-27~1,0,0,0,0 08-28~2,0,0,0,0 08-01~5,0,0,0,0 08-22~2,0,0,0,0 08-29~5,0,0,0,0 08-02~4,0,0,0,0 08-11~3,0,0,0,0 07-17~1,0,0,0,0 05-21~1,0,0,0,0 05-09~3,1,0,0,0 05-28~3,0,0,0,0 06-27~1,0,0,0,0 08-19~1,0,0,0,0 06-02~1,0,0,0,0 05-26~1,0,0,0,0 08-06~4,0,0,0,0 08-15~4,0,0,0,0 05-07~3,1,0,0,0 08-17~2,0,0,0,0 06-29~3,0,0,0,0 07-25~1,0,0,0,0 08-26~1,0,0,0,0 08-23~2,0,0,0,0 06-07~3,0,0,0,0 07-15~1,0,0,0,0 08-10~5,0,0,0,0 08-25~2,0,0,0,0 08-09~2,0,0,0,0 08-14~1,0,0,0,0 08-05~5,0,0,0,0 07-13~2,0,0,0,0 06-06~1,0,0,0,0 07-30~3,0,0,0,0 08-24~1,0,0,0,0 07-21~2,0,0,0,0 07-07~2,0,0,0,0 06-21~2,0,0,0,0 07-28~3,0,0,0,0 05-05~3,1,0,0,0 05-23~2,0,0,0,0 06-15~2,0,0,0,0 08-03~2,0,0,0,0 07-16~2,0,0,0,0 05-13~2,0,0,0,0 05-08~17,2,0,0,0 06-28~3,0,0,0,0 08-16~3,0,0,0,0 05-15~1,0,0,0,0 07-02~4,0,0,0,0 05-22~3,0,0,0,0 08-04~5,0,0,0,0 06-04~3,0,0,0,0 08-13~1,0,0,0,0 07-05~1,0,0,0,0 05-25~4,2,2,0,0 07-04~1,0,0,0,0 05-19~2,1,1,1,1 07-24~1,0,0,0,0 06-01~3,0,0,0,0 05-14~2,0,0,0,0 05-06~2,0,0,0,0 06-25~1,0,0,0,0 07-19~4,0,0,0,0 08-08~1,0,0,0,0 08-18~1,0,0,0,0 06-26~1,0,0,0,0 07-23~2,0,0,0,0 07-01~2,0,0,0,0 07-31~3,0,0,0,0 all~208,13,4,2,2
105400053_493018|5|00000001:/de/promotions/monthly-bonus 00000001:/ja/promotions/monthly-bonus 00000001:/pt/promotions/monthly-bonus 00000002:/es/promotions/monthly-bonus 00000037:/promotions/monthly-bonus|05-19~2,2,1,0,0 05-14~2,0,0,0,0 05-24~1,0,0,0,0 05-23~1,0,0,0,0 05-04~14,2,0,0,0 05-15~1,0,0,0,0 05-25~1,0,0,0,0 05-22~2,2,1,1,0 05-06~4,1,0,0,0 05-07~5,3,0,0,0 05-17~1,0,0,0,0 05-05~16,3,0,0,0 all~42,14,4,2,1
105400053_493616|11|00000017:/tr/crypto-casino 00000018:/no/crypto-casino 00000025:/ja/crypto-casino 00000028:/fr/crypto-casino 00000029:/pt/crypto-casino 00000045:/de/crypto-casino 00000064:/es/crypto-casino 00001441:/crypto-casino|07-22~23,8,4,0,0 05-16~22,13,5,2,0 08-11~7,1,0,0,0 06-24~23,10,4,3,1 08-06~61,26,10,4,0 06-03~15,4,0,0,0 08-13~50,25,9,1,0 08-12~40,21,7,1,0 06-02~30,15,9,4,1 06-11~10,2,0,0,0 08-18~8,3,0,0,0 06-26~27,15,8,3,2 07-02~47,29,15,6,1 07-12~12,5,3,0,0 06-04~9,2,0,0,0 06-14~18,5,3,1,0 06-19~75,38,23,10,0 08-27~9,2,2,1,0 07-26~23,11,3,0,0 07-19~34,19,6,1,1 06-08~25,10,6,1,0 05-21~48,28,14,1,0 06-25~54,33,14,5,1 08-14~48,20,8,2,0 07-05~23,5,2,1,0 06-15~21,6,2,0,0 08-24~13,3,0,0,0 07-13~65,31,20,3,0 05-15~11,3,0,0,0 06-05~28,13,9,0,0 08-10~12,5,2,1,0 07-29~7,2,1,1,0 07-10~55,31,15,3,0 07-11~16,5,3,0,0 05-09~7,1,0,0,0 07-07~7,2,1,1,0 07-06~15,6,4,1,0 05-18~10,4,2,2,1 05-29~21,9,7,4,0 06-22~38,14,8,1,0 08-22~5,1,0,0,0 07-16~34,9,6,1,0 08-03~17,7,3,2,0 07-17~28,9,6,2,0 07-31~7,4,1,0,0 07-25~14,3,3,2,0 06-16~47,16,10,0,0 08-28~5,1,1,1,0 05-17~9,4,3,1,0 05-26~6,3,2,1,0 08-02~14,7,3,0,0 05-31~8,2,2,1,0 07-14~79,33,13,2,1 07-04~19,5,4,1,0 07-20~19,5,2,0,0 06-07~19,7,2,1,0 06-23~28,7,4,2,0 06-12~46,12,5,2,0 07-03~33,16,12,5,0 08-01~11,2,0,0,0 05-08~14,6,0,0,0 05-20~11,4,2,2,0 05-12~1,0,0,0,0 05-22~28,17,8,1,0 07-21~33,18,6,2,0 08-15~22,9,5,1,0 05-25~40,16,11,5,1 08-04~18,9,6,3,1 08-25~13,5,2,2,0 08-05~18,7,2,2,0 06-09~22,8,6,1,0 05-13~13,3,1,0,0 07-08~47,27,15,3,0 06-27~24,10,4,2,0 08-19~23,11,4,2,0 07-15~36,14,4,2,0 08-07~36,17,10,0,0 08-20~25,7,2,0,0 05-24~7,4,0,0,0 05-19~9,3,1,0,0 07-18~16,6,2,1,0 06-10~26,14,6,2,0 08-08~10,2,2,1,1 05-28~24,7,4,2,0 08-17~16,5,4,3,0 06-29~69,30,9,0,0 06-06~30,16,11,0,0 08-23~6,1,0,0,0 07-28~10,2,0,0,0 05-10~3,0,0,0,0 08-26~11,5,2,1,0 06-18~27,10,6,3,0 07-09~36,18,11,5,1 08-09~4,1,0,0,0 07-27~10,3,3,0,0 05-11~4,1,0,0,0 06-20~59,33,23,6,1 08-29~5,1,0,0,0 06-17~20,7,2,0,0 07-30~15,9,7,2,0 06-30~37,22,15,2,0 05-14~12,3,2,2,1 06-01~42,22,9,1,0 06-13~15,5,4,2,0 06-28~15,6,1,0,0 08-16~19,11,6,2,0 07-01~51,27,10,1,0 05-30~13,3,1,0,0 05-07~20,9,0,0,0 08-21~19,6,3,1,0 05-23~24,7,3,1,0 06-21~20,7,3,1,0 05-27~21,9,7,3,0 07-23~10,4,1,0,0 07-24~19,8,4,2,0 all~1685,1042,567,243,41
105400053_493621|7|00000001:/fr/crypto-casino 00000001:/hi/crypto-casino 00000001:/ja/crypto-casino 00000002:/pt/crypto-casino 00000003:/tr/crypto-casino 00000010:/de/crypto-casino 00000034:/crypto-casino|07-07~1,0,0,0,0 07-22~1,0,0,0,0 07-10~2,0,0,0,0 06-11~2,2,1,1,1 06-25~1,0,0,0,0 08-19~3,1,0,0,0 07-02~1,0,0,0,0 05-14~1,0,0,0,0 08-13~1,0,0,0,0 05-16~1,1,0,0,0 06-06~1,1,1,1,0 07-06~3,2,0,0,0 06-02~1,1,1,1,0 08-06~1,0,0,0,0 08-23~1,0,0,0,0 08-07~1,0,0,0,0 07-23~3,1,0,0,0 05-22~1,1,0,0,0 08-10~1,0,0,0,0 07-15~1,0,0,0,0 08-01~1,0,0,0,0 08-27~3,1,0,0,0 06-19~3,1,1,1,0 05-17~3,1,0,0,0 05-07~3,2,0,0,0 08-02~2,0,0,0,0 07-19~3,2,0,0,0 06-08~1,0,0,0,0 07-26~1,0,0,0,0 06-26~1,0,0,0,0 08-18~1,0,0,0,0 08-29~1,0,0,0,0 06-05~2,2,1,0,0 05-21~1,0,0,0,0 05-28~1,1,0,0,0 06-09~2,1,1,1,0 07-03~1,0,0,0,0 06-13~1,0,0,0,0 07-21~2,0,0,0,0 08-25~5,0,0,0,0 06-20~1,0,0,0,0 07-16~1,0,0,0,0 08-24~3,0,0,0,0 07-11~2,0,0,0,0 06-10~2,0,0,0,0 06-30~2,0,0,0,0 05-11~1,1,0,0,0 05-08~1,0,0,0,0 07-28~1,0,0,0,0 07-30~1,0,0,0,0 06-21~2,0,0,0,0 05-13~1,1,0,0,0 07-08~1,0,0,0,0 06-18~2,0,0,0,0 08-26~1,0,0,0,0 05-19~1,1,0,0,0 07-29~2,0,0,0,0 05-09~1,0,0,0,0 06-03~1,0,0,0,0 06-29~2,0,0,0,0 08-28~1,0,0,0,0 06-22~2,0,0,0,0 07-09~2,0,0,0,0 all~52,28,11,8,3
105400053_494488|7|00000001:/de/game/hacksawgaming-f.le_digger 00000001:/es/game/hacksawgaming-f.le_digger 00000001:/fr/game/hacksawgaming-f.le_digger 00000001:/pt/game/hacksawgaming-f.le_digger 00000001:/tr/game/hacksawgaming-f.le_digger 00000002:/ja/game/hacksawgaming-f.le_digger 00000016:/game/hacksawgaming-f.le_digger|05-13~22,9,7,2,1 05-14~2,0,0,0,0 05-15~5,0,0,0,0 05-17~2,0,0,0,0 05-19~2,0,0,0,0 05-16~1,0,0,0,0 06-01~1,0,0,0,0 all~23,9,7,5,2
105400053_494605|3|00000001:/fr/tournaments/crash-race 00000001:/ja/tournaments/crash-race 00000028:/tournaments/crash-race|05-20~1,0,0,0,0 05-14~36,7,6,4,0 06-18~1,0,0,0,0 all~30,10,8,8,2 05-15~7,1,1,1,0 05-16~3,0,0,0,0
105400053_494716|1|00000035:/special-bonus/up-to-200|05-14~3,3,1,0,0 05-16~12,11,4,2,2 05-17~2,2,1,0,0 06-02~3,2,1,0,0 05-15~3,3,0,0,0 05-19~6,6,3,1,0 05-18~1,0,0,0,0 05-29~3,2,1,1,0 06-07~3,3,1,0,0 06-10~1,1,1,0,0 05-23~2,2,1,0,0 06-08~2,2,1,0,0 all~35,34,17,9,4
105400053_495159|4|00000001:/ja/tournaments/crash-race 00000002:/es/tournaments/crash-race 00000002:/fr/tournaments/crash-race 00000021:/tournaments/crash-race|05-24~3,0,0,0,0 05-18~29,5,4,2,0 05-25~1,1,1,1,0 05-22~2,0,0,0,0 05-21~11,2,1,0,0 05-23~2,0,0,0,0 06-11~1,1,1,0,0 05-19~2,1,1,0,0 all~26,10,8,5,2
105400053_495906|4|00000001:/tr/blog 00000002:/ja/blog 00000003:/de/blog 00000038:/blog|05-23~15,1,1,0,0 05-31~1,0,0,0,0 05-22~49,5,5,0,0 05-24~13,1,0,0,0 05-28~1,0,0,0,0 05-30~1,0,0,0,0 05-26~4,0,0,0,0 05-27~2,0,0,0,0 05-25~2,0,0,0,0 all~44,9,7,4,1
105400053_496443|9|00000001:/it/world-cup-2026 00000002:/pt/world-cup-2026 00000003:/ja/world-cup-2026 00000004:/no/world-cup-2026 00000004:/tr/world-cup-2026 00000005:/es/world-cup-2026 00000011:/de/world-cup-2026 00000108:/world-cup-2026|07-17~1,0,0,0,0 08-24~1,1,1,0,0 06-03~35,1,1,0,0 05-27~127,5,3,1,0 06-30~1,0,0,0,0 07-20~1,0,0,0,0 07-13~2,1,0,0,0 06-19~2,0,0,0,0 07-11~1,0,0,0,0 06-16~2,0,0,0,0 07-18~1,0,0,0,0 06-23~1,0,0,0,0 06-05~7,0,0,0,0 06-06~6,0,0,0,0 06-15~2,0,0,0,0 07-10~1,0,0,0,0 06-09~15,5,5,0,0 06-02~2,0,0,0,0 06-11~5,0,0,0,0 07-05~1,0,0,0,0 07-15~1,0,0,0,0 05-28~30,4,2,1,0 06-29~1,0,0,0,0 06-25~1,0,0,0,0 06-13~2,0,0,0,0 07-22~1,0,0,0,0 06-22~2,0,0,0,0 06-27~1,0,0,0,0 06-04~12,0,0,0,0 06-14~1,0,0,0,0 06-21~2,0,0,0,0 06-10~15,2,2,0,0 06-01~5,0,0,0,0 07-07~2,0,0,0,0 06-20~2,0,0,0,0 05-31~5,0,0,0,0 07-12~2,0,0,0,0 07-16~1,0,0,0,0 07-02~1,0,0,0,0 06-07~10,4,4,3,0 07-21~2,0,0,0,0 05-29~12,3,2,0,0 06-12~1,0,0,0,0 07-06~1,0,0,0,0 07-14~1,0,0,0,0 07-01~1,0,0,0,0 06-24~1,0,0,0,0 07-23~2,0,0,0,0 06-28~1,0,0,0,0 05-30~7,1,1,0,0 07-08~1,0,0,0,0 07-04~1,0,0,0,0 07-09~2,0,0,0,0 07-19~2,0,0,0,0 06-08~29,5,4,1,0 06-18~1,0,0,0,0 all~139,37,27,14,4
105400053_496526|5|00000002:/tr/blog 00000004:/es/blog 00000004:/pt/blog 00000005:/de/blog 00000068:/blog|06-04~4,0,0,0,0 05-27~49,3,2,0,0 05-29~6,0,0,0,0 06-08~2,0,0,0,0 05-30~5,0,0,0,0 06-03~3,0,0,0,0 06-06~2,0,0,0,0 05-28~40,1,0,0,0 05-31~4,0,0,0,0 06-01~63,3,3,2,0 06-09~1,1,0,0,0 07-07~1,0,0,0,0 06-05~3,0,0,0,0 06-02~8,1,0,0,0 all~83,15,7,4,2
105400053_496727|6|00000001:/fr/world-cup-2026 00000001:/pt/world-cup-2026 00000002:/de/world-cup-2026 00000002:/es/world-cup-2026 00000002:/ja/world-cup-2026 00000044:/world-cup-2026|07-02~1,0,0,0,0 08-07~1,0,0,0,0 06-22~1,0,0,0,0 07-01~1,0,0,0,0 07-22~1,0,0,0,0 06-21~1,0,0,0,0 07-28~1,0,0,0,0 07-15~1,1,1,0,0 07-11~2,0,0,0,0 07-17~1,0,0,0,0 06-19~5,2,2,1,1 07-07~1,1,1,0,0 05-31~1,0,0,0,0 06-29~2,0,0,0,0 06-04~1,1,1,0,0 07-04~1,0,0,0,0 07-21~1,0,0,0,0 07-16~1,0,0,0,0 05-29~6,2,2,0,0 06-01~3,0,0,0,0 06-20~3,1,1,1,0 07-08~4,2,2,0,0 06-05~1,0,0,0,0 07-09~2,0,0,0,0 06-02~2,0,0,0,0 08-03~1,1,0,0,0 07-20~2,0,0,0,0 07-25~1,0,0,0,0 07-14~1,0,0,0,0 05-30~2,1,0,0,0 08-04~1,0,0,0,0 06-28~2,0,0,0,0 07-05~2,1,1,1,0 all~52,17,14,4,1
105400053_496850|9|00000001:/no/world-cup-2026 00000002:/pt/world-cup-2026 00000002:/tr/world-cup-2026 00000007:/fr/world-cup-2026 00000008:/ja/world-cup-2026 00000009:/de/world-cup-2026 00000011:/es/world-cup-2026 00000214:/world-cup-2026|07-12~1,0,0,0,0 06-14~5,0,0,0,0 06-02~26,7,5,2,0 06-08~18,0,0,0,0 07-09~2,0,0,0,0 06-21~1,0,0,0,0 06-16~7,1,0,0,0 06-29~2,1,0,0,0 07-16~1,0,0,0,0 06-15~8,1,1,0,0 07-04~1,0,0,0,0 06-25~1,1,1,1,0 07-05~1,0,0,0,0 06-12~15,1,1,0,0 06-04~19,4,3,0,0 07-01~2,0,0,0,0 06-26~1,0,0,0,0 06-03~19,3,3,1,0 06-01~46,4,2,1,0 07-10~2,0,0,0,0 06-13~7,0,0,0,0 06-22~2,1,0,0,0 07-06~1,0,0,0,0 07-03~3,0,0,0,0 08-29~1,0,0,0,0 06-17~6,1,1,0,0 07-02~1,0,0,0,0 06-05~31,1,1,0,0 06-09~58,3,2,0,0 07-08~2,1,1,0,0 05-29~16,0,0,0,0 06-20~8,4,3,1,0 06-06~27,4,2,2,0 05-30~2,0,0,0,0 06-19~7,2,1,1,0 06-07~18,5,3,0,0 07-17~3,0,0,0,0 06-10~185,41,35,21,1 06-18~7,3,1,1,1 06-11~22,2,1,0,0 07-14~1,1,0,0,0 all~255,94,72,43,7
105400053_497199|9|00000001:/hi/crypto-casino 00000001:/it/crypto-casino 00000001:/ja/crypto-casino 00000001:/no/crypto-casino 00000001:/pt/crypto-casino 00000003:/es/crypto-casino 00000005:/de/crypto-casino 00000058:/crypto-casino|08-08~2,0,0,0,0 08-26~3,1,0,0,0 06-18~3,1,0,0,0 06-27~1,0,0,0,0 08-19~9,2,0,0,0 07-15~1,0,0,0,0 07-30~2,2,0,0,0 07-08~2,0,0,0,0 07-17~2,0,0,0,0 07-16~1,0,0,0,0 08-09~7,0,0,0,0 08-06~1,0,0,0,0 06-28~1,0,0,0,0 08-16~1,0,0,0,0 07-23~2,1,0,0,0 08-22~1,0,0,0,0 06-23~6,0,0,0,0 08-01~2,0,0,0,0 07-20~2,0,0,0,0 06-29~3,1,0,0,0 06-14~1,0,0,0,0 06-13~1,0,0,0,0 06-10~2,0,0,0,0 08-14~2,0,0,0,0 08-15~3,0,0,0,0 08-03~3,1,0,0,0 07-31~2,0,0,0,0 08-02~12,2,1,0,0 06-16~1,0,0,0,0 08-12~1,0,0,0,0 07-07~4,0,0,0,0 08-18~1,0,0,0,0 06-26~4,0,0,0,0 08-13~1,0,0,0,0 08-21~2,0,0,0,0 07-09~2,0,0,0,0 08-10~4,0,0,0,0 08-24~1,0,0,0,0 07-28~3,1,0,0,0 08-07~2,0,0,0,0 07-05~3,0,0,0,0 06-05~1,1,0,0,0 06-20~15,0,0,0,0 08-29~1,0,0,0,0 06-17~4,1,0,0,0 08-25~6,0,0,0,0 07-21~1,0,0,0,0 07-01~3,0,0,0,0 06-09~3,1,0,0,0 07-04~2,0,0,0,0 06-02~1,1,1,0,0 06-07~2,1,1,0,0 06-22~11,4,1,1,0 07-13~2,0,0,0,0 06-25~3,0,0,0,0 07-22~2,0,0,0,0 08-23~2,1,0,0,0 06-21~13,0,0,0,0 06-24~3,0,0,0,0 08-04~1,0,0,0,0 06-15~4,0,0,0,0 06-11~1,0,0,0,0 07-29~2,0,0,0,0 07-12~3,0,0,0,0 08-05~3,1,0,0,0 07-25~1,0,0,0,0 06-30~3,1,0,0,0 06-19~33,4,1,0,0 08-27~2,1,0,0,0 08-20~3,0,0,0,0 all~72,23,9,4,1
105400053_497203|4|00000001:/es/crypto-casino 00000001:/fr/crypto-casino 00000002:/de/crypto-casino 00000038:/crypto-casino|06-15~1,0,0,0,0 08-28~1,0,0,0,0 08-27~2,1,1,0,0 06-19~2,2,1,1,0 07-02~1,1,0,0,0 08-04~1,1,0,0,0 06-09~2,1,1,1,0 08-24~1,0,0,0,0 08-20~9,7,4,0,0 06-11~1,1,1,1,0 08-22~1,0,0,0,0 08-13~1,1,1,0,0 06-28~2,1,0,0,0 08-25~3,0,0,0,0 06-02~1,1,1,0,0 08-21~8,5,3,2,0 06-05~2,1,0,0,0 08-02~1,1,1,0,0 06-04~1,0,0,0,0 06-20~2,0,0,0,0 08-23~1,0,0,0,0 06-18~1,0,0,0,0 08-26~2,1,1,0,0 07-30~2,1,0,0,0 07-31~1,0,0,0,0 07-11~1,0,0,0,0 06-10~3,2,2,0,0 08-19~5,5,2,0,0 06-27~1,0,0,0,0 07-06~1,1,1,0,0 06-13~2,1,0,0,0 08-29~2,1,0,0,0 all~42,33,20,7,0
105400053_497222|4|00000001:/es/crypto-casino 00000001:/no/crypto-casino 00000002:/de/crypto-casino 00000016:/crypto-casino|06-04~3,1,1,1,0 06-07~1,0,0,0,0 06-08~1,1,0,0,0 06-05~5,1,0,0,0 06-02~18,5,3,1,0 06-03~1,0,0,0,0 06-06~4,4,3,0,0 all~20,10,7,3,0
105400053_498263|1|00000014:/crypto-casino|06-19~1,0,0,0,0 06-22~2,1,1,1,0 06-18~2,1,1,1,0 06-15~9,6,2,1,0 06-09~2,2,1,0,0 all~14,10,5,3,0
105400053_498391|5|00000001:/no/world-cup-2026 00000002:/es/world-cup-2026 00000002:/tr/world-cup-2026 00000003:/de/world-cup-2026 00000026:/world-cup-2026|07-13~1,0,0,0,0 06-27~1,0,0,0,0 06-26~3,0,0,0,0 06-20~1,0,0,0,0 06-21~2,0,0,0,0 06-10~10,1,1,1,1 06-19~7,0,0,0,0 06-17~10,1,1,1,0 06-18~3,0,0,0,0 06-15~11,0,0,0,0 06-23~3,0,0,0,0 07-05~2,0,0,0,0 06-11~9,0,0,0,0 06-12~3,0,0,0,0 06-22~3,1,0,0,0 06-24~8,0,0,0,0 06-13~8,0,0,0,0 06-14~4,0,0,0,0 06-28~1,0,0,0,0 06-25~10,0,0,0,0 all~34,6,4,4,2
105400053_498621|2|00000001:/es/crypto-sportsbook 00000004:/crypto-sportsbook|06-16~3,0,0,0,0 06-15~3,1,1,0,0 06-12~2,2,2,1,0 all~5,4,4,2,1
105400053_499045|4|00000001:/de/blog 00000001:/hi/blog 00000001:/pt/blog 00000016:/blog|06-15~24,5,4,3,0 06-16~3,1,1,1,0 06-24~1,0,0,0,0 all~19,7,7,6,0
105400053_499780|1|00000014:/crypto-casino|08-24~1,1,1,1,0 08-06~1,0,0,0,0 06-25~2,1,0,0,0 06-19~5,4,2,0,0 07-08~1,0,0,0,0 07-26~2,1,0,0,0 07-07~1,0,0,0,0 07-17~1,0,0,0,0 06-23~2,1,0,0,0 08-23~6,2,0,0,0 all~14,9,3,2,0
105400053_499794|9|00000003:/no/crypto-casino 00000003:/pt/crypto-casino 00000004:/tr/crypto-casino 00000010:/fr/crypto-casino 00000010:/ja/crypto-casino 00000018:/de/crypto-casino 00000036:/es/crypto-casino 00000367:/crypto-casino|07-06~2,1,0,0,0 06-25~10,7,7,1,0 07-20~3,2,2,2,0 08-13~1,1,1,0,0 08-08~1,0,0,0,0 07-04~1,0,0,0,0 06-26~4,3,3,2,0 07-11~1,0,0,0,0 07-26~1,0,0,0,0 06-19~307,168,123,46,0 08-17~1,0,0,0,0 07-25~1,1,0,0,0 07-31~1,0,0,0,0 06-24~4,2,1,0,0 07-03~3,1,1,0,0 08-05~1,0,0,0,0 06-21~15,8,6,2,0 08-03~2,1,0,0,0 08-23~2,1,1,0,0 06-20~169,104,75,29,1 07-16~1,0,0,0,0 07-07~2,1,1,0,0 07-13~2,1,0,0,0 06-23~4,1,1,0,0 07-24~4,2,0,0,0 06-22~8,6,4,2,0 07-08~1,1,1,0,0 07-23~4,2,2,1,0 07-22~2,1,1,0,0 08-06~1,1,1,0,0 06-27~6,3,3,1,0 07-15~1,1,1,0,0 07-27~1,1,1,0,0 all~453,308,237,98,4
105400053_500017|2|00000001:/es/crypto-casino 00000055:/crypto-casino|06-22~5,2,1,0,0 08-23~3,1,1,0,0 07-24~3,2,2,1,1 07-03~30,16,5,0,0 07-02~1,0,0,0,0 07-04~3,2,1,0,0 07-25~1,1,1,0,0 06-29~9,1,0,0,0 07-22~2,1,1,0,0 08-24~2,1,1,1,0 08-08~1,1,0,0,0 07-09~1,1,1,1,0 07-18~3,1,1,1,1 06-30~1,0,0,0,0 07-01~2,0,0,0,0 07-21~1,1,0,0,0 06-24~1,1,1,1,0 all~56,31,18,6,2
105400053_500027|1|00000006:/crypto-sportsbook|06-26~1,1,1,1,0 06-24~5,2,2,1,0 06-23~3,0,0,0,0 all~6,3,3,2,0
105400053_500301|1|00000006:/bonuses|06-30~1,0,0,0,0 07-13~1,0,0,0,0 06-24~11,2,2,1,0 06-25~4,1,1,0,0 all~6,4,4,3,0
105400053_500317|4|00000001:/no/crypto-casino 00000002:/fr/crypto-casino 00000003:/es/crypto-casino 00000284:/crypto-casino|08-13~12,5,1,0,0 07-20~35,27,14,5,3 08-06~16,11,7,4,0 08-08~17,8,3,1,0 07-22~10,7,3,1,0 07-23~26,19,15,4,0 07-29~11,8,3,1,0 08-23~1,1,0,0,0 07-16~3,1,0,0,0 06-29~1,0,0,0,0 08-17~1,0,0,0,0 08-28~8,6,6,1,0 07-25~21,13,5,1,0 08-05~8,6,5,0,0 07-15~6,3,1,0,0 07-21~27,13,6,0,0 06-26~23,17,9,4,0 08-18~1,1,1,1,0 08-21~2,1,1,0,0 08-04~18,10,5,2,0 08-20~1,0,0,0,0 07-13~13,12,3,0,0 08-27~4,2,2,0,0 08-26~11,5,2,0,0 08-14~1,1,1,0,0 07-19~1,1,0,0,0 08-25~5,2,1,0,0 08-11~2,0,0,0,0 07-30~6,3,1,0,0 08-07~19,10,5,3,1 08-10~2,2,1,0,0 07-24~8,3,3,1,0 07-14~1,1,0,0,0 08-02~1,0,0,0,0 07-31~8,5,3,1,0 07-28~6,1,0,0,0 08-03~31,22,12,2,0 08-24~5,5,2,1,0 08-09~5,3,3,1,0 08-29~1,0,0,0,0 07-26~3,2,0,0,0 08-19~4,1,0,0,0 06-27~11,4,2,0,0 08-16~1,0,0,0,0 06-28~1,0,0,0,0 08-01~8,2,0,0,0 06-24~3,3,1,0,0 08-12~5,1,0,0,0 08-15~2,0,0,0,0 all~290,201,117,56,10
105400053_500442|6|00000001:/no/crypto-casino 00000001:/pt/crypto-casino 00000002:/fr/crypto-casino 00000002:/ja/crypto-casino 00000003:/de/crypto-casino 00000103:/crypto-casino|07-04~1,0,0,0,0 06-26~37,22,15,2,0 06-27~25,17,10,1,0 07-03~1,1,1,0,0 06-25~90,56,26,1,0 all~112,88,52,7,0
105400053_500450|1|00000017:/crypto-casino|07-06~1,1,0,0,0 06-25~1,1,1,0,0 07-01~2,1,1,0,0 06-29~1,1,1,1,0 07-02~1,1,0,0,0 06-30~15,10,4,0,0 all~17,14,6,2,0
105400053_500667|1|00000019:/crypto-casino|06-27~4,3,1,0,0 07-22~1,0,0,0,0 07-01~4,1,0,0,0 07-15~10,3,2,0,0 07-16~1,0,0,0,0 all~19,8,5,1,0
105400053_500786|3|00000001:/pt/blog 00000002:/de/blog 00000033:/blog|07-06~2,0,0,0,0 07-03~3,1,0,0,0 07-02~2,0,0,0,0 08-18~1,0,0,0,0 07-01~3,0,0,0,0 07-10~1,0,0,0,0 07-05~2,1,1,0,0 07-09~1,0,0,0,0 07-11~2,0,0,0,0 08-01~2,0,0,0,0 06-30~25,1,1,1,1 08-02~1,0,0,0,0 06-29~35,2,1,1,0 07-08~1,1,0,0,0 all~36,6,3,3,0
105400053_500818|4|00000001:/ja/crypto-casino 00000002:/de/crypto-casino 00000004:/es/crypto-casino 00000071:/crypto-casino|07-06~1,0,0,0,0 07-13~1,0,0,0,0 06-30~6,2,1,0,0 07-02~29,18,7,3,0 06-29~6,5,0,0,0 08-12~1,0,0,0,0 07-11~3,3,1,0,0 07-08~14,8,4,1,0 07-01~21,13,3,0,0 07-04~5,2,1,0,0 08-14~1,0,0,0,0 08-13~1,0,0,0,0 08-23~1,0,0,0,0 07-03~7,5,1,0,0 07-07~1,1,1,0,0 all~78,52,18,5,1
105400053_501391|4|00000001:/ja/blog 00000001:/pt/blog 00000002:/es/blog 00000005:/blog|07-06~22,3,1,1,0 07-07~8,0,0,0,0 07-09~2,2,1,0,0 07-08~2,0,0,0,0 all~9,4,3,3,0
105400053_502263|3|00000001:/de/crypto-casino 00000001:/es/crypto-casino 00000043:/crypto-casino|all~45,25,14,3,0 07-15~14,6,3,0,0 07-13~28,14,3,1,0 07-16~8,5,4,0,0 07-14~14,4,2,1,0 07-17~3,2,1,0,0
105400053_502463|3|00000002:/de/150-BONUS-UP-TO-2000-EUR-50-Free-Spins 00000004:/fr/150-BONUS-UP-TO-2000-EUR-50-Free-Spins 00000145:/150-BONUS-UP-TO-2000-EUR-50-Free-Spins|08-05~1,0,0,0,0 07-30~8,7,1,0,0 08-28~1,0,0,0,0 07-16~7,7,3,0,0 07-15~7,6,3,0,0 08-19~1,0,0,0,0 08-02~21,20,12,3,0 07-31~50,44,24,4,0 07-21~12,11,4,3,0 08-27~1,0,0,0,0 07-24~15,13,5,5,0 08-01~12,10,5,1,0 07-14~3,3,1,0,0 07-26~5,3,2,1,0 07-23~4,2,1,1,0 07-27~9,6,4,1,0 07-20~49,42,16,11,0 08-24~1,0,0,0,0 07-22~8,6,3,2,0 07-29~2,1,0,0,0 07-25~13,7,3,1,0 07-28~2,1,0,0,0 08-13~2,2,0,0,0 08-03~4,4,2,0,0 07-17~2,2,1,0,0 all~151,138,77,41,6
105400053_502806|9|00000001:/tr/crypto-casino 00000002:/ja/crypto-casino 00000003:/it/crypto-casino 00000003:/no/crypto-casino 00000005:/fr/crypto-casino 00000006:/es/crypto-casino 00000016:/de/crypto-casino 00000171:/crypto-casino|07-16~128,58,30,9,0 07-18~12,5,3,1,0 07-23~2,0,0,0,0 08-06~2,0,0,0,0 07-24~3,2,2,0,0 08-05~1,0,0,0,0 07-31~1,0,0,0,0 07-30~1,0,0,0,0 07-26~2,0,0,0,0 07-27~1,0,0,0,0 08-03~2,0,0,0,0 07-25~3,1,1,1,0 07-22~5,4,3,1,0 07-17~84,55,38,14,0 08-04~1,0,0,0,0 07-29~2,1,1,1,0 07-19~11,8,3,1,0 08-02~1,0,0,0,0 08-07~2,0,0,0,0 08-28~1,0,0,0,0 07-21~6,3,2,1,0 07-20~5,4,4,0,0 all~208,138,92,36,3
105400053_502897|3|00000002:/de/blog 00000002:/es/blog 00000013:/blog|all~17,4,4,4,2 08-02~2,0,0,0,0 07-17~56,1,0,0,0 07-24~1,0,0,0,0 07-20~2,0,0,0,0 07-18~1,0,0,0,0 08-10~1,1,1,0,0 07-21~4,0,0,0,0 07-23~1,0,0,0,0 07-19~1,0,0,0,0
105400053_502900|4|00000011:/es/blog 00000021:/ja/blog 00000026:/tr/blog 00000807:/blog|07-19~128,0,0,0,0 08-06~5,0,0,0,0 08-29~1,0,0,0,0 08-07~2,0,0,0,0 07-22~136,0,0,0,0 07-28~1,0,0,0,0 07-30~2,0,0,0,0 07-17~56,5,3,1,0 08-02~5,0,0,0,0 07-21~118,0,0,0,0 07-23~284,0,0,0,0 07-24~33,0,0,0,0 08-05~2,0,0,0,0 07-20~53,0,0,0,0 07-25~1,0,0,0,0 08-12~1,0,0,0,0 07-18~56,0,0,0,0 all~865,6,4,2,2
105400053_502976|6|00000001:/de/crypto-casino 00000001:/es/crypto-casino 00000001:/no/crypto-casino 00000001:/pt/crypto-casino 00000002:/fr/crypto-casino 00000061:/crypto-casino|07-19~24,12,5,3,2 08-21~1,0,0,0,0 07-18~15,8,5,0,0 07-25~2,0,0,0,0 07-17~44,17,4,2,1 07-23~1,0,0,0,0 07-20~1,0,0,0,0 all~67,33,14,5,3
105400053_503064|2|00000001:/de/promotions/world-cup-finals-special 00000042:/promotions/world-cup-finals-special|07-20~1,0,0,0,0 07-19~7,4,1,0,0 07-17~1,1,1,0,0 07-18~39,12,9,1,0 all~43,18,11,1,0
105400053_503431|3|00000003:/de/promotions/monthly-bonus 00000004:/pt/promotions/monthly-bonus 00000048:/promotions/monthly-bonus|08-05~1,0,0,0,0 08-07~2,0,0,0,0 07-21~12,3,2,0,0 07-23~2,1,1,0,0 07-22~2,1,1,1,0 08-09~1,0,0,0,0 07-29~1,0,0,0,0 08-20~4,1,0,0,0 08-17~3,3,2,1,0 08-14~3,1,1,0,0 08-08~1,0,0,0,0 07-24~4,0,0,0,0 08-19~2,1,0,0,0 08-21~1,1,0,0,0 08-18~5,0,0,0,0 08-02~3,1,0,0,0 07-27~1,0,0,0,0 07-25~1,0,0,0,0 08-06~2,2,1,1,0 08-22~2,1,1,0,0 08-15~2,0,0,0,0 08-12~3,1,1,0,0 08-13~4,3,1,0,0 07-28~1,0,0,0,0 08-23~2,1,0,0,0 08-24~2,0,0,0,0 08-16~5,5,3,1,0 all~55,23,15,5,1
105400053_503435|3|00000001:/de/promotions/monthly-bonus 00000002:/es/promotions/monthly-bonus 00000009:/promotions/monthly-bonus|07-23~5,1,1,0,0 07-24~3,0,0,0,0 07-27~1,0,0,0,0 07-21~11,1,0,0,0 08-11~1,1,1,0,0 07-28~1,0,0,0,0 08-09~1,0,0,0,0 07-30~1,0,0,0,0 07-25~6,1,0,0,0 07-22~6,0,0,0,0 07-26~2,1,1,1,0 all~12,6,4,2,1
105400053_503784|2|00000001:/ja/crypto-casino 00000004:/crypto-casino|07-24~6,2,1,1,0 07-26~1,0,0,0,0 08-02~1,0,0,0,0 07-30~2,0,0,0,0 07-25~3,0,0,0,0 07-31~1,0,0,0,0 08-04~1,0,0,0,0 all~5,3,3,2,2
105400053_506119|1|00000016:/promotions/ufc-330-cashback|08-16~1,0,0,0,0 08-15~14,4,4,1,0 08-14~3,1,1,0,0 all~16,5,5,1,0
105400053_506316|6|00000001:/de/blog 00000001:/es/blog 00000001:/ja/blog 00000001:/tr/blog 00000002:/hi/blog 00000024:/blog|08-17~32,0,0,0,0 08-24~1,0,0,0,0 08-19~4,0,0,0,0 08-18~6,0,0,0,0 08-20~1,0,0,0,0 all~30,3,3,2,1
105400053_507085|3|00000002:/hi/crypto-casino 00000002:/ja/crypto-casino 00000043:/crypto-casino|08-28~15,4,4,0,0 08-27~44,16,12,2,0 08-25~1,1,1,0,0 08-26~2,2,0,0,0 08-29~2,0,0,0,0 all~47,16,11,2,0
105400053_507088|3|00000001:/pt/crypto-casino 00000002:/de/crypto-casino 00000016:/crypto-casino|08-25~3,3,3,2,2 all~19,10,6,4,4 08-26~7,2,2,2,2 08-28~1,1,1,0,0 08-27~8,4,0,0,0
105434351_493288|6|00000001:/de/special-bonus/up-to-200 00000001:/fr/special-bonus/up-to-200 00000001:/pt/special-bonus/up-to-200 00000003:/ja/special-bonus/up-to-200 00000006:/special-bonus/up-to-200 00000142:/es/special-bonus/up-to-200|05-27~2,1,0,0,0 06-13~1,1,0,0,0 06-02~1,1,1,1,0 05-18~13,7,7,6,1 06-10~1,1,0,0,0 all~154,151,85,70,49 05-10~28,26,0,0,0 05-17~13,10,6,2,2 05-09~10,10,0,0,0 05-15~21,18,14,11,8 05-07~2,2,0,0,0 05-20~1,0,0,0,0 05-12~29,24,0,0,0 05-16~64,59,45,32,16 05-19~3,1,0,0,0 07-21~1,0,0,0,0 05-11~4,2,0,0,0 05-08~1,1,0,0,0 05-31~1,1,0,0,0 05-13~3,1,0,0,0 06-21~1,1,0,0,0 05-29~2,2,0,0,0 05-06~1,1,0,0,0
105471191_493857|5|00000001:/de/special-bonus/up-to-200 00000001:/es/special-bonus/up-to-200 00000001:/hi/special-bonus/up-to-200 00000003:/fr/special-bonus/up-to-200 00000023:/special-bonus/up-to-200|05-13~1,1,0,0,0 05-12~4,2,0,0,0 05-14~1,1,1,1,0 05-10~19,19,0,0,0 05-08~3,3,0,0,0 05-11~5,5,0,0,0 all~29,29,3,1,0
105472725_493908|3|00000001:/es/special-bonus/up-to-200 00000003:/pt/special-bonus/up-to-200 00000055:/special-bonus/up-to-200|05-18~3,1,0,0,0 05-15~2,0,0,0,0 05-09~1,1,0,0,0 06-03~1,1,1,1,1 05-31~1,0,0,0,0 05-24~3,2,0,0,0 05-13~8,5,3,2,0 06-01~1,0,0,0,0 05-29~1,0,0,0,0 06-02~1,1,1,1,0 07-01~1,1,0,0,0 06-05~1,1,0,0,0 05-25~1,0,0,0,0 05-23~1,0,0,0,0 05-14~6,3,2,1,0 05-26~2,1,1,0,0 05-08~3,3,0,0,0 05-11~24,24,0,0,0 05-28~3,3,2,2,0 06-06~1,1,0,0,0 05-16~1,0,0,0,0 05-17~3,3,3,2,0 05-27~1,0,0,0,0 05-19~6,5,3,3,0 05-21~4,2,0,0,0 05-20~4,2,2,2,1 05-12~13,13,0,0,0 05-22~3,1,1,1,1 all~59,59,19,16,4
105472725_497399|3|00000001:/es/150-BONUS-UP-TO-2000-EUR-50-Free-Spins 00000003:/fr/150-BONUS-UP-TO-2000-EUR-50-Free-Spins 00000053:/150-BONUS-UP-TO-2000-EUR-50-Free-Spins|06-05~1,1,1,1,0 07-12~1,0,0,0,0 07-14~1,1,1,1,0 06-25~3,1,0,0,0 06-06~2,2,2,1,1 06-10~3,3,2,1,0 07-06~1,1,0,0,0 06-09~5,5,2,2,1 07-05~1,0,0,0,0 06-11~1,1,0,0,0 07-08~4,3,0,0,0 07-11~1,1,0,0,0 06-21~1,1,1,0,0 06-04~13,8,4,2,0 06-15~1,1,0,0,0 06-19~1,0,0,0,0 06-08~5,3,1,0,0 07-01~1,1,1,1,0 08-19~1,1,0,0,0 06-13~1,1,0,0,0 07-10~4,4,1,0,0 06-03~15,12,6,4,1 07-04~1,1,0,0,0 07-02~1,0,0,0,0 06-07~1,1,0,0,0 06-17~2,0,0,0,0 06-14~1,0,0,0,0 06-30~1,1,1,1,0 06-20~1,1,1,0,0 06-24~2,2,1,0,0 all~57,51,26,16,5
105474798_493973|9|00000001:/ja/crypto-sportsbook 00000001:/ko/crypto-sportsbook 00000002:/no/crypto-sportsbook 00000003:/pt/crypto-sportsbook 00000006:/de/crypto-sportsbook 00000007:/es/crypto-sportsbook 00000008:/fr/crypto-sportsbook 00000086:/crypto-sportsbook|06-12~1,0,0,0,0 06-26~2,0,0,0,0 06-20~1,0,0,0,0 05-25~3,1,0,0,0 05-28~4,2,1,1,0 07-06~1,0,0,0,0 05-22~9,3,2,1,0 06-10~2,0,0,0,0 06-05~8,1,1,1,1 05-20~12,0,0,0,0 05-21~9,1,1,0,0 05-31~3,1,1,1,0 05-30~6,2,2,1,0 05-16~1,0,0,0,0 06-15~1,0,0,0,0 06-08~2,0,0,0,0 05-23~3,1,1,0,0 05-24~10,4,2,1,0 05-18~11,1,0,0,0 06-04~3,2,2,2,0 06-27~1,0,0,0,0 07-02~1,0,0,0,0 06-02~1,1,1,0,0 06-13~1,0,0,0,0 05-15~4,1,0,0,0 07-03~1,0,0,0,0 08-24~1,0,0,0,0 06-07~6,2,1,1,0 06-29~2,0,0,0,0 06-24~1,0,0,0,0 06-30~1,0,0,0,0 07-08~1,0,0,0,0 06-09~5,1,0,0,0 05-27~1,0,0,0,0 06-14~1,0,0,0,0 06-06~3,0,0,0,0 05-26~9,3,1,1,0 05-19~2,0,0,0,0 06-01~10,2,2,1,0 07-04~1,0,0,0,0 06-11~1,0,0,0,0 06-03~4,0,0,0,0 all~115,28,19,13,1
105546111_494708|3|00000001:/de/special-bonus/up-to-200 00000004:/special-bonus/up-to-200 00000030:/pt/special-bonus/up-to-200|05-27~2,1,0,0,0 05-15~1,1,1,0,0 06-18~1,0,0,0,0 06-01~1,0,0,0,0 05-29~1,1,0,0,0 05-20~5,4,4,4,4 05-25~8,4,4,4,3 07-11~1,1,0,0,0 05-26~11,8,4,2,1 06-17~1,0,0,0,0 05-19~1,1,1,1,1 05-31~2,1,1,1,1 07-12~1,1,0,0,0 08-04~1,1,0,0,0 all~35,31,24,20,17 05-23~1,0,0,0,0 06-11~1,1,0,0,0 06-16~1,0,0,0,0 06-23~1,1,0,0,0 06-03~1,0,0,0,0 05-18~3,2,1,1,1 05-14~3,3,2,0,0 06-09~2,2,0,0,0 06-02~1,1,0,0,0 06-15~1,0,0,0,0 05-21~2,2,2,1,1 06-26~1,1,0,0,0 05-22~5,4,3,3,3
105546155_494711|2|00000001:/de/special-bonus/up-to-200 00000051:/special-bonus/up-to-200|05-14~1,1,1,0,0 05-24~1,0,0,0,0 05-26~9,7,6,4,2 05-19~5,5,3,3,2 05-22~2,1,1,1,0 05-21~20,17,12,6,2 05-27~1,0,0,0,0 05-18~23,23,18,14,6 all~52,52,41,35,24
105574795_494832|3|00000002:/crypto-casino 00000002:/pt/crypto-casino 00000003:/es/crypto-casino|05-15~7,7,4,0,0 all~7,7,4,0,0
105574795_498152|5|00000001:/tr/sport-promocode 00000004:/fr/sport-promocode 00000023:/de/sport-promocode 00000036:/es/sport-promocode 00000146:/sport-promocode|07-13~3,3,1,0,0 07-02~1,1,1,1,0 08-05~1,1,0,0,0 06-15~9,8,1,0,0 08-13~3,3,0,0,0 06-27~6,6,0,0,0 08-19~1,1,1,0,0 08-22~1,1,0,0,0 07-26~3,3,1,0,0 08-23~2,2,1,0,0 07-12~2,2,0,0,0 08-07~4,4,0,0,0 07-10~1,1,0,0,0 08-25~1,1,0,0,0 06-12~6,6,0,0,0 07-06~5,5,3,1,0 08-29~1,1,0,0,0 06-17~2,2,0,0,0 08-04~4,3,0,0,0 07-31~3,2,0,0,0 08-24~1,1,0,0,0 07-18~4,3,1,1,0 06-14~4,3,0,0,0 07-19~2,2,0,0,0 08-03~7,4,0,0,0 08-15~1,1,0,0,0 07-09~1,1,0,0,0 06-22~3,3,2,0,0 07-03~5,4,0,0,0 07-08~1,1,0,0,0 06-09~2,2,1,1,0 06-23~2,2,0,0,0 08-10~1,1,1,1,0 06-18~5,5,0,0,0 08-02~12,12,0,0,0 06-11~13,13,0,0,0 07-11~3,3,1,0,0 06-20~1,1,0,0,0 07-20~3,3,0,0,0 07-05~5,4,0,0,0 07-29~1,1,0,0,0 07-24~1,1,0,0,0 06-25~3,3,0,0,0 06-24~6,5,1,1,0 06-16~5,5,1,0,0 08-28~3,3,0,0,0 07-17~4,4,0,0,0 06-21~2,2,0,0,0 08-06~3,3,0,0,0 08-14~2,2,0,0,0 08-18~2,2,0,0,0 07-27~1,1,0,0,0 07-22~1,1,0,0,0 07-07~2,2,1,1,0 06-29~4,4,0,0,0 08-08~1,1,1,1,0 06-19~4,3,0,0,0 08-27~1,1,0,0,0 07-16~5,4,2,1,0 06-28~5,5,0,0,0 07-04~3,0,0,0,0 07-01~2,2,0,0,0 08-01~5,4,0,0,0 08-11~1,1,0,0,0 07-30~2,2,0,0,0 06-13~4,4,0,0,0 08-20~2,2,0,0,0 07-21~5,5,0,0,0 06-10~8,8,1,0,0 07-15~2,2,0,0,0 all~210,195,21,9,0
105658066_505184|1|00000004:/crypto-casino|08-10~1,1,1,0,0 08-06~2,0,0,0,0 08-07~3,2,1,0,0 all~4,4,3,1,1
105661272_497658|7|00000001:/de/sport-promocode 00000001:/es/sport-promocode 00000001:/fr/sport-promocode 00000001:/ko/sport-promocode 00000001:/no/sport-promocode 00000001:/pt/sport-promocode 00000053:/sport-promocode|06-12~2,2,2,2,1 08-16~2,2,0,0,0 06-19~1,1,0,0,0 07-17~1,1,1,0,0 06-11~7,6,4,3,2 06-08~3,3,3,0,0 07-12~2,2,1,0,0 08-22~1,0,0,0,0 06-13~1,1,1,0,0 07-18~2,2,0,0,0 08-17~2,2,1,1,0 08-04~1,1,0,0,0 06-09~2,2,1,1,0 06-24~1,1,1,0,0 08-28~1,1,0,0,0 08-01~1,1,0,0,0 06-26~1,1,1,1,1 08-21~3,3,2,2,0 06-17~9,9,1,0,0 06-18~7,4,3,1,0 06-15~2,2,0,0,0 08-02~1,1,0,0,0 07-14~4,3,1,1,0 07-15~5,5,1,0,0 06-10~1,1,0,0,0 07-25~1,1,1,0,0 07-28~1,1,0,0,0 07-23~1,1,0,0,0 07-22~2,2,0,0,0 07-20~2,2,0,0,0 all~59,57,25,13,4
105675843_495694|4|00000001:/fr/crypto-casino 00000001:/pt/crypto-casino 00000001:/tr/crypto-casino 00000020:/crypto-casino|07-26~1,0,0,0,0 05-24~1,0,0,0,0 06-12~1,0,0,0,0 08-04~1,0,0,0,0 07-28~1,0,0,0,0 06-11~1,0,0,0,0 08-20~1,1,0,0,0 05-22~2,1,0,0,0 08-03~1,0,0,0,0 07-31~1,1,1,0,0 08-01~1,0,0,0,0 06-16~1,0,0,0,0 08-18~1,0,0,0,0 07-17~1,1,0,0,0 07-27~1,1,1,1,0 06-09~1,0,0,0,0 06-02~2,2,0,0,0 07-02~1,0,0,0,0 06-28~1,1,0,0,0 07-07~1,0,0,0,0 07-29~2,1,0,0,0 05-21~1,1,1,0,0 06-04~1,1,0,0,0 06-10~1,0,0,0,0 all~23,9,4,1,0
105761479_496175|3|00000002:/crypto-casino 00000002:/de/crypto-casino 00000007:/pt/crypto-casino|05-30~1,1,0,0,0 05-27~4,4,1,1,1 05-31~1,1,0,0,0 05-25~1,1,1,1,0 05-28~4,4,1,1,1 05-26~3,2,2,1,1 05-29~6,6,2,1,1 all~11,10,7,6,5
105761479_496176|3|00000001:/crypto-casino 00000001:/pt/crypto-casino 00000005:/de/crypto-casino|05-28~3,2,2,2,2 05-27~5,2,2,2,2 05-25~2,2,2,2,2 all~7,6,6,6,6
105761479_496177|1|00000008:/de/crypto-casino|05-25~1,1,1,0,0 05-29~1,0,0,0,0 05-27~2,2,2,1,1 05-26~1,1,1,1,1 05-28~4,4,4,4,4 all~8,8,8,8,8
105763050_496672|7|00000001:/fr 00000001:/tr 00000002:/pt 00000004:/ko 00000006:/es 00000017:/de 00000516:/|08-26~4,1,1,1,0 06-18~10,8,6,3,0 06-15~20,14,8,3,0 06-21~9,3,0,0,0 08-03~6,2,1,0,0 07-15~6,3,2,1,0 06-27~10,7,1,1,0 08-19~5,2,1,1,1 06-25~12,12,6,3,0 07-01~3,1,0,0,0 08-11~8,6,2,1,0 08-22~9,6,5,3,0 07-16~5,3,1,1,0 08-20~8,7,2,1,0 07-19~10,8,6,4,0 08-15~6,3,1,1,0 07-25~2,1,0,0,0 08-29~7,2,0,0,0 06-17~7,6,2,1,0 06-28~6,5,1,0,0 08-16~5,4,3,2,0 07-23~9,5,4,3,0 06-02~1,1,0,0,0 07-29~11,7,3,2,0 08-08~2,1,0,0,0 07-22~4,3,2,0,0 08-14~7,5,4,2,0 08-06~13,9,6,5,0 08-05~9,7,5,2,0 07-09~9,7,6,3,0 06-22~4,2,1,1,0 07-12~8,7,1,0,0 06-12~10,7,4,0,0 08-21~8,4,3,2,0 07-06~7,5,0,0,0 08-02~12,6,3,2,0 07-11~6,4,2,1,0 08-24~11,6,4,2,0 07-26~2,1,1,0,0 07-21~11,6,2,0,0 06-10~11,9,2,1,0 06-03~5,4,1,0,0 08-13~8,6,3,0,0 07-28~10,6,3,0,0 08-04~3,3,1,0,0 08-17~6,5,5,1,0 06-29~4,1,0,0,0 06-20~6,5,4,1,0 07-02~5,2,2,1,0 07-05~5,4,1,0,0 08-18~9,6,2,1,0 06-26~12,7,3,2,0 06-05~11,8,2,0,0 06-08~6,4,2,1,0 06-14~10,8,6,4,0 07-14~3,2,0,0,0 07-04~5,3,2,2,0 08-23~6,5,1,0,0 06-24~4,2,1,1,0 06-19~7,6,4,4,1 08-27~8,4,0,0,0 07-20~2,2,1,0,0 07-08~6,3,0,0,0 08-10~5,4,1,0,0 06-23~15,11,6,4,0 07-30~5,5,4,3,0 06-09~5,2,1,1,0 08-09~8,4,2,0,0 07-31~2,2,2,1,0 07-18~7,4,3,1,1 08-25~6,5,2,1,0 06-30~7,5,1,1,0 06-11~4,4,3,0,0 06-13~4,3,2,1,0 07-10~5,4,2,1,0 08-01~4,3,1,1,0 08-12~2,2,2,1,0 07-24~6,4,2,1,0 07-27~2,1,1,1,0 06-07~7,5,4,3,0 06-06~8,5,4,3,0 07-03~4,1,1,1,0 07-13~4,3,2,1,0 06-16~8,7,1,0,0 08-28~10,7,2,2,0 07-07~10,8,2,2,0 07-17~5,3,1,0,0 08-07~6,2,1,1,0 06-04~9,6,3,2,0 all~547,382,201,111,4
105798291_496525|5|00000001:/tr/crypto-casino 00000003:/de/crypto-casino 00000003:/fr/crypto-casino 00000004:/pt/crypto-casino 00000019:/crypto-casino|06-11~2,2,1,0,0 08-09~1,1,1,1,0 06-15~1,1,0,0,0 06-17~1,1,0,0,0 06-22~2,0,0,0,0 06-06~2,1,0,0,0 07-17~1,1,0,0,0 06-03~2,1,0,0,0 06-13~1,0,0,0,0 07-23~1,0,0,0,0 05-27~1,1,1,0,0 08-27~1,1,0,0,0 06-24~2,1,0,0,0 06-20~1,1,0,0,0 07-26~1,1,0,0,0 08-05~1,1,0,0,0 07-30~1,1,1,0,0 08-19~3,2,0,0,0 07-06~1,1,0,0,0 06-12~1,0,0,0,0 08-07~1,0,0,0,0 08-06~1,1,0,0,0 06-18~1,1,0,0,0 06-08~7,4,3,1,0 06-05~2,2,0,0,0 07-19~1,1,0,0,0 08-21~1,1,0,0,0 all~30,21,6,3,0
105815643_496643|8|00000001:/fr/crypto-casino 00000001:/pt/crypto-casino 00000001:/tr/crypto-casino 00000002:/el/crypto-casino 00000002:/ja/crypto-casino 00000003:/de/crypto-casino 00000004:/es/crypto-casino 00000024:/crypto-casino|07-22~1,1,0,0,0 06-16~1,0,0,0,0 08-28~2,2,0,0,0 07-26~1,0,0,0,0 06-02~1,1,0,0,0 06-26~1,0,0,0,0 06-21~1,0,0,0,0 07-21~2,2,0,0,0 06-11~1,1,0,0,0 06-05~1,1,0,0,0 06-12~1,1,1,0,0 06-22~1,1,0,0,0 08-17~2,1,0,0,0 07-13~1,0,0,0,0 06-03~4,4,1,1,0 06-08~1,0,0,0,0 08-26~1,1,0,0,0 06-18~1,0,0,0,0 06-01~1,1,0,0,0 06-06~2,2,2,2,2 07-17~1,1,1,0,0 07-31~1,1,0,0,0 06-17~1,0,0,0,0 07-03~1,1,0,0,0 08-20~1,1,0,0,0 08-25~2,2,1,0,0 06-27~1,0,0,0,0 07-08~1,0,0,0,0 07-05~1,1,0,0,0 06-10~2,2,0,0,0 06-04~2,1,0,0,0 07-07~2,0,0,0,0 all~38,26,6,3,2
105833794_496803|1|00000012:/provider-exclusive-offer|06-01~5,3,1,1,0 05-29~11,10,9,1,0 all~12,11,9,1,0
105834233_497110|1|00000039:/|06-22~1,1,0,0,0 06-07~1,1,0,0,0 06-02~28,7,5,5,3 06-05~1,1,1,1,1 06-01~1,1,1,0,0 06-04~1,0,0,0,0 06-03~11,7,1,1,0 all~39,16,8,7,4
105894784_497318|1|00000039:/crypto-casino|08-04~1,0,0,0,0 06-14~3,1,1,1,0 06-24~1,1,0,0,0 06-10~2,2,2,2,1 07-13~1,0,0,0,0 06-25~1,0,0,0,0 06-18~1,0,0,0,0 08-26~1,1,1,1,0 07-18~1,0,0,0,0 06-26~1,1,1,1,0 06-20~2,0,0,0,0 06-21~1,1,1,1,0 06-07~1,1,0,0,0 06-13~1,0,0,0,0 06-22~3,1,1,1,0 06-16~4,3,3,3,0 07-31~1,0,0,0,0 07-09~1,0,0,0,0 06-09~3,1,0,0,0 06-17~1,0,0,0,0 06-05~1,1,0,0,0 07-11~1,1,1,1,0 07-03~1,0,0,0,0 06-23~1,1,1,1,0 07-26~1,1,1,0,0 07-01~1,0,0,0,0 06-11~5,3,3,2,1 07-06~1,0,0,0,0 06-19~2,0,0,0,0 06-08~5,3,3,3,0 06-15~1,1,1,1,0 06-12~9,6,5,5,1 all~39,28,25,23,4
105896019_497277|2|00000011:/es/150-BONUS-UP-TO-2000-EUR-50-Free-Spins 00000012:/150-BONUS-UP-TO-2000-EUR-50-Free-Spins|06-03~4,4,4,4,4 06-04~8,8,7,7,7 06-02~1,1,1,0,0 06-07~9,9,8,8,8 06-05~3,3,3,3,3 all~23,23,23,22,22
105928799_498162|1|00000009:/|07-25~1,1,1,1,0 08-14~1,0,0,0,0 07-01~1,0,0,0,0 06-28~1,0,0,0,0 06-09~1,1,1,0,0 07-14~1,1,1,1,0 07-16~2,1,0,0,0 06-11~2,2,1,0,0 all~9,6,4,2,1
105928799_498163|1|00000022:/|07-07~1,1,0,0,0 08-07~1,1,0,0,0 06-26~2,0,0,0,0 06-27~1,0,0,0,0 06-09~1,1,1,0,0 07-09~1,0,0,0,0 all~22,13,4,3,1 06-25~6,4,0,0,0 07-22~2,2,1,1,0 06-28~1,0,0,0,0 07-08~1,1,0,0,0 07-23~1,0,0,0,0 07-02~1,1,0,0,0 07-20~1,1,0,0,0 08-26~1,0,0,0,0 07-01~1,1,1,1,0 07-28~1,0,0,0,0
105928990_497460|2|00000003:/150-BONUS-UP-TO-2000-EUR-50-Free-Spins 00000021:/es/150-BONUS-UP-TO-2000-EUR-50-Free-Spins|07-22~1,1,0,0,0 06-04~9,9,5,2,1 06-09~4,2,2,1,0 06-03~1,1,1,0,0 06-16~1,1,0,0,0 06-10~5,2,0,0,0 06-23~1,1,0,0,0 06-08~9,6,3,1,0 06-05~6,3,2,0,0 06-06~1,0,0,0,0 06-29~1,1,0,0,0 08-17~2,1,0,0,0 all~24,22,14,8,3
105931793_497478|1|00000005:/|06-03~3,3,2,0,0 06-04~2,1,0,0,0 all~5,5,3,1,1
105931793_500846|4|00000001:/ja/casino-promocode 00000002:/de/casino-promocode 00000003:/es/casino-promocode 00000019:/casino-promocode|07-03~1,0,0,0,0 07-05~2,1,0,0,0 07-07~2,1,0,0,0 08-21~1,0,0,0,0 07-11~2,1,0,0,0 08-05~2,1,1,1,0 07-20~1,0,0,0,0 08-16~1,0,0,0,0 08-26~1,0,0,0,0 08-24~1,0,0,0,0 08-15~1,1,1,0,0 08-06~1,0,0,0,0 06-30~2,1,1,0,0 07-30~2,1,0,0,0 08-11~1,1,0,0,0 07-28~2,1,0,0,0 07-18~1,0,0,0,0 07-02~2,1,0,0,0 08-17~1,0,0,0,0 08-07~1,0,0,0,0 08-12~1,0,0,0,0 08-27~1,1,0,0,0 08-19~2,1,0,0,0 07-04~3,3,1,0,0 07-27~1,0,0,0,0 07-10~1,1,0,0,0 08-20~1,0,0,0,0 08-08~2,1,1,0,0 07-06~3,2,1,0,0 07-22~1,0,0,0,0 08-14~4,2,0,0,0 07-01~14,11,2,0,0 08-01~3,2,1,0,0 07-15~1,0,0,0,0 08-13~1,1,1,0,0 07-13~2,2,0,0,0 07-31~1,1,0,0,0 07-23~1,1,0,0,0 07-16~1,0,0,0,0 all~25,24,9,5,1
105932402_497515|2|00000009:/es/150-BONUS-UP-TO-2000-EUR-50-Free-Spins 00000010:/150-BONUS-UP-TO-2000-EUR-50-Free-Spins|06-08~11,11,11,11,11 06-04~1,1,1,0,0 06-07~6,6,6,6,6 06-06~1,1,1,1,1 all~19,19,19,18,18
105947394_497546|3|00000001:/ko/crypto-sportsbook 00000001:/tr/crypto-sportsbook 00000058:/crypto-sportsbook|07-03~1,0,0,0,0 06-20~5,2,2,2,0 06-05~1,0,0,0,0 06-22~1,1,1,1,0 06-23~2,1,0,0,0 08-17~3,2,0,0,0 06-29~1,1,1,1,0 06-16~4,2,0,0,0 08-28~1,0,0,0,0 06-07~2,0,0,0,0 08-24~2,0,0,0,0 06-15~5,2,1,1,0 06-21~2,1,1,1,0 06-04~1,0,0,0,0 07-09~1,0,0,0,0 06-13~1,1,1,1,0 07-19~1,0,0,0,0 06-19~2,1,1,1,0 08-27~1,1,0,0,0 06-08~1,0,0,0,0 08-23~1,0,0,0,0 06-30~2,0,0,0,0 06-24~1,0,0,0,0 06-14~3,0,0,0,0 06-28~2,0,0,0,0 06-11~1,0,0,0,0 07-17~1,0,0,0,0 08-18~4,1,1,1,0 06-26~1,0,0,0,0 06-09~2,0,0,0,0 06-12~3,1,1,1,0 06-17~4,3,2,2,0 06-18~1,0,0,0,0 08-01~1,0,0,0,0 06-27~1,0,0,0,0 06-10~3,0,0,0,0 all~60,17,12,12,0
105947394_497550|2|00000001:/es/world-cup-2026 00000010:/world-cup-2026|06-17~3,1,0,0,0 06-05~1,0,0,0,0 06-20~2,1,1,1,0 06-04~1,1,1,0,0 06-12~1,1,1,1,0 06-16~3,1,0,0,0 06-15~1,0,0,0,0 all~11,5,3,2,0
105947394_497552|2|00000004:/es/promotions/bracket-challenge 00000197:/promotions/bracket-challenge|06-16~8,4,3,1,0 06-21~13,5,4,1,0 06-15~11,5,4,1,0 06-09~1,0,0,0,0 06-18~7,1,1,0,0 all~201,79,68,31,0 06-29~8,2,2,1,0 06-17~12,6,5,3,0 06-26~6,2,2,1,0 06-20~12,6,5,3,0 06-12~13,4,2,2,0 06-22~16,5,4,2,0 06-25~11,5,4,3,0 06-13~19,4,4,2,0 06-24~9,2,2,1,0 06-19~9,4,3,2,0 06-28~12,2,2,0,0 06-10~2,1,1,0,0 06-11~9,3,3,1,0 07-11~1,1,1,0,0 06-14~11,5,4,2,0 06-04~1,1,1,0,0 06-23~12,6,5,2,0 06-27~8,4,4,0,0
105947394_499111|1|00000013:/sport-promocode|07-02~1,1,0,0,0 07-11~2,2,1,0,0 06-23~1,1,0,0,0 07-12~1,1,0,0,0 07-09~1,1,0,0,0 07-07~1,1,1,1,0 06-29~2,2,1,0,0 06-16~1,1,0,0,0 07-03~1,1,1,0,0 06-24~1,1,0,0,0 07-18~2,2,1,1,0 all~13,13,5,2,0
105965840_499027|1|00000006:/sport-promocode|06-17~1,1,0,0,0 06-16~4,4,3,2,0 06-15~1,1,0,0,0 06-23~1,1,1,1,1 all~6,6,4,3,1
106038685_498220|2|00000011:/150-BONUS-UP-TO-2000-EUR-50-Free-Spins 00000012:/es/150-BONUS-UP-TO-2000-EUR-50-Free-Spins|06-26~1,0,0,0,0 all~23,20,17,13,5 06-11~12,12,10,7,1 06-09~2,0,0,0,0 06-13~2,2,2,0,0 07-18~1,1,0,0,0 06-12~8,6,4,4,1 06-10~2,2,2,0,0
106054549_499145|4|00000001:/no/casino-promocode 00000001:/pt/casino-promocode 00000021:/casino-promocode 00000104:/de/casino-promocode|07-20~1,1,0,0,0 07-14~1,1,0,0,0 07-08~1,0,0,0,0 07-10~2,1,1,0,0 07-29~1,0,0,0,0 08-12~1,1,0,0,0 07-22~3,3,1,1,0 08-27~18,17,4,2,0 08-28~16,14,5,2,1 08-01~1,1,0,0,0 08-29~5,5,2,1,0 08-02~1,1,0,0,0 07-17~2,2,1,0,0 07-27~1,1,0,0,0 08-06~3,3,1,0,0 08-15~11,11,5,4,0 08-21~1,1,0,0,0 06-29~2,1,1,1,0 08-17~3,3,1,0,0 07-25~1,1,1,1,0 07-18~3,2,1,1,0 08-26~2,2,0,0,0 08-23~2,1,0,0,0 08-10~3,3,0,0,0 08-09~2,2,1,1,0 08-14~20,18,8,2,1 08-05~1,1,1,0,0 07-13~1,1,1,0,0 07-30~1,1,0,0,0 08-24~2,2,2,1,1 07-21~1,1,1,1,0 07-07~5,5,2,1,0 07-11~3,2,2,1,0 08-03~4,4,2,0,0 07-16~1,1,0,0,0 08-16~6,4,0,0,0 08-13~3,1,1,1,0 08-08~1,1,0,0,0 08-18~2,2,2,0,0 07-23~1,1,0,0,0 07-31~2,2,1,0,0 all~127,118,49,25,2
106057565_498539|3|00000001:/fr/150-BONUS-UP-TO-2000-EUR-50-Free-Spins 00000003:/pt/150-BONUS-UP-TO-2000-EUR-50-Free-Spins 00000032:/150-BONUS-UP-TO-2000-EUR-50-Free-Spins|06-16~5,5,2,0,0 06-14~4,4,0,0,0 06-19~1,1,1,1,0 06-13~2,2,1,0,0 06-21~2,1,1,1,0 06-18~1,1,0,0,0 06-11~8,7,4,2,0 06-17~4,3,2,1,0 06-25~2,2,0,0,0 06-15~4,3,2,1,0 06-12~7,7,2,0,0 06-20~2,2,1,1,0 06-27~1,1,0,0,0 all~36,35,16,7,0
106057702_498454|2|00000001:/crypto-casino 00000009:/es/crypto-casino|07-27~1,1,0,0,0 06-10~3,3,1,0,0 06-14~1,1,1,0,0 06-15~5,3,2,1,0 all~10,8,4,2,0
106094650_498811|2|00000038:/150-BONUS-UP-TO-2000-EUR-50-Free-Spins 00000067:/es/150-BONUS-UP-TO-2000-EUR-50-Free-Spins|06-22~5,3,1,1,1 06-21~9,4,2,2,2 07-01~1,1,0,0,0 06-15~20,11,5,3,0 06-17~17,8,4,3,0 06-16~16,10,8,5,3 07-10~1,1,0,0,0 06-13~63,57,55,35,8 06-20~16,9,7,4,3 06-18~10,4,1,1,1 06-14~16,10,7,6,2 06-19~10,7,2,1,1 all~105,95,83,74,52
106162973_499187|4|00000001:/de/casino-promocode 00000001:/no/casino-promocode 00000001:/pt/casino-promocode 00000022:/casino-promocode|06-20~2,2,1,1,1 all~25,25,11,2,1 06-29~1,1,0,0,0 06-25~5,4,1,1,0 06-23~2,2,1,0,0 06-18~9,9,3,0,0 07-07~1,1,0,0,0 06-26~4,4,1,0,0 06-22~2,2,1,0,0 06-27~1,1,1,0,0 07-19~1,1,0,0,0 06-16~2,2,2,0,0
106163691_499430|2|00000005:/ 00000021:/de|06-30~1,1,1,0,0 06-23~1,1,0,0,0 06-25~1,1,1,1,0 08-02~1,1,0,0,0 07-30~1,0,0,0,0 07-19~1,1,0,0,0 06-18~1,1,0,0,0 06-17~2,2,1,0,0 08-24~1,0,0,0,0 08-10~2,2,1,1,0 06-28~3,2,1,1,0 08-16~1,1,0,0,0 06-19~2,2,1,1,0 07-12~1,0,0,0,0 07-06~1,1,0,0,0 08-18~1,1,0,0,0 08-08~1,0,0,0,0 07-08~2,2,0,0,0 07-07~1,1,0,0,0 06-22~4,3,1,1,0 06-21~1,1,0,0,0 all~26,22,7,5,0
106168459_499364|3|00000006:/fr/150-BONUS-UP-TO-2000-EUR-50-Free-Spins 00000009:/150-BONUS-UP-TO-2000-EUR-50-Free-Spins 00000253:/de/150-BONUS-UP-TO-2000-EUR-50-Free-Spins|07-19~27,22,14,10,9 07-14~28,20,15,11,10 07-20~19,17,13,10,9 07-26~2,1,0,0,0 all~268,260,198,151,137 06-17~1,1,1,0,0 06-18~48,45,33,17,16 07-16~33,27,13,8,8 06-22~1,0,0,0,0 07-23~1,0,0,0,0 07-13~32,24,16,10,9 06-20~1,1,0,0,0 07-21~23,19,12,10,8 07-27~3,3,2,2,0 07-15~31,22,16,10,9 07-25~1,0,0,0,0 07-18~24,21,15,11,9 07-22~2,2,0,0,0 06-19~38,31,11,5,4 07-12~43,39,32,20,14 07-17~24,20,13,11,10
106201041_499646|2|00000002:/150-BONUS-UP-TO-2000-EUR-50-Free-Spins 00000008:/pt/150-BONUS-UP-TO-2000-EUR-50-Free-Spins|06-22~6,6,4,3,3 08-13~2,1,1,0,0 06-29~1,0,0,0,0 06-23~4,3,2,2,2 all~10,9,8,6,5
106202176_499680|1|00000004:/150-BONUS-UP-TO-2000-EUR-50-Free-Spins|06-20~1,0,0,0,0 06-24~1,1,1,0,0 06-19~2,2,2,1,0 07-16~1,1,0,0,0 all~4,4,4,2,0
106202321_500101|2|00000035:/es/150-BONUS-UP-TO-2000-EUR-50-Free-Spins 00000036:/150-BONUS-UP-TO-2000-EUR-50-Free-Spins|08-02~15,14,13,11,10 07-14~15,12,9,5,1 07-08~13,11,10,5,0 08-03~11,8,5,5,5 08-17~1,0,0,0,0 08-05~9,8,8,3,2 07-12~1,0,0,0,0 08-12~1,1,0,0,0 06-27~4,3,2,0,0 07-03~4,4,0,0,0 07-13~4,2,1,1,1 07-05~11,11,2,0,0 06-25~1,1,1,1,1 07-20~1,1,0,0,0 07-06~20,19,13,8,7 08-26~2,2,0,0,0 07-28~1,1,0,0,0 08-07~1,0,0,0,0 07-07~3,1,0,0,0 08-29~1,1,0,0,0 08-10~1,0,0,0,0 07-10~3,1,0,0,0 08-04~2,0,0,0,0 07-11~5,3,2,2,1 all~71,67,60,49,33
106216576_499994|2|00000017:/150-BONUS-UP-TO-2000-EUR-50-Free-Spins 00000084:/es/150-BONUS-UP-TO-2000-EUR-50-Free-Spins|07-11~4,3,2,2,1 07-15~3,2,1,1,0 07-17~6,3,1,1,0 06-25~23,23,18,15,10 07-21~1,0,0,0,0 07-06~1,1,1,1,0 07-03~3,2,2,2,0 07-13~1,0,0,0,0 06-28~4,2,2,0,0 07-19~1,0,0,0,0 07-20~1,1,0,0,0 06-27~16,16,15,14,13 06-26~12,12,12,12,12 07-14~3,3,3,3,0 06-30~8,8,8,8,8 07-09~6,5,5,5,1 06-29~19,19,19,19,19 07-12~3,2,0,0,0 07-07~3,3,2,2,0 07-18~1,0,0,0,0 07-08~9,7,4,3,0 07-05~1,1,0,0,0 all~101,101,95,89,73
106218052_499980|1|00000004:/150-BONUS-UP-TO-2000-EUR-50-Free-Spins|07-21~1,1,0,0,0 07-22~1,1,0,0,0 08-23~1,1,0,0,0 07-02~2,2,1,0,0 06-23~1,1,1,0,0 07-20~1,1,0,0,0 all~4,4,3,0,0
106219720_499983|2|00000003:/150-BONUS-UP-TO-2000-EUR-50-Free-Spins 00000020:/es/150-BONUS-UP-TO-2000-EUR-50-Free-Spins|06-22~4,4,3,2,2 06-25~3,3,3,1,1 06-26~2,2,2,2,2 06-24~14,13,12,11,11 all~23,22,21,17,16
106219968_499981|3|00000001:/es/150-BONUS-UP-TO-2000-EUR-50-Free-Spins 00000002:/tr/150-BONUS-UP-TO-2000-EUR-50-Free-Spins 00000036:/150-BONUS-UP-TO-2000-EUR-50-Free-Spins|08-11~1,0,0,0,0 06-24~1,1,0,0,0 08-06~1,1,0,0,0 06-26~1,1,1,1,0 07-02~2,2,2,2,1 07-12~1,1,1,1,1 07-26~2,2,1,0,0 07-19~2,1,0,0,0 07-13~1,1,0,0,0 08-10~1,1,1,1,0 07-10~1,1,1,1,0 07-07~1,1,1,1,0 07-06~1,1,0,0,0 06-22~4,3,2,1,0 07-16~3,3,2,0,0 08-03~1,1,0,0,0 07-17~2,2,1,1,1 08-02~2,1,0,0,0 07-04~2,1,1,1,0 07-20~2,2,1,1,1 06-23~6,5,4,2,1 07-21~2,1,1,1,1 08-04~1,1,0,0,0 08-05~1,1,0,0,0 06-27~1,1,1,0,0 08-08~1,1,1,1,0 07-28~1,1,1,0,0 07-09~3,2,0,0,0 07-30~1,1,0,0,0 07-01~2,1,0,0,0 all~39,37,23,16,8
106274090_500909|2|00000002:/150-BONUS-UP-TO-2000-EUR-50-Free-Spins 00000015:/pt/150-BONUS-UP-TO-2000-EUR-50-Free-Spins|07-12~1,0,0,0,0 07-20~1,1,0,0,0 07-09~9,9,7,1,0 07-10~6,6,5,3,0 07-02~2,2,2,0,0 07-31~1,1,0,0,0 all~17,17,14,5,0
106280969_501377|2|00000003:/de/150-BONUS-UP-TO-2000-EUR-50-Free-Spins 00000093:/150-BONUS-UP-TO-2000-EUR-50-Free-Spins|07-30~2,2,1,1,0 07-14~3,1,0,0,0 07-28~1,0,0,0,0 07-26~1,1,0,0,0 07-29~2,2,0,0,0 07-11~38,36,19,14,3 07-23~27,26,11,5,0 07-16~26,20,4,3,1 07-15~2,0,0,0,0 07-24~2,1,0,0,0 07-13~13,9,3,2,2 07-27~1,1,1,1,0 all~96,92,40,29,9
106291122_500315|2|00000010:/150-BONUS-UP-TO-2000-EUR-50-Free-Spins 00000017:/es/150-BONUS-UP-TO-2000-EUR-50-Free-Spins|07-11~4,4,3,3,3 07-13~5,5,4,4,4 07-12~5,5,5,5,5 07-14~1,1,1,1,1 06-24~1,1,1,0,0 07-15~14,14,12,12,12 07-16~2,2,0,0,0 all~27,27,26,25,25
106323207_502223|2|00000001:/es/150-BONUS-UP-TO-2000-EUR-50-Free-Spins 00000080:/150-BONUS-UP-TO-2000-EUR-50-Free-Spins|07-25~2,2,2,2,0 08-15~3,3,2,2,0 08-06~2,0,0,0,0 07-24~3,3,2,0,0 08-03~12,10,7,5,1 08-02~5,5,2,2,0 08-12~1,0,0,0,0 07-22~4,4,1,1,0 08-23~1,1,0,0,0 08-01~3,2,2,2,0 08-24~1,0,0,0,0 08-26~1,0,0,0,0 08-10~1,1,0,0,0 07-15~1,1,1,1,1 08-05~3,2,1,1,0 07-27~1,1,1,1,0 07-16~2,2,1,1,0 07-21~10,10,6,4,1 08-29~1,0,0,0,0 08-22~3,3,1,1,1 07-14~4,2,2,2,1 08-09~1,0,0,0,0 07-31~3,2,1,1,0 08-07~4,3,1,1,0 08-21~3,3,2,0,0 08-11~2,1,0,0,0 08-17~6,4,1,1,0 07-20~4,4,4,3,0 08-20~3,2,1,1,0 07-19~4,3,3,3,0 07-29~7,7,5,5,3 08-27~1,0,0,0,0 08-16~8,5,3,3,1 08-04~1,0,0,0,0 07-28~3,2,1,1,1 08-08~1,0,0,0,0 08-18~7,5,1,1,0 07-23~1,0,0,0,0 all~81,81,57,54,24
106323583_500453|3|00000001:/150-BONUS-UP-TO-2000-EUR-50-Free-Spins 00000001:/de/150-BONUS-UP-TO-2000-EUR-50-Free-Spins 00000006:/es/150-BONUS-UP-TO-2000-EUR-50-Free-Spins|07-03~2,2,2,2,2 07-06~1,1,0,0,0 06-30~1,1,0,0,0 07-02~4,4,2,2,1 07-14~1,1,0,0,0 08-10~1,1,1,0,0 06-29~2,2,0,0,0 all~8,8,5,4,3
106338910_500878|4|00000001:/de/150-BONUS-UP-TO-2000-EUR-50-Free-Spins 00000002:/es/150-BONUS-UP-TO-2000-EUR-50-Free-Spins 00000041:/fr/150-BONUS-UP-TO-2000-EUR-50-Free-Spins 00000096:/150-BONUS-UP-TO-2000-EUR-50-Free-Spins|07-03~1,1,0,0,0 07-01~64,54,34,3,0 07-20~1,1,0,0,0 07-04~2,2,2,0,0 07-09~1,1,1,0,0 06-30~75,72,53,8,0 07-06~2,2,1,1,0 08-05~1,1,0,0,0 07-02~1,1,1,0,0 07-21~1,1,1,0,0 07-17~1,1,1,0,0 07-11~2,2,1,1,0 all~140,134,93,13,0
106339238_500627|2|00000016:/150-BONUS-UP-TO-2000-EUR-50-Free-Spins 00000056:/es/150-BONUS-UP-TO-2000-EUR-50-Free-Spins|06-30~2,2,1,1,1 07-01~8,8,8,7,6 07-30~2,2,0,0,0 06-26~1,1,0,0,0 07-21~11,9,7,4,4 07-07~4,3,1,1,1 06-27~1,1,1,1,1 07-04~1,0,0,0,0 07-17~7,6,6,5,4 07-11~1,0,0,0,0 07-20~15,11,8,4,3 07-06~5,4,3,3,0 07-23~2,0,0,0,0 07-03~3,3,0,0,0 07-08~6,5,2,2,1 07-22~1,0,0,0,0 08-01~1,0,0,0,0 07-31~2,1,0,0,0 07-19~1,1,1,0,0 07-09~4,2,1,0,0 07-05~12,11,9,4,1 07-10~11,9,5,5,5 07-02~2,2,2,2,1 all~72,67,48,47,37
106414591_501025|2|00000005:/de/150-BONUS-UP-TO-2000-EUR-50-Free-Spins 00000009:/150-BONUS-UP-TO-2000-EUR-50-Free-Spins|all~14,14,12,5,3 07-02~1,1,1,0,0 07-01~1,1,1,0,0 07-03~13,13,11,4,3
106443772_501126|6|00000001:/el/150-BONUS-UP-TO-2000-EUR-50-Free-Spins 00000001:/pt/150-BONUS-UP-TO-2000-EUR-50-Free-Spins 00000002:/es/150-BONUS-UP-TO-2000-EUR-50-Free-Spins 00000010:/fr/150-BONUS-UP-TO-2000-EUR-50-Free-Spins 00000014:/de/150-BONUS-UP-TO-2000-EUR-50-Free-Spins 00000312:/150-BONUS-UP-TO-2000-EUR-50-Free-Spins|08-05~13,13,6,1,0 08-14~16,14,6,2,2 07-13~4,2,2,2,1 07-05~1,1,0,0,0 07-26~1,1,0,0,0 07-11~8,3,1,1,1 08-06~4,3,0,0,0 08-10~19,13,4,2,2 07-12~8,5,1,1,1 08-27~1,1,1,0,0 08-20~13,11,5,4,1 08-23~36,34,19,9,1 08-19~4,4,0,0,0 08-18~29,28,13,5,0 08-02~1,1,0,0,0 08-25~2,1,1,1,0 07-15~2,2,1,0,0 07-03~2,2,0,0,0 08-15~17,14,9,6,1 07-21~1,1,1,0,0 08-29~1,1,1,0,0 07-14~1,1,1,0,0 08-07~9,8,1,1,0 07-08~23,22,14,8,2 08-13~12,12,5,3,3 08-24~9,8,3,0,0 08-28~1,1,0,0,0 07-09~33,29,16,8,0 07-10~22,19,6,4,1 07-02~1,1,1,0,0 08-11~18,14,3,3,0 08-16~26,25,14,5,0 08-21~8,5,2,1,0 08-12~30,28,11,10,4 08-17~14,11,4,4,1 07-17~1,1,1,0,0 08-09~6,4,1,1,0 07-07~10,9,5,3,1 08-26~3,3,1,1,0 08-22~12,11,5,4,0 08-08~14,13,4,3,1 07-16~1,1,1,1,1 all~340,330,165,99,30
106447375_501207|2|00000002:/fr/casino-promocode 00000304:/casino-promocode|08-21~3,3,1,0,0 07-12~6,6,0,0,0 07-19~8,8,5,3,1 07-10~10,10,2,0,0 07-11~5,4,2,0,0 08-01~8,7,1,0,0 08-11~2,1,1,1,0 07-29~8,7,3,2,1 07-24~13,12,5,3,1 08-25~3,2,0,0,0 07-30~13,13,4,3,0 07-18~7,7,4,0,0 07-17~5,5,3,2,1 08-06~3,3,2,1,1 07-28~11,11,3,1,0 07-27~10,9,5,5,2 08-10~5,5,3,2,0 07-13~6,6,4,3,1 08-29~7,6,3,0,0 08-13~3,3,0,0,0 08-12~4,4,1,1,1 08-04~7,6,1,1,0 08-05~4,4,0,0,0 08-08~2,2,1,0,0 07-09~13,12,8,6,2 07-21~6,6,2,1,0 08-14~4,4,0,0,0 08-26~8,8,4,1,0 all~306,298,120,71,20 08-17~6,6,1,0,0 08-07~6,6,2,2,0 08-23~3,2,2,1,1 08-19~1,1,0,0,0 08-22~4,4,0,0,0 07-16~6,5,1,1,0 07-07~7,6,2,2,0 07-26~5,5,2,2,1 07-06~3,3,3,0,0 07-03~3,3,3,3,0 07-08~11,11,1,1,0 08-16~3,3,0,0,0 07-23~15,14,7,4,0 07-14~12,12,4,3,0 07-20~9,8,3,1,0 07-25~7,7,4,0,0 08-24~3,3,1,1,0 08-18~9,9,2,0,0 08-03~12,12,2,2,0 07-31~8,8,4,2,1 08-28~8,7,1,0,0 07-15~12,11,2,2,1 08-02~6,5,0,0,0 07-22~12,12,3,3,2 08-09~2,2,0,0,0 08-20~3,3,0,0,0 08-27~5,5,3,2,1
106449179_501141|1|00000015:/es/150-BONUS-UP-TO-2000-EUR-50-Free-Spins|07-13~2,2,2,1,1 all~15,13,10,9,6 07-02~15,14,10,8,5 07-11~1,1,0,0,0 07-03~3,2,1,0,0 07-12~1,1,1,0,0
106449861_501147|2|00000002:/150-BONUS-UP-TO-2000-EUR-50-Free-Spins 00000012:/de/150-BONUS-UP-TO-2000-EUR-50-Free-Spins|07-08~3,3,2,1,0 07-05~8,8,7,0,0 07-14~1,1,0,0,0 07-16~1,1,0,0,0 07-10~1,1,1,1,0 07-07~6,6,2,1,1 07-06~1,1,0,0,0 all~14,14,10,4,2
106449869_501149|2|00000001:/de/150-BONUS-UP-TO-2000-EUR-50-Free-Spins 00000044:/150-BONUS-UP-TO-2000-EUR-50-Free-Spins|07-11~2,2,2,2,2 07-13~1,1,1,1,1 07-07~24,23,17,8,3 07-08~10,10,9,8,8 07-10~1,0,0,0,0 07-14~2,1,1,1,1 07-16~1,1,1,1,1 07-09~9,6,4,1,1 all~45,43,34,24,18
106465095_501433|6|00000002:/es/sport-promocode 00000002:/pt/sport-promocode 00000003:/no/sport-promocode 00000006:/it/sport-promocode 00000063:/de/sport-promocode 00000122:/sport-promocode|08-03~9,9,1,1,0 08-05~13,13,5,1,1 08-07~15,13,7,6,2 07-23~1,1,1,0,0 08-11~11,9,4,4,1 08-09~8,7,5,2,0 07-30~3,3,3,2,2 08-20~1,1,1,0,0 08-17~3,3,2,2,2 08-14~8,8,2,1,1 08-08~20,18,12,6,2 08-19~1,1,1,0,0 08-28~5,5,3,3,3 all~198,192,106,69,37 08-21~4,4,4,3,2 07-31~1,1,0,0,0 08-18~4,4,2,1,1 08-02~9,8,1,0,0 07-27~1,1,1,1,1 08-04~13,12,4,4,1 08-27~6,6,4,4,3 08-10~13,11,7,4,1 07-08~2,2,1,0,0 07-25~1,0,0,0,0 08-06~12,12,3,0,0 08-22~5,4,2,0,0 08-15~11,8,3,2,2 07-13~1,1,1,1,1 08-12~14,12,6,2,0 08-13~10,7,3,3,1 07-28~2,2,2,2,2 08-23~2,2,2,0,0 08-25~3,3,3,2,1 08-29~3,3,3,3,3 08-24~3,3,3,1,1 08-16~12,9,2,1,1 08-26~6,6,5,0,0
106514925_501542|4|00000001:/de/150-BONUS-UP-TO-2000-EUR-50-Free-Spins 00000001:/es/150-BONUS-UP-TO-2000-EUR-50-Free-Spins 00000002:/pt/150-BONUS-UP-TO-2000-EUR-50-Free-Spins 00000035:/150-BONUS-UP-TO-2000-EUR-50-Free-Spins|07-16~2,2,0,0,0 07-11~3,3,2,0,0 07-07~1,1,1,0,0 07-10~5,3,0,0,0 07-09~4,2,1,1,1 07-08~27,26,20,14,10 07-14~1,1,1,1,1 07-13~2,2,2,1,1 07-12~2,2,1,1,0 all~39,38,28,19,14
106515843_501681|4|00000001:/de/150-BONUS-UP-TO-2000-EUR-50-Free-Spins 00000002:/es/150-BONUS-UP-TO-2000-EUR-50-Free-Spins 00000012:/150-BONUS-UP-TO-2000-EUR-50-Free-Spins 00000023:/fr/150-BONUS-UP-TO-2000-EUR-50-Free-Spins|07-29~5,4,0,0,0 08-01~3,3,1,0,0 07-17~2,2,1,1,0 07-12~2,2,2,2,0 07-23~1,1,0,0,0 07-13~7,3,0,0,0 07-28~1,0,0,0,0 07-10~7,7,3,1,1 07-25~1,1,0,0,0 07-08~2,2,2,0,0 07-14~1,1,0,0,0 08-03~1,1,0,0,0 07-18~3,3,1,1,0 07-16~1,1,0,0,0 08-23~1,1,0,0,0 07-11~3,2,0,0,0 07-15~4,4,2,0,0 all~38,33,13,6,2
106527686_501538|2|00000003:/de/150-BONUS-UP-TO-2000-EUR-50-Free-Spins 00000032:/150-BONUS-UP-TO-2000-EUR-50-Free-Spins|07-17~1,1,0,0,0 07-15~1,1,0,0,0 07-20~1,1,0,0,0 07-10~4,4,4,3,2 07-08~2,1,0,0,0 07-07~2,1,1,0,0 07-13~1,1,0,0,0 07-09~24,23,19,17,3 07-14~5,4,2,2,0 all~35,34,26,22,6
106528924_501549|2|00000006:/150-BONUS-UP-TO-2000-EUR-50-Free-Spins 00000027:/es/150-BONUS-UP-TO-2000-EUR-50-Free-Spins|07-13~3,1,0,0,0 07-10~9,8,6,4,3 07-18~1,1,1,1,0 07-14~6,5,5,2,0 07-11~12,6,4,3,1 07-15~2,2,2,1,0 07-12~3,2,2,1,1 07-09~15,14,12,7,0 all~33,29,26,24,18
106529519_501559|2|00000014:/150-BONUS-UP-TO-2000-EUR-50-Free-Spins 00000024:/fr/150-BONUS-UP-TO-2000-EUR-50-Free-Spins|07-08~28,26,26,5,0 07-13~2,0,0,0,0 07-15~1,0,0,0,0 07-09~12,6,3,3,3 07-10~1,1,0,0,0 07-27~2,2,0,0,0 07-11~2,0,0,0,0 all~38,35,32,12,8
106529566_501571|2|00000002:/es/150-BONUS-UP-TO-2000-EUR-50-Free-Spins 00000010:/150-BONUS-UP-TO-2000-EUR-50-Free-Spins|07-11~5,5,5,5,5 07-10~5,5,5,5,5 07-09~1,1,1,1,1 07-07~1,1,1,0,0 all~12,12,12,11,11
106543882_501637|2|00000001:/de/150-BONUS-UP-TO-2000-EUR-50-Free-Spins 00000010:/150-BONUS-UP-TO-2000-EUR-50-Free-Spins|07-19~1,0,0,0,0 07-12~1,1,0,0,0 07-25~1,1,1,1,1 07-15~1,1,0,0,0 07-17~2,1,0,0,0 07-09~1,1,0,0,0 07-16~4,4,3,2,2 07-27~3,3,2,1,1 07-28~2,2,2,2,1 all~11,11,8,6,5
106543882_502508|2|00000001:/no/sport-promocode 00000015:/sport-promocode|07-15~3,3,3,3,3 08-06~1,1,1,1,1 07-26~3,3,3,2,2 07-14~1,1,1,0,0 07-25~2,2,2,2,2 07-29~2,2,1,1,1 07-28~3,3,3,3,3 07-22~1,1,1,1,1 all~16,16,15,13,13
106543882_503430|1|00000006:/up-to-200-Freebet|07-21~4,4,4,0,0 07-27~1,0,0,0,0 07-22~3,3,1,0,0 07-25~1,0,0,0,0 all~6,5,4,0,0
106544975_501688|1|00000019:/150-BONUS-UP-TO-2000-EUR-50-Free-Spins|07-14~5,5,4,4,4 07-13~5,5,4,4,4 07-12~1,1,1,1,1 07-08~1,1,1,0,0 07-10~8,8,7,7,7 all~19,19,17,16,16
106545402_501939|3|00000001:/es/150-BONUS-UP-TO-2000-EUR-50-Free-Spins 00000005:/150-BONUS-UP-TO-2000-EUR-50-Free-Spins 00000005:/de/150-BONUS-UP-TO-2000-EUR-50-Free-Spins|all~11,10,5,2,0 07-22~1,1,0,0,0 07-15~3,2,2,0,0 07-16~3,3,1,0,0 07-12~4,3,1,1,0
106545741_501695|2|00000001:/tr/150-BONUS-UP-TO-2000-EUR-50-Free-Spins 00000028:/150-BONUS-UP-TO-2000-EUR-50-Free-Spins|08-25~1,1,0,0,0 08-17~1,1,0,0,0 07-31~1,0,0,0,0 08-03~2,1,0,0,0 07-30~4,3,0,0,0 07-22~2,2,0,0,0 07-27~3,3,1,1,0 08-06~2,2,0,0,0 08-08~2,0,0,0,0 07-14~1,1,0,0,0 07-10~14,14,3,1,1 07-28~3,3,0,0,0 07-12~3,3,1,1,1 08-10~1,0,0,0,0 07-20~4,4,2,2,1 07-11~1,1,0,0,0 08-02~2,1,0,0,0 08-29~1,0,0,0,0 07-13~2,1,0,0,0 08-01~2,2,0,0,0 07-09~1,1,0,0,0 08-09~1,0,0,0,0 08-04~1,0,0,0,0 all~29,29,8,7,3
106545748_501694|2|00000001:/pt/150-BONUS-UP-TO-2000-EUR-50-Free-Spins 00000019:/150-BONUS-UP-TO-2000-EUR-50-Free-Spins|08-21~1,1,0,0,0 07-23~2,1,1,1,0 07-16~2,1,0,0,0 07-19~4,3,2,0,0 07-30~3,2,0,0,0 07-13~3,3,2,0,0 all~20,19,10,7,4 07-20~2,1,0,0,0 07-24~1,0,0,0,0 07-26~2,2,2,0,0 07-12~3,1,0,0,0 07-21~2,2,0,0,0 07-14~2,2,0,0,0 07-22~1,1,1,1,1 07-11~1,1,1,1,1 07-29~2,0,0,0,0
106545753_501693|2|00000001:/fr/150-BONUS-UP-TO-2000-EUR-50-Free-Spins 00000037:/150-BONUS-UP-TO-2000-EUR-50-Free-Spins|07-30~4,3,3,2,1 07-25~1,1,1,1,0 07-10~6,6,3,1,0 07-28~4,3,2,0,0 08-09~1,0,0,0,0 07-17~4,3,2,0,0 07-26~1,0,0,0,0 08-02~1,0,0,0,0 07-27~2,0,0,0,0 07-14~3,3,2,1,1 07-16~2,1,1,1,1 07-11~10,9,6,4,2 07-24~1,0,0,0,0 07-29~1,0,0,0,0 08-12~1,0,0,0,0 07-20~5,5,3,0,0 07-09~2,1,1,0,0 07-22~2,2,1,1,0 07-12~3,3,3,1,0 07-13~2,2,2,1,0 07-18~2,2,1,0,0 all~38,37,31,18,10
106545778_501692|3|00000001:/no/150-BONUS-UP-TO-2000-EUR-50-Free-Spins 00000002:/de/150-BONUS-UP-TO-2000-EUR-50-Free-Spins 00000142:/150-BONUS-UP-TO-2000-EUR-50-Free-Spins|07-22~2,2,1,1,0 08-21~2,2,0,0,0 07-10~23,19,11,6,0 08-14~1,1,0,0,0 08-04~1,1,0,0,0 08-22~1,1,1,0,0 08-05~2,2,1,1,0 08-23~2,2,1,1,0 08-11~1,1,1,1,0 07-23~4,3,1,1,0 07-15~5,4,2,1,1 08-01~1,1,0,0,0 07-14~2,0,0,0,0 07-17~2,1,0,0,0 08-20~1,1,0,0,0 07-12~26,24,15,3,0 07-13~5,3,1,1,1 07-21~1,1,0,0,0 08-25~1,0,0,0,0 07-16~7,5,5,5,4 07-11~15,13,8,2,0 08-09~2,2,0,0,0 08-08~1,1,1,0,0 07-08~6,6,5,4,2 07-18~1,0,0,0,0 08-28~1,0,0,0,0 07-27~1,1,0,0,0 07-09~65,63,47,13,8 all~145,142,95,48,23
106545782_501691|3|00000002:/fr/150-BONUS-UP-TO-2000-EUR-50-Free-Spins 00000004:/de/150-BONUS-UP-TO-2000-EUR-50-Free-Spins 00000045:/150-BONUS-UP-TO-2000-EUR-50-Free-Spins|08-04~1,1,1,1,0 07-27~1,1,1,1,1 08-06~1,1,1,0,0 07-24~6,5,4,3,1 08-05~3,3,1,0,0 07-30~4,3,2,1,0 07-22~6,5,1,1,1 07-28~7,6,5,1,0 07-25~11,11,10,6,0 08-07~3,3,1,0,0 07-26~7,6,4,3,0 07-23~6,5,2,1,0 08-10~1,1,1,1,0 07-31~2,2,1,1,0 08-08~2,2,1,1,0 all~51,50,36,23,3
106547886_501932|2|00000002:/fr/150-BONUS-UP-TO-2000-EUR-50-Free-Spins 00000009:/150-BONUS-UP-TO-2000-EUR-50-Free-Spins|all~11,10,4,2,0 07-13~1,0,0,0,0 07-11~10,9,2,0,0 07-15~1,1,0,0,0 07-12~2,2,2,2,0
106549394_501765|2|00000022:/es/150-BONUS-UP-TO-2000-EUR-50-Free-Spins 00000023:/150-BONUS-UP-TO-2000-EUR-50-Free-Spins|07-10~10,9,9,8,7 08-06~1,1,1,1,1 08-13~1,1,0,0,0 07-13~1,1,0,0,0 08-12~2,2,1,1,1 07-18~5,4,1,0,0 07-09~2,2,2,1,1 07-15~1,1,0,0,0 08-05~5,5,5,2,0 07-16~1,1,0,0,0 07-12~1,1,0,0,0 07-21~1,0,0,0,0 07-11~6,4,3,1,0 07-14~3,2,1,1,0 08-07~11,8,7,5,5 08-11~3,2,1,0,0 07-20~1,0,0,0,0 08-04~1,1,0,0,0 07-17~1,1,1,1,1 08-08~9,7,6,3,3 all~45,40,35,29,26
106552167_501937|2|00000001:/de/150-BONUS-UP-TO-2000-EUR-50-Free-Spins 00000015:/150-BONUS-UP-TO-2000-EUR-50-Free-Spins|07-12~2,0,0,0,0 07-11~4,4,3,3,2 07-14~2,2,1,0,0 08-03~1,1,0,0,0 07-21~1,1,0,0,0 07-13~6,3,3,3,3 07-10~7,6,6,3,1 all~16,16,13,11,9
106553886_502210|3|00000001:/fr/150-BONUS-UP-TO-2000-EUR-50-Free-Spins 00000003:/de/150-BONUS-UP-TO-2000-EUR-50-Free-Spins 00000031:/150-BONUS-UP-TO-2000-EUR-50-Free-Spins|07-14~14,10,7,4,4 07-13~16,14,9,6,0 07-16~2,1,0,0,0 07-18~15,13,10,4,0 07-15~1,1,0,0,0 08-02~1,1,0,0,0 07-17~4,3,2,1,1 all~35,32,23,16,7
106561307_501794|7|00000001:/it/casino-promocode 00000001:/no/casino-promocode 00000002:/ja/casino-promocode 00000005:/pt/casino-promocode 00000010:/es/casino-promocode 00000019:/de/casino-promocode 00000043:/casino-promocode|07-25~2,2,1,1,0 07-28~3,3,1,0,0 07-18~16,14,6,3,0 08-02~1,1,0,0,0 07-21~3,2,0,0,0 07-23~1,1,0,0,0 07-16~5,5,4,1,0 08-26~2,2,2,0,0 07-15~5,5,4,4,0 08-09~2,2,1,0,0 08-21~2,2,0,0,0 07-17~9,9,5,1,0 08-11~2,2,1,0,0 08-05~1,1,1,1,0 08-03~2,2,2,1,0 08-08~1,1,0,0,0 08-18~3,2,2,2,0 08-01~3,3,3,1,0 08-06~1,1,0,0,0 07-29~5,5,4,0,0 08-17~1,1,1,0,0 07-20~6,6,5,1,0 07-19~3,3,1,0,0 07-24~2,1,1,0,0 07-30~1,1,1,0,0 08-23~1,1,0,0,0 07-26~3,3,2,0,0 08-13~2,2,1,0,0 08-24~1,1,1,1,1 08-10~2,2,1,1,0 08-04~1,1,0,0,0 07-09~1,1,1,0,0 all~81,80,53,23,2
106561336_501828|1|00000011:/150-BONUS-UP-TO-2000-EUR-50-Free-Spins|07-20~1,1,0,0,0 07-15~1,1,0,0,0 07-30~1,1,1,1,1 07-27~1,1,1,0,0 08-15~2,2,1,1,1 08-05~1,1,1,1,1 08-01~1,1,1,0,0 08-04~1,1,1,1,1 08-03~2,2,2,2,2 07-31~1,1,1,1,0 all~11,11,10,10,8
106561338_501832|2|00000002:/150-BONUS-UP-TO-2000-EUR-50-Free-Spins 00000021:/de/150-BONUS-UP-TO-2000-EUR-50-Free-Spins|07-23~1,0,0,0,0 08-18~2,1,0,0,0 07-29~1,1,1,1,0 08-16~2,2,1,1,1 08-20~1,0,0,0,0 07-22~5,4,0,0,0 07-20~2,2,0,0,0 08-10~1,1,1,0,0 08-19~1,1,0,0,0 07-18~2,2,2,1,1 07-24~1,1,1,1,1 07-28~1,1,0,0,0 08-17~2,1,1,1,1 08-12~3,2,0,0,0 07-27~2,2,1,1,0 08-08~1,1,1,1,1 07-31~1,1,0,0,0 08-11~5,4,2,2,2 all~23,22,11,11,9
106562375_502013|1|00000009:/es/150-BONUS-UP-TO-2000-EUR-50-Free-Spins|07-22~1,1,0,0,0 07-15~6,4,4,3,2 08-06~2,1,0,0,0 07-18~3,2,1,0,0 07-17~1,0,0,0,0 all~9,8,7,6,4
106562686_501833|4|00000001:/de/casino-promocode 00000001:/no/casino-promocode 00000003:/casino-promocode 00000003:/fr/casino-promocode|07-11~4,4,3,0,0 07-12~3,3,1,0,0 07-10~1,1,1,0,0 07-13~2,2,1,0,0 all~8,8,6,0,0
106631458_502249|4|00000001:/de/150-BONUS-UP-TO-2000-EUR-50-Free-Spins 00000001:/tr/150-BONUS-UP-TO-2000-EUR-50-Free-Spins 00000004:/fr/150-BONUS-UP-TO-2000-EUR-50-Free-Spins 00000093:/150-BONUS-UP-TO-2000-EUR-50-Free-Spins|07-17~8,4,3,2,1 07-26~1,0,0,0,0 07-27~25,22,8,1,0 08-09~1,1,0,0,0 07-31~1,0,0,0,0 07-28~22,15,10,9,4 08-02~1,0,0,0,0 07-20~1,0,0,0,0 07-18~1,0,0,0,0 07-16~13,11,11,4,2 07-19~1,0,0,0,0 07-14~39,38,25,15,7 07-22~19,17,10,5,3 07-13~2,2,1,0,0 07-23~2,0,0,0,0 07-25~5,2,1,0,0 08-05~1,1,0,0,0 07-15~7,6,1,1,0 07-29~2,2,1,1,1 07-24~1,0,0,0,0 all~99,97,67,46,24
106650788_502556|2|00000004:/de/150-BONUS-UP-TO-2000-EUR-50-Free-Spins 00000008:/150-BONUS-UP-TO-2000-EUR-50-Free-Spins|07-15~7,7,6,3,2 07-16~4,3,3,0,0 08-24~2,2,1,1,1 07-18~1,0,0,0,0 07-17~1,0,0,0,0 all~12,12,10,4,4
106650916_502564|3|00000001:/de/casino-promocode 00000002:/no/casino-promocode 00000055:/casino-promocode|07-23~1,1,0,0,0 08-20~4,4,1,1,0 08-15~2,2,0,0,0 07-30~1,0,0,0,0 07-24~1,1,0,0,0 07-21~3,2,2,0,0 08-04~2,1,0,0,0 08-07~2,1,0,0,0 08-22~1,1,1,0,0 08-10~2,1,0,0,0 07-22~3,1,1,1,1 08-11~5,5,2,0,0 08-01~3,1,1,1,1 08-26~2,2,0,0,0 08-03~5,4,3,2,0 08-13~6,4,2,2,0 07-18~3,3,3,2,2 07-27~7,7,5,2,2 08-19~1,1,1,1,0 08-14~3,2,0,0,0 08-28~2,0,0,0,0 08-21~1,1,0,0,0 07-17~7,7,6,1,0 08-25~10,10,7,5,2 08-02~4,3,2,2,1 07-29~1,1,1,1,1 07-31~4,4,2,0,0 08-09~1,1,0,0,0 08-27~4,4,2,0,0 08-17~1,1,1,1,0 07-19~1,1,0,0,0 07-25~4,4,2,1,0 07-28~1,1,0,0,0 08-16~4,3,1,1,1 08-29~1,0,0,0,0 07-26~1,0,0,0,0 all~58,57,46,33,22
106651867_502562|2|00000001:/casino-promocode 00000037:/pt/casino-promocode|07-31~1,1,0,0,0 08-07~2,2,0,0,0 07-19~1,1,0,0,0 07-16~1,0,0,0,0 07-18~28,22,16,16,15 07-17~11,10,7,6,2 07-20~1,1,0,0,0 all~38,32,24,24,21
106665501_507015|1|00000033:/casino-promocode|08-26~10,8,8,5,1 08-28~4,4,2,1,0 08-24~4,4,1,1,0 08-27~3,2,2,1,0 08-29~8,8,4,3,1 08-25~4,4,4,3,0 all~33,30,21,14,2
106672995_502892|1|00000005:/150-BONUS-UP-TO-2000-EUR-50-Free-Spins|07-25~1,0,0,0,0 all~5,5,4,1,0 07-31~1,0,0,0,0 07-18~2,1,1,1,0 07-20~2,1,0,0,0 07-17~3,3,2,0,0
106685348_502890|1|00000056:/150-BONUS-UP-TO-2000-EUR-50-Free-Spins|07-29~12,1,0,0,0 07-23~21,1,0,0,0 07-21~26,20,18,14,14 07-18~20,18,17,9,9 07-17~9,9,9,7,7 07-20~15,7,7,4,3 all~56,55,51,46,46
106686283_502847|2|00000021:/casino-promocode 00000036:/de/casino-promocode|07-21~3,3,1,0,0 07-28~1,1,0,0,0 07-18~47,42,28,10,9 07-19~5,5,5,0,0 07-20~2,2,1,1,0 all~57,52,36,12,9
106752094_503292|4|00000001:/es/casino-promocode 00000001:/it/casino-promocode 00000002:/casino-promocode 00000005:/de/casino-promocode|08-24~1,0,0,0,0 08-20~2,2,2,2,2 07-22~3,3,2,1,1 08-23~1,0,0,0,0 07-21~5,4,4,2,2 07-25~1,1,1,1,1 all~9,9,9,6,6
106765045_504269|2|00000027:/crypto-casino 00000068:/de/crypto-casino|08-07~29,25,21,8,1 08-10~4,0,0,0,0 08-05~6,4,4,2,0 08-04~6,5,3,0,0 07-30~1,1,0,0,0 08-25~2,0,0,0,0 08-02~10,8,7,3,1 08-06~11,7,6,4,0 08-15~1,0,0,0,0 08-26~1,0,0,0,0 08-17~1,0,0,0,0 08-03~11,7,5,3,0 08-12~1,0,0,0,0 08-13~1,0,0,0,0 08-16~1,0,0,0,0 08-11~5,0,0,0,0 08-01~14,8,7,4,1 07-31~3,3,2,2,1 08-08~20,14,10,4,0 08-18~1,0,0,0,0 08-09~4,0,0,0,0 all~95,80,65,32,5
106765045_504271|2|00000017:/crypto-casino 00000060:/de/crypto-casino|08-04~5,1,0,0,0 08-02~4,0,0,0,0 08-10~5,0,0,0,0 08-13~2,0,0,0,0 08-07~1,0,0,0,0 07-31~23,9,2,2,0 all~77,41,17,12,0 08-08~2,0,0,0,0 07-29~1,1,0,0,0 08-05~3,0,0,0,0 08-03~4,1,0,0,0 08-01~10,3,2,2,0 08-06~1,0,0,0,0 08-12~2,1,0,0,0 08-15~2,0,0,0,0 08-14~1,0,0,0,0 07-30~55,25,13,8,0 08-09~3,0,0,0,0 08-11~4,0,0,0,0
106765045_504296|2|00000037:/de/casino-promocode 00000081:/casino-promocode|08-25~2,1,0,0,0 08-09~11,8,1,0,0 08-27~2,1,0,0,0 08-26~2,1,0,0,0 08-08~5,1,0,0,0 08-13~2,0,0,0,0 08-07~19,18,9,6,0 08-02~16,10,3,2,0 08-20~3,1,0,0,0 07-31~11,11,4,4,0 08-10~6,4,1,0,0 08-24~2,1,0,0,0 08-01~66,64,34,23,1 08-28~4,3,0,0,0 08-16~4,1,0,0,0 08-29~2,1,0,0,0 08-04~4,2,0,0,0 08-18~2,1,0,0,0 08-21~1,0,0,0,0 08-11~3,2,0,0,0 08-03~5,3,3,1,0 08-14~1,0,0,0,0 08-23~2,1,0,0,0 08-17~1,0,0,0,0 08-12~2,1,0,0,0 08-06~6,4,1,1,0 08-19~2,1,0,0,0 08-22~2,1,0,0,0 08-15~4,1,0,0,0 08-05~4,1,0,0,0 all~118,114,55,39,3
106766412_503427|4|00000001:/de/casino-promocode 00000001:/fr/casino-promocode 00000003:/no/casino-promocode 00000035:/casino-promocode|08-04~11,10,5,4,2 08-28~2,2,1,0,0 07-22~9,8,3,1,0 08-03~7,7,6,5,1 08-06~9,6,3,2,1 08-14~1,1,0,0,0 07-23~2,2,0,0,0 07-21~2,2,2,1,0 08-05~1,1,0,0,0 07-24~1,1,1,0,0 08-09~1,1,1,0,0 08-07~4,3,2,1,0 07-28~1,1,0,0,0 08-27~1,1,0,0,0 08-08~2,2,1,1,0 07-30~3,3,1,0,0 07-31~1,1,0,0,0 all~40,36,24,16,4
106798136_503814|2|00000001:/150-BONUS-UP-TO-2000-EUR-50-Free-Spins 00000014:/pt/150-BONUS-UP-TO-2000-EUR-50-Free-Spins|07-26~5,5,5,5,5 07-25~8,8,7,7,5 07-24~2,1,1,0,0 all~15,15,14,13,10
106798527_505269|1|00000033:/sport-promocode|08-13~2,2,0,0,0 all~33,32,11,6,5 08-20~2,1,1,1,0 08-27~3,3,2,1,1 08-09~6,6,0,0,0 08-08~3,3,1,1,1 08-18~1,1,0,0,0 08-19~1,1,0,0,0 08-14~5,5,3,1,0 08-23~3,3,1,1,1 08-11~2,2,0,0,0 08-07~3,3,1,1,1 08-15~1,1,1,0,0 08-10~1,1,0,0,0 08-21~1,1,1,0,0 08-25~1,1,0,0,0
106814578_504240|1|00000023:/casino-promocode|08-13~1,1,0,0,0 08-08~3,0,0,0,0 08-14~1,0,0,0,0 08-11~3,0,0,0,0 08-03~3,2,2,2,1 08-12~1,1,1,0,0 08-05~7,4,2,2,1 07-29~3,3,3,1,0 08-10~4,1,0,0,0 08-07~13,11,8,2,0 08-09~2,1,1,1,1 08-04~2,1,1,1,1 08-19~1,1,0,0,0 08-15~1,0,0,0,0 08-18~1,1,0,0,0 08-06~1,0,0,0,0 all~23,22,16,10,7
106814999_503816|4|00000001:/fr/crypto-casino 00000004:/de/crypto-casino 00000005:/pt/crypto-casino 00000010:/crypto-casino|08-19~1,1,0,0,0 08-28~1,0,0,0,0 08-14~1,1,0,0,0 08-20~1,1,0,0,0 07-29~8,2,1,1,0 07-24~3,1,1,0,0 08-18~3,2,0,0,0 07-31~1,1,0,0,0 08-15~1,1,0,0,0 08-26~2,2,0,0,0 08-29~1,1,1,1,0 08-11~2,2,1,0,0 08-25~1,0,0,0,0 07-30~2,1,0,0,0 08-05~2,2,0,0,0 08-16~1,1,0,0,0 all~20,14,4,2,0
106814999_505023|5|00000001:/fr/crypto-sportsbook 00000001:/it/crypto-sportsbook 00000005:/de/crypto-sportsbook 00000028:/no/crypto-sportsbook 00000913:/crypto-sportsbook|08-18~35,0,0,0,0 08-10~39,2,0,0,0 08-23~1,0,0,0,0 08-14~51,2,0,0,0 08-17~89,4,1,0,0 08-09~32,0,0,0,0 08-15~126,6,2,1,0 08-07~24,0,0,0,0 08-12~127,5,1,0,0 08-05~110,0,0,0,0 08-16~115,14,2,2,0 08-22~1,0,0,0,0 08-26~1,0,0,0,0 08-11~282,9,2,1,0 08-08~35,1,1,0,0 08-24~2,0,0,0,0 08-13~133,9,0,0,0 08-06~18,0,0,0,0 all~948,50,9,4,0
106880023_504161|3|00000001:/es/150-BONUS-UP-TO-2000-EUR-50-Free-Spins 00000001:/fr/150-BONUS-UP-TO-2000-EUR-50-Free-Spins 00000014:/150-BONUS-UP-TO-2000-EUR-50-Free-Spins|08-06~1,1,0,0,0 07-29~4,3,2,1,0 08-05~10,8,6,4,3 08-19~1,1,1,1,1 08-04~1,1,1,0,0 07-31~1,1,1,1,0 all~16,15,12,8,6
106881426_504162|4|00000005:/de/casino-promocode 00000010:/no/casino-promocode 00000016:/casino-promocode 00000048:/pt/casino-promocode|08-13~15,11,5,4,3 08-08~2,2,2,2,2 08-11~10,7,6,4,0 all~79,78,62,50,24 08-03~1,1,1,0,0 08-12~12,9,5,4,0 08-05~1,1,1,1,0 08-24~2,2,1,0,0 07-30~1,1,1,1,0 08-25~2,1,0,0,0 08-28~1,0,0,0,0 07-29~3,3,3,3,1 08-26~4,3,2,0,0 08-23~4,2,2,2,1 08-22~2,2,1,0,0 08-10~8,7,6,3,1 08-27~8,7,6,3,0 08-20~5,4,1,1,0 08-07~8,8,7,4,3 08-09~1,1,0,0,0 08-04~1,1,1,0,0 08-19~1,1,1,1,0 08-29~1,0,0,0,0 08-15~10,7,6,4,1 08-18~8,8,5,4,4 08-16~4,2,1,1,0
106894663_504241|2|00000006:/casino-promocode 00000086:/de/casino-promocode|08-15~11,11,2,1,0 08-14~15,15,10,4,0 08-12~19,17,7,3,0 08-13~12,12,5,1,0 08-22~1,1,0,0,0 08-27~1,1,0,0,0 08-11~19,19,9,5,0 08-18~2,1,0,0,0 08-28~1,1,0,0,0 08-23~1,1,0,0,0 08-16~12,12,6,2,0 08-17~7,5,2,2,0 07-29~2,2,2,0,0 08-19~1,1,0,0,0 all~92,90,43,18,0
106897956_505262|2|00000007:/es/casino-promocode 00000019:/casino-promocode|08-08~21,21,18,18,18 08-09~4,4,0,0,0 08-10~3,3,2,2,2 all~26,26,21,20,20 08-07~1,1,1,0,0
106912749_504353|2|00000001:/de/casino-promocode 00000009:/casino-promocode|08-01~2,2,1,1,1 08-03~1,1,0,0,0 07-31~2,2,1,1,1 08-07~1,1,0,0,0 08-14~1,0,0,0,0 all~10,9,4,3,2 08-13~1,1,1,0,0 07-30~2,2,1,1,0
106916629_504413|2|00000002:/de/casino-promocode 00000109:/casino-promocode|08-05~110,110,3,2,2 07-30~1,1,1,0,0 all~111,111,4,2,2
107001578_504987|5|00000001:/pt/casino-promocode 00000002:/es/casino-promocode 00000003:/de/casino-promocode 00000005:/no/casino-promocode 00000034:/casino-promocode|08-22~1,0,0,0,0 08-12~3,3,3,2,2 08-19~2,1,1,1,0 08-05~8,7,6,6,4 08-13~2,2,2,2,2 08-10~4,3,2,1,1 08-11~5,5,2,2,1 08-07~5,2,2,1,1 08-06~8,6,2,1,1 08-16~2,1,0,0,0 08-17~6,6,4,1,0 08-20~1,1,0,0,0 08-21~1,0,0,0,0 08-08~6,6,4,3,3 08-18~2,2,2,1,0 08-23~1,1,0,0,0 08-24~1,1,1,0,0 all~45,41,29,22,16
107031670_505175|1|00000003:/casino-promocode|08-10~1,1,1,0,0 08-06~2,2,1,0,0 all~3,3,3,1,0
107031733_505199|1|00000029:/casino-promocode|08-13~1,0,0,0,0 08-16~1,1,1,1,1 08-15~11,10,2,2,1 08-12~9,7,4,4,0 08-14~1,1,0,0,0 08-07~1,1,1,1,0 08-11~16,16,15,13,0 08-17~1,1,1,1,0 all~29,29,24,24,18
107032737_505202|6|00000001:/de/casino-promocode 00000001:/tr/casino-promocode 00000002:/es/casino-promocode 00000003:/no/casino-promocode 00000003:/pt/casino-promocode 00000035:/casino-promocode|08-09~1,0,0,0,0 08-10~2,1,0,0,0 08-06~16,16,11,8,1 08-07~16,12,9,5,1 08-19~1,0,0,0,0 08-20~1,1,1,0,0 08-08~15,12,11,6,1 08-14~1,1,1,1,0 08-13~1,0,0,0,0 all~45,41,32,21,6
107033248_505275|2|00000015:/es/casino-promocode 00000023:/casino-promocode|08-11~26,25,22,22,20 08-12~1,0,0,0,0 08-10~13,12,11,11,9 all~38,37,33,33,30
107046575_505277|3|00000001:/de/casino-promocode 00000004:/es/casino-promocode 00000060:/casino-promocode|08-07~22,21,14,7,5 08-13~21,20,18,17,17 08-08~2,1,0,0,0 08-22~3,1,0,0,0 08-15~1,0,0,0,0 08-18~1,1,0,0,0 08-09~1,0,0,0,0 08-25~1,0,0,0,0 08-12~4,1,0,0,0 08-20~2,0,0,0,0 08-17~19,15,11,0,0 08-10~10,8,4,1,1 08-11~10,6,3,2,2 08-27~7,5,0,0,0 08-19~3,1,0,0,0 08-14~4,3,1,1,0 08-24~1,0,0,0,0 all~65,61,45,29,25
107046658_505299|1|00000004:/casino-promocode|08-07~1,1,1,0,0 08-13~3,3,3,3,3 all~4,4,4,3,3
107048985_505324|2|00000003:/es/casino-promocode 00000014:/casino-promocode|08-11~5,4,3,1,1 08-09~1,0,0,0,0 08-10~2,1,1,1,0 08-07~3,3,2,0,0 08-13~6,3,2,0,0 08-08~12,10,9,5,2 08-12~1,0,0,0,0 08-14~1,0,0,0,0 all~17,12,9,9,3
107049798_505482|2|00000009:/es/casino-promocode 00000027:/casino-promocode|08-14~2,1,0,0,0 08-25~1,0,0,0,0 08-24~1,0,0,0,0 08-12~2,2,0,0,0 08-17~3,1,1,1,0 08-18~1,0,0,0,0 08-13~1,0,0,0,0 08-10~19,18,14,11,6 08-20~2,1,0,0,0 08-26~1,0,0,0,0 08-11~17,15,15,15,15 all~36,35,30,28,22
107089546_505564|1|00000011:/casino-promocode|08-17~2,2,1,0,0 08-11~1,0,0,0,0 08-12~1,1,0,0,0 08-16~1,1,0,0,0 08-24~1,1,1,0,0 08-13~1,1,0,0,0 08-14~3,3,0,0,0 08-15~2,2,1,1,0 all~11,11,3,1,0
107089546_505569|1|00000010:/casino-promocode|08-17~1,1,0,0,0 08-28~1,1,0,0,0 08-12~1,1,0,0,0 08-16~3,3,2,0,0 08-22~1,1,1,0,0 08-24~1,1,1,1,1 08-15~2,2,1,0,0 08-13~1,1,1,1,0 all~10,10,6,3,1
107092112_505592|4|00000001:/es/casino-promocode 00000006:/no/casino-promocode 00000014:/casino-promocode 00000014:/de/casino-promocode|08-13~12,10,9,9,7 08-22~1,1,0,0,0 08-15~4,2,2,2,2 08-19~3,3,1,0,0 08-12~10,10,8,7,7 08-14~1,0,0,0,0 08-11~3,3,2,2,1 08-24~4,4,2,2,2 08-23~3,2,2,2,1 08-26~1,1,0,0,0 08-18~2,1,1,0,0 all~35,34,27,25,22
107107614_505828|4|00000001:/it/casino-promocode 00000001:/no/casino-promocode 00000011:/de/casino-promocode 00000024:/casino-promocode|08-20~2,1,1,0,0 08-29~3,3,1,1,0 08-15~2,1,1,1,0 08-22~2,1,1,0,0 08-21~2,1,1,1,0 08-26~1,1,0,0,0 08-18~1,1,1,0,0 08-12~4,4,2,1,0 08-27~1,1,0,0,0 all~37,37,26,12,1 08-14~3,3,3,1,0 08-19~9,9,5,3,0 08-24~1,1,1,1,0 08-13~16,13,9,0,0 08-17~1,1,0,0,0 08-25~1,0,0,0,0
1071078_492126|6|00000001:/de/special-bonus/up-to-200 00000001:/hi/special-bonus/up-to-200 00000001:/ja/special-bonus/up-to-200 00000002:/es/special-bonus/up-to-200 00000006:/pt/special-bonus/up-to-200 00000032:/special-bonus/up-to-200|07-23~1,1,1,1,0 05-17~3,3,0,0,0 06-02~1,1,0,0,0 06-03~2,2,1,1,0 08-19~1,1,0,0,0 06-05~1,1,0,0,0 06-24~1,1,0,0,0 05-04~1,1,0,0,0 06-04~1,1,0,0,0 05-02~2,2,0,0,0 07-10~1,1,0,0,0 05-03~1,0,0,0,0 08-23~1,1,0,0,0 05-16~2,2,1,0,0 05-27~2,2,0,0,0 07-15~1,1,1,1,0 07-21~1,1,0,0,0 05-07~2,2,0,0,0 05-09~1,1,0,0,0 05-21~1,1,0,0,0 05-13~3,2,0,0,0 05-23~2,2,0,0,0 05-24~3,3,2,1,0 08-24~1,1,0,0,0 05-29~1,1,1,1,0 06-07~1,1,0,0,0 06-01~1,1,0,0,0 05-15~2,2,0,0,0 05-31~1,1,1,1,0 05-05~1,1,0,0,0 05-22~1,1,0,0,0 05-26~1,1,0,0,0 all~43,41,8,7,1
107118226_505812|5|00000001:/no/casino-promocode 00000002:/de/casino-promocode 00000003:/pt/casino-promocode 00000011:/es/casino-promocode 00000051:/casino-promocode|08-21~16,16,15,5,5 08-19~14,12,11,11,11 08-15~14,13,11,10,9 08-23~6,6,5,5,5 08-16~1,1,0,0,0 08-17~2,1,0,0,0 08-18~7,5,5,5,5 08-20~17,17,13,4,4 all~68,67,60,40,39
107131104_506299|2|00000001:/es/casino-promocode 00000007:/casino-promocode|08-21~3,3,3,2,1 08-17~1,1,1,0,0 08-22~4,4,3,3,3 all~8,8,8,5,4
107147238_506301|2|00000002:/casino-promocode 00000002:/no/casino-promocode|all~4,4,3,3,2 08-25~3,2,1,1,1 08-19~2,1,1,1,0 08-26~1,0,0,0,0
107226450_506730|3|00000001:/it/casino-promocode 00000003:/de/casino-promocode 00000050:/casino-promocode|08-28~1,0,0,0,0 08-23~1,1,0,0,0 08-27~12,9,8,2,2 08-25~15,14,10,1,1 08-21~38,38,28,7,4 all~54,53,41,16,13
1079226_352565|3|00000001:/fr/250-bonus-bitcoinP-fj 00000002:/pt/250-bonus-bitcoinP-fj 00000011:/250-bonus-bitcoinP-fj|07-04~1,1,0,0,0 06-03~1,1,1,0,0 05-07~1,0,0,0,0 06-05~1,0,0,0,0 07-05~1,0,0,0,0 07-11~1,0,0,0,0 05-19~2,0,0,0,0 05-20~1,0,0,0,0 06-20~1,0,0,0,0 05-25~1,1,0,0,0 06-02~1,0,0,0,0 05-12~1,0,0,0,0 07-13~1,0,0,0,0 07-10~1,1,1,0,0 all~14,5,3,1,1
1101901_492309|2|00000001:/de 00000009:/|06-02~1,1,0,0,0 06-26~1,1,0,0,0 08-23~1,1,0,0,0 all~10,10,4,3,0 08-07~1,1,0,0,0 07-17~1,1,0,0,0 08-24~2,2,1,0,0 08-04~1,1,0,0,0 08-25~1,1,0,0,0 08-22~1,1,0,0,0 06-20~1,1,1,1,0 05-12~1,1,0,0,0 05-05~1,1,0,0,0 07-26~1,0,0,0,0 06-16~1,1,0,0,0 05-13~1,1,0,0,0
1101901_507025|1|00000005:/casino-promocode|08-24~2,2,1,0,0 all~5,5,3,0,0 08-26~1,1,1,0,0 08-29~1,1,1,0,0 08-25~1,1,0,0,0
123|5|00000001:/es/special-bonus/up-to-200 00000001:/pt/crypto-casino 00000002:/Special-150-Deposit-Bonus 00000003:/special-bonus/up-to-200 00000005:/de/crypto-casino|05-15~6,4,1,0,0 05-27~4,3,3,1,0 05-22~2,2,0,0,0 all~12,10,6,2,0
2015583_113361|1|00000097:/crypto-sportsbook|05-24~3,1,1,0,0 08-23~1,0,0,0,0 05-07~4,1,0,0,0 06-23~3,2,2,0,0 06-14~2,1,1,1,0 06-26~1,0,0,0,0 06-17~1,0,0,0,0 08-26~2,0,0,0,0 05-04~3,1,0,0,0 05-27~3,1,1,0,0 05-18~2,1,1,0,0 05-28~1,0,0,0,0 05-08~5,3,0,0,0 06-10~1,0,0,0,0 06-06~3,2,2,1,0 06-24~2,1,1,0,0 05-25~1,0,0,0,0 06-01~2,1,0,0,0 05-14~3,2,2,1,0 06-11~2,1,1,0,0 06-20~3,0,0,0,0 05-12~1,0,0,0,0 05-20~2,2,2,0,0 07-04~1,1,0,0,0 05-19~2,0,0,0,0 05-09~1,0,0,0,0 05-10~1,1,0,0,0 05-29~6,3,3,0,0 06-09~3,0,0,0,0 05-21~1,0,0,0,0 06-15~2,0,0,0,0 06-07~1,0,0,0,0 05-16~1,1,1,1,0 06-22~1,0,0,0,0 06-05~2,0,0,0,0 05-23~4,0,0,0,0 06-12~3,1,1,0,0 06-25~1,0,0,0,0 06-02~3,0,0,0,0 05-26~1,0,0,0,0 06-21~1,0,0,0,0 05-02~6,1,0,0,0 05-11~1,0,0,0,0 05-01~1,0,0,0,0 06-13~3,0,0,0,0 05-15~1,0,0,0,0 05-05~1,0,0,0,0 all~97,31,22,5,0
2015583_87338|1|00000013:/|06-08~1,0,0,0,0 05-11~1,1,0,0,0 06-15~1,0,0,0,0 05-06~1,0,0,0,0 06-26~1,0,0,0,0 05-27~1,1,1,1,0 05-16~3,1,1,1,0 05-14~1,1,1,0,0 06-06~2,1,0,0,0 06-18~1,1,1,0,0 all~13,6,4,2,0
2116156_271373|9|00000001:/no/140-Deposit-Bonus 00000001:/pt/140-Deposit-Bonus 00000002:/it/140-Deposit-Bonus 00000002:/tr/140-Deposit-Bonus 00000003:/fr/140-Deposit-Bonus 00000005:/es/140-Deposit-Bonus 00000010:/de/140-Deposit-Bonus 00000334:/140-Deposit-Bonus|06-25~3,3,1,0,0 07-06~3,3,1,1,0 05-28~1,0,0,0,0 08-20~7,7,5,1,0 07-11~5,5,3,1,0 06-10~7,7,6,1,0 07-04~5,5,1,1,1 07-05~3,3,2,2,1 06-24~8,7,2,1,0 08-15~6,6,2,0,0 08-18~6,6,2,0,0 06-26~5,4,3,2,1 08-05~4,3,2,0,0 07-30~1,1,0,0,0 06-13~3,3,2,1,0 07-24~4,4,4,2,1 06-30~7,7,3,0,0 07-21~5,5,4,3,0 07-03~5,5,3,0,0 05-26~2,1,1,0,0 05-15~3,3,2,1,0 08-12~1,1,1,0,0 05-17~3,2,2,2,0 05-22~2,1,1,1,0 08-23~5,5,2,2,0 08-04~1,1,0,0,0 06-07~8,7,6,2,0 07-07~6,6,4,2,0 05-21~4,2,2,1,0 06-03~3,3,2,1,0 08-07~4,4,2,1,0 08-22~8,8,5,1,0 08-06~3,3,0,0,0 08-10~3,2,1,0,0 07-22~3,3,1,1,1 05-23~8,6,3,2,0 08-11~6,6,2,0,0 06-22~2,2,1,0,0 05-31~3,2,1,1,1 06-05~2,2,1,1,0 08-01~4,3,1,0,0 07-14~8,8,8,4,0 08-26~2,2,2,1,0 06-18~2,2,0,0,0 05-16~1,1,0,0,0 05-06~1,1,0,0,0 07-15~4,4,2,1,0 08-03~5,4,3,0,0 08-13~2,2,1,0,0 07-18~3,3,2,0,0 06-09~4,3,2,1,0 06-15~4,3,1,0,0 07-27~3,2,1,0,0 06-27~7,6,2,1,0 08-19~3,3,1,0,0 08-14~3,2,2,0,0 07-16~4,4,4,2,0 06-16~6,5,3,2,0 08-28~9,9,5,3,1 05-19~3,2,1,0,0 05-24~1,1,1,0,0 06-04~2,1,0,0,0 05-20~3,2,0,0,0 05-29~2,2,2,1,0 08-21~6,6,3,1,0 06-08~6,6,4,2,0 07-02~2,2,1,1,0 06-12~6,6,5,1,1 07-13~6,5,3,0,0 07-12~2,2,1,1,0 07-20~2,2,0,0,0 08-24~8,8,6,2,0 06-21~5,4,2,1,0 07-17~4,4,4,0,0 08-25~6,4,3,1,0 08-02~6,6,2,1,1 07-10~5,5,3,1,0 06-11~1,0,0,0,0 06-14~3,3,1,1,0 05-14~4,4,2,0,0 05-10~3,3,0,0,0 05-09~2,2,0,0,0 05-27~2,2,1,0,0 08-08~4,4,2,0,0 07-29~4,4,1,0,0 07-31~1,1,0,0,0 06-20~2,1,0,0,0 08-09~4,3,3,1,0 05-12~2,2,0,0,0 07-09~3,3,0,0,0 06-19~3,2,2,0,0 08-27~3,3,2,0,0 08-17~4,4,1,1,0 06-29~3,3,3,2,0 07-19~2,1,0,0,0 06-06~5,4,4,2,0 07-25~3,3,0,0,0 05-18~3,3,1,0,0 07-28~3,3,1,0,0 05-08~4,4,0,0,0 06-02~2,2,2,2,0 07-01~4,3,1,1,1 06-28~5,4,2,1,0 08-16~5,5,3,0,0 05-25~3,3,3,2,2 08-29~5,5,2,1,0 06-17~8,7,4,2,0 07-26~2,2,1,1,0 06-23~1,1,1,1,1 07-08~1,1,0,0,0 05-30~5,4,2,0,0 all~359,349,215,96,17
2394347_489462|7|00000001:/de/crypto-casino 00000001:/el/crypto-casino 00000001:/fr/crypto-casino 00000001:/ja/crypto-casino 00000001:/pt/crypto-casino 00000028:/es/crypto-casino 00000080:/crypto-casino|08-16~2,1,1,0,0 05-11~3,0,0,0,0 07-23~3,1,0,0,0 05-13~3,1,0,0,0 06-12~1,0,0,0,0 07-20~1,0,0,0,0 08-21~1,1,1,0,0 05-14~4,2,2,2,0 07-31~1,1,1,0,0 06-08~2,0,0,0,0 06-07~5,2,0,0,0 08-05~2,0,0,0,0 08-15~2,0,0,0,0 08-03~2,0,0,0,0 07-28~2,0,0,0,0 08-02~1,0,0,0,0 08-18~1,0,0,0,0 06-26~2,0,0,0,0 07-26~2,0,0,0,0 08-29~1,0,0,0,0 06-17~2,1,1,1,1 06-04~2,2,2,1,1 05-22~1,0,0,0,0 05-03~2,0,0,0,0 07-01~2,0,0,0,0 05-28~4,1,0,0,0 08-17~2,0,0,0,0 06-29~2,0,0,0,0 08-26~3,1,1,1,1 06-18~1,0,0,0,0 07-22~3,1,0,0,0 07-14~2,1,1,1,0 07-04~1,0,0,0,0 08-01~2,1,1,0,0 05-30~1,0,0,0,0 05-01~4,1,0,0,0 06-02~2,0,0,0,0 05-15~1,0,0,0,0 06-01~1,1,1,1,1 06-25~2,0,0,0,0 08-25~1,1,1,1,1 05-04~3,1,0,0,0 05-05~2,1,0,0,0 08-13~1,0,0,0,0 07-16~2,1,1,1,1 05-07~1,0,0,0,0 08-24~3,1,1,1,1 06-27~1,1,1,1,0 08-19~4,1,1,1,0 07-07~2,2,1,0,0 07-13~3,1,1,0,0 05-08~2,1,0,0,0 06-16~1,0,0,0,0 08-28~1,0,0,0,0 05-17~1,1,1,1,0 07-30~1,0,0,0,0 05-23~1,0,0,0,0 06-03~2,0,0,0,0 08-10~1,0,0,0,0 05-26~1,1,0,0,0 07-17~1,0,0,0,0 05-09~1,0,0,0,0 08-11~1,0,0,0,0 05-29~1,0,0,0,0 07-12~1,0,0,0,0 05-16~1,1,1,1,0 08-07~2,0,0,0,0 05-21~2,1,1,0,0 05-31~1,0,0,0,0 08-23~2,2,1,1,1 06-19~2,1,1,1,1 08-27~3,0,0,0,0 06-09~3,0,0,0,0 07-27~1,1,1,1,0 all~113,39,26,22,11
2595863_501102|2|00000007:/casino-promocode 00000059:/pt/casino-promocode|08-06~2,2,0,0,0 07-10~2,2,1,1,1 07-22~1,0,0,0,0 07-19~2,1,0,0,0 07-18~2,2,2,1,1 08-29~1,1,0,0,0 07-03~1,1,1,0,0 08-02~3,3,1,1,1 07-17~2,2,1,1,0 07-12~4,4,1,0,0 07-30~2,2,1,0,0 08-10~1,1,0,0,0 08-11~1,1,0,0,0 07-11~1,1,0,0,0 08-22~1,1,0,0,0 07-27~2,2,1,1,0 08-15~1,1,0,0,0 07-29~3,3,2,0,0 07-26~3,3,1,0,0 08-20~1,1,1,1,0 08-18~1,1,0,0,0 07-14~2,2,1,1,1 07-08~3,3,2,2,0 08-27~1,1,0,0,0 07-25~3,3,0,0,0 08-12~3,3,1,1,0 08-05~2,2,1,0,0 07-31~2,2,0,0,0 07-20~1,0,0,0,0 07-13~1,1,0,0,0 08-17~1,1,1,1,0 07-24~6,5,1,0,0 07-23~2,2,1,1,1 08-19~1,1,0,0,0 07-04~1,1,0,0,0 07-07~3,3,1,0,0 08-14~2,1,0,0,0 07-16~3,3,3,1,1 07-05~1,1,1,1,1 07-15~1,1,0,0,0 all~66,64,26,15,8
2595863_70364|3|00000001:/fr 00000002:/pt 00000086:/|08-11~3,0,0,0,0 06-16~3,0,0,0,0 07-22~3,1,0,0,0 05-18~1,1,0,0,0 05-31~1,1,1,1,0 07-09~1,0,0,0,0 08-26~1,0,0,0,0 06-18~1,0,0,0,0 08-15~1,0,0,0,0 07-21~1,0,0,0,0 08-22~1,1,0,0,0 07-02~1,0,0,0,0 05-06~2,0,0,0,0 07-15~4,0,0,0,0 05-01~1,0,0,0,0 05-26~1,0,0,0,0 08-16~3,1,1,0,0 08-06~1,0,0,0,0 07-31~1,1,1,1,0 07-29~1,0,0,0,0 08-03~1,1,0,0,0 08-13~2,0,0,0,0 07-11~1,0,0,0,0 07-16~1,0,0,0,0 08-19~1,0,0,0,0 08-24~2,0,0,0,0 05-21~1,0,0,0,0 07-28~2,0,0,0,0 08-01~2,0,0,0,0 07-23~1,0,0,0,0 08-14~2,0,0,0,0 08-10~1,1,0,0,0 08-04~3,1,0,0,0 08-09~3,1,1,1,0 07-17~3,1,1,0,0 08-27~3,1,0,0,0 05-08~1,0,0,0,0 07-06~1,0,0,0,0 05-09~1,0,0,0,0 08-07~4,1,0,0,0 08-18~5,1,1,0,0 06-26~1,1,0,0,0 08-08~2,0,0,0,0 08-05~1,0,0,0,0 07-27~1,0,0,0,0 07-13~5,1,0,0,0 07-10~2,0,0,0,0 08-02~3,0,0,0,0 07-24~2,0,0,0,0 07-20~3,1,1,1,1 06-03~1,1,1,1,0 all~89,19,8,6,1
26630718_480411|2|00000001:/de/promotions/welcome-bonus 00000059:/promotions/welcome-bonus|07-26~1,0,0,0,0 06-20~3,2,2,2,0 06-18~1,0,0,0,0 07-13~1,0,0,0,0 06-07~2,0,0,0,0 06-28~2,0,0,0,0 05-06~1,1,0,0,0 06-27~1,0,0,0,0 08-19~1,0,0,0,0 07-04~1,0,0,0,0 07-03~1,1,1,0,0 06-21~1,1,1,0,0 05-10~1,0,0,0,0 08-20~1,0,0,0,0 08-29~1,0,0,0,0 05-18~3,1,1,0,0 08-02~1,1,1,0,0 06-19~2,2,2,2,0 05-07~1,0,0,0,0 05-14~1,0,0,0,0 06-09~1,0,0,0,0 07-24~1,1,1,0,0 07-15~1,0,0,0,0 07-30~2,0,0,0,0 07-07~1,0,0,0,0 05-22~1,0,0,0,0 05-01~1,0,0,0,0 05-11~1,0,0,0,0 05-24~3,1,1,0,0 05-31~4,1,1,0,0 06-10~2,0,0,0,0 06-23~1,0,0,0,0 05-25~1,0,0,0,0 07-18~1,0,0,0,0 08-21~2,1,1,1,1 06-13~1,0,0,0,0 07-12~1,0,0,0,0 07-17~1,0,0,0,0 05-02~1,0,0,0,0 06-03~1,1,0,0,0 05-17~1,0,0,0,0 all~60,15,14,6,1 05-12~1,0,0,0,0 08-24~1,0,0,0,0 06-26~1,0,0,0,0 05-21~1,0,0,0,0 08-15~1,0,0,0,0 06-02~3,1,1,0,0 07-14~1,0,0,0,0 06-25~1,0,0,0,0 07-20~1,0,0,0,0 05-09~3,0,0,0,0 05-19~1,1,1,1,0
2728374_467046|7|00000001:/ja/Get-150-Deposit-Bonus-300-Free-Spins-A 00000001:/tr/Get-150-Deposit-Bonus-300-Free-Spins-A 00000002:/fr/Get-150-Deposit-Bonus-300-Free-Spins-A 00000005:/de/Get-150-Deposit-Bonus-300-Free-Spins-A 00000005:/es/Get-150-Deposit-Bonus-300-Free-Spins-A 00000005:/pt/Get-150-Deposit-Bonus-300-Free-Spins-A 00000088:/Get-150-Deposit-Bonus-300-Free-Spins-A|05-06~5,5,0,0,0 05-28~5,5,1,1,0 05-17~1,1,0,0,0 05-07~5,5,0,0,0 05-08~2,0,0,0,0 05-05~1,1,0,0,0 05-18~2,2,2,1,0 05-13~1,1,0,0,0 06-05~1,0,0,0,0 06-01~3,1,1,0,0 05-19~6,6,3,2,0 05-24~1,1,0,0,0 05-23~3,3,1,0,0 06-02~5,4,4,2,0 05-20~3,3,3,1,0 05-01~3,2,0,0,0 05-26~1,1,1,0,0 06-08~3,3,1,0,0 05-09~2,2,0,0,0 05-10~3,2,0,0,0 06-07~2,2,1,0,0 05-27~6,6,4,2,0 06-10~2,2,2,0,0 06-03~1,1,1,1,0 05-31~5,4,3,0,0 05-02~1,1,0,0,0 05-12~1,1,0,0,0 06-04~1,1,1,0,0 06-09~1,1,0,0,0 05-15~4,4,2,1,0 05-22~2,2,2,2,1 05-03~2,2,0,0,0 05-11~5,4,0,0,0 05-14~3,3,2,0,0 05-25~6,6,1,0,0 05-21~2,2,0,0,0 06-06~6,5,4,0,0 05-29~6,3,3,2,0 all~107,97,45,18,4
2728374_493008|8|00000001:/hi/special-bonus/up-to-200 00000001:/ja/special-bonus/up-to-200 00000002:/fr/special-bonus/up-to-200 00000003:/tr/special-bonus/up-to-200 00000006:/de/special-bonus/up-to-200 00000007:/es/special-bonus/up-to-200 00000007:/pt/special-bonus/up-to-200 00000041:/special-bonus/up-to-200|07-13~1,1,1,1,1 07-27~1,1,0,0,0 05-25~4,4,1,1,0 06-13~1,1,0,0,0 05-24~5,5,2,1,0 05-22~3,1,0,0,0 08-07~1,1,1,0,0 06-07~2,2,2,2,0 08-06~1,1,0,0,0 06-10~4,4,1,1,0 05-23~1,1,1,1,1 06-24~1,1,1,1,0 07-24~1,1,0,0,0 06-14~1,1,0,0,0 07-14~1,1,0,0,0 07-09~4,4,3,2,0 05-30~2,2,1,0,0 06-18~1,1,1,1,1 05-21~1,1,0,0,0 05-28~1,1,0,0,0 06-06~4,4,1,0,0 06-28~1,1,0,0,0 06-08~2,2,1,1,1 06-02~1,1,0,0,0 07-22~1,1,1,0,0 05-20~1,1,0,0,0 05-26~4,2,0,0,0 06-09~4,4,2,0,0 08-20~1,1,0,0,0 05-31~2,2,0,0,0 07-15~1,1,0,0,0 05-27~4,4,1,0,0 06-16~1,1,0,0,0 05-29~6,5,1,0,0 06-05~1,1,1,0,0 06-15~1,1,0,0,0 05-07~1,1,0,0,0 07-10~2,1,0,0,0 06-01~2,1,0,0,0 all~68,67,25,14,6
3047183_500901|9|00000001:/ko/sport-promocode 00000002:/it/sport-promocode 00000004:/es/sport-promocode 00000009:/no/sport-promocode 00000009:/tr/sport-promocode 00000014:/de/sport-promocode 00000015:/pt/sport-promocode 00000282:/sport-promocode|08-04~4,4,0,0,0 08-09~6,6,1,1,0 07-14~15,14,3,3,0 08-21~9,8,2,1,0 08-22~8,8,2,2,0 07-23~8,8,4,3,1 08-02~6,6,0,0,0 07-07~7,7,0,0,0 07-17~3,3,0,0,0 07-01~2,1,0,0,0 08-29~4,4,0,0,0 07-28~5,5,2,1,0 07-18~6,5,1,0,0 08-24~7,7,0,0,0 08-27~11,11,1,1,0 07-30~6,6,1,0,0 06-30~1,0,0,0,0 08-03~6,6,0,0,0 08-13~5,5,1,0,0 07-15~10,10,3,3,0 07-24~7,6,0,0,0 08-20~5,5,0,0,0 08-16~12,12,4,1,0 08-06~7,7,2,1,0 07-04~3,3,1,0,0 07-03~6,6,1,1,0 07-08~2,2,1,0,0 07-22~11,10,3,0,0 08-26~4,4,2,2,0 07-10~9,7,3,2,0 07-29~7,7,2,1,0 07-20~4,4,1,0,0 07-19~9,9,4,3,1 07-27~6,6,3,3,1 07-11~7,6,2,1,0 08-19~5,5,0,0,0 08-14~3,3,2,1,1 08-08~3,3,0,0,0 07-26~3,3,2,2,0 08-01~6,6,1,1,0 08-05~6,6,0,0,0 08-11~4,4,1,1,0 all~337,332,78,54,9 07-02~4,4,2,1,0 07-12~4,4,1,1,0 08-15~4,4,0,0,0 07-13~4,4,1,1,0 08-07~6,5,1,1,0 08-12~2,2,0,0,0 07-09~5,4,2,2,0 07-16~5,5,2,1,0 08-10~6,6,0,0,0 08-23~5,5,3,2,1 07-06~8,7,2,1,1 07-05~4,4,1,1,0 08-17~6,6,1,0,0 07-21~5,5,0,0,0 07-31~9,9,0,0,0 07-25~4,4,0,0,0 08-25~8,8,1,1,1 08-28~6,5,1,1,0 08-18~12,12,2,2,0
3061114_403385|3|00000002:/fr/200-Bonus-500-Free-Spins-3061114 00000018:/ja/200-Bonus-500-Free-Spins-3061114 00000226:/200-Bonus-500-Free-Spins-3061114|05-05~1,1,0,0,0 08-25~25,6,0,0,0 08-16~2,2,0,0,0 06-16~1,1,0,0,0 06-29~1,1,0,0,0 07-09~1,1,0,0,0 05-22~1,0,0,0,0 05-19~1,1,1,1,0 07-22~1,1,1,0,0 08-23~27,14,0,0,0 07-21~1,1,1,1,0 08-11~1,1,0,0,0 08-20~25,9,1,1,0 07-05~1,1,1,0,0 05-21~1,1,0,0,0 08-24~33,16,0,0,0 06-09~1,1,0,0,0 05-30~2,2,0,0,0 06-17~1,1,0,0,0 08-22~36,14,0,0,0 06-19~1,1,0,0,0 08-27~4,1,0,0,0 07-12~1,1,1,1,0 07-03~1,1,1,0,0 05-02~1,1,0,0,0 08-15~2,2,0,0,0 07-17~1,1,1,0,0 08-21~48,16,0,0,0 07-20~1,1,1,1,0 08-26~18,10,0,0,0 08-18~1,1,0,0,0 05-17~2,2,0,0,0 07-28~1,1,0,0,0 07-10~1,1,1,1,0 07-11~1,1,1,1,0 07-13~2,2,1,1,0 all~246,116,12,8,1
3061114_498156|2|00000002:/ 00000003:/ja|06-25~2,1,1,1,0 07-23~1,1,1,1,0 07-11~1,0,0,0,0 08-11~1,1,1,0,0 06-12~1,0,0,0,0 all~5,3,3,3,0
3130140_432851|4|00000001:/el/Get-150-Deposit-Bonus-300-Free-Spins-A 00000001:/tr/Get-150-Deposit-Bonus-300-Free-Spins-A 00000002:/pt/Get-150-Deposit-Bonus-300-Free-Spins-A 00000021:/Get-150-Deposit-Bonus-300-Free-Spins-A|06-05~3,3,2,2,0 05-04~2,2,0,0,0 05-12~1,1,0,0,0 06-03~1,1,0,0,0 05-25~1,1,0,0,0 05-09~2,2,0,0,0 06-06~1,1,1,0,0 all~25,23,6,4,0 05-06~2,2,0,0,0 05-13~1,1,0,0,0 06-01~1,1,1,0,0 05-20~2,2,0,0,0 05-19~1,1,0,0,0 05-30~2,2,1,1,0 06-04~2,2,0,0,0 05-03~1,1,0,0,0 06-09~1,0,0,0,0 06-07~2,1,0,0,0
3173166_177039|1|00000014:/crypto-casino|06-23~2,0,0,0,0 06-06~1,1,0,0,0 05-13~1,0,0,0,0 05-12~1,1,0,0,0 06-09~1,0,0,0,0 07-07~1,1,1,0,0 05-21~1,1,1,0,0 05-01~1,0,0,0,0 05-27~2,1,1,1,0 06-05~1,1,1,0,0 07-13~1,1,1,0,0 08-02~1,1,1,0,0 06-03~1,1,1,0,0 all~14,9,7,1,0
3173166_269591|1|00000028:/crypto-casino|07-15~3,2,2,1,0 05-04~1,0,0,0,0 07-21~1,0,0,0,0 05-06~1,1,0,0,0 05-28~1,0,0,0,0 05-05~1,1,0,0,0 06-25~1,1,0,0,0 05-13~1,1,0,0,0 05-27~1,1,0,0,0 06-21~1,1,1,1,0 05-03~1,1,0,0,0 06-28~1,0,0,0,0 08-16~2,2,2,1,0 07-29~1,1,1,0,0 07-20~1,0,0,0,0 06-02~1,0,0,0,0 08-21~1,1,1,0,0 05-29~1,1,1,0,0 07-05~3,3,3,0,0 07-08~1,1,1,0,0 07-14~2,2,2,1,0 05-30~1,0,0,0,0 07-09~2,2,2,1,0 05-10~1,1,0,0,0 07-13~1,0,0,0,0 07-07~1,1,1,0,0 all~28,22,17,6,0
3173166_269592|1|00000040:/crypto-casino|06-08~1,0,0,0,0 08-01~1,0,0,0,0 07-16~1,0,0,0,0 05-04~1,1,0,0,0 05-06~1,0,0,0,0 06-03~1,0,0,0,0 07-09~2,2,2,1,0 07-08~1,1,0,0,0 05-03~1,1,0,0,0 07-12~1,0,0,0,0 05-01~1,1,0,0,0 05-30~1,0,0,0,0 08-05~2,1,0,0,0 05-28~1,0,0,0,0 08-16~2,1,1,0,0 07-26~1,1,1,0,0 05-17~1,1,1,1,0 05-26~1,0,0,0,0 07-22~1,1,1,0,0 05-02~2,2,0,0,0 06-23~2,0,0,0,0 06-02~1,1,1,0,0 06-10~1,1,1,1,0 08-19~1,1,1,0,0 05-05~2,1,0,0,0 06-07~1,1,1,1,0 07-06~1,1,1,0,0 07-31~1,1,1,0,0 05-09~2,0,0,0,0 06-01~1,0,0,0,0 08-10~1,1,0,0,0 05-08~1,0,0,0,0 05-21~1,1,0,0,0 06-29~2,0,0,0,0 08-28~2,1,1,0,0 07-13~1,0,0,0,0 08-06~1,1,1,1,0 all~40,24,15,6,0
3173166_269593|1|00000051:/crypto-casino|05-28~3,1,1,0,0 06-13~1,0,0,0,0 05-26~1,1,1,0,0 05-09~2,0,0,0,0 05-02~1,0,0,0,0 08-21~1,1,1,0,0 06-04~2,1,1,0,0 05-07~2,2,0,0,0 06-10~1,0,0,0,0 07-06~1,0,0,0,0 06-15~1,0,0,0,0 06-09~2,2,2,0,0 06-03~1,0,0,0,0 06-14~2,2,2,0,0 06-06~3,2,1,1,0 05-01~1,1,0,0,0 05-27~4,1,1,0,0 06-07~1,0,0,0,0 06-20~1,1,0,0,0 06-08~4,1,1,1,0 05-08~1,0,0,0,0 05-31~1,0,0,0,0 05-18~1,0,0,0,0 05-22~3,2,2,2,0 06-12~1,0,0,0,0 06-05~2,1,1,0,0 05-25~2,0,0,0,0 05-06~1,0,0,0,0 05-14~1,1,1,0,0 05-19~1,0,0,0,0 08-20~1,0,0,0,0 05-12~1,0,0,0,0 05-13~2,0,0,0,0 05-21~1,0,0,0,0 05-11~1,0,0,0,0 06-16~2,0,0,0,0 06-11~1,0,0,0,0 all~51,21,16,7,1
3173166_282578|1|00000010:/crypto-casino|06-13~1,1,1,0,0 06-29~1,0,0,0,0 07-11~1,0,0,0,0 07-01~1,0,0,0,0 all~10,4,3,0,0 08-28~1,1,1,0,0 05-06~1,0,0,0,0 05-20~1,1,1,0,0 08-06~1,0,0,0,0 05-08~2,1,0,0,0
3173166_282592|1|00000025:/crypto-casino|06-12~1,1,1,0,0 08-21~1,1,1,0,0 05-08~2,1,0,0,0 05-10~1,1,0,0,0 08-28~2,0,0,0,0 06-14~1,0,0,0,0 08-23~1,0,0,0,0 05-03~1,1,0,0,0 07-26~1,1,1,1,0 06-22~1,1,1,0,0 06-10~1,1,1,0,0 07-16~1,1,0,0,0 06-09~1,1,1,1,0 05-30~1,0,0,0,0 06-27~1,1,1,1,0 05-07~1,0,0,0,0 07-31~1,0,0,0,0 06-02~2,2,2,0,0 08-29~1,1,1,0,0 06-13~1,1,1,1,0 06-07~2,2,1,0,0 08-27~1,0,0,0,0 05-01~1,1,0,0,0 08-18~1,1,1,0,0 all~25,18,13,4,0
3173166_293760|3|00000001:/de/crypto-casino 00000005:/tr/crypto-casino 00000020:/crypto-casino|05-03~1,1,0,0,0 06-24~3,1,1,0,0 08-01~1,0,0,0,0 06-29~1,0,0,0,0 06-30~1,1,1,0,0 05-31~2,0,0,0,0 06-22~1,0,0,0,0 06-21~1,1,1,1,0 05-26~1,1,1,0,0 07-08~2,1,0,0,0 06-05~2,1,0,0,0 06-15~1,0,0,0,0 06-26~1,0,0,0,0 05-06~1,0,0,0,0 06-20~1,1,1,0,0 07-14~1,0,0,0,0 05-01~1,1,0,0,0 05-09~1,0,0,0,0 06-12~2,2,1,0,0 05-08~1,1,0,0,0 07-12~1,1,1,0,0 06-13~1,0,0,0,0 05-21~1,0,0,0,0 05-11~1,1,0,0,0 05-04~1,0,0,0,0 06-11~1,1,1,1,0 06-23~3,1,1,0,0 all~26,15,9,4,0
3173166_386190|1|00000007:/|06-15~1,1,1,1,0 05-10~1,1,0,0,0 05-16~1,1,1,1,0 05-21~2,2,2,2,0 06-11~1,1,1,1,0 05-18~1,0,0,0,0 06-06~1,1,1,1,0 all~7,7,6,6,0
3173166_465448|2|00000001:/150-BONUS-UP-TO-2000-EUR-50-Free-Spins 00000016:/de/150-BONUS-UP-TO-2000-EUR-50-Free-Spins|05-27~1,1,0,0,0 06-18~1,1,1,0,0 07-07~1,1,1,1,0 05-10~1,1,0,0,0 06-26~1,1,1,0,0 08-20~1,1,1,1,0 06-03~1,1,0,0,0 06-19~1,1,1,0,0 05-07~2,2,0,0,0 08-24~1,1,0,0,0 05-26~1,1,1,0,0 07-24~1,1,1,0,0 08-15~2,1,1,0,0 06-22~1,1,1,1,0 05-11~1,0,0,0,0 05-14~3,2,2,1,0 all~17,16,11,4,0
3173166_484043|6|00000001:/tr 00000002:/de 00000002:/fr 00000003:/es 00000003:/pt 00000172:/|06-11~11,10,1,1,0 05-25~4,3,2,2,0 05-10~4,3,0,0,0 05-24~2,2,1,1,0 05-13~1,1,1,1,0 05-30~7,5,4,4,0 08-29~2,2,2,2,0 06-17~2,1,1,1,0 05-07~2,1,0,0,0 06-21~1,0,0,0,0 05-03~1,1,0,0,0 05-22~4,3,3,2,0 05-05~4,2,0,0,0 05-18~3,3,1,0,0 08-25~1,1,1,0,0 06-16~5,4,2,1,0 06-06~8,4,3,3,0 06-03~1,1,0,0,0 05-09~4,2,0,0,0 05-15~2,2,1,1,0 05-27~4,2,2,1,0 05-16~1,0,0,0,0 05-04~3,1,0,0,0 06-20~2,2,2,1,0 05-08~4,2,0,0,0 05-12~4,3,0,0,0 05-21~4,1,1,0,0 06-01~6,5,1,1,0 05-11~4,2,0,0,0 05-14~5,1,0,0,0 06-14~1,0,0,0,0 05-31~6,5,2,1,0 06-10~4,1,1,1,0 06-04~5,3,1,1,0 06-09~2,1,1,1,0 08-19~1,1,1,1,0 07-14~1,0,0,0,0 05-01~3,3,0,0,0 05-20~3,1,0,0,0 07-11~1,1,0,0,0 06-12~3,2,2,2,0 06-07~5,3,2,1,0 05-19~5,2,1,1,0 05-29~10,7,5,4,0 08-07~1,1,1,1,0 05-06~1,1,0,0,0 06-18~4,1,1,1,0 06-08~7,4,2,2,0 06-05~7,6,5,3,0 05-28~7,6,3,3,0 06-25~1,0,0,0,0 05-17~2,0,0,0,0 06-02~5,4,2,1,0 all~183,123,59,47,0
3173166_498523|3|00000001:/de 00000001:/ja 00000032:/|07-03~1,1,0,0,0 07-01~1,1,0,0,0 06-25~1,1,0,0,0 06-22~2,2,2,2,0 07-09~2,1,1,1,0 07-05~1,1,1,1,0 07-13~2,2,1,1,0 06-30~2,2,2,2,0 06-16~3,3,0,0,0 07-14~1,1,0,0,0 07-04~1,1,1,1,0 06-11~2,2,1,0,0 07-12~2,1,1,1,0 07-11~5,5,4,4,0 07-10~3,3,2,2,0 06-27~1,1,1,1,0 06-26~2,1,1,1,0 06-19~3,3,1,1,0 all~34,32,19,18,0
3173166_89238|6|00000001:/fr 00000001:/ja 00000003:/de 00000009:/pt 00000018:/es 00000201:/|07-07~6,2,1,0,0 06-24~1,0,0,0,0 05-16~1,0,0,0,0 05-31~1,1,1,0,0 06-07~5,2,1,0,0 05-30~2,1,1,0,0 05-23~1,1,1,0,0 05-14~4,2,2,0,0 08-20~4,1,1,1,0 08-11~2,2,2,0,0 08-13~1,1,1,1,0 07-21~2,1,1,0,0 06-13~3,1,1,1,0 05-17~1,1,1,1,0 05-18~2,2,2,1,0 06-04~1,0,0,0,0 05-27~1,1,0,0,0 05-28~2,1,1,0,0 07-05~4,2,2,1,0 06-27~1,0,0,0,0 08-19~1,1,1,1,0 07-10~1,1,1,0,0 07-27~2,2,2,1,0 08-26~1,1,1,0,0 06-18~1,1,1,0,0 08-05~1,0,0,0,0 06-28~2,1,1,0,0 08-16~2,1,0,0,0 06-30~1,1,1,0,0 08-14~2,1,0,0,0 07-29~5,1,1,0,0 08-25~2,1,1,0,0 06-08~3,2,2,1,0 05-10~5,4,0,0,0 07-30~5,3,3,2,0 05-06~8,2,0,0,0 05-24~2,1,1,0,0 05-01~4,1,0,0,0 06-14~1,0,0,0,0 08-21~1,0,0,0,0 07-18~1,1,0,0,0 06-03~1,0,0,0,0 07-08~2,0,0,0,0 05-03~8,3,0,0,0 05-11~1,0,0,0,0 07-02~2,0,0,0,0 07-11~2,1,1,0,0 08-01~1,1,1,0,0 08-04~1,1,1,0,0 07-28~2,2,1,0,0 06-20~4,1,0,0,0 06-19~4,2,1,0,0 08-27~4,0,0,0,0 06-09~4,2,2,1,0 08-02~2,2,2,0,0 06-10~1,1,0,0,0 05-19~1,1,0,0,0 08-22~1,1,1,0,0 08-17~1,1,0,0,0 06-29~2,1,1,0,0 08-29~2,1,1,0,0 06-17~1,0,0,0,0 05-08~7,4,0,0,0 05-29~2,0,0,0,0 05-09~3,2,0,0,0 06-21~1,1,0,0,0 07-17~2,1,1,0,0 08-03~3,1,1,0,0 07-06~2,2,2,2,0 07-20~3,2,2,0,0 05-07~7,5,0,0,0 06-06~2,2,1,0,0 08-28~2,1,1,0,0 08-15~2,1,1,0,0 07-12~2,1,1,1,0 05-22~1,1,0,0,0 05-04~5,2,0,0,0 08-24~1,0,0,0,0 07-31~1,1,1,0,0 06-22~1,1,0,0,0 07-25~1,0,0,0,0 08-23~3,1,0,0,0 06-23~1,0,0,0,0 07-09~4,1,1,1,0 05-12~4,2,0,0,0 05-25~2,1,1,1,0 07-22~1,0,0,0,0 05-02~3,2,0,0,0 07-23~2,1,1,0,0 08-07~1,0,0,0,0 07-03~4,1,1,0,0 07-01~3,2,2,2,0 08-18~1,1,1,0,0 07-13~2,1,1,0,0 05-21~2,0,0,0,0 06-02~2,0,0,0,0 08-08~1,1,1,0,0 07-15~6,2,2,2,0 07-19~3,3,2,2,0 07-14~2,0,0,0,0 06-01~1,0,0,0,0 05-13~1,1,1,1,0 07-04~5,1,0,0,0 06-15~1,0,0,0,0 06-05~6,4,1,0,0 07-26~2,1,1,1,0 07-16~4,3,2,0,0 all~233,129,81,34,1
3667766_85215|2|00000001:/de/crypto-casino 00000009:/crypto-casino|07-27~1,1,0,0,0 06-26~2,1,1,0,0 06-28~1,1,1,0,0 08-22~1,0,0,0,0 06-24~1,1,0,0,0 05-03~1,0,0,0,0 08-25~1,0,0,0,0 06-30~1,0,0,0,0 06-17~1,0,0,0,0 07-02~1,0,0,0,0 06-13~2,1,1,1,0 all~10,4,3,2,0
3849227_279402|3|00000001:/pt 00000002:/es 00000018:/|06-15~1,1,0,0,0 08-12~1,0,0,0,0 07-08~1,0,0,0,0 05-15~1,0,0,0,0 06-09~2,0,0,0,0 07-28~1,0,0,0,0 06-10~1,0,0,0,0 05-04~1,0,0,0,0 07-20~1,0,0,0,0 06-22~2,0,0,0,0 06-12~1,0,0,0,0 07-30~1,0,0,0,0 07-26~1,0,0,0,0 06-16~1,0,0,0,0 08-15~1,0,0,0,0 07-12~1,0,0,0,0 06-05~2,0,0,0,0 07-19~2,1,1,1,1 06-23~2,0,0,0,0 06-21~1,0,0,0,0 07-16~2,0,0,0,0 08-07~1,0,0,0,0 07-25~1,0,0,0,0 06-06~1,0,0,0,0 all~21,5,4,4,4
3933097_274726|1|00000006:/Special-spins-200-free|06-24~1,1,0,0,0 07-05~1,0,0,0,0 08-05~1,1,1,0,0 06-20~1,1,1,0,0 06-29~1,1,1,1,0 08-03~1,0,0,0,0 all~6,4,3,1,0
3933097_372799|1|00000006:/1.2mBTCFreebet_3|07-07~1,0,0,0,0 06-05~1,1,1,0,0 05-20~1,1,1,1,0 07-10~1,0,0,0,0 06-02~1,0,0,0,0 07-01~1,1,1,1,0 all~6,3,3,3,0
3933097_397337|3|00000001:/de/200-Bonus-500-Free-Spins-SILETBET 00000004:/ja/200-Bonus-500-Free-Spins-SILETBET 00000054:/200-Bonus-500-Free-Spins-SILETBET|05-29~2,2,0,0,0 07-10~2,1,1,1,0 07-04~2,2,2,2,0 08-14~2,1,0,0,0 08-04~1,1,1,0,0 06-12~1,0,0,0,0 07-25~1,1,0,0,0 05-27~1,1,1,1,0 05-23~1,1,1,0,0 08-22~1,1,1,1,0 08-05~1,0,0,0,0 07-06~2,1,1,1,0 05-20~3,3,1,0,0 08-06~1,0,0,0,0 08-23~2,2,1,1,0 08-07~1,1,0,0,0 05-22~1,0,0,0,0 all~59,48,36,18,1 08-01~1,1,1,1,0 07-14~2,2,2,0,0 08-02~2,1,1,1,0 07-19~1,1,1,0,0 06-14~3,2,1,0,0 07-26~1,1,1,0,0 08-18~1,1,0,0,0 08-15~1,1,1,1,0 06-17~2,2,1,0,0 08-29~1,1,1,0,0 07-03~1,0,0,0,0 06-13~1,0,0,0,0 07-21~2,0,0,0,0 08-03~3,2,2,1,0 07-11~2,1,1,1,0 06-10~1,1,1,0,0 06-15~1,1,1,1,0 07-01~3,2,2,1,0 07-28~1,1,1,0,0 07-30~3,2,2,1,0 06-18~3,3,2,1,0 07-18~2,1,1,0,0 07-24~1,1,0,0,0 07-29~1,1,1,0,0 06-29~1,0,0,0,0 06-16~1,1,0,0,0 06-22~2,1,0,0,0 07-09~1,1,1,0,0
3933097_401223|6|00000001:/ja/30-Free-Spins-NOSTRABET 00000002:/fr/30-Free-Spins-NOSTRABET 00000002:/pt/30-Free-Spins-NOSTRABET 00000010:/de/30-Free-Spins-NOSTRABET 00000010:/es/30-Free-Spins-NOSTRABET 00000150:/30-Free-Spins-NOSTRABET|08-09~1,1,1,0,0 05-03~1,0,0,0,0 08-04~2,2,2,1,0 05-12~2,2,0,0,0 07-19~2,1,1,0,0 05-02~1,0,0,0,0 07-23~1,0,0,0,0 06-11~6,1,0,0,0 05-29~1,0,0,0,0 07-12~2,0,0,0,0 07-10~5,3,2,0,0 08-22~1,1,0,0,0 07-11~1,0,0,0,0 08-06~3,1,0,0,0 05-21~1,0,0,0,0 07-03~2,0,0,0,0 06-07~1,0,0,0,0 08-24~3,2,1,0,0 07-06~7,2,1,1,0 07-15~1,1,0,0,0 08-27~2,2,2,1,0 06-19~2,1,1,0,0 06-05~1,0,0,0,0 05-09~1,1,0,0,0 07-17~2,1,0,0,0 06-17~4,0,0,0,0 08-29~3,2,2,0,0 06-14~2,2,2,1,0 07-26~1,0,0,0,0 08-03~2,1,1,0,0 06-30~11,5,1,1,0 06-20~2,2,2,2,1 07-18~1,1,1,0,0 07-29~1,1,1,1,0 06-13~6,4,4,2,0 07-22~1,0,0,0,0 07-31~1,0,0,0,0 06-25~2,1,0,0,0 07-09~1,0,0,0,0 07-05~2,1,1,1,0 08-01~4,1,0,0,0 08-12~2,1,0,0,0 05-15~4,3,2,1,0 06-02~5,4,0,0,0 07-02~2,0,0,0,0 05-22~1,1,0,0,0 07-07~5,3,2,0,0 06-15~7,3,2,1,0 07-24~1,1,1,0,0 07-01~4,0,0,0,0 07-30~4,2,0,0,0 07-21~1,1,0,0,0 06-09~2,1,1,0,0 05-07~3,2,0,0,0 06-27~3,2,2,1,0 08-05~2,2,1,0,0 07-13~1,1,0,0,0 07-16~4,1,1,1,0 08-08~2,0,0,0,0 06-22~3,0,0,0,0 08-11~1,1,0,0,0 07-27~1,1,1,0,0 05-27~1,1,0,0,0 06-26~4,1,1,0,0 08-18~2,2,1,1,0 08-26~2,1,0,0,0 07-20~2,1,0,0,0 05-28~7,3,2,0,0 05-14~1,0,0,0,0 06-21~1,1,1,1,0 08-20~2,1,1,0,0 07-04~5,0,0,0,0 08-10~2,0,0,0,0 05-24~1,1,0,0,0 06-10~8,1,0,0,0 06-03~2,0,0,0,0 07-08~4,2,2,1,0 08-16~1,0,0,0,0 06-28~3,2,0,0,0 05-05~1,0,0,0,0 06-24~4,2,0,0,0 06-29~5,3,2,0,0 08-07~1,0,0,0,0 06-16~5,2,1,1,0 08-25~3,2,1,0,0 all~175,102,54,26,3
3933097_401935|6|00000001:/fr/200-Free-Spins-NOSTRABET 00000001:/pt/200-Free-Spins-NOSTRABET 00000004:/tr/200-Free-Spins-NOSTRABET 00000005:/es/200-Free-Spins-NOSTRABET 00000016:/de/200-Free-Spins-NOSTRABET 00000291:/200-Free-Spins-NOSTRABET|07-29~6,5,4,2,0 07-07~2,1,1,0,0 06-01~3,2,1,0,0 06-17~7,7,6,1,0 08-29~3,3,2,0,0 07-12~5,4,2,1,0 08-23~3,2,2,1,0 06-26~6,6,5,2,0 08-18~6,6,1,0,0 06-08~4,4,4,1,0 05-10~1,1,0,0,0 06-09~5,5,4,2,0 08-19~4,3,1,1,0 07-28~5,4,3,1,0 06-03~8,4,1,0,0 07-27~2,1,1,1,0 05-09~5,5,0,0,0 06-21~4,3,2,0,0 08-02~1,1,0,0,0 07-03~2,1,1,0,0 08-16~4,4,2,0,0 08-13~4,4,2,1,0 05-04~6,6,0,0,0 05-13~2,2,0,0,0 07-20~2,2,1,0,0 07-11~1,1,0,0,0 06-30~4,4,1,0,0 05-20~2,2,1,0,0 08-01~2,2,1,0,0 05-30~4,4,4,1,0 06-20~4,3,3,1,0 05-29~4,4,3,0,0 05-26~1,1,1,0,0 07-10~3,3,2,1,0 07-22~4,4,3,1,0 08-10~4,4,4,0,0 05-27~1,1,0,0,0 07-23~1,0,0,0,0 07-09~1,1,0,0,0 06-07~6,6,5,1,0 06-11~4,4,2,1,0 06-18~3,3,2,0,0 07-14~3,2,1,0,0 05-17~1,1,1,0,0 08-28~1,1,1,0,0 06-16~1,1,1,1,0 05-03~5,5,0,0,0 08-27~6,5,4,0,0 06-19~2,2,1,0,0 05-08~2,2,0,0,0 05-14~2,2,1,0,0 07-31~2,2,1,0,0 07-21~3,3,2,0,0 06-14~2,2,2,0,0 07-05~5,4,3,1,0 06-22~6,5,5,1,0 05-23~4,4,3,1,0 05-24~8,7,3,1,0 06-06~2,1,1,0,0 07-19~1,1,1,0,0 08-15~5,5,1,0,0 08-09~2,2,0,0,0 07-26~3,3,3,2,0 08-24~5,4,2,0,0 05-19~3,3,1,0,0 05-28~4,4,1,1,0 07-08~2,2,1,0,0 07-13~1,1,0,0,0 05-07~1,1,0,0,0 07-04~1,1,1,0,0 08-21~5,4,3,1,0 08-20~2,2,0,0,0 08-12~3,3,1,0,0 07-16~3,3,2,0,0 08-25~5,5,3,1,0 06-02~8,8,6,0,0 06-10~3,3,3,1,0 08-22~3,3,1,1,0 07-18~3,3,3,1,0 08-05~3,3,2,0,0 05-11~6,6,0,0,0 05-01~2,2,0,0,0 06-13~1,1,1,1,0 05-25~5,4,4,1,0 06-23~2,1,0,0,0 08-06~2,2,1,1,0 05-18~3,3,2,1,0 06-25~3,3,3,1,0 08-03~3,2,2,0,0 06-12~7,6,4,1,0 07-02~1,1,0,0,0 06-05~6,5,3,1,0 07-15~2,2,2,0,0 07-25~5,3,2,0,0 06-15~4,4,4,1,0 06-29~1,1,0,0,0 08-17~2,2,0,0,0 05-31~5,4,4,2,0 06-24~3,3,3,0,0 08-08~1,1,1,0,0 07-24~4,4,4,0,0 05-15~5,5,3,1,0 05-21~3,3,1,1,0 05-22~4,3,0,0,0 08-04~1,1,1,1,0 05-06~2,2,0,0,0 05-16~1,1,1,1,0 06-04~2,2,1,0,0 05-02~5,4,0,0,0 05-12~3,3,0,0,0 07-06~3,2,2,2,0 07-01~1,1,0,0,0 all~318,303,191,63,1
3933097_401936|4|00000001:/de/200-Free-Spins-SILENTBET 00000001:/fr/200-Free-Spins-SILENTBET 00000003:/es/200-Free-Spins-SILENTBET 00000379:/200-Free-Spins-SILENTBET|07-24~2,2,1,0,0 05-16~3,3,0,0,0 07-01~12,10,6,4,0 05-24~4,4,3,2,0 05-31~4,1,1,0,0 06-29~9,7,4,1,0 06-30~3,1,1,1,0 07-02~6,3,2,0,0 07-19~7,7,4,1,0 05-18~1,1,1,1,0 05-05~1,1,0,0,0 06-01~5,4,4,0,0 05-11~1,1,0,0,0 05-14~1,1,1,1,0 06-03~4,4,3,0,0 06-02~1,1,0,0,0 07-13~4,4,4,2,0 07-20~6,5,4,2,0 07-22~4,2,1,1,0 06-25~10,6,3,2,0 07-17~9,8,6,3,0 05-09~3,3,0,0,0 06-19~14,13,11,5,0 05-06~2,1,0,0,0 06-09~3,3,3,0,0 05-19~4,3,3,3,0 06-10~1,1,0,0,0 07-14~8,7,3,1,0 07-09~4,4,4,2,0 06-15~8,6,4,3,0 05-17~3,3,1,0,0 07-16~8,8,5,3,0 07-04~5,4,1,0,0 07-07~5,5,2,1,0 06-26~11,10,9,3,0 05-28~2,2,0,0,0 05-21~1,1,1,0,0 05-20~4,4,2,0,0 06-22~6,6,4,0,0 07-26~9,8,6,0,0 05-12~1,1,0,0,0 06-16~4,4,4,1,0 06-20~9,8,5,3,0 07-11~8,7,5,3,0 06-11~14,12,8,5,0 06-14~13,12,11,5,0 07-06~4,4,4,0,0 07-15~13,11,8,3,0 06-27~9,7,3,1,0 06-12~12,11,8,3,0 06-23~12,9,5,3,0 05-07~4,4,0,0,0 05-27~4,2,1,1,0 06-13~6,4,4,2,0 05-22~1,1,1,0,0 07-28~6,5,3,1,0 05-29~2,1,1,0,0 06-28~9,8,5,2,0 07-21~9,9,8,0,0 07-18~9,8,6,1,0 07-25~9,9,5,1,1 07-12~4,4,4,0,0 05-01~1,1,0,0,0 06-21~5,4,3,1,0 05-04~1,1,0,0,0 06-24~12,10,8,4,0 07-27~8,7,4,3,0 06-17~14,12,9,3,0 06-08~2,1,1,1,0 07-03~6,5,4,2,0 07-10~7,5,5,2,0 06-18~7,6,5,3,0 05-03~2,2,0,0,0 05-13~2,2,2,0,0 07-05~2,2,2,0,0 07-08~6,6,5,4,0 all~384,355,253,109,1
3933097_491951|3|00000001:/es/crypto-casino 00000003:/de/crypto-casino 00000027:/crypto-casino|05-22~1,1,0,0,0 07-15~2,1,0,0,0 07-23~1,1,1,0,0 06-02~5,5,0,0,0 05-12~5,5,0,0,0 05-14~1,1,1,0,0 07-10~1,1,0,0,0 08-15~1,1,0,0,0 08-18~1,1,1,1,0 06-10~1,1,1,0,0 05-11~1,1,0,0,0 07-14~1,1,1,1,0 07-24~1,1,1,0,0 05-04~1,1,0,0,0 06-29~1,0,0,0,0 06-22~1,0,0,0,0 06-09~1,1,1,0,0 05-23~1,0,0,0,0 06-11~1,0,0,0,0 05-06~4,3,0,0,0 07-27~1,0,0,0,0 08-28~1,1,1,0,0 08-26~3,2,0,0,0 05-24~1,0,0,0,0 all~31,25,7,2,0
3933097_492161|4|00000001:/es/crypto-casino 00000001:/pt/crypto-casino 00000004:/de/crypto-casino 00000027:/crypto-casino|07-11~1,0,0,0,0 05-06~1,0,0,0,0 05-11~1,1,0,0,0 05-04~1,0,0,0,0 05-05~2,2,0,0,0 05-03~1,0,0,0,0 07-15~3,1,0,0,0 06-10~1,0,0,0,0 05-07~2,1,0,0,0 08-14~1,0,0,0,0 05-22~1,0,0,0,0 07-16~1,0,0,0,0 05-27~3,2,1,0,0 06-02~2,2,0,0,0 05-12~1,1,0,0,0 05-20~1,0,0,0,0 05-10~1,1,0,0,0 07-14~1,0,0,0,0 07-04~1,1,0,0,0 07-09~1,1,1,0,0 07-27~2,1,1,1,0 06-14~1,1,1,1,0 08-07~2,1,0,0,0 05-25~1,0,0,0,0 05-01~2,1,0,0,0 08-24~2,0,0,0,0 all~33,17,5,2,0
3933097_492163|10|00000002:/pt/crypto-casino 00000003:/ja/crypto-casino 00000003:/tr/crypto-casino 00000004:/it/crypto-casino 00000004:/no/crypto-casino 00000005:/de/crypto-casino 00000006:/es/crypto-casino 00000107:/crypto-casino|05-04~2,1,0,0,0 06-30~1,1,1,1,0 08-20~1,1,1,1,0 06-21~1,1,1,1,0 07-13~2,1,1,1,0 07-18~1,1,1,1,1 07-04~1,0,0,0,0 07-11~2,1,1,0,0 05-22~2,0,0,0,0 08-10~1,1,0,0,0 07-28~2,2,2,1,0 06-06~1,1,1,1,0 07-31~1,1,1,1,0 06-25~3,3,1,1,0 07-19~2,1,1,1,0 07-16~2,1,0,0,0 08-07~2,2,1,0,0 05-02~2,1,0,0,0 all~136,94,56,39,7 06-08~1,1,1,1,0 07-29~1,1,0,0,0 07-26~1,0,0,0,0 08-11~1,1,0,0,0 06-12~1,1,1,0,0 07-12~2,1,0,0,0 06-15~1,1,0,0,0 06-16~2,1,0,0,0 08-28~1,0,0,0,0 08-12~1,0,0,0,0 05-29~4,3,3,2,1 08-13~2,1,1,1,0 08-05~3,1,0,0,0 08-04~3,3,3,1,0 08-09~2,1,0,0,0 05-24~1,0,0,0,0 05-27~1,0,0,0,0 07-20~2,0,0,0,0 08-14~2,1,1,1,0 07-01~5,4,1,1,0 06-20~3,1,1,1,0 06-19~1,0,0,0,0 08-27~3,3,1,1,1 05-03~1,0,0,0,0 05-13~1,1,0,0,0 08-16~3,3,2,1,0 08-06~1,1,1,0,0 08-22~2,2,2,1,0 08-01~4,3,3,1,0 06-03~3,3,2,1,0 06-26~3,3,1,0,0 05-31~1,1,1,1,0 06-11~1,0,0,0,0 08-23~1,1,1,1,0 06-07~2,2,2,1,1 07-06~3,2,1,1,0 07-07~1,1,0,0,0 05-19~4,4,2,2,0 07-02~2,1,0,0,0 07-09~1,0,0,0,0 08-17~1,0,0,0,0 06-29~1,0,0,0,0 07-22~3,0,0,0,0 05-01~1,1,0,0,0 05-05~1,1,0,0,0 07-15~3,1,0,0,0 06-23~2,2,2,1,0 06-14~1,0,0,0,0 07-24~1,1,0,0,0 08-25~3,1,1,1,0 08-19~1,1,0,0,0 05-07~1,1,0,0,0 05-12~1,1,0,0,0 08-02~3,1,1,1,1 07-30~3,2,2,1,0 05-10~1,1,0,0,0 08-29~1,0,0,0,0 07-14~3,0,0,0,0 06-02~1,1,1,1,0 07-23~4,3,2,1,0 05-17~1,1,0,0,0 05-18~2,1,0,0,0 08-21~2,2,0,0,0 08-26~2,1,1,0,0
3933097_492350|10|00000004:/it/crypto-casino 00000005:/ja/crypto-casino 00000009:/no/crypto-casino 00000011:/pt/crypto-casino 00000013:/fr/crypto-casino 00000029:/es/crypto-casino 00000055:/de/crypto-casino 00000582:/crypto-casino|08-12~4,1,1,1,0 06-21~9,3,1,0,0 05-09~3,2,0,0,0 07-02~10,2,2,1,0 06-15~11,5,4,2,0 06-09~12,8,6,3,0 05-23~4,1,1,0,0 07-21~5,3,1,1,0 06-13~12,8,4,3,0 05-19~2,0,0,0,0 05-16~6,2,1,1,0 05-06~3,2,0,0,0 06-11~19,9,4,2,0 07-09~8,3,3,1,0 06-07~10,6,3,3,0 08-25~6,2,0,0,0 06-28~12,2,2,1,0 08-16~12,4,2,0,0 07-22~6,3,1,1,0 05-11~5,5,0,0,0 08-14~8,4,3,1,0 08-21~6,2,2,2,1 05-20~1,0,0,0,0 07-11~7,4,2,1,0 06-23~22,5,2,2,1 05-07~3,3,0,0,0 07-01~12,6,6,4,1 07-18~6,1,1,1,0 08-22~10,1,1,0,0 05-04~2,1,0,0,0 07-17~5,0,0,0,0 05-21~4,1,1,0,0 08-08~3,1,0,0,0 06-01~6,1,1,1,0 05-05~8,4,0,0,0 05-13~4,3,2,2,0 06-02~3,3,1,0,0 07-16~2,1,0,0,0 08-20~6,4,3,2,0 05-12~4,4,0,0,0 06-16~12,5,3,0,0 08-28~3,0,0,0,0 05-02~2,2,0,0,0 05-08~1,0,0,0,0 05-03~6,3,0,0,0 05-25~8,2,2,0,0 07-26~12,6,4,2,0 08-18~9,4,4,2,0 06-26~10,6,3,2,0 05-31~11,5,4,1,0 08-15~12,5,3,1,0 08-05~6,2,1,0,0 07-03~10,4,2,2,0 06-08~12,6,3,1,0 07-25~8,5,4,1,0 05-10~6,4,0,0,0 08-10~5,2,1,0,0 07-12~4,3,3,3,1 07-15~6,1,0,0,0 05-28~21,7,6,0,0 05-17~4,2,1,0,0 07-28~2,0,0,0,0 06-24~13,6,5,1,0 08-09~9,3,2,1,0 06-19~4,1,1,1,0 08-27~7,4,2,2,1 07-19~3,1,0,0,0 08-23~8,5,3,2,0 07-06~10,7,6,2,0 06-14~13,5,2,1,0 05-22~1,1,0,0,0 07-31~1,1,0,0,0 06-12~8,4,2,2,1 05-27~3,1,0,0,0 07-07~11,4,3,1,0 08-02~2,0,0,0,0 06-20~6,1,1,0,0 06-06~10,7,6,5,0 05-26~3,2,2,2,0 07-08~8,3,2,0,0 05-01~5,3,0,0,0 05-29~10,5,4,1,0 07-20~8,4,2,1,0 07-30~3,2,0,0,0 08-17~9,6,5,2,1 06-29~8,0,0,0,0 06-10~17,8,5,1,0 08-13~8,4,4,2,0 08-07~6,2,1,1,0 07-14~5,2,2,0,0 08-24~11,5,2,1,0 08-29~4,1,1,0,0 06-17~4,1,0,0,0 07-29~13,2,1,0,0 07-04~5,0,0,0,0 08-03~6,4,3,2,0 06-03~6,2,2,1,0 07-05~5,2,2,1,0 08-11~8,4,4,0,0 08-04~10,2,1,0,0 05-24~6,4,4,2,1 05-14~2,1,0,0,0 06-04~4,1,0,0,0 06-05~6,3,3,2,0 06-25~14,6,5,0,0 06-27~18,3,3,1,0 08-19~8,4,3,1,0 08-06~11,4,3,2,1 05-15~7,2,1,1,1 07-24~7,3,2,2,0 08-26~6,2,2,1,0 06-18~5,2,1,1,0 07-10~6,2,1,0,0 07-13~7,3,1,0,0 08-01~7,3,1,1,0 07-27~6,3,2,0,0 06-22~11,3,3,3,0 07-23~6,1,0,0,0 06-30~22,9,5,1,0 05-30~9,1,1,1,0 all~712,379,241,138,28
3933097_492353|4|00000001:/fr/crypto-casino 00000001:/no/crypto-casino 00000005:/de/crypto-casino 00000017:/crypto-casino|07-15~1,1,0,0,0 08-11~1,0,0,0,0 05-28~1,0,0,0,0 07-29~1,1,0,0,0 05-13~1,0,0,0,0 08-02~1,0,0,0,0 08-15~1,0,0,0,0 06-26~1,1,0,0,0 05-12~2,2,0,0,0 05-02~1,1,0,0,0 05-31~1,1,0,0,0 08-07~1,1,1,1,1 07-23~1,1,1,0,0 08-09~1,1,1,1,0 08-20~1,1,1,0,0 07-18~2,0,0,0,0 08-06~1,0,0,0,0 07-30~1,1,1,0,0 06-24~2,1,1,0,0 06-02~1,1,0,0,0 07-05~1,1,1,0,0 05-06~1,1,0,0,0 all~24,16,7,4,1
3933097_492362|5|00000001:/es/crypto-casino 00000001:/no/crypto-casino 00000002:/de/crypto-casino 00000002:/pt/crypto-casino 00000037:/crypto-casino|07-03~1,0,0,0,0 06-05~1,1,1,0,0 05-14~1,0,0,0,0 06-23~1,0,0,0,0 07-23~1,1,0,0,0 06-29~1,0,0,0,0 05-24~2,1,1,1,1 06-24~2,1,1,0,0 07-31~1,0,0,0,0 05-28~3,1,0,0,0 05-08~2,0,0,0,0 06-15~1,0,0,0,0 08-22~1,0,0,0,0 08-09~1,1,1,0,0 06-10~1,0,0,0,0 06-26~2,1,0,0,0 06-02~1,1,0,0,0 07-22~1,0,0,0,0 05-03~1,1,0,0,0 05-04~1,0,0,0,0 08-25~1,1,1,0,0 08-24~2,0,0,0,0 07-29~1,1,1,0,0 06-18~2,1,1,0,0 05-15~2,2,1,0,0 05-05~2,1,0,0,0 06-17~1,1,1,0,0 05-21~3,0,0,0,0 05-09~1,1,0,0,0 06-27~1,0,0,0,0 07-09~1,1,0,0,0 07-28~1,0,0,0,0 08-28~1,1,1,0,0 06-16~2,1,1,1,0 05-19~1,0,0,0,0 06-01~1,1,0,0,0 08-13~1,0,0,0,0 06-09~1,0,0,0,0 05-25~1,0,0,0,0 05-26~1,0,0,0,0 05-12~2,1,0,0,0 all~43,24,12,5,1
4062440_502845|2|00000001:/casino-promocode 00000014:/de/casino-promocode|08-07~1,1,1,0,0 08-01~1,1,0,0,0 07-25~3,3,0,0,0 07-19~1,1,0,0,0 07-26~1,1,1,0,0 07-22~1,1,0,0,0 07-20~1,1,0,0,0 07-24~1,1,1,0,0 08-26~1,0,0,0,0 08-08~1,1,0,0,0 07-17~1,1,0,0,0 08-28~1,1,0,0,0 08-16~2,2,0,0,0 08-19~1,1,0,0,0 08-21~2,2,1,0,0 08-12~1,1,0,0,0 08-22~1,1,0,0,0 all~15,15,4,0,0
4062440_506640|2|00000002:/crypto-sportsbook 00000006:/de/crypto-sportsbook|08-24~1,1,0,0,0 08-29~1,1,0,0,0 08-19~3,3,1,1,0 all~8,8,3,2,0 08-26~2,2,0,0,0 08-25~2,2,2,1,0
44075378_454611|1|00000059:/|06-07~1,1,1,0,0 05-22~1,1,1,1,0 06-21~1,0,0,0,0 05-19~1,0,0,0,0 05-05~3,1,0,0,0 05-26~1,0,0,0,0 06-03~2,1,1,1,0 06-01~1,0,0,0,0 06-08~1,1,0,0,0 05-16~3,2,1,1,0 05-13~3,0,0,0,0 05-29~3,0,0,0,0 05-23~1,0,0,0,0 05-28~1,1,1,1,0 06-10~2,1,1,1,0 07-19~1,1,1,0,0 06-05~1,0,0,0,0 05-31~1,1,1,1,0 05-25~6,4,3,2,0 05-04~3,1,0,0,0 06-17~4,1,1,1,0 08-13~1,0,0,0,0 06-02~2,1,1,1,0 05-27~1,0,0,0,0 05-20~2,1,1,1,0 05-17~1,1,1,0,0 06-16~1,1,0,0,0 05-24~1,1,1,1,0 05-21~2,2,1,0,0 06-04~1,1,0,0,0 06-11~1,1,1,0,0 05-14~1,1,0,0,0 05-01~3,2,0,0,0 06-09~2,0,0,0,0 all~59,29,18,13,0
44316114_491904|4|00000001:/de/crypto-casino 00000001:/es/crypto-casino 00000001:/pt/crypto-casino 00000047:/crypto-casino|05-05~5,4,0,0,0 08-27~1,1,1,0,0 06-21~1,1,1,0,0 06-10~2,1,1,0,0 05-26~1,1,0,0,0 06-02~3,1,0,0,0 06-06~3,2,2,0,0 05-16~1,0,0,0,0 08-03~1,1,1,0,0 05-09~3,1,0,0,0 06-18~1,0,0,0,0 05-11~1,1,0,0,0 05-29~2,1,1,0,0 06-27~1,1,0,0,0 07-22~1,1,1,1,0 06-05~1,0,0,0,0 06-30~1,1,0,0,0 08-23~3,1,1,0,0 06-01~1,0,0,0,0 08-12~1,1,0,0,0 05-01~1,1,0,0,0 07-25~1,1,0,0,0 05-28~1,0,0,0,0 05-31~2,1,1,1,0 06-29~1,0,0,0,0 06-08~2,1,0,0,0 08-24~1,0,0,0,0 06-26~1,1,0,0,0 08-14~1,1,0,0,0 06-03~1,1,1,0,0 06-25~2,2,1,0,0 05-13~1,1,1,0,0 05-03~1,1,0,0,0 06-13~2,1,1,1,0 06-24~1,1,0,0,0 05-02~1,1,0,0,0 07-08~1,0,0,0,0 06-04~1,0,0,0,0 07-23~1,1,0,0,0 05-07~1,1,0,0,0 08-05~1,0,0,0,0 07-12~1,1,0,0,0 05-23~2,2,1,1,0 05-14~2,2,1,1,0 05-30~3,3,2,2,0 05-20~1,1,0,0,0 all~50,41,18,9,2
5014718_98815|2|00000001:/fr 00000012:/|06-24~1,1,1,0,0 08-18~1,0,0,0,0 08-08~1,0,0,0,0 06-12~1,0,0,0,0 07-11~1,0,0,0,0 05-11~1,1,0,0,0 08-21~1,0,0,0,0 07-09~1,0,0,0,0 07-07~1,0,0,0,0 08-14~1,0,0,0,0 05-25~1,0,0,0,0 08-12~1,1,1,0,0 07-12~1,1,1,1,0 05-03~1,1,0,0,0 05-26~2,2,1,1,0 all~13,7,4,2,0
5046570_493854|1|00000005:/special-bonus/up-to-200|05-11~1,1,0,0,0 05-25~2,1,1,1,0 05-29~1,1,0,0,0 06-01~2,1,0,0,0 05-21~1,1,0,0,0 05-19~1,1,0,0,0 05-31~1,1,1,0,0 05-27~1,1,0,0,0 all~5,5,4,3,0
5046570_497042|7|00000001:/fr 00000001:/it 00000001:/ja 00000006:/es 00000006:/pt 00000012:/de 00000077:/|07-10~2,1,0,0,0 08-06~1,0,0,0,0 06-21~3,3,2,1,0 07-13~2,1,1,0,0 06-10~1,1,1,0,0 06-12~1,1,0,0,0 08-12~1,1,0,0,0 06-13~3,2,0,0,0 07-02~1,1,0,0,0 06-18~1,1,0,0,0 06-01~2,2,1,0,0 07-05~1,0,0,0,0 07-18~3,2,1,1,0 08-19~1,0,0,0,0 06-27~2,2,2,0,0 06-04~2,1,1,0,0 06-17~2,1,0,0,0 06-15~1,0,0,0,0 07-15~2,2,0,0,0 08-09~1,1,0,0,0 08-24~4,1,0,0,0 07-11~1,1,1,1,0 06-20~3,2,1,0,0 08-02~1,1,0,0,0 06-07~4,2,0,0,0 06-05~3,0,0,0,0 08-13~1,0,0,0,0 07-17~1,1,1,0,0 06-26~2,2,2,2,0 08-18~1,1,1,1,0 08-08~3,1,0,0,0 06-03~5,1,1,0,0 08-11~4,2,1,1,0 06-23~1,1,0,0,0 06-16~2,0,0,0,0 08-16~1,1,1,0,0 07-28~2,0,0,0,0 06-02~5,3,2,1,1 08-07~1,0,0,0,0 06-29~1,1,1,0,0 08-17~1,1,1,0,0 07-30~2,0,0,0,0 07-20~1,1,0,0,0 07-03~2,1,0,0,0 08-23~1,1,1,1,0 07-24~1,0,0,0,0 06-22~3,2,0,0,0 08-22~1,1,1,1,0 07-23~1,1,0,0,0 06-06~3,1,1,0,0 08-27~2,1,0,0,0 06-19~3,2,0,0,0 07-12~1,1,1,1,0 07-01~2,2,0,0,0 08-10~4,1,0,0,0 07-14~2,2,1,1,0 07-19~2,2,2,0,0 07-29~1,1,1,1,1 all~104,64,31,17,2
5053091_182194|2|00000001:/de 00000005:/|06-30~1,1,0,0,0 07-29~1,1,0,0,0 08-22~1,0,0,0,0 08-23~1,1,1,1,0 05-14~1,0,0,0,0 06-01~1,1,1,1,0 06-23~1,1,0,0,0 07-21~1,1,0,0,0 06-22~1,1,1,0,0 05-25~1,1,1,1,0 all~6,5,5,4,0
5281392_365155|4|00000001:/tr/crypto-sportsbook 00000002:/es/crypto-sportsbook 00000003:/fr/crypto-sportsbook 00000016:/crypto-sportsbook|06-17~1,0,0,0,0 05-18~1,0,0,0,0 05-31~1,0,0,0,0 05-17~1,0,0,0,0 08-09~1,0,0,0,0 05-24~1,0,0,0,0 07-10~1,1,1,1,0 06-08~1,0,0,0,0 07-24~1,1,0,0,0 07-19~2,1,0,0,0 07-07~1,0,0,0,0 06-24~1,0,0,0,0 06-07~2,0,0,0,0 08-28~1,0,0,0,0 05-10~1,0,0,0,0 07-06~1,0,0,0,0 08-21~1,1,1,0,0 08-18~1,1,1,1,0 06-13~1,0,0,0,0 05-09~1,0,0,0,0 05-28~1,1,1,1,0 06-14~2,1,0,0,0 07-15~1,0,0,0,0 08-08~1,0,0,0,0 05-06~1,0,0,0,0 all~22,6,4,3,0
5281392_425886|3|00000002:/pt/150-Bonus-300-Free-Spins-5281392 00000003:/es/150-Bonus-300-Free-Spins-5281392 00000024:/150-Bonus-300-Free-Spins-5281392|05-24~2,2,1,0,0 08-06~1,1,0,0,0 07-15~1,1,0,0,0 05-03~1,1,0,0,0 07-27~1,0,0,0,0 06-05~1,1,0,0,0 06-07~1,0,0,0,0 05-17~1,1,0,0,0 08-12~2,1,1,1,1 08-11~1,1,0,0,0 07-21~1,0,0,0,0 07-03~2,0,0,0,0 06-13~1,1,1,1,1 05-05~1,1,0,0,0 05-06~1,1,0,0,0 06-09~1,0,0,0,0 08-24~1,1,0,0,0 05-14~3,2,0,0,0 06-23~1,0,0,0,0 06-30~2,2,1,1,1 08-07~2,2,1,1,1 05-02~2,1,0,0,0 08-01~1,1,0,0,0 08-22~1,1,0,0,0 07-25~1,0,0,0,0 05-01~2,1,0,0,0 05-04~1,0,0,0,0 06-04~2,0,0,0,0 07-20~1,1,0,0,0 05-21~1,1,0,0,0 05-11~1,1,0,0,0 06-10~2,1,0,0,0 08-10~1,1,0,0,0 05-22~1,1,1,1,1 06-02~3,3,0,0,0 08-17~1,0,0,0,0 06-28~1,1,1,1,0 06-08~1,1,1,1,1 06-26~1,1,0,0,0 08-18~1,0,0,0,0 05-07~1,0,0,0,0 08-20~1,0,0,0,0 08-13~1,0,0,0,0 all~29,28,8,7,6
5281392_459651|2|00000001:/tr/150-Bonus-300-Free-Spins-5281392 00000033:/150-Bonus-300-Free-Spins-5281392|07-21~2,2,1,0,0 05-12~2,2,0,0,0 05-18~1,1,0,0,0 07-27~1,1,0,0,0 05-31~1,0,0,0,0 05-28~2,2,1,1,0 06-19~1,1,0,0,0 08-12~1,1,0,0,0 06-29~1,1,1,1,0 06-09~1,1,1,0,0 07-12~2,2,0,0,0 05-27~2,2,2,0,0 08-18~1,1,1,0,0 06-21~2,2,0,0,0 08-22~1,1,1,0,0 all~34,34,18,8,2 08-10~2,2,0,0,0 07-05~1,1,1,0,0 07-14~1,1,0,0,0 05-30~1,1,0,0,0 06-20~1,1,0,0,0 06-08~1,1,0,0,0 07-23~2,2,1,1,0 05-26~1,1,1,0,0 07-09~1,1,1,1,1 05-17~1,1,1,1,0 06-18~1,1,0,0,0 05-10~1,1,0,0,0 07-01~1,1,1,1,1 06-10~1,1,1,0,0 07-06~1,1,1,1,0 06-03~1,1,0,0,0 06-13~1,1,0,0,0 07-16~1,1,1,0,0
5281392_466844|1|00000047:/150-Bonus-300-Free-Spins-5281392|05-28~3,2,0,0,0 05-16~3,3,2,1,1 05-21~5,2,1,1,0 07-02~1,1,0,0,0 05-13~1,1,1,1,1 08-26~1,0,0,0,0 07-14~2,2,1,1,1 05-22~4,3,2,2,2 08-27~1,0,0,0,0 06-19~1,1,1,1,1 07-08~1,1,0,0,0 05-12~3,3,0,0,0 06-02~2,1,0,0,0 07-30~1,1,0,0,0 06-04~1,1,0,0,0 08-23~1,0,0,0,0 07-11~1,1,0,0,0 06-05~1,1,0,0,0 05-25~2,1,0,0,0 06-10~1,1,0,0,0 08-07~1,1,0,0,0 06-01~1,0,0,0,0 05-24~3,2,0,0,0 05-09~1,1,0,0,0 05-15~1,1,1,1,1 08-05~1,1,0,0,0 06-09~2,2,2,2,2 06-25~6,5,3,3,3 08-22~1,1,1,1,1 06-14~1,1,0,0,0 06-08~1,1,0,0,0 05-20~3,3,2,2,1 08-25~1,0,0,0,0 05-19~2,2,1,1,1 05-17~1,0,0,0,0 06-07~2,2,1,1,0 08-11~5,5,4,2,2 08-28~1,0,0,0,0 06-16~1,1,0,0,0 05-27~2,1,0,0,0 05-10~1,1,0,0,0 06-13~1,1,0,0,0 05-14~2,1,1,1,1 05-18~3,2,0,0,0 05-08~2,2,0,0,0 07-20~1,1,0,0,0 05-26~1,0,0,0,0 07-13~1,1,0,0,0 07-23~1,1,0,0,0 all~47,44,25,24,21
53105926_479490|10|00000003:/it/promotions/welcome-bonus 00000003:/ja/promotions/welcome-bonus 00000010:/de/promotions/welcome-bonus 00000016:/tr/promotions/welcome-bonus 00000017:/fr/promotions/welcome-bonus 00000021:/es/promotions/welcome-bonus 00000028:/pt/promotions/welcome-bonus 00000362:/promotions/welcome-bonus|05-26~4,2,0,0,0 06-12~3,2,2,2,1 08-02~3,0,0,0,0 06-03~4,0,0,0,0 07-31~4,0,0,0,0 07-14~3,0,0,0,0 05-03~10,4,0,0,0 06-29~3,0,0,0,0 08-17~3,0,0,0,0 07-26~2,2,1,0,0 08-19~2,1,1,1,1 06-27~1,0,0,0,0 05-19~4,0,0,0,0 06-13~5,0,0,0,0 08-22~2,0,0,0,0 06-11~9,2,2,2,0 07-07~4,1,1,1,1 08-06~5,2,1,1,0 06-24~3,0,0,0,0 07-13~4,1,1,1,0 06-07~4,1,1,0,0 07-16~3,1,0,0,0 05-11~5,1,0,0,0 05-22~3,1,1,1,0 05-20~7,1,1,1,0 05-15~3,2,0,0,0 08-14~3,1,1,0,0 07-04~5,1,1,0,0 05-29~3,2,2,0,0 06-30~2,0,0,0,0 07-30~6,2,2,2,0 08-09~3,1,1,1,0 05-16~3,0,0,0,0 08-15~4,1,1,1,0 08-27~3,0,0,0,0 06-19~6,2,2,1,0 07-15~1,0,0,0,0 05-08~8,2,0,0,0 05-14~5,0,0,0,0 06-18~4,2,2,1,0 08-26~2,0,0,0,0 06-15~3,2,1,1,0 05-06~8,4,0,0,0 05-05~5,0,0,0,0 07-02~4,1,0,0,0 06-08~3,0,0,0,0 07-23~5,4,1,0,0 06-02~7,4,3,1,0 06-09~7,0,0,0,0 08-11~59,1,1,0,0 08-05~5,4,2,2,2 05-21~6,2,2,2,0 05-31~9,1,1,1,0 07-08~6,2,2,1,0 05-02~3,1,0,0,0 07-22~5,0,0,0,0 08-24~4,1,1,0,0 05-24~5,0,0,0,0 07-19~3,1,0,0,0 06-22~3,2,2,0,0 07-10~1,0,0,0,0 06-10~2,0,0,0,0 08-23~6,2,2,1,0 07-21~2,0,0,0,0 06-21~3,2,1,1,0 06-04~3,0,0,0,0 05-13~5,0,0,0,0 05-04~6,1,0,0,0 05-17~1,0,0,0,0 08-16~7,1,1,0,0 06-28~4,0,0,0,0 08-01~7,4,3,2,0 06-25~3,2,2,0,0 07-24~3,0,0,0,0 05-18~3,2,2,1,0 07-05~2,1,0,0,0 07-25~6,2,2,1,0 07-17~2,1,1,1,0 08-13~6,3,2,1,1 08-28~2,0,0,0,0 06-16~2,1,0,0,0 07-20~4,4,3,1,0 08-12~1,0,0,0,0 07-27~3,1,1,1,0 06-26~5,0,0,0,0 08-18~2,1,1,0,0 06-23~6,3,3,2,0 05-23~4,0,0,0,0 06-06~3,1,1,1,0 05-27~6,2,1,1,0 07-28~4,2,2,1,0 05-10~5,2,0,0,0 06-01~10,6,4,3,0 07-18~1,0,0,0,0 07-03~1,0,0,0,0 08-08~3,1,0,0,0 07-06~8,3,3,2,0 06-17~3,1,1,0,0 08-29~8,3,2,2,0 05-09~6,3,0,0,0 07-29~5,2,2,1,0 08-07~2,0,0,0,0 06-05~2,1,1,1,0 05-25~5,1,1,0,0 05-30~4,0,0,0,0 07-09~6,1,1,0,0 08-10~1,0,0,0,0 08-20~4,1,0,0,0 07-12~2,0,0,0,0 08-21~2,0,0,0,0 05-01~6,2,0,0,0 05-12~6,3,0,0,0 06-20~5,1,1,1,0 07-01~8,2,1,1,0 07-11~3,1,1,0,0 06-14~4,1,1,0,0 05-28~4,2,1,1,0 05-07~3,1,0,0,0 08-03~11,2,2,2,1 08-04~4,2,2,1,1 all~463,152,97,62,12
5885261_500855|8|00000001:/it/casino-promocode 00000002:/no/casino-promocode 00000002:/tr/casino-promocode 00000006:/ko/casino-promocode 00000006:/pt/casino-promocode 00000010:/es/casino-promocode 00000056:/de/casino-promocode 00000283:/casino-promocode|08-26~11,7,2,2,1 08-28~19,18,8,3,0 08-13~11,11,5,2,0 08-03~9,9,6,2,1 08-08~20,20,12,4,0 08-14~6,5,2,1,0 08-25~16,14,2,1,0 08-02~8,8,4,2,0 08-01~12,11,5,1,0 08-24~9,7,4,3,0 08-16~9,8,5,3,1 08-17~16,15,6,1,0 08-07~15,15,10,5,3 08-06~14,14,10,5,1 08-20~14,14,7,4,1 08-05~11,9,5,3,0 08-15~12,12,8,1,0 07-28~9,9,2,1,0 08-12~5,5,3,3,0 08-27~10,10,3,0,0 08-22~12,11,6,4,0 08-19~15,15,9,4,0 08-23~13,11,7,2,0 08-04~7,7,5,2,0 08-29~28,27,18,7,2 07-31~5,5,3,2,0 08-09~9,8,5,0,0 06-30~2,2,2,0,0 07-29~11,11,6,3,0 08-18~14,14,6,2,0 08-21~15,14,5,4,1 08-11~9,9,4,2,0 08-10~7,7,3,1,0 07-30~6,5,4,1,0 all~366,352,193,86,11
60705687_484316|2|00000009:/ 00000094:/de|07-15~1,0,0,0,0 05-02~3,1,0,0,0 05-15~3,2,0,0,0 06-18~1,0,0,0,0 05-01~1,1,0,0,0 06-01~3,2,0,0,0 05-29~4,3,1,1,1 06-30~2,1,1,0,0 05-20~4,2,0,0,0 05-25~1,0,0,0,0 07-11~1,1,0,0,0 06-14~1,1,1,0,0 06-28~4,3,2,2,0 05-28~2,2,1,1,1 05-03~1,1,0,0,0 06-21~4,2,1,1,1 06-07~2,1,1,0,0 05-26~5,4,0,0,0 06-04~1,0,0,0,0 06-17~5,3,1,1,0 05-19~6,5,2,2,1 05-31~1,0,0,0,0 07-12~4,2,0,0,0 06-13~3,2,1,1,1 07-07~3,2,1,0,0 07-17~1,1,1,1,0 05-23~2,0,0,0,0 06-27~1,1,1,1,1 05-12~3,2,0,0,0 06-11~3,2,1,1,1 06-20~4,0,0,0,0 06-25~1,1,0,0,0 06-06~1,0,0,0,0 06-16~2,1,0,0,0 06-23~3,2,0,0,0 06-12~5,4,0,0,0 06-03~2,0,0,0,0 06-08~2,0,0,0,0 05-17~1,1,0,0,0 05-16~4,3,1,1,1 05-24~3,2,1,1,1 07-08~1,1,1,1,1 06-22~1,0,0,0,0 05-13~4,4,1,1,1 05-18~4,2,0,0,0 05-14~2,1,0,0,0 06-19~1,0,0,0,0 06-09~2,1,0,0,0 07-14~3,3,2,1,0 06-05~1,0,0,0,0 05-04~4,3,0,0,0 06-10~8,6,4,2,2 06-02~6,5,3,3,1 06-15~1,0,0,0,0 07-16~2,1,1,1,1 07-03~1,0,0,0,0 05-21~2,1,0,0,0 07-01~1,1,0,0,0 05-05~1,0,0,0,0 06-29~2,2,0,0,0 05-22~1,0,0,0,0 07-09~3,2,1,1,0 all~103,83,30,24,15
60705687_502835|3|00000001:/pt/casino-promocode 00000013:/casino-promocode 00000026:/de/casino-promocode|08-01~5,5,3,3,1 08-22~1,1,0,0,0 08-09~1,1,1,1,0 07-26~1,1,0,0,0 07-17~2,2,2,1,1 07-22~1,0,0,0,0 08-02~2,2,0,0,0 08-14~1,1,0,0,0 07-31~4,3,0,0,0 07-16~1,1,1,0,0 08-29~2,2,0,0,0 08-11~2,1,0,0,0 08-16~1,1,1,1,0 all~40,39,17,15,7 07-19~1,0,0,0,0 07-24~3,2,1,1,1 07-20~2,2,1,1,0 08-05~2,1,0,0,0 07-29~2,2,1,0,0 08-28~3,3,2,2,1 08-04~2,2,0,0,0 07-27~1,1,0,0,0 08-07~1,0,0,0,0 08-06~1,1,0,0,0 07-18~2,2,0,0,0 08-03~4,4,3,3,3 08-27~1,1,0,0,0 08-13~1,1,1,1,0 08-20~1,1,1,1,0 07-30~2,1,1,1,1
60791487_337537|7|00000001:/hi/crypto-sportsbook 00000002:/fr/crypto-sportsbook 00000003:/es/crypto-sportsbook 00000004:/de/crypto-sportsbook 00000005:/tr/crypto-sportsbook 00000009:/pt/crypto-sportsbook 00000118:/crypto-sportsbook|07-22~1,0,0,0,0 05-29~4,0,0,0,0 06-10~1,1,1,1,0 08-25~1,0,0,0,0 07-08~2,0,0,0,0 08-02~1,0,0,0,0 07-06~3,0,0,0,0 08-03~4,0,0,0,0 08-10~1,0,0,0,0 06-19~1,0,0,0,0 07-30~1,0,0,0,0 all~142,19,11,9,3 05-13~3,0,0,0,0 08-05~2,0,0,0,0 08-15~1,0,0,0,0 08-18~1,0,0,0,0 07-05~3,0,0,0,0 08-09~1,0,0,0,0 05-20~3,0,0,0,0 06-15~3,0,0,0,0 05-21~2,0,0,0,0 05-09~2,0,0,0,0 05-06~1,0,0,0,0 07-11~2,0,0,0,0 08-04~3,0,0,0,0 06-11~2,0,0,0,0 07-16~4,0,0,0,0 07-15~1,0,0,0,0 05-15~1,0,0,0,0 05-25~1,0,0,0,0 05-05~1,0,0,0,0 06-23~2,1,1,1,0 06-02~3,0,0,0,0 07-23~1,0,0,0,0 07-28~1,0,0,0,0 08-17~2,0,0,0,0 05-28~1,0,0,0,0 05-19~2,0,0,0,0 06-03~1,0,0,0,0 05-12~7,0,0,0,0 05-01~2,1,0,0,0 08-06~1,0,0,0,0 08-22~3,0,0,0,0 07-03~3,0,0,0,0 07-31~1,0,0,0,0 05-03~2,0,0,0,0 07-12~1,0,0,0,0 07-09~3,2,2,1,1 05-14~1,0,0,0,0 05-04~2,0,0,0,0 05-31~4,0,0,0,0 05-11~4,0,0,0,0 07-04~3,0,0,0,0 05-24~3,0,0,0,0 08-08~3,0,0,0,0 05-30~3,0,0,0,0 06-18~2,0,0,0,0 08-26~1,0,0,0,0 05-23~1,0,0,0,0 06-06~1,0,0,0,0 07-02~2,0,0,0,0 05-26~1,0,0,0,0 07-27~2,0,0,0,0 08-11~2,0,0,0,0 06-09~2,0,0,0,0 08-28~1,0,0,0,0 06-16~1,1,0,0,0 07-20~3,1,1,1,0 05-02~4,0,0,0,0 07-17~1,0,0,0,0 08-01~4,0,0,0,0 08-19~3,0,0,0,0 06-27~1,0,0,0,0 06-08~1,0,0,0,0 05-10~3,0,0,0,0 05-07~1,0,0,0,0 07-24~1,0,0,0,0 08-21~3,0,0,0,0 08-16~2,1,0,0,0 06-28~2,0,0,0,0 08-12~1,1,1,1,0 08-29~3,0,0,0,0 06-20~3,0,0,0,0 08-20~5,1,1,1,0 05-18~2,0,0,0,0 05-08~2,0,0,0,0
61014914_433206|1|00000010:/es/Get-150-Deposit-Bonus-300-Free-Spins-A|05-29~2,1,1,0,0 05-28~1,1,0,0,0 05-14~1,1,1,1,0 05-19~2,2,2,0,0 05-02~1,1,0,0,0 05-21~1,1,1,1,0 05-09~1,1,0,0,0 05-17~1,1,1,1,0 all~10,9,6,3,0
61014914_482306|6|00000001:/it/promotions/welcome-bonus 00000002:/fr/promotions/welcome-bonus 00000004:/de/promotions/welcome-bonus 00000005:/es/promotions/welcome-bonus 00000020:/pt/promotions/welcome-bonus 00000173:/promotions/welcome-bonus|05-13~3,0,0,0,0 07-04~1,0,0,0,0 05-08~5,2,0,0,0 05-14~4,1,1,1,0 05-11~4,1,0,0,0 06-15~1,0,0,0,0 05-12~6,0,0,0,0 06-01~10,4,2,0,0 all~205,62,39,18,1 07-02~1,0,0,0,0 06-30~4,1,1,0,0 05-05~3,1,0,0,0 05-24~1,0,0,0,0 05-25~5,4,3,2,0 06-27~52,9,5,1,0 06-28~16,4,3,1,0 05-28~5,2,1,0,0 06-18~1,0,0,0,0 05-26~3,1,1,1,0 06-25~3,0,0,0,0 07-03~1,1,1,1,0 07-19~1,0,0,0,0 06-17~6,0,0,0,0 06-26~5,0,0,0,0 06-02~11,3,3,2,0 05-23~4,1,1,0,0 05-02~2,1,0,0,0 05-22~3,1,1,0,0 05-10~8,0,0,0,0 06-16~2,0,0,0,0 05-27~4,2,2,0,0 06-05~1,0,0,0,0 05-20~3,2,2,1,0 05-07~5,2,0,0,0 07-20~1,1,1,0,0 05-09~4,2,0,0,0 05-30~2,1,1,0,0 05-04~2,1,0,0,0 06-09~1,0,0,0,0 05-19~2,0,0,0,0 05-01~2,2,0,0,0 05-29~3,0,0,0,0 05-15~3,1,1,0,0 05-31~6,2,2,1,0 06-29~12,4,2,0,0 05-06~2,0,0,0,0 05-16~1,1,0,0,0
61014914_496847|7|00000001:/el 00000001:/no 00000002:/fr 00000002:/ja 00000008:/de 00000014:/es 00000207:/|06-14~4,1,0,0,0 07-03~2,2,2,1,0 08-09~2,2,1,0,0 07-05~4,3,2,1,0 07-07~1,0,0,0,0 08-21~7,6,0,0,0 06-23~5,2,0,0,0 08-22~2,1,0,0,0 08-05~1,1,1,1,0 07-09~2,2,2,1,0 06-07~8,6,3,1,0 08-29~1,0,0,0,0 06-17~7,3,2,1,0 07-17~2,1,1,0,0 06-28~8,5,5,0,0 08-26~2,1,0,0,0 06-18~7,2,1,0,0 07-08~2,1,1,0,0 08-24~2,1,1,0,0 08-06~2,2,2,0,0 06-30~6,3,1,0,0 07-30~1,1,1,0,0 06-15~7,3,2,0,0 06-24~5,1,0,0,0 08-02~2,1,0,0,0 07-28~1,0,0,0,0 06-04~4,3,1,0,0 06-03~10,4,3,2,0 06-08~8,4,3,2,0 07-21~2,1,0,0,0 06-22~8,5,4,3,0 07-18~1,1,1,0,0 06-10~8,6,4,2,0 07-02~1,0,0,0,0 08-17~3,1,1,1,0 06-29~6,2,2,0,0 06-20~7,3,2,0,0 05-29~1,1,0,0,0 08-03~1,1,0,0,0 08-12~1,0,0,0,0 06-19~4,2,1,1,0 08-27~1,1,1,0,0 06-27~4,1,1,0,0 07-04~3,0,0,0,0 06-11~7,4,2,2,0 07-27~5,2,0,0,0 07-10~4,3,3,2,0 08-20~1,0,0,0,0 08-08~1,0,0,0,0 08-18~2,1,1,0,0 06-26~9,6,1,1,0 07-06~1,1,0,0,0 07-22~1,0,0,0,0 08-14~1,0,0,0,0 07-01~2,2,1,1,1 08-01~1,1,1,0,0 06-12~8,3,2,0,0 07-15~5,2,1,1,0 06-13~5,1,1,0,0 08-04~1,1,0,0,0 07-13~2,1,0,0,0 06-09~4,2,1,0,0 06-16~10,4,3,1,0 07-23~1,0,0,0,0 06-06~7,2,0,0,0 06-05~3,1,1,0,0 07-29~2,1,1,1,0 07-24~1,1,1,1,0 06-21~11,8,4,2,0 06-25~7,4,3,1,0 07-16~1,0,0,0,0 07-26~1,0,0,0,0 all~235,135,86,35,2
6437456_121214|2|00000001:/fr/crypto-casino 00000015:/crypto-casino|06-07~1,0,0,0,0 05-17~1,0,0,0,0 08-25~1,0,0,0,0 08-11~1,0,0,0,0 05-15~1,0,0,0,0 07-14~1,0,0,0,0 07-17~1,0,0,0,0 08-01~1,1,1,1,1 08-27~1,0,0,0,0 07-11~1,0,0,0,0 all~16,3,3,1,1 05-09~1,0,0,0,0 06-29~1,1,1,0,0 06-08~1,1,1,0,0 06-18~1,0,0,0,0 06-15~1,0,0,0,0 08-23~1,0,0,0,0
6934353_129197|5|00000001:/it 00000001:/pt 00000003:/es 00000019:/de 00000135:/|07-11~1,1,1,0,0 05-23~3,1,0,0,0 07-28~1,0,0,0,0 05-11~2,1,0,0,0 05-04~2,1,0,0,0 05-05~4,0,0,0,0 05-30~1,0,0,0,0 05-24~1,0,0,0,0 05-21~3,2,2,2,0 05-03~6,3,0,0,0 08-09~3,2,2,1,0 07-26~3,2,2,0,0 07-15~1,1,1,0,0 07-17~1,0,0,0,0 05-07~1,0,0,0,0 07-21~1,1,1,0,0 08-14~2,1,1,0,0 06-03~1,1,1,0,0 06-20~1,0,0,0,0 08-15~4,2,2,0,0 07-23~1,0,0,0,0 07-31~1,1,1,0,0 06-13~2,2,2,0,0 07-16~2,1,1,0,0 05-15~1,0,0,0,0 06-04~3,1,0,0,0 08-29~2,2,2,1,0 06-17~2,1,1,0,0 08-26~1,1,0,0,0 06-18~1,0,0,0,0 07-13~1,0,0,0,0 05-18~6,3,1,0,0 08-11~1,0,0,0,0 06-28~2,2,1,0,0 05-27~2,2,2,1,0 06-23~1,1,1,0,0 05-16~2,0,0,0,0 07-19~1,1,1,1,0 07-24~1,0,0,0,0 06-21~2,2,1,0,0 06-09~1,0,0,0,0 06-02~4,1,1,0,0 06-12~1,0,0,0,0 06-27~1,0,0,0,0 08-19~3,1,0,0,0 05-02~1,0,0,0,0 08-28~1,0,0,0,0 05-12~2,1,0,0,0 05-20~2,0,0,0,0 08-04~2,0,0,0,0 08-18~3,1,1,0,0 05-17~1,1,1,1,0 05-10~2,1,0,0,0 08-23~3,2,1,0,0 06-30~1,0,0,0,0 07-10~1,1,0,0,0 07-04~3,0,0,0,0 08-17~1,0,0,0,0 06-01~4,0,0,0,0 07-27~2,1,1,1,0 06-14~1,1,1,1,0 08-07~1,1,1,0,0 05-29~2,1,1,0,0 06-06~1,0,0,0,0 08-06~1,0,0,0,0 07-12~3,1,1,0,0 05-09~2,0,0,0,0 05-19~2,1,0,0,0 05-25~2,1,1,0,0 06-22~2,0,0,0,0 07-18~2,1,1,0,0 08-03~1,0,0,0,0 05-28~2,1,0,0,0 07-08~2,0,0,0,0 07-05~1,1,1,0,0 05-01~19,5,0,0,0 06-19~2,2,2,0,0 08-13~2,1,0,0,0 08-10~1,0,0,0,0 07-02~3,3,2,0,0 08-24~3,0,0,0,0 08-20~1,1,1,0,0 07-30~1,1,1,0,0 all~159,79,51,17,0
6957193_130439|2|00000003:/ 00000011:/de|06-25~1,1,1,1,0 07-21~1,0,0,0,0 08-11~1,0,0,0,0 05-12~1,0,0,0,0 05-02~1,0,0,0,0 05-08~1,0,0,0,0 06-22~1,0,0,0,0 07-13~1,1,0,0,0 06-27~1,1,0,0,0 05-11~1,0,0,0,0 05-03~1,0,0,0,0 07-08~2,1,1,0,0 05-09~1,1,0,0,0 05-21~1,1,1,1,0 all~14,7,3,2,0
72243762_361318|1|00000121:/300bonus-Casinolandia-US|05-18~1,0,0,0,0 06-21~1,1,0,0,0 06-09~2,1,1,0,0 05-23~3,2,2,2,0 07-21~3,2,2,1,0 06-13~1,1,0,0,0 05-06~3,2,0,0,0 06-07~2,1,1,0,0 08-25~1,1,0,0,0 06-28~3,2,2,0,0 08-16~2,2,2,1,0 05-11~5,3,0,0,0 08-14~1,0,0,0,0 05-20~1,1,1,1,0 08-22~1,1,1,0,0 05-04~1,0,0,0,0 05-21~1,1,1,0,0 06-01~2,2,2,1,0 05-13~2,2,0,0,0 06-02~5,5,4,3,0 07-16~2,2,2,0,0 05-12~4,2,0,0,0 05-02~2,2,0,0,0 05-03~2,2,0,0,0 05-25~6,4,4,2,0 08-15~1,1,1,1,0 08-05~1,1,1,1,0 06-08~2,1,1,0,0 05-10~2,2,0,0,0 08-10~3,2,1,0,0 07-12~1,1,1,1,0 07-15~1,1,1,1,0 05-28~3,2,2,0,0 05-17~2,0,0,0,0 06-19~2,1,1,0,0 08-27~1,1,1,0,0 08-23~1,1,1,1,0 07-06~2,2,2,2,0 06-14~2,2,2,1,0 07-31~1,1,1,1,0 07-07~2,1,1,0,0 06-20~1,1,1,0,0 06-06~2,1,1,0,0 07-08~1,1,0,0,0 05-01~1,1,0,0,0 05-29~1,0,0,0,0 07-20~1,0,0,0,0 08-17~2,1,1,0,0 08-13~1,1,1,1,0 08-07~1,1,1,1,0 07-14~2,1,1,0,0 08-29~3,1,1,0,0 06-17~1,0,0,0,0 06-03~1,1,0,0,0 08-11~2,1,1,1,0 05-14~5,2,1,0,0 06-04~6,4,3,3,0 06-05~2,2,2,0,0 06-25~4,3,2,0,0 08-19~1,0,0,0,0 08-06~1,0,0,0,0 05-15~1,1,0,0,0 06-18~1,0,0,0,0 08-01~1,1,0,0,0 07-27~1,1,1,1,0 07-23~1,1,1,0,0 06-30~1,1,1,1,0 05-30~3,2,1,1,0 all~121,90,62,33,0
72243762_463534|7|00000001:/tr/Get-150-Deposit-Bonus-300-Free-Spins-A 00000002:/el/Get-150-Deposit-Bonus-300-Free-Spins-A 00000003:/it/Get-150-Deposit-Bonus-300-Free-Spins-A 00000007:/pt/Get-150-Deposit-Bonus-300-Free-Spins-A 00000015:/de/Get-150-Deposit-Bonus-300-Free-Spins-A 00000016:/es/Get-150-Deposit-Bonus-300-Free-Spins-A 00000103:/Get-150-Deposit-Bonus-300-Free-Spins-A|05-17~2,2,0,0,0 05-01~5,5,0,0,0 05-30~2,2,1,0,0 06-06~3,3,1,1,0 05-31~6,6,1,0,0 05-22~4,4,1,0,0 05-27~3,3,1,0,0 05-16~3,3,1,0,0 05-19~4,3,1,0,0 06-05~2,2,2,1,0 05-26~5,4,0,0,0 06-09~1,1,0,0,0 05-11~5,5,0,0,0 05-07~3,3,0,0,0 06-01~1,1,0,0,0 05-25~3,3,2,0,0 06-02~20,19,2,1,0 05-02~6,6,0,0,0 05-10~1,1,0,0,0 05-21~4,4,1,0,0 06-08~6,6,2,1,0 05-18~3,3,2,0,0 05-09~2,2,0,0,0 05-28~1,1,0,0,0 05-08~2,2,0,0,0 05-14~2,2,1,1,1 05-06~3,3,0,0,0 06-07~3,3,2,1,0 05-23~6,6,4,1,0 05-05~2,2,0,0,0 05-04~2,2,0,0,0 05-13~8,8,1,0,0 05-24~1,1,0,0,0 05-03~4,4,0,0,0 05-20~6,6,1,1,0 06-03~1,1,0,0,0 06-10~1,1,1,0,0 05-12~20,20,0,0,0 06-04~4,4,1,1,0 all~147,146,33,14,1
753847_278323|6|00000001:/fr 00000001:/ja 00000001:/pt 00000002:/es 00000003:/de 00000036:/|06-07~1,0,0,0,0 05-10~1,0,0,0,0 07-24~1,0,0,0,0 08-12~1,0,0,0,0 05-20~3,1,1,1,0 05-14~1,0,0,0,0 06-21~1,0,0,0,0 08-03~1,0,0,0,0 07-04~1,0,0,0,0 08-07~1,0,0,0,0 06-05~1,1,0,0,0 07-27~1,0,0,0,0 08-04~1,0,0,0,0 05-07~1,0,0,0,0 06-10~1,1,1,1,1 06-27~1,0,0,0,0 07-28~1,0,0,0,0 06-24~3,0,0,0,0 07-30~1,0,0,0,0 08-06~3,1,1,1,0 08-14~1,1,1,0,0 05-03~3,0,0,0,0 05-17~1,1,1,0,0 05-26~2,0,0,0,0 06-08~2,1,1,1,0 05-31~1,1,1,0,0 06-02~1,0,0,0,0 06-11~1,0,0,0,0 05-28~1,1,0,0,0 05-04~1,0,0,0,0 07-19~1,0,0,0,0 05-13~2,0,0,0,0 05-01~1,0,0,0,0 06-17~2,0,0,0,0 08-24~1,0,0,0,0 06-20~3,2,2,0,0 05-27~2,0,0,0,0 08-08~1,0,0,0,0 08-21~1,0,0,0,0 05-15~1,1,1,0,0 05-29~2,1,1,1,0 08-22~1,1,1,1,0 05-02~1,0,0,0,0 06-22~1,0,0,0,0 06-03~1,0,0,0,0 05-19~2,1,0,0,0 08-13~1,0,0,0,0 06-15~1,1,1,0,0 06-14~1,0,0,0,0 07-05~1,0,0,0,0 08-15~2,2,1,0,0 06-26~1,0,0,0,0 06-16~1,1,0,0,0 08-28~2,0,0,0,0 all~44,18,12,7,1
753848_268626|5|00000001:/es/150-Exclusive-Deposit-Bonus 00000001:/pt/150-Exclusive-Deposit-Bonus 00000002:/de/150-Exclusive-Deposit-Bonus 00000002:/fr/150-Exclusive-Deposit-Bonus 00000070:/150-Exclusive-Deposit-Bonus|07-15~1,1,0,0,0 06-15~2,0,0,0,0 05-31~2,0,0,0,0 05-28~1,0,0,0,0 06-01~4,1,0,0,0 06-19~1,0,0,0,0 all~76,37,25,13,0 07-17~2,0,0,0,0 06-23~2,1,0,0,0 07-02~1,1,1,1,0 06-12~2,2,2,0,0 07-12~2,1,0,0,0 06-06~1,1,1,1,0 06-11~1,1,1,0,0 06-26~2,0,0,0,0 06-21~3,1,1,1,0 07-10~3,1,1,0,0 07-03~2,1,1,0,0 06-28~2,1,1,0,0 06-02~6,0,0,0,0 05-29~4,2,2,2,0 07-05~1,0,0,0,0 07-08~1,0,0,0,0 07-14~4,3,3,2,0 06-04~3,1,1,1,0 05-30~1,0,0,0,0 06-20~2,1,1,1,0 06-08~6,2,0,0,0 06-30~1,1,1,0,0 07-09~1,1,0,0,0 06-18~1,1,0,0,0 07-11~3,1,1,0,0 06-10~2,2,2,1,0 06-24~1,0,0,0,0 06-27~2,0,0,0,0 07-06~2,1,1,0,0 06-13~1,0,0,0,0 07-16~1,1,1,1,0 06-07~5,2,1,1,0 06-17~1,1,1,1,0
753856_442532|6|00000001:/es/Get-150-Deposit-Bonus-300-Free-Spins-A 00000001:/fr/Get-150-Deposit-Bonus-300-Free-Spins-A 00000001:/no/Get-150-Deposit-Bonus-300-Free-Spins-A 00000003:/pt/Get-150-Deposit-Bonus-300-Free-Spins-A 00000003:/tr/Get-150-Deposit-Bonus-300-Free-Spins-A 00000040:/Get-150-Deposit-Bonus-300-Free-Spins-A|06-04~1,1,0,0,0 05-18~4,4,1,0,0 05-20~1,1,0,0,0 05-11~6,6,0,0,0 05-10~3,3,0,0,0 05-06~2,2,0,0,0 05-07~5,5,0,0,0 05-08~3,3,0,0,0 05-17~1,1,0,0,0 05-19~2,2,0,0,0 05-04~2,2,0,0,0 05-15~2,2,1,1,0 05-09~6,5,0,0,0 05-02~4,4,0,0,0 05-25~1,1,0,0,0 05-05~1,1,0,0,0 05-13~3,2,1,0,0 05-01~4,4,0,0,0 all~49,48,6,3,1
753856_495382|6|00000001:/hi/special-bonus/up-to-200 00000001:/ja/special-bonus/up-to-200 00000002:/fr/special-bonus/up-to-200 00000004:/de/special-bonus/up-to-200 00000006:/es/special-bonus/up-to-200 00000021:/special-bonus/up-to-200|05-31~1,1,0,0,0 05-30~1,1,0,0,0 05-23~1,1,0,0,0 05-26~2,2,2,1,0 08-11~1,1,0,0,0 05-27~3,2,1,0,0 05-28~1,1,1,1,0 05-24~1,1,0,0,0 06-14~1,1,1,1,1 06-03~2,2,2,0,0 05-20~4,4,2,0,0 06-20~1,1,1,1,1 06-10~1,1,1,0,0 05-19~3,2,1,0,0 05-29~3,3,0,0,0 06-06~1,0,0,0,0 08-28~1,0,0,0,0 05-22~3,3,1,1,0 08-24~1,1,1,0,0 08-23~1,1,1,0,0 07-23~1,1,1,1,0 08-18~1,1,0,0,0 05-21~2,2,0,0,0 06-02~3,2,2,0,0 all~35,34,18,9,6
753856_495386|7|00000001:/ja/crypto-casino 00000002:/pt/crypto-casino 00000006:/fr/crypto-casino 00000010:/no/crypto-casino 00000012:/de/crypto-casino 00000013:/es/crypto-casino 00000170:/crypto-casino|07-27~1,1,0,0,0 07-09~1,0,0,0,0 07-31~1,1,1,0,0 08-04~2,2,0,0,0 07-01~2,2,2,0,0 07-12~3,1,0,0,0 07-25~3,0,0,0,0 06-01~6,5,2,2,1 06-11~2,0,0,0,0 07-07~5,4,3,1,1 06-25~2,2,1,1,1 08-07~3,1,0,0,0 08-24~1,1,0,0,0 07-26~1,1,0,0,0 07-29~4,3,0,0,0 06-06~2,1,0,0,0 all~214,126,48,32,21 08-09~1,0,0,0,0 07-16~2,1,0,0,0 07-19~3,0,0,0,0 08-13~5,3,1,1,1 07-06~1,0,0,0,0 08-14~5,3,1,1,1 06-29~3,2,0,0,0 08-17~6,5,2,2,2 06-13~3,0,0,0,0 08-08~1,1,1,1,0 05-21~6,2,0,0,0 06-04~1,1,0,0,0 07-08~2,1,0,0,0 06-05~2,0,0,0,0 06-08~3,3,1,1,1 08-11~7,5,2,2,1 07-21~3,3,1,0,0 06-15~2,1,0,0,0 06-14~4,1,0,0,0 05-31~1,1,0,0,0 06-26~3,1,0,0,0 08-18~2,0,0,0,0 07-15~3,1,0,0,0 07-30~2,2,1,0,0 05-29~1,0,0,0,0 06-17~2,0,0,0,0 08-29~3,1,0,0,0 06-07~2,2,0,0,0 06-23~2,1,0,0,0 07-04~3,2,1,0,0 07-20~2,2,0,0,0 07-11~1,1,0,0,0 08-02~3,1,1,1,0 05-20~7,5,1,0,0 06-19~2,1,1,1,0 08-10~1,0,0,0,0 05-19~1,1,0,0,0 06-22~1,1,0,0,0 07-28~6,2,0,0,0 08-06~2,2,0,0,0 07-18~2,2,1,1,0 06-30~2,1,0,0,0 05-26~4,2,0,0,0 07-24~2,1,1,1,1 08-28~1,1,0,0,0 06-16~3,1,0,0,0 08-05~3,1,0,0,0 08-25~2,0,0,0,0 05-23~7,2,0,0,0 07-13~1,1,1,1,1 08-22~5,2,2,0,0 07-05~2,1,0,0,0 08-15~5,2,2,1,1 07-03~2,2,1,1,1 06-24~2,2,2,2,1 06-18~2,2,1,0,0 08-23~2,1,0,0,0 07-14~2,0,0,0,0 06-03~1,0,0,0,0 08-12~4,1,0,0,0 05-30~1,0,0,0,0 07-02~2,1,1,0,0 05-22~4,2,0,0,0 08-16~3,3,1,0,0 06-28~3,2,0,0,0 07-10~2,2,0,0,0 08-03~1,1,1,1,0 05-24~3,1,0,0,0 06-09~5,4,2,1,1 05-28~2,1,0,0,0 05-25~4,1,1,1,0 07-22~3,1,0,0,0 05-27~1,1,1,0,0 06-20~2,2,2,2,2 08-19~3,2,1,0,0 06-27~2,0,0,0,0
753856_502844|2|00000008:/casino-promocode 00000076:/es/casino-promocode|07-27~5,4,1,1,0 07-23~30,28,17,5,0 07-21~3,3,0,0,0 07-28~2,1,1,0,0 07-17~1,1,0,0,0 08-28~1,1,0,0,0 07-20~1,1,1,0,0 07-25~5,5,4,1,0 08-20~1,1,0,0,0 07-16~1,1,1,0,0 07-19~1,1,1,0,0 08-05~1,1,1,0,0 07-22~18,16,10,3,0 07-26~7,7,2,1,0 08-19~1,1,0,0,0 07-24~7,6,6,2,0 07-31~1,1,0,0,0 08-02~2,2,0,0,0 07-29~4,4,4,0,0 08-06~1,1,1,0,0 08-16~1,1,1,0,0 all~84,82,51,18,0
753874_29800|4|00000001:/es 00000001:/pt 00000005:/de 00000030:/|07-15~1,1,1,0,0 05-02~1,0,0,0,0 05-09~1,1,0,0,0 07-30~1,1,1,1,0 06-18~1,0,0,0,0 06-30~2,0,0,0,0 05-07~1,0,0,0,0 06-14~1,1,1,1,0 05-03~1,0,0,0,0 06-21~1,0,0,0,0 07-25~1,0,0,0,0 05-26~1,1,0,0,0 05-10~1,0,0,0,0 05-11~2,2,0,0,0 07-17~1,1,0,0,0 05-12~1,1,0,0,0 06-11~1,0,0,0,0 07-20~1,0,0,0,0 05-06~1,0,0,0,0 06-03~1,0,0,0,0 05-24~4,1,1,1,0 07-05~1,1,1,1,0 05-13~1,0,0,0,0 05-14~1,0,0,0,0 07-14~1,0,0,0,0 07-04~2,2,0,0,0 08-02~1,0,0,0,0 06-15~1,1,1,1,0 06-26~1,0,0,0,0 07-21~1,0,0,0,0 05-22~1,1,1,1,0 08-24~1,0,0,0,0 all~37,15,7,6,0
753874_32178|2|00000001:/de 00000026:/|06-25~2,0,0,0,0 08-16~1,1,0,0,0 08-22~1,1,1,0,0 07-24~2,1,1,1,1 06-16~1,0,0,0,0 all~27,8,5,2,1 07-18~1,0,0,0,0 06-15~1,0,0,0,0 06-08~1,1,1,1,0 07-07~1,0,0,0,0 05-16~2,0,0,0,0 06-06~1,1,1,0,0 07-30~1,0,0,0,0 07-17~1,0,0,0,0 07-22~1,0,0,0,0 08-06~2,0,0,0,0 06-20~1,0,0,0,0 06-24~2,0,0,0,0 08-03~1,1,0,0,0 05-02~1,0,0,0,0 06-26~1,0,0,0,0 08-02~1,0,0,0,0 06-02~2,1,1,0,0 08-15~1,1,0,0,0
7757744_389986|3|00000003:/ja/200-Exclusive-Bonus-Karpy75 00000005:/es/200-Exclusive-Bonus-Karpy75 00000016:/200-Exclusive-Bonus-Karpy75|06-01~1,1,0,0,0 05-18~1,1,0,0,0 07-09~1,0,0,0,0 06-02~1,1,0,0,0 06-18~1,1,1,0,0 07-27~2,2,1,1,0 05-21~2,2,1,0,0 07-01~1,1,0,0,0 06-25~1,1,1,1,0 07-08~1,1,0,0,0 06-20~1,1,1,0,0 08-25~1,1,0,0,0 06-06~1,1,0,0,0 05-17~1,0,0,0,0 07-25~1,1,1,0,0 07-24~1,1,0,0,0 05-28~1,1,1,0,0 06-13~2,1,1,1,0 05-20~1,1,1,0,0 06-19~3,3,3,0,0 all~24,21,12,3,1
791993_485776|3|00000001:/pt 00000002:/es 00000016:/|08-04~1,1,0,0,0 08-11~1,1,0,0,0 08-29~1,0,0,0,0 07-01~1,1,1,1,1 05-24~1,0,0,0,0 08-23~1,0,0,0,0 08-13~1,1,1,1,0 06-13~1,1,0,0,0 05-03~1,0,0,0,0 08-17~1,1,0,0,0 05-04~1,0,0,0,0 08-06~2,2,1,1,0 08-28~1,0,0,0,0 08-25~1,1,0,0,0 05-18~1,1,0,0,0 05-30~1,1,1,1,0 07-21~1,0,0,0,0 06-20~1,1,1,1,0 07-08~1,1,0,0,0 07-31~1,1,0,0,0 07-18~1,1,0,0,0 05-08~1,1,0,0,0 07-28~1,1,0,0,0 05-09~1,1,0,0,0 08-27~2,2,0,0,0 05-07~1,1,0,0,0 06-26~1,1,0,0,0 08-18~2,1,1,0,0 all~19,15,6,6,1
81770295_497246|2|00000004:/ 00000169:/es|06-13~5,5,0,0,0 06-02~2,1,1,0,0 06-28~5,2,1,0,0 06-12~12,7,0,0,0 06-10~6,5,1,0,0 06-25~4,2,2,2,1 06-06~7,4,2,1,0 08-24~1,0,0,0,0 06-18~9,5,0,0,0 06-19~17,10,1,0,0 06-14~4,3,1,1,0 06-09~3,2,0,0,0 06-03~11,6,0,0,0 all~173,89,17,8,3 06-08~9,3,0,0,0 08-25~1,0,0,0,0 06-23~5,2,0,0,0 06-11~7,3,0,0,0 06-20~12,7,1,1,0 06-05~3,2,1,0,0 06-29~4,0,0,0,0 06-24~6,3,2,1,1 06-17~1,0,0,0,0 08-29~1,0,0,0,0 07-21~1,1,1,1,1 06-27~3,1,0,0,0 06-22~2,0,0,0,0 07-01~6,4,0,0,0 06-07~7,1,0,0,0 07-02~5,2,0,0,0 06-16~3,0,0,0,0 06-04~3,2,0,0,0 06-30~3,0,0,0,0 06-21~8,5,2,1,0 06-15~5,5,1,0,0
830116_412788|7|00000002:/it/Exclusive-100-Free-Spins-830116 00000002:/pt/Exclusive-100-Free-Spins-830116 00000004:/no/Exclusive-100-Free-Spins-830116 00000006:/fr/Exclusive-100-Free-Spins-830116 00000007:/es/Exclusive-100-Free-Spins-830116 00000047:/de/Exclusive-100-Free-Spins-830116 00000414:/Exclusive-100-Free-Spins-830116|06-07~14,12,9,1,0 05-23~11,8,6,3,0 05-29~10,9,8,2,0 05-12~14,14,0,0,0 05-13~11,10,3,1,0 05-15~8,8,4,2,0 05-05~15,14,0,0,0 05-08~10,10,0,0,0 05-19~11,9,6,2,0 05-04~22,19,0,0,0 06-04~12,9,7,4,0 05-14~13,12,7,3,0 06-09~21,18,13,5,0 05-25~19,18,11,3,0 05-07~16,15,0,0,0 06-06~24,21,17,2,0 05-22~11,10,6,2,0 05-20~11,11,7,2,0 05-16~12,10,5,0,0 06-10~14,10,7,1,0 05-03~15,14,0,0,0 06-03~9,6,5,0,0 05-18~11,10,7,3,0 06-02~18,16,10,1,0 05-24~17,17,8,2,0 05-28~12,10,7,2,0 06-08~11,7,5,1,0 05-01~6,6,0,0,0 05-27~12,10,9,0,0 06-11~7,7,5,1,0 05-17~19,19,13,6,0 06-01~9,9,7,1,0 05-11~8,7,0,0,0 05-09~14,14,0,0,0 05-26~14,12,8,1,0 05-31~10,9,7,3,0 05-06~8,8,0,0,0 05-21~10,9,6,2,0 06-05~11,11,6,5,0 05-10~11,8,0,0,0 05-02~8,8,0,0,0 05-30~11,10,9,0,0 all~482,459,227,76,1
839237_112672|3|00000001:/it 00000002:/de 00000036:/|05-20~1,1,1,0,0 06-03~1,0,0,0,0 06-05~1,1,1,1,1 05-24~3,2,1,0,0 08-02~1,0,0,0,0 06-14~2,1,1,0,0 06-08~1,0,0,0,0 05-04~1,0,0,0,0 08-27~1,0,0,0,0 06-19~1,1,1,0,0 05-14~2,0,0,0,0 06-30~2,0,0,0,0 05-27~1,0,0,0,0 08-03~2,1,0,0,0 05-16~1,1,1,1,0 05-01~1,0,0,0,0 07-29~1,1,1,0,0 05-23~1,0,0,0,0 07-11~1,1,1,1,0 06-27~1,1,1,1,0 08-08~1,0,0,0,0 05-30~1,0,0,0,0 07-26~1,0,0,0,0 06-06~1,0,0,0,0 05-25~1,0,0,0,0 05-19~1,0,0,0,0 06-13~1,0,0,0,0 06-23~1,0,0,0,0 05-08~3,1,0,0,0 06-29~1,1,1,1,0 07-21~1,0,0,0,0 05-21~1,0,0,0,0 all~39,14,10,5,1
839237_53194|3|00000001:/de 00000001:/fr 00000025:/|07-12~1,1,1,0,0 08-02~1,1,1,1,0 08-21~1,0,0,0,0 07-25~1,1,1,0,0 08-22~1,0,0,0,0 07-14~2,1,1,0,0 08-01~2,2,1,0,0 08-18~1,0,0,0,0 07-22~1,0,0,0,0 06-29~1,0,0,0,0 07-08~2,0,0,0,0 08-26~2,1,1,0,0 07-15~1,1,1,0,0 08-03~1,1,1,0,0 08-12~1,0,0,0,0 05-09~1,0,0,0,0 06-27~1,0,0,0,0 07-30~1,1,1,0,0 06-25~1,0,0,0,0 05-14~1,0,0,0,0 07-13~1,0,0,0,0 08-14~1,0,0,0,0 07-04~1,1,1,0,0 07-19~1,0,0,0,0 08-10~1,1,1,0,0 all~27,13,12,1,0
846258_487930|2|00000001:/de/150-BONUS-UP-TO-2000-EUR-50-Free-Spins 00000009:/150-BONUS-UP-TO-2000-EUR-50-Free-Spins|all~10,10,4,1,0 06-08~3,3,0,0,0 05-25~2,1,1,1,0 05-01~1,1,0,0,0 06-09~1,1,1,0,0 05-07~1,1,0,0,0 06-02~1,1,0,0,0 06-05~4,2,0,0,0
846258_498158|1|00000011:/casino-promocode|06-09~3,3,2,1,0 08-09~1,0,0,0,0 06-20~1,1,0,0,0 07-03~2,1,1,0,0 07-14~1,1,1,0,0 06-30~1,1,1,0,0 06-27~1,1,1,1,0 06-17~1,0,0,0,0 08-08~1,1,0,0,0 08-03~1,1,1,1,0 07-22~1,1,1,0,0 06-16~1,0,0,0,0 08-10~1,0,0,0,0 06-12~2,2,1,0,0 07-02~1,1,0,0,0 all~11,9,7,3,0
848232_32979|8|00000003:/el 00000003:/it 00000003:/no 00000003:/pt 00000005:/fr 00000007:/es 00000014:/de 00000400:/|08-07~7,5,3,0,0 05-23~8,5,4,1,0 07-17~2,2,1,1,0 08-22~3,0,0,0,0 06-06~9,6,6,2,0 05-03~1,1,0,0,0 08-21~5,4,2,1,0 05-13~3,1,1,0,0 06-04~6,2,1,0,0 05-27~4,3,2,0,0 05-18~8,5,5,3,0 06-12~6,4,2,2,1 07-20~1,1,1,1,0 08-03~1,1,1,0,0 05-04~3,1,0,0,0 08-01~3,2,1,1,0 07-04~2,2,2,0,0 08-08~3,1,0,0,0 05-12~3,1,0,0,0 07-14~2,2,2,0,0 05-28~13,8,8,1,0 06-09~9,8,7,1,0 05-11~2,1,0,0,0 07-02~4,3,3,2,0 06-23~6,5,4,0,0 06-14~7,4,2,1,0 05-10~3,2,0,0,0 07-08~6,6,6,4,0 05-06~2,1,0,0,0 06-17~7,6,5,2,0 08-29~2,1,1,0,0 07-03~5,2,2,1,0 05-07~4,3,0,0,0 07-19~2,2,2,1,0 08-27~4,3,3,1,0 06-19~6,3,2,0,0 08-24~4,3,2,1,0 06-03~13,8,7,3,0 05-17~3,2,1,0,0 05-16~4,3,3,1,0 05-30~9,5,5,0,0 05-24~6,4,4,1,0 08-10~4,2,2,0,0 07-16~5,3,2,1,0 07-27~2,0,0,0,0 08-23~1,0,0,0,0 08-15~2,2,1,1,0 07-30~2,2,2,1,0 05-05~1,1,0,0,0 08-05~5,2,1,1,0 05-21~4,2,2,0,0 07-07~8,5,4,0,0 05-02~2,1,0,0,0 06-22~3,2,2,0,0 07-21~2,2,1,0,0 08-25~1,1,0,0,0 06-08~8,7,6,2,0 07-13~4,3,3,1,0 06-01~7,3,2,2,0 07-23~3,2,2,0,0 05-20~6,5,4,1,0 07-24~1,0,0,0,0 06-07~8,4,4,1,0 07-12~4,1,1,0,0 05-09~3,1,0,0,0 06-24~6,4,4,1,0 06-29~4,2,2,1,0 08-17~4,4,3,1,0 06-13~7,5,5,2,0 05-14~4,3,3,1,0 07-25~1,0,0,0,0 08-02~3,3,3,2,0 07-18~3,1,1,1,0 05-19~2,2,2,0,0 06-05~9,5,5,1,0 08-06~9,8,8,2,0 08-12~2,1,1,0,0 06-21~5,3,3,1,0 07-01~8,5,3,1,0 07-29~1,1,1,0,0 06-02~10,8,8,3,0 05-29~4,2,2,1,0 07-11~3,3,3,0,0 05-08~3,1,0,0,0 08-16~1,1,0,0,0 06-28~2,1,1,0,0 08-28~1,1,0,0,0 06-16~5,5,4,1,0 05-26~5,3,3,2,0 07-10~2,0,0,0,0 08-04~2,1,1,1,0 08-11~1,0,0,0,0 05-31~11,5,5,1,0 05-01~2,2,0,0,0 06-11~6,4,4,2,0 06-10~9,5,5,2,0 06-30~11,7,7,4,0 06-20~8,6,6,3,0 08-13~6,5,4,1,0 07-31~2,2,2,0,0 08-20~2,1,0,0,0 07-05~3,1,1,1,0 07-06~7,3,1,0,0 06-26~2,1,1,0,0 08-18~3,3,2,1,0 08-14~5,1,1,1,0 08-19~1,0,0,0,0 06-27~2,0,0,0,0 07-22~3,3,3,1,0 08-09~7,4,3,1,0 07-26~4,4,3,1,0 06-18~7,4,4,3,0 08-26~1,1,1,1,0 06-15~10,7,7,3,0 06-25~9,6,5,2,0 05-22~6,3,2,1,0 05-25~3,2,1,1,0 all~438,327,272,113,1
8580080_482180|5|00000002:/el/promotions/welcome-bonus 00000002:/pt/promotions/welcome-bonus 00000003:/es/promotions/welcome-bonus 00000008:/de/promotions/welcome-bonus 00000096:/promotions/welcome-bonus|05-16~2,1,1,0,0 06-19~1,0,0,0,0 08-27~2,2,1,0,0 08-29~2,1,0,0,0 06-17~1,0,0,0,0 07-03~1,1,1,1,0 07-08~2,0,0,0,0 08-12~1,0,0,0,0 06-21~1,0,0,0,0 08-02~2,1,1,0,0 06-14~1,1,1,0,0 07-04~1,1,1,0,0 05-21~5,2,2,1,0 05-12~5,1,0,0,0 05-10~2,0,0,0,0 05-25~1,1,1,1,0 08-24~1,0,0,0,0 06-07~1,0,0,0,0 05-26~1,0,0,0,0 08-17~1,0,0,0,0 06-29~1,0,0,0,0 05-24~1,1,0,0,0 06-28~1,0,0,0,0 08-16~2,1,1,0,0 06-25~1,0,0,0,0 06-02~1,0,0,0,0 08-06~2,0,0,0,0 08-07~1,1,0,0,0 08-21~1,0,0,0,0 05-11~2,1,0,0,0 05-01~2,1,0,0,0 07-12~2,1,0,0,0 05-04~6,2,0,0,0 08-04~1,1,0,0,0 05-14~1,0,0,0,0 07-29~1,1,1,1,0 07-20~1,0,0,0,0 08-13~1,0,0,0,0 06-11~2,1,1,0,0 05-27~2,0,0,0,0 08-26~1,0,0,0,0 07-05~3,2,2,1,0 05-28~1,0,0,0,0 08-23~1,0,0,0,0 06-26~1,0,0,0,0 05-06~5,2,0,0,0 08-22~1,1,1,0,0 07-17~2,2,1,1,0 08-28~2,0,0,0,0 07-30~2,1,0,0,0 05-13~2,2,0,0,0 05-17~2,1,1,1,0 05-03~2,2,0,0,0 07-18~2,2,1,1,0 07-07~1,1,1,0,0 07-28~1,0,0,0,0 05-07~3,2,0,0,0 07-19~1,1,1,1,0 05-15~2,0,0,0,0 08-10~1,0,0,0,0 07-22~2,1,1,0,0 05-02~1,0,0,0,0 06-05~1,0,0,0,0 07-06~1,1,1,0,0 05-31~2,0,0,0,0 05-22~1,0,0,0,0 05-09~5,2,0,0,0 05-05~2,1,0,0,0 05-08~1,0,0,0,0 05-18~2,0,0,0,0 all~111,46,22,10,0
85845583_383562|1|00000004:/200-Exclusive-Bonus-casinorankNL|05-22~1,1,1,0,0 05-30~1,1,0,0,0 05-21~2,2,2,1,0 all~4,4,3,1,0
86046786_483549|1|00000038:/de/promotions/welcome-bonus|08-09~1,0,0,0,0 07-03~1,0,0,0,0 08-07~1,0,0,0,0 06-02~1,0,0,0,0 05-05~2,0,0,0,0 07-19~1,0,0,0,0 08-18~1,0,0,0,0 08-27~1,0,0,0,0 05-13~2,1,0,0,0 06-05~1,0,0,0,0 08-10~1,0,0,0,0 08-14~1,0,0,0,0 06-10~1,0,0,0,0 05-15~1,0,0,0,0 06-07~2,0,0,0,0 05-16~2,0,0,0,0 06-06~1,0,0,0,0 08-12~2,1,0,0,0 08-28~1,0,0,0,0 08-29~1,0,0,0,0 06-17~2,1,1,1,0 06-03~2,0,0,0,0 05-30~1,0,0,0,0 08-13~1,0,0,0,0 05-09~2,0,0,0,0 08-08~1,0,0,0,0 06-21~1,0,0,0,0 06-08~1,0,0,0,0 05-28~1,0,0,0,0 05-12~2,1,0,0,0 06-15~1,0,0,0,0 08-06~1,1,1,1,1 08-26~1,0,0,0,0 07-10~1,0,0,0,0 05-03~1,0,0,0,0 05-29~1,0,0,0,0 05-17~1,1,0,0,0 08-19~1,0,0,0,0 08-25~1,0,0,0,0 08-20~1,0,0,0,0 07-17~1,0,0,0,0 08-11~2,0,0,0,0 05-11~1,0,0,0,0 05-31~2,0,0,0,0 05-21~1,0,0,0,0 08-15~1,0,0,0,0 06-01~2,0,0,0,0 05-19~1,0,0,0,0 05-24~1,0,0,0,0 all~38,8,3,2,1
86046786_501383|7|00000001:/fr/sport-promocode 00000001:/it/sport-promocode 00000002:/es/sport-promocode 00000002:/no/sport-promocode 00000008:/pt/sport-promocode 00000103:/de/sport-promocode 00000557:/sport-promocode|07-28~11,10,6,4,0 08-01~7,7,7,3,0 08-07~10,9,9,3,0 08-05~18,18,9,4,0 07-23~12,12,7,2,0 08-13~15,15,7,5,0 07-08~3,3,0,0,0 08-08~10,10,4,2,0 08-22~21,20,9,5,0 08-15~29,28,11,6,1 07-14~1,0,0,0,0 07-24~13,13,7,4,0 08-16~29,28,13,7,0 07-26~15,15,8,5,0 08-18~13,13,5,3,0 07-17~2,1,0,0,0 08-02~13,13,7,1,0 07-29~14,13,6,1,0 07-18~2,2,0,0,0 08-23~33,31,6,4,0 08-09~27,25,9,3,0 07-15~2,2,2,1,0 07-30~6,6,2,1,0 07-10~1,1,0,0,0 07-25~14,13,7,1,0 08-06~13,13,6,4,0 08-25~41,28,5,1,0 08-28~6,5,3,2,0 07-31~11,11,6,3,0 08-12~14,14,5,2,0 07-22~3,3,0,0,0 07-27~10,10,7,4,0 08-04~17,17,11,7,0 08-20~32,31,11,4,0 08-03~16,15,7,3,1 08-29~4,4,2,0,0 08-17~20,18,5,2,0 07-06~1,1,0,0,0 08-10~38,26,5,2,0 08-11~14,14,7,4,0 08-21~20,18,8,2,0 08-27~10,9,7,2,0 08-26~41,34,5,2,0 07-09~1,1,0,0,0 08-19~29,26,8,4,0 08-14~8,8,6,3,1 08-24~26,19,5,3,0 all~674,616,259,122,4
86046786_503972|4|00000001:/no/casino-promocode 00000001:/pt/casino-promocode 00000005:/de/casino-promocode 00000013:/casino-promocode|08-14~2,2,0,0,0 08-15~1,1,0,0,0 08-13~2,2,0,0,0 08-24~4,4,2,1,0 08-19~1,1,1,1,0 08-05~2,2,1,0,0 08-28~1,0,0,0,0 08-29~2,0,0,0,0 08-11~1,1,1,1,1 08-17~1,1,0,0,0 07-29~1,1,0,0,0 08-16~1,1,0,0,0 08-18~5,5,3,1,0 all~20,17,7,4,1
86287309_390209|2|00000001:/es/200-Exclusive-Bonus-VRS_Crypto 00000010:/200-Exclusive-Bonus-VRS_Crypto|07-10~1,1,1,0,0 06-22~1,0,0,0,0 05-23~1,1,1,1,0 08-06~1,1,0,0,0 08-14~1,1,0,0,0 06-26~1,1,0,0,0 07-07~1,1,1,1,0 06-19~1,1,1,1,0 05-22~1,0,0,0,0 08-16~1,1,0,0,0 07-04~1,1,0,0,0 all~11,9,4,3,0
865322_424088|10|00000001:/no 00000001:/pt 00000001:/tr 00000003:/it 00000005:/fr 00000010:/de 00000017:/es 00000602:/|08-27~6,0,0,0,0 06-19~12,6,6,1,0 05-20~13,5,4,2,0 05-05~20,11,0,0,0 07-12~2,0,0,0,0 05-22~7,3,3,1,0 08-04~4,3,1,1,1 07-08~3,2,0,0,0 05-23~9,6,5,2,0 05-29~11,5,3,1,0 06-23~9,6,6,1,0 07-11~3,1,1,1,0 05-16~13,12,10,4,0 06-12~13,5,4,1,0 05-02~6,4,0,0,0 05-07~8,4,0,0,0 06-10~7,6,5,1,0 08-10~2,2,2,1,0 05-25~12,7,7,1,0 06-11~8,5,5,1,0 08-07~2,1,0,0,0 07-31~1,0,0,0,0 08-08~3,2,2,1,0 07-04~2,0,0,0,0 05-15~11,8,8,2,0 08-24~1,0,0,0,0 05-21~10,5,5,0,0 06-03~11,6,6,3,0 07-07~1,0,0,0,0 06-25~10,7,4,1,0 06-06~12,9,7,2,0 06-15~12,8,7,2,0 05-04~10,8,0,0,0 07-19~2,0,0,0,0 07-05~1,1,1,0,0 06-17~13,7,6,2,0 08-29~1,0,0,0,0 07-17~3,2,0,0,0 07-14~1,0,0,0,0 06-26~7,4,3,1,0 08-18~3,2,1,1,0 05-13~7,3,1,0,0 08-03~3,1,0,0,0 07-30~2,0,0,0,0 07-20~1,0,0,0,0 05-19~8,5,5,2,0 06-18~8,6,5,2,0 06-29~8,4,4,2,0 08-17~3,0,0,0,0 07-13~3,2,2,1,0 06-22~12,9,5,1,0 07-25~1,1,1,1,0 05-08~20,17,0,0,0 06-09~9,7,6,1,0 05-01~11,8,0,0,0 06-05~9,4,4,3,0 05-30~9,4,3,1,0 07-02~3,1,1,1,1 06-02~7,4,3,0,0 06-07~8,7,4,1,0 08-11~2,0,0,0,0 07-15~3,0,0,0,0 07-06~4,0,0,0,0 08-23~3,2,1,1,0 06-24~6,4,4,3,0 06-01~12,10,8,1,0 08-13~1,0,0,0,0 05-24~9,6,6,2,0 06-30~6,6,5,1,0 06-21~8,6,5,3,0 06-14~15,12,10,2,0 07-09~1,0,0,0,0 05-14~5,4,2,0,0 05-06~11,6,0,0,0 08-22~3,0,0,0,0 07-27~2,1,1,0,0 05-31~10,8,8,3,0 05-28~11,9,6,1,0 06-13~20,16,15,6,0 05-11~15,10,0,0,0 08-15~3,1,0,0,0 08-28~3,0,0,0,0 06-16~13,8,8,3,0 07-22~2,0,0,0,0 08-19~2,1,1,1,0 06-27~5,4,3,2,0 05-26~10,8,7,1,0 07-01~9,6,5,2,0 05-09~13,7,0,0,0 05-12~17,9,0,0,0 05-17~11,4,4,0,0 07-26~2,1,1,1,0 06-20~11,7,7,1,0 08-20~2,2,1,0,0 08-09~1,0,0,0,0 07-21~2,0,0,0,0 05-18~18,10,7,2,0 05-03~18,13,0,0,0 06-04~7,4,3,1,0 08-25~1,0,0,0,0 05-27~8,6,6,1,0 07-10~2,1,0,0,0 07-03~7,2,2,2,1 06-08~13,11,10,4,0 05-10~13,9,0,0,0 07-28~3,2,2,1,0 07-24~1,0,0,0,0 07-29~1,0,0,0,0 08-12~2,1,0,0,0 08-02~2,0,0,0,0 06-28~11,5,5,3,0 08-06~7,3,1,1,0 07-16~1,0,0,0,0 all~642,456,298,121,7
88809201_428652|3|00000001:/it/150-Bonus-300-Free-Spins-88809201 00000001:/ja/150-Bonus-300-Free-Spins-88809201 00000013:/150-Bonus-300-Free-Spins-88809201|07-26~1,1,1,0,0 05-21~1,1,0,0,0 05-30~1,1,0,0,0 06-12~1,1,0,0,0 06-04~1,1,0,0,0 06-03~1,0,0,0,0 08-24~1,1,0,0,0 05-13~1,1,0,0,0 05-26~1,1,0,0,0 08-22~1,1,1,1,0 06-17~1,1,1,0,0 08-12~1,1,1,1,1 05-10~2,2,0,0,0 08-01~1,1,1,0,0 all~15,14,5,2,1
90589070_505575|2|00000007:/casino-promocode 00000653:/de/casino-promocode|08-22~45,44,1,1,1 08-19~55,55,2,1,1 08-23~46,45,3,1,1 08-21~42,40,2,0,0 08-14~8,8,6,2,2 08-29~43,43,5,2,2 08-28~41,39,4,1,1 08-25~52,51,2,0,0 08-20~42,42,3,0,0 08-11~2,2,1,0,0 08-18~53,52,2,1,1 08-15~83,83,3,0,0 08-26~41,41,3,2,2 08-16~45,44,2,0,0 08-13~2,2,0,0,0 08-27~42,42,2,1,1 08-24~58,58,2,1,1 all~660,655,43,14,14
93729810_435474|6|00000001:/es/Get-150-Deposit-Bonus-300-Free-Spins-A 00000001:/ja/Get-150-Deposit-Bonus-300-Free-Spins-A 00000001:/pt/Get-150-Deposit-Bonus-300-Free-Spins-A 00000002:/fr/Get-150-Deposit-Bonus-300-Free-Spins-A 00000004:/de/Get-150-Deposit-Bonus-300-Free-Spins-A 00000031:/Get-150-Deposit-Bonus-300-Free-Spins-A|05-02~1,1,0,0,0 05-13~1,1,0,0,0 05-03~3,3,0,0,0 05-28~1,1,0,0,0 05-17~1,0,0,0,0 05-27~1,1,0,0,0 06-06~1,1,0,0,0 05-09~6,6,0,0,0 06-04~1,1,0,0,0 05-22~1,1,0,0,0 05-18~1,1,0,0,0 05-12~1,1,0,0,0 05-31~2,2,0,0,0 05-14~4,3,1,1,0 06-03~1,1,0,0,0 05-23~1,1,0,0,0 06-08~1,1,0,0,0 05-06~1,1,0,0,0 05-16~2,2,1,1,1 05-11~1,1,0,0,0 05-26~1,1,0,0,0 05-07~1,1,0,0,0 05-29~1,1,0,0,0 05-15~1,1,0,0,0 05-10~1,0,0,0,0 05-21~1,1,0,0,0 05-25~3,3,1,1,1 05-30~1,1,0,0,0 all~40,39,3,3,2
94406426_461967|5|00000001:/de/Get-150-Deposit-Bonus-300-Free-Spins-A 00000002:/es/Get-150-Deposit-Bonus-300-Free-Spins-A 00000003:/fr/Get-150-Deposit-Bonus-300-Free-Spins-A 00000006:/pt/Get-150-Deposit-Bonus-300-Free-Spins-A 00000040:/Get-150-Deposit-Bonus-300-Free-Spins-A|05-25~2,2,1,1,0 06-01~2,2,0,0,0 05-04~1,1,0,0,0 05-06~1,1,0,0,0 05-30~4,4,1,0,0 05-20~2,2,0,0,0 06-09~6,6,2,2,0 05-07~2,2,0,0,0 05-17~2,2,1,1,0 05-24~1,1,0,0,0 05-12~1,1,0,0,0 05-02~3,3,0,0,0 06-04~4,4,1,1,0 06-07~1,1,0,0,0 05-08~2,2,0,0,0 05-22~2,2,0,0,0 05-31~2,2,1,0,0 06-03~2,2,1,1,0 06-05~2,2,0,0,0 05-18~1,1,0,0,0 07-20~1,1,0,0,0 05-11~1,1,0,0,0 07-08~1,1,0,0,0 05-29~1,1,0,0,0 05-09~2,2,0,0,0 05-19~1,1,0,0,0 05-27~1,1,0,0,0 06-06~3,3,1,1,0 05-21~1,1,0,0,0 all~52,52,9,7,0
95300032_431220|2|00000002:/de/Exclusive-120-Free-Spins-95300032 00000008:/Exclusive-120-Free-Spins-95300032|06-07~1,0,0,0,0 05-16~1,0,0,0,0 05-03~1,1,0,0,0 05-29~1,1,1,0,0 05-21~1,0,0,0,0 05-31~1,1,1,0,0 05-08~1,1,0,0,0 05-07~3,1,0,0,0 05-20~2,2,2,0,0 all~10,7,4,1,0
95416146_431721|3|00000001:/fr/Exclusive-120-Free-Spins-95416146 00000012:/Exclusive-120-Free-Spins-95416146 00000027:/es/Exclusive-120-Free-Spins-95416146|05-03~1,0,0,0,0 08-04~1,0,0,0,0 05-02~4,1,0,0,0 05-29~1,0,0,0,0 05-16~1,1,0,0,0 07-11~1,1,1,1,0 08-24~3,1,1,0,0 06-05~1,1,0,0,0 05-09~1,0,0,0,0 06-17~1,1,1,1,0 07-26~1,0,0,0,0 06-13~2,2,0,0,0 07-22~2,1,1,1,0 07-31~1,1,1,0,0 05-01~2,1,0,0,0 05-30~1,0,0,0,0 07-07~1,1,0,0,0 07-14~2,2,0,0,0 06-27~1,1,1,1,0 08-19~1,1,1,1,0 08-23~1,1,1,0,0 07-16~1,0,0,0,0 06-22~1,1,0,0,0 08-11~1,0,0,0,0 06-01~1,0,0,0,0 05-10~1,0,0,0,0 06-26~2,0,0,0,0 06-18~1,1,1,0,0 05-28~1,0,0,0,0 08-21~1,1,0,0,0 08-20~1,1,1,1,0 07-04~1,0,0,0,0 08-02~1,1,1,1,0 05-05~1,0,0,0,0 08-28~1,0,0,0,0 all~40,22,11,7,0
95416157_431722|2|00000004:/Exclusive-120-Free-Spins-95416157 00000014:/ja/Exclusive-120-Free-Spins-95416157|05-17~1,1,1,0,0 05-02~1,1,0,0,0 05-09~1,1,0,0,0 05-22~1,0,0,0,0 06-19~2,2,1,0,0 06-05~1,0,0,0,0 all~18,12,5,1,0 05-13~1,0,0,0,0 05-10~1,1,0,0,0 05-08~1,1,0,0,0 05-16~1,1,1,0,0 05-19~1,0,0,0,0 08-11~1,1,1,0,0 08-01~1,0,0,0,0 05-07~4,3,0,0,0
95633118_433604|5|00000002:/de/Exclusive-120-Free-Spins-A 00000002:/fr/Exclusive-120-Free-Spins-A 00000003:/pt/Exclusive-120-Free-Spins-A 00000005:/es/Exclusive-120-Free-Spins-A 00000027:/Exclusive-120-Free-Spins-A|07-15~1,0,0,0,0 05-24~2,1,1,1,0 05-29~2,1,1,0,0 05-06~4,3,0,0,0 05-04~2,1,0,0,0 05-31~3,2,2,0,0 06-10~1,1,1,1,0 05-30~2,1,1,1,0 05-22~1,0,0,0,0 05-21~3,2,2,0,0 05-08~1,0,0,0,0 05-26~1,1,1,0,0 05-10~1,1,0,0,0 05-20~1,1,1,1,0 06-01~3,1,1,1,0 06-09~2,1,1,0,0 05-12~2,2,0,0,0 06-08~1,1,1,0,0 05-07~2,0,0,0,0 05-17~2,0,0,0,0 05-13~2,2,1,1,0 05-01~1,1,0,0,0 05-14~2,1,1,1,0 05-16~2,1,1,1,1 06-04~1,0,0,0,0 05-23~1,0,0,0,0 all~39,26,16,8,1
96679545_441927|2|00000003:/Get-150-Deposit-Bonus-300-Free-Spins-A 00000017:/ja/Get-150-Deposit-Bonus-300-Free-Spins-A|05-18~1,1,1,1,0 05-31~1,1,0,0,0 05-12~1,1,0,0,0 05-11~1,1,0,0,0 05-01~1,1,0,0,0 05-26~1,1,0,0,0 05-13~1,0,0,0,0 05-14~1,1,1,0,0 05-24~1,1,0,0,0 06-05~1,1,0,0,0 05-02~2,2,0,0,0 05-27~1,1,1,1,0 06-07~2,2,2,1,0 05-16~1,1,1,1,0 06-08~5,4,4,3,0 06-03~1,1,1,0,0 all~20,19,11,8,0
96688578_487867|7|00000001:/fr/150-BONUS-UP-TO-2000-EUR-50-Free-Spins 00000001:/it/150-BONUS-UP-TO-2000-EUR-50-Free-Spins 00000002:/ja/150-BONUS-UP-TO-2000-EUR-50-Free-Spins 00000002:/tr/150-BONUS-UP-TO-2000-EUR-50-Free-Spins 00000003:/pt/150-BONUS-UP-TO-2000-EUR-50-Free-Spins 00000004:/de/150-BONUS-UP-TO-2000-EUR-50-Free-Spins 00000057:/150-BONUS-UP-TO-2000-EUR-50-Free-Spins|08-26~1,0,0,0,0 05-21~1,1,0,0,0 06-09~5,5,3,1,0 05-15~1,1,0,0,0 05-09~2,1,0,0,0 06-23~2,2,0,0,0 06-16~1,1,1,0,0 05-11~1,1,0,0,0 05-28~1,1,0,0,0 06-11~2,1,1,1,1 06-20~2,2,1,0,0 05-23~7,7,3,2,0 06-04~1,1,0,0,0 06-21~1,1,0,0,0 06-13~2,1,1,0,0 06-12~1,1,0,0,0 06-02~3,3,2,2,0 06-08~1,1,0,0,0 06-03~2,2,1,1,0 06-25~2,2,0,0,0 05-26~2,2,0,0,0 05-08~1,1,0,0,0 06-10~4,4,2,2,1 08-16~1,0,0,0,0 07-06~1,1,0,0,0 06-17~1,1,0,0,0 08-15~1,0,0,0,0 06-22~2,2,1,0,0 08-11~1,1,0,0,0 05-12~2,1,0,0,0 06-27~1,1,0,0,0 05-31~1,1,0,0,0 06-01~2,2,0,0,0 07-12~1,1,0,0,0 07-03~1,1,0,0,0 06-24~2,2,1,1,1 06-14~2,2,1,0,0 05-25~2,2,1,1,1 05-27~2,2,1,0,0 06-15~5,2,1,0,0 05-22~2,2,1,0,0 all~70,64,25,15,7
97211948_443009|7|00000001:/el/Get-150-Deposit-Bonus-300-Free-Spins-A 00000001:/ja/Get-150-Deposit-Bonus-300-Free-Spins-A 00000003:/pt/Get-150-Deposit-Bonus-300-Free-Spins-A 00000005:/fr/Get-150-Deposit-Bonus-300-Free-Spins-A 00000007:/es/Get-150-Deposit-Bonus-300-Free-Spins-A 00000008:/de/Get-150-Deposit-Bonus-300-Free-Spins-A 00000204:/Get-150-Deposit-Bonus-300-Free-Spins-A|05-17~27,27,9,3,0 05-28~4,3,2,0,0 05-02~4,4,0,0,0 05-27~9,6,4,1,0 05-13~4,3,0,0,0 05-01~6,5,0,0,0 05-26~9,8,6,4,0 05-25~8,7,5,4,0 05-24~11,10,7,3,0 05-19~9,6,4,2,0 05-23~10,9,8,3,0 05-29~1,1,0,0,0 05-22~7,6,4,1,0 05-04~12,11,0,0,0 05-10~5,5,0,0,0 05-21~8,7,3,0,0 05-15~12,12,2,0,0 05-09~8,8,0,0,0 05-18~4,3,2,0,0 05-03~2,2,0,0,0 05-14~14,14,3,1,0 05-06~6,6,0,0,0 05-07~9,9,0,0,0 05-20~9,9,4,1,0 05-08~10,7,0,0,0 05-12~19,19,0,0,0 05-05~4,4,0,0,0 05-16~6,5,2,0,0 05-11~10,10,0,0,0 all~229,218,67,33,1
97211948_501841|5|00000002:/fr/casino-promocode 00000004:/pt/casino-promocode 00000006:/es/casino-promocode 00000010:/de/casino-promocode 00000089:/casino-promocode|08-28~5,5,1,0,0 07-22~1,1,1,0,0 08-26~4,3,1,1,1 08-15~3,3,2,1,0 07-21~1,1,1,1,0 08-17~1,1,0,0,0 08-22~4,4,1,1,0 08-21~4,4,3,3,1 07-14~1,1,0,0,0 07-25~3,3,1,1,0 08-16~1,1,1,0,0 07-31~1,1,0,0,0 07-29~2,1,0,0,0 08-03~1,1,0,0,0 07-26~3,3,2,1,0 08-13~1,1,1,1,0 08-19~7,7,2,1,0 08-24~4,4,1,0,0 08-29~4,4,0,0,0 07-19~1,1,1,1,0 07-28~4,4,2,2,1 08-01~3,3,1,0,0 07-18~3,3,3,2,0 07-23~3,3,0,0,0 08-14~2,2,1,1,0 08-10~5,5,3,2,0 08-04~5,5,1,0,0 08-09~6,6,3,1,0 07-17~3,3,0,0,0 08-27~5,5,4,1,0 08-12~2,2,1,0,0 08-07~4,4,4,2,1 08-18~1,1,0,0,0 08-08~3,3,1,0,0 08-05~2,2,1,1,0 07-27~3,3,0,0,0 08-25~2,1,1,1,0 08-02~1,1,1,0,0 07-24~13,11,2,0,0 07-30~1,1,0,0,0 07-20~3,3,1,0,0 all~111,108,47,26,4
97460169_493111|13|00000274:/ko 00000742:/it 00002720:/tr 00014106:/fr 00087134:/es 00198069:/de 00270133:/pt 02838696:/|07-01~338,45,2,1,0 07-10~1012,75,7,3,0 06-22~4144,356,1,0,0 08-17~114073,5469,15,8,1 06-29~530,34,2,0,0 06-07~37,7,3,3,1 08-01~113621,4968,8,2,0 06-20~12,7,2,2,1 06-21~5,2,2,2,0 08-22~101885,4965,19,13,1 08-15~125776,6281,30,14,2 07-02~1009,111,3,1,0 all~3412049,146127,815,413,70 05-21~18,6,1,0,0 06-09~34,8,2,1,0 06-19~10,3,1,0,0 08-27~97634,6406,6,2,0 06-14~35,6,0,0,0 05-10~8,2,0,0,0 07-14~684,52,16,5,0 06-05~20,6,0,0,0 05-12~19,10,0,0,0 06-28~1432,86,7,1,0 08-16~132541,6571,17,7,0 06-27~1375,74,6,0,0 08-19~109440,3662,23,9,2 05-13~12,6,0,0,0 07-08~1081,75,4,1,0 08-26~89863,6186,6,3,0 06-18~10,5,2,0,0 05-08~38,18,0,0,0 08-29~1819,206,3,0,0 06-17~12,8,1,0,0 07-23~15871,609,35,16,2 05-18~24,7,4,1,0 06-08~20,8,1,0,0 06-23~6449,623,7,4,0 07-24~11453,369,14,3,1 07-27~85170,2879,11,4,1 05-27~13,5,2,1,0 05-17~26,6,3,1,0 06-06~23,7,2,0,0 07-06~939,63,5,3,0 05-15~19,5,4,2,0 07-21~19131,530,23,13,2 05-24~23,6,3,0,0 08-11~107008,5461,14,9,2 08-07~114333,4263,10,9,0 06-11~38,8,1,1,1 06-30~489,28,1,1,0 07-11~1081,93,6,4,0 07-28~143525,6022,15,9,2 08-25~99159,5228,15,10,1 05-20~36,15,10,4,0 07-19~1023,120,14,8,2 07-09~1168,79,6,4,0 08-02~113379,5032,9,8,0 08-10~79138,4022,10,6,0 07-31~114875,4964,14,10,1 06-03~33,3,1,0,0 05-07~2,2,0,0,0 08-21~102659,4472,17,13,1 07-03~1015,99,11,3,0 05-31~6,1,1,0,0 07-17~24443,463,15,6,3 07-20~25615,911,20,11,5 05-05~8,8,0,0,0 05-26~2,0,0,0,0 08-18~106845,4168,27,9,2 06-26~1020,108,2,1,1 05-23~8,2,2,2,0 05-16~18,5,4,3,0 05-28~14,5,3,2,0 08-09~68832,2730,8,3,0 06-16~13,7,1,0,0 08-28~85397,3380,10,2,2 08-08~115262,4236,4,2,0 06-04~24,3,1,0,0 07-05~482,35,4,3,0 08-14~93011,5005,18,4,0 08-06~110365,4009,8,4,1 05-11~11,5,0,0,0 07-18~942,120,17,7,0 07-30~111885,4605,6,4,1 06-13~45,10,2,1,0 05-29~8,3,3,2,0 05-14~12,8,4,3,0 07-15~1075,90,9,2,0 08-23~105295,4718,21,13,1 08-05~107353,4030,11,8,1 05-25~14,3,3,1,0 06-24~1399,199,11,10,0 07-12~1159,98,9,3,0 06-10~44,8,0,0,0 05-30~3,2,1,1,0 07-25~9616,323,11,4,1 06-15~26,6,1,0,0 07-04~445,23,1,1,1 08-04~108493,4962,7,3,1 05-22~24,6,2,0,0 07-16~725,69,5,5,2 07-13~973,77,5,2,0 08-13~19407,1048,14,4,1 08-24~101254,4586,15,9,0 08-03~115377,5400,3,1,0 07-22~12056,488,21,9,2 06-01~7,1,1,0,0 05-06~15,14,0,0,0 05-19~24,8,3,1,0 07-26~9483,337,6,3,3 08-20~109294,3421,14,8,1 06-25~1140,75,8,4,0 05-09~9,3,0,0,0 06-12~28,3,0,0,0 06-02~3,1,1,1,1 07-07~1052,81,3,0,0 08-12~41410,2192,9,1,0 07-29~114614,4587,10,3,0
97460169_493964|7|00000001:/it/promotions/top-leagues-offers-cashback 00000001:/pt/promotions/top-leagues-offers-cashback 00000001:/tr/promotions/top-leagues-offers-cashback 00000003:/fr/promotions/top-leagues-offers-cashback 00000050:/es/promotions/top-leagues-offers-cashback 00000064:/de/promotions/top-leagues-offers-cashback 00000183:/promotions/top-leagues-offers-cashback|05-17~5,0,0,0,0 05-24~1,0,0,0,0 05-25~1,0,0,0,0 05-11~3,0,0,0,0 05-21~1,0,0,0,0 05-23~3,0,0,0,0 05-09~111,6,0,0,0 05-16~8,0,0,0,0 05-10~29,3,0,0,0 05-19~2,0,0,0,0 05-15~17,0,0,0,0 05-20~89,5,4,1,0 05-22~7,0,0,0,0 05-13~27,0,0,0,0 05-14~11,0,0,0,0 all~303,17,6,3,0
97460169_493965|11|00000006:/hi/promotions/welcome-bonus 00000008:/ja/promotions/welcome-bonus 00000267:/tr/promotions/welcome-bonus 00000348:/fr/promotions/welcome-bonus 00000429:/pt/promotions/welcome-bonus 00005296:/es/promotions/welcome-bonus 00007299:/de/promotions/welcome-bonus 00011214:/promotions/welcome-bonus|08-25~168,29,17,5,0 05-22~44,11,9,3,0 05-16~3,0,0,0,0 07-25~514,107,62,34,0 06-20~2,1,0,0,0 07-14~230,55,36,19,0 08-10~1118,94,5,3,0 05-10~7,0,0,0,0 07-15~331,66,29,16,0 07-06~79,29,21,11,0 08-24~205,28,16,8,0 07-31~623,49,35,12,0 08-26~43,1,1,1,0 05-09~30,0,0,0,0 06-05~818,310,265,125,0 05-12~15,0,0,0,0 07-13~181,46,23,13,0 07-03~72,20,16,6,0 08-13~1275,132,66,29,0 05-18~6,0,0,0,0 06-12~8,0,0,0,0 05-29~55,16,14,3,0 07-02~111,26,18,8,0 05-20~61,15,10,5,0 06-04~497,134,113,61,0 08-07~564,28,1,0,0 07-12~164,40,29,16,0 08-03~293,49,35,14,0 06-07~859,316,280,148,0 06-06~878,299,259,123,0 06-10~2,0,0,0,0 06-11~4,0,0,0,0 08-22~211,18,8,3,0 08-05~20,4,3,1,0 05-15~8,0,0,0,0 07-23~487,108,64,34,0 08-18~890,80,7,1,0 06-26~437,176,104,63,1 05-25~70,18,12,5,1 05-28~97,37,29,12,0 07-01~370,161,85,50,1 07-24~526,115,67,35,0 06-03~151,48,40,19,0 06-13~3,0,0,0,0 07-26~474,108,64,38,0 08-09~663,39,4,3,0 07-10~117,41,25,15,1 08-15~1055,108,5,2,0 07-19~137,23,12,5,0 07-05~81,32,23,14,0 08-27~39,0,0,0,0 06-14~3,0,0,0,0 07-28~664,137,87,41,1 06-28~525,227,137,86,0 08-16~1191,143,3,1,0 05-27~75,22,17,6,0 08-04~184,54,31,11,0 05-17~2,0,0,0,0 08-08~615,56,5,2,0 08-12~937,57,24,12,0 05-11~8,2,0,0,0 06-24~89,23,14,8,1 08-21~851,99,14,7,0 07-29~1954,466,193,92,0 07-30~700,79,52,23,1 05-23~41,13,10,1,0 06-25~265,73,50,28,0 07-22~346,83,40,29,0 06-02~16,4,1,1,0 08-11~1388,89,2,1,0 08-14~756,91,4,1,0 07-09~77,27,14,5,0 05-13~2,0,0,0,0 07-07~65,22,20,8,0 07-21~335,78,39,21,0 05-19~1,0,0,0,0 05-14~2,0,0,0,0 06-08~691,212,190,85,0 07-11~140,30,21,14,0 08-01~533,70,43,23,0 07-17~217,37,20,6,0 08-20~1215,142,17,9,0 07-20~168,30,18,11,0 06-30~573,254,145,87,0 06-09~13,1,0,0,0 06-27~419,162,86,52,0 08-19~1173,170,13,7,0 08-29~28,0,0,0,0 06-17~4,0,0,0,0 07-27~366,74,41,23,0 08-06~32,5,4,2,0 05-26~5,3,0,0,0 05-24~57,18,14,3,0 07-16~217,44,17,10,0 08-02~632,65,48,29,0 07-04~81,26,19,11,0 06-16~4,0,0,0,0 08-28~28,0,0,0,0 05-08~1,0,0,0,0 08-17~1128,129,16,7,0 06-29~319,133,67,38,0 07-08~77,31,22,13,0 07-18~153,28,13,5,0 05-30~39,16,12,6,0 08-23~163,22,13,9,0 05-31~35,7,4,0,0 05-21~49,16,14,6,0 all~24875,6551,3489,1942,12
97460169_494343|6|00000001:/de/tournaments/crash-race 00000001:/tr/tournaments/crash-race 00000002:/fr/tournaments/crash-race 00000002:/pt/tournaments/crash-race 00000158:/es/tournaments/crash-race 00000734:/tournaments/crash-race|05-13~128,11,9,4,0 05-23~78,21,11,4,0 06-08~1,0,0,0,0 05-25~58,8,7,4,0 05-24~55,11,10,2,0 05-14~75,15,10,3,0 05-31~1,0,0,0,0 05-18~53,14,11,6,1 05-17~102,16,12,8,0 05-20~49,10,7,2,0 05-27~112,12,8,1,0 06-05~1,1,0,0,0 07-25~1,0,0,0,0 05-28~32,5,3,0,0 05-19~66,22,12,6,0 05-12~2,0,0,0,0 05-26~7,2,2,1,0 05-16~54,13,10,5,0 05-22~67,9,7,1,0 05-21~37,8,7,3,0 05-15~58,7,5,0,0 all~898,210,147,74,2
97460169_494354|8|00000001:/el/promotions/welcome-bonus 00000001:/it/promotions/welcome-bonus 00000002:/pt/promotions/welcome-bonus 00000002:/tr/promotions/welcome-bonus 00000008:/fr/promotions/welcome-bonus 00000071:/de/promotions/welcome-bonus 00000734:/es/promotions/welcome-bonus 00000851:/promotions/welcome-bonus|08-01~1,0,0,0,0 06-22~12,5,5,2,0 06-28~11,7,5,4,0 06-13~19,5,4,1,0 08-03~1,1,1,0,0 05-25~51,14,11,4,0 08-02~1,1,1,1,0 06-12~25,8,4,1,0 06-01~58,26,13,9,0 07-02~15,6,4,4,0 06-14~25,7,4,1,0 06-04~175,21,13,8,0 06-09~62,6,5,3,0 06-18~25,12,8,4,0 05-31~65,10,5,3,0 08-04~1,1,0,0,0 05-26~2,0,0,0,0 05-29~104,30,24,13,0 07-24~1,0,0,0,0 06-05~89,18,16,7,0 07-03~4,2,1,0,0 06-15~25,9,7,4,0 07-25~1,1,1,1,0 07-01~14,7,4,4,0 06-24~14,6,5,4,0 08-13~52,6,3,1,0 05-22~65,20,16,6,0 06-06~81,8,5,2,0 06-23~16,3,3,3,0 08-12~119,8,1,1,0 06-21~29,9,4,4,0 06-17~15,3,2,2,0 06-02~64,21,13,4,0 05-30~56,13,10,4,0 07-26~1,0,0,0,0 08-05~1,0,0,0,0 08-14~1,0,0,0,0 06-19~23,7,5,4,0 07-23~2,0,0,0,0 06-25~16,8,3,1,0 07-05~1,1,0,0,0 06-29~5,2,2,1,0 05-24~68,18,11,8,0 06-26~11,8,4,2,0 06-16~20,10,9,6,0 06-10~39,8,7,3,0 06-08~57,8,4,2,0 08-19~1,0,0,0,0 06-27~13,5,4,2,0 05-28~109,38,27,15,0 06-30~13,3,1,0,0 06-07~78,9,7,2,0 06-20~24,12,7,6,0 08-22~1,0,0,0,0 06-11~37,11,4,3,0 06-03~44,11,5,2,0 05-23~62,16,11,4,0 05-27~62,13,10,7,0 all~1670,471,330,190,1
97460169_494355|5|00000001:/el/promotions/majestic7 00000002:/de/promotions/majestic7 00000002:/tr/promotions/majestic7 00000142:/promotions/majestic7 00000143:/es/promotions/majestic7|05-21~23,2,1,1,0 05-22~22,6,4,1,0 05-24~26,5,4,2,0 05-13~32,1,0,0,0 05-20~12,1,1,1,0 05-16~31,7,4,2,0 05-26~2,2,1,1,0 05-19~25,6,3,1,0 05-14~20,5,4,2,0 05-15~24,4,3,0,0 05-12~24,0,0,0,0 05-23~13,4,4,2,0 05-17~27,7,6,4,0 05-25~17,5,1,0,0 05-18~24,11,6,2,0 all~290,81,56,30,0
97460169_495506|2|00000005:/special-bonus/up-to-200 00000164:/de/special-bonus/up-to-200|07-01~1,1,0,0,0 06-01~12,11,3,1,0 05-25~3,3,2,2,0 05-30~3,3,1,0,0 05-20~5,5,1,1,0 06-29~3,3,1,0,0 06-15~3,3,1,0,0 06-02~2,2,1,0,0 05-21~3,3,1,1,0 06-21~2,2,0,0,0 05-31~7,7,2,1,0 05-28~4,4,0,0,0 06-06~10,10,0,0,0 05-22~3,3,0,0,0 06-23~3,3,0,0,0 06-05~3,3,0,0,0 06-08~3,3,1,0,0 06-14~6,5,1,0,0 06-26~4,4,0,0,0 06-16~2,2,2,1,0 06-11~6,6,0,0,0 06-27~3,3,0,0,0 06-28~7,7,0,0,0 06-10~2,2,0,0,0 05-24~7,6,3,2,0 05-29~5,5,1,0,0 06-09~10,10,0,0,0 06-24~2,2,1,0,0 06-25~16,16,0,0,0 05-23~2,2,2,0,0 05-27~8,8,0,0,0 06-04~6,6,0,0,0 06-30~11,11,1,0,0 06-17~3,2,1,1,0 06-07~9,7,0,0,0 06-13~2,2,0,0,0 06-03~13,13,0,0,0 all~169,166,27,14,0
97460169_495953|12|00000048:/it/world-cup-2026 00000087:/tr/world-cup-2026 00000112:/no/world-cup-2026 00000180:/pt/world-cup-2026 00001895:/fr/world-cup-2026 00009049:/de/world-cup-2026 00013440:/es/world-cup-2026 00030774:/world-cup-2026|07-19~202,0,0,0,0 06-14~2120,21,8,5,0 08-21~10,1,0,0,0 06-09~1181,95,67,30,0 06-03~179,68,46,19,0 08-06~3,0,0,0,0 07-02~502,21,10,6,0 06-16~811,14,7,2,0 08-28~4,0,0,0,0 08-29~12,0,0,0,0 06-17~918,9,5,2,0 08-07~4,0,0,0,0 08-14~7,0,0,0,0 08-23~5,0,0,0,0 07-29~2,0,0,0,0 08-11~5,0,0,0,0 06-22~4259,27,7,3,0 07-01~568,20,13,6,0 08-08~2,0,0,0,0 07-22~5,0,0,0,0 08-20~17,0,0,0,0 06-11~4620,112,49,25,0 08-10~5,0,0,0,0 06-21~1511,6,3,0,0 07-15~243,0,0,0,0 06-15~1286,15,8,2,0 07-12~386,3,1,1,0 07-11~400,5,3,3,0 06-30~753,13,4,2,0 07-17~239,4,2,1,0 06-19~1449,6,2,0,0 08-27~3,0,0,0,0 06-27~2828,15,8,6,0 08-19~5,0,0,0,0 06-06~463,117,79,38,0 08-13~6,0,0,0,0 06-08~345,88,59,23,0 06-07~439,114,73,22,0 08-26~6,0,0,0,0 06-18~1216,2,0,0,0 07-07~529,8,5,3,0 05-31~349,139,98,41,0 08-17~7,0,0,0,0 06-29~664,13,6,1,0 06-04~354,76,46,20,0 07-04~472,8,3,1,0 07-21~5,0,0,0,0 07-16~257,2,1,0,0 05-29~294,122,90,33,0 06-10~1761,100,63,28,1 06-01~265,88,59,27,0 06-20~1517,10,5,3,0 07-08~320,3,0,0,0 05-28~278,121,89,31,0 06-05~415,116,79,31,0 08-22~8,0,0,0,0 07-09~286,1,0,0,0 05-27~214,76,54,18,0 06-02~248,107,73,33,0 07-03~542,12,10,6,0 07-06~509,7,4,2,0 06-25~2749,13,9,5,0 07-23~4,0,0,0,0 08-15~8,0,0,0,0 06-12~3710,62,32,19,0 08-03~4,0,0,0,0 08-18~11,0,0,0,0 06-26~2677,14,7,0,0 07-13~207,2,1,0,0 08-05~4,0,0,0,0 06-23~5299,19,9,4,0 07-20~98,0,0,0,0 08-25~5,0,0,0,0 08-12~4,0,0,0,0 07-14~242,2,0,0,0 08-09~3,0,0,0,0 05-30~171,57,39,18,0 08-04~5,0,0,0,0 07-10~254,2,1,1,0 06-28~1838,19,13,3,0 08-16~10,0,0,0,0 06-13~2708,29,3,3,0 07-05~446,7,3,2,0 06-24~2520,17,10,6,0 08-24~7,0,0,0,0 07-18~297,0,0,0,0 all~55680,1996,1284,640,2
97460169_495954|8|00000001:/el/promotions/french-open 00000001:/fr/promotions/french-open 00000002:/tr/promotions/french-open 00000003:/de/promotions/french-open 00000003:/it/promotions/french-open 00000013:/pt/promotions/french-open 00000132:/es/promotions/french-open 00000513:/promotions/french-open|06-04~399,0,0,0,0 06-09~9,0,0,0,0 06-07~95,0,0,0,0 06-06~69,0,0,0,0 05-25~5,0,0,0,0 05-28~20,1,1,1,0 05-31~8,1,0,0,0 06-02~4,0,0,0,0 05-29~7,2,0,0,0 06-05~60,0,0,0,0 06-08~44,0,0,0,0 06-01~4,0,0,0,0 05-30~7,0,0,0,0 05-24~1,0,0,0,0 06-03~10,2,2,1,0 05-23~3,0,0,0,0 05-22~3,0,0,0,0 05-27~13,2,1,1,0 all~668,14,4,3,0
97460169_503029|11|00000011:/it/promotions/world-cup-finals-special 00000011:/tr/promotions/world-cup-finals-special 00000029:/ko/promotions/world-cup-finals-special 00001418:/fr/promotions/world-cup-finals-special 00019960:/promotions/world-cup-finals-special 00020371:/pt/promotions/world-cup-finals-special 00112173:/es/promotions/world-cup-finals-special 00112910:/de/promotions/world-cup-finals-special|07-19~111411,112,38,5,0 07-31~2,0,0,0,0 07-20~43730,7,0,0,0 07-25~1,0,0,0,0 08-28~1,0,0,0,0 07-21~7630,1,0,0,0 07-24~2,0,0,0,0 07-17~32887,13,1,0,0 07-22~8,0,0,0,0 07-23~2,0,0,0,0 07-18~78224,31,15,5,1 07-27~2,0,0,0,0 08-06~1,0,0,0,0 all~266897,228,57,10,1
97460169_504118|4|00000001:/no/promotions/monthly-bonus 00000005:/de/promotions/monthly-bonus 00000084:/es/promotions/monthly-bonus 00000340:/promotions/monthly-bonus|08-01~161,26,14,4,0 08-27~2,0,0,0,0 08-03~72,2,1,0,0 07-31~117,15,6,2,0 08-18~1,0,0,0,0 08-19~1,0,0,0,0 07-28~1,1,1,0,0 08-02~124,17,8,8,0 07-29~57,23,13,8,0 08-15~1,0,0,0,0 08-24~1,0,0,0,0 07-30~95,15,8,2,0 08-04~32,6,5,4,0 all~430,83,48,28,0
97460169_504221|5|00000002:/pt/crypto-sportsbook 00000003:/de/crypto-sportsbook 00000004:/fr/crypto-sportsbook 00000005:/es/crypto-sportsbook 00000279:/crypto-sportsbook|08-09~35,6,0,0,0 08-02~56,3,0,0,0 08-17~10,1,0,0,0 07-31~38,5,2,0,0 08-07~21,1,0,0,0 08-05~32,1,0,0,0 08-16~12,0,0,0,0 07-30~9,0,0,0,0 07-29~11,1,0,0,0 08-10~22,2,0,0,0 08-01~54,2,1,1,0 08-08~26,2,0,0,0 08-15~35,4,1,1,0 08-04~23,1,0,0,0 08-06~36,0,0,0,0 08-14~21,0,0,0,0 08-12~8,1,0,0,0 08-03~53,1,1,0,0 08-11~33,6,1,1,0 all~293,38,5,4,0
99774584_464204|5|00000001:/fr/150-BONUS-UP-TO-2000-EUR-50-Free-Spins 00000001:/no/150-BONUS-UP-TO-2000-EUR-50-Free-Spins 00000001:/tr/150-BONUS-UP-TO-2000-EUR-50-Free-Spins 00000002:/de/150-BONUS-UP-TO-2000-EUR-50-Free-Spins 00000014:/150-BONUS-UP-TO-2000-EUR-50-Free-Spins|08-14~1,0,0,0,0 08-28~1,1,1,1,0 06-16~1,0,0,0,0 06-03~1,0,0,0,0 07-21~1,1,0,0,0 05-02~1,1,0,0,0 07-29~1,1,1,1,0 06-02~1,1,1,0,0 05-04~1,1,0,0,0 07-16~1,1,0,0,0 06-11~1,0,0,0,0 07-13~1,1,0,0,0 08-08~2,2,0,0,0 06-09~2,1,1,0,0 07-04~1,1,0,0,0 08-06~1,1,1,0,0 07-31~1,1,0,0,0 06-17~2,1,1,1,0 06-07~1,1,0,0,0 07-19~2,2,1,0,0 06-27~1,1,0,0,0 07-28~1,1,0,0,0 06-14~1,1,0,0,0 06-08~2,2,0,0,0 05-20~1,1,1,1,0 07-24~1,0,0,0,0 all~19,18,8,4,0