country|packed
Albania|06-10:10,1,0,0,0 06-25:20,1,1,0,0 07-03:11,6,5,2,2 07-13:10,2,1,0,0 07-19:11,2,2,1,1 07-21:10,3,1,1,1 07-24:11,4,1,0,0 07-25:11,4,2,1,1 07-26:11,3,0,0,0 07-27:11,1,1,1,1 07-29:18,5,0,0,0 07-30:10,2,1,1,1 07-31:12,4,3,1,1 08-04:10,3,0,0,0 08-09:27,6,0,0,0 08-10:12,5,3,2,2 08-14:10,3,2,0,0 08-15:11,1,0,0,0 08-18:13,1,0,0,0 08-19:13,0,0,0,0 08-20:11,2,0,0,0 08-21:10,0,0,0,0 08-22:10,1,1,1,0
Algeria|05-01:23,0,0,0,0 05-02:24,0,0,0,0 05-03:26,2,0,0,0 05-04:23,0,0,0,0 05-05:23,0,0,0,0 05-06:22,1,0,0,0 05-07:27,1,0,0,0 05-08:27,2,0,0,0 05-09:28,0,0,0,0 05-10:29,1,0,0,0 05-11:21,0,0,0,0 05-12:21,0,0,0,0 05-13:22,0,0,0,0 05-14:27,2,1,0,0 05-15:22,1,0,0,0 05-16:20,0,0,0,0 05-17:27,1,0,0,0 05-18:25,0,0,0,0 05-19:23,0,0,0,0 05-20:17,0,0,0,0 05-21:22,0,0,0,0 05-22:21,0,0,0,0 05-23:22,3,2,0,0 05-24:25,1,1,1,0 05-25:24,1,1,1,0 05-26:16,2,0,0,0 05-27:22,0,0,0,0 05-28:23,0,0,0,0 05-29:20,1,1,0,0 05-30:22,0,0,0,0 05-31:25,0,0,0,0 06-01:24,0,0,0,0 06-02:23,1,1,1,0 06-03:24,2,2,2,0 06-04:22,1,1,1,0 06-05:25,1,1,0,0 06-06:24,2,2,1,0 06-07:18,1,1,1,0 06-08:19,1,1,0,0 06-09:21,0,0,0,0 06-10:31,2,0,0,0 06-11:29,2,2,0,0 06-12:30,0,0,0,0 06-13:23,1,0,0,0 06-14:26,0,0,0,0 06-15:23,1,0,0,0 06-16:17,0,0,0,0 06-17:17,0,0,0,0 06-18:24,0,0,0,0 06-19:24,2,1,1,0 06-20:20,1,1,1,1 06-21:18,0,0,0,0 06-22:24,0,0,0,0 06-23:20,2,1,1,0 06-24:28,1,0,0,0 06-25:25,2,1,0,0 06-26:23,0,0,0,0 06-27:27,3,3,2,0 06-28:28,2,0,0,0 06-29:25,0,0,0,0 06-30:64,39,29,5,0 07-01:52,24,16,1,0 07-02:22,1,1,0,0 07-03:24,1,1,0,0 07-04:20,1,1,0,0 07-05:18,0,0,0,0 07-06:22,3,2,1,0 07-07:20,2,1,0,0 07-08:23,3,2,0,0 07-09:21,1,1,0,0 07-10:22,1,0,0,0 07-11:22,2,1,1,0 07-12:17,1,1,1,0 07-13:18,0,0,0,0 07-14:19,1,1,1,0 07-15:21,2,0,0,0 07-16:23,0,0,0,0 07-17:21,2,2,0,0 07-18:21,0,0,0,0 07-19:24,1,0,0,0 07-20:22,3,2,1,0 07-21:22,1,1,0,0 07-22:23,4,3,0,0 07-23:18,1,1,0,0 07-24:22,0,0,0,0 07-25:24,1,0,0,0 07-26:23,0,0,0,0 07-27:22,3,3,0,0 07-28:21,0,0,0,0 07-29:33,4,4,2,0 07-30:22,0,0,0,0 07-31:19,0,0,0,0 08-01:20,2,1,0,0 08-02:23,3,2,2,0 08-03:28,0,0,0,0 08-04:26,1,1,1,0 08-05:24,0,0,0,0 08-06:26,0,0,0,0 08-07:28,2,2,0,0 08-08:25,3,2,2,2 08-09:20,0,0,0,0 08-10:20,1,1,1,0 08-11:27,4,2,1,0 08-12:28,1,0,0,0 08-13:24,1,0,0,0 08-14:23,0,0,0,0 08-15:36,5,3,1,1 08-16:30,1,0,0,0 08-17:28,0,0,0,0 08-18:30,1,1,0,0 08-19:20,0,0,0,0 08-20:21,2,1,1,0 08-21:32,0,0,0,0 08-22:25,1,1,0,0 08-23:22,0,0,0,0 08-24:30,2,1,0,0 08-25:24,3,1,0,0 08-26:25,3,2,2,1 08-27:20,1,1,0,0 08-28:21,0,0,0,0 08-29:24,0,0,0,0
Argentina|05-01:44,5,0,0,0 05-02:43,4,0,0,0 05-03:69,20,0,0,0 05-04:50,9,0,0,0 05-05:47,13,0,0,0 05-06:34,4,0,0,0 05-07:32,7,0,0,0 05-08:32,7,0,0,0 05-09:37,14,0,0,0 05-10:53,27,0,0,0 05-11:37,8,0,0,0 05-12:60,21,0,0,0 05-13:53,10,6,5,4 05-14:33,8,7,4,0 05-15:54,19,14,9,6 05-16:94,57,45,30,13 05-17:56,15,12,7,2 05-18:52,9,9,6,1 05-19:39,7,1,0,0 05-20:43,6,3,1,0 05-21:29,4,2,0,0 05-22:41,6,4,1,0 05-23:66,21,17,2,0 05-24:35,7,2,1,0 05-25:31,4,2,1,0 05-26:27,5,2,2,0 05-27:97,25,19,4,0 05-28:134,42,33,14,0 05-29:99,31,23,7,0 05-30:71,13,9,4,0 05-31:107,45,28,6,0 06-01:77,23,18,13,0 06-02:144,51,29,16,0 06-03:180,63,48,24,4 06-04:320,71,51,25,8 06-05:330,96,73,29,3 06-06:447,118,92,54,0 06-07:366,111,90,56,14 06-08:229,67,48,28,11 06-09:224,39,28,12,0 06-10:295,55,38,13,0 06-11:723,58,32,15,1 06-12:540,39,24,12,1 06-13:325,59,44,24,4 06-14:173,16,11,5,1 06-15:298,27,15,9,0 06-16:221,25,16,7,3 06-17:388,40,21,12,0 06-18:503,33,20,14,0 06-19:571,22,14,8,0 06-20:528,31,18,8,0 06-21:561,17,5,1,0 06-22:1128,51,25,12,3 06-23:703,61,15,9,0 06-24:466,99,27,22,2 06-25:267,37,24,10,3 06-26:153,31,16,9,3 06-27:161,22,13,6,0 06-28:155,27,17,10,0 06-29:81,12,9,3,0 06-30:173,32,16,8,2 07-01:177,36,16,12,1 07-02:297,45,29,21,7 07-03:200,39,22,13,3 07-04:254,32,15,10,0 07-05:220,53,32,15,1 07-06:218,46,26,17,4 07-07:335,24,14,6,0 07-08:185,35,27,15,1 07-09:73,23,18,12,2 07-10:100,37,26,23,20 07-11:105,29,17,14,10 07-12:61,13,10,7,6 07-13:71,19,12,7,5 07-14:90,27,20,12,2 07-15:70,26,18,15,13 07-16:42,11,4,0,0 07-17:8245,40,9,6,3 07-18:12538,38,16,7,0 07-19:9832,20,8,2,2 07-20:5213,72,11,6,3 07-21:11649,126,12,6,4 07-22:4438,69,8,5,0 07-23:6054,78,9,4,0 07-24:6744,54,7,1,0 07-25:5077,50,7,1,0 07-26:4991,47,5,3,2 07-27:6345,54,5,3,0 07-28:147,11,5,3,0 07-29:105,13,10,1,0 07-30:91,10,2,2,0 07-31:82,10,9,7,1 08-01:73,8,4,1,0 08-02:68,17,12,9,6 08-03:81,11,6,4,3 08-04:71,16,10,3,0 08-05:55,12,10,3,1 08-06:63,13,8,6,6 08-07:71,20,16,10,5 08-08:61,21,18,14,10 08-09:30,1,0,0,0 08-10:60,29,24,20,13 08-11:79,27,22,18,17 08-12:77,22,8,5,3 08-13:100,43,23,15,1 08-14:39,5,3,2,0 08-15:51,14,10,6,1 08-16:36,6,1,0,0 08-17:37,5,3,1,0 08-18:35,4,4,2,1 08-19:34,7,7,3,1 08-20:36,10,6,0,0 08-21:29,8,6,1,1 08-22:35,8,6,4,4 08-23:26,1,0,0,0 08-24:15,1,1,1,1 08-25:23,0,0,0,0 08-26:24,2,0,0,0 08-27:26,1,0,0,0 08-28:24,3,3,1,0 08-29:24,2,0,0,0
Armenia|05-01:18,0,0,0,0 05-02:12,0,0,0,0 05-03:12,0,0,0,0 05-04:15,1,0,0,0 05-05:18,2,0,0,0 05-06:17,1,0,0,0 05-07:14,0,0,0,0 05-08:17,1,0,0,0 05-09:14,1,0,0,0 05-10:13,0,0,0,0 05-11:16,2,0,0,0 05-12:18,1,0,0,0 05-13:19,1,1,1,0 05-14:24,7,2,0,0 05-15:15,1,0,0,0 05-16:12,2,1,0,0 05-17:11,0,0,0,0 05-18:18,3,3,0,0 05-19:13,0,0,0,0 05-20:18,2,0,0,0 05-21:18,1,0,0,0 05-22:15,0,0,0,0 05-23:14,0,0,0,0 05-24:14,0,0,0,0 05-25:17,0,0,0,0 05-26:17,0,0,0,0 05-27:16,2,1,0,0 05-28:15,2,0,0,0 05-29:19,1,1,1,1 05-30:10,0,0,0,0 05-31:14,2,2,0,0 06-01:15,1,1,1,1 06-02:22,2,1,1,1 06-03:21,2,2,1,0 06-04:22,1,0,0,0 06-05:17,0,0,0,0 06-06:15,0,0,0,0 06-07:15,0,0,0,0 06-08:17,0,0,0,0 06-09:20,0,0,0,0 06-10:19,0,0,0,0 06-11:26,1,1,1,1 06-12:20,1,1,0,0 06-13:15,0,0,0,0 06-14:14,1,0,0,0 06-15:17,0,0,0,0 06-16:18,1,0,0,0 06-17:19,0,0,0,0 06-18:21,0,0,0,0 06-19:21,1,1,0,0 06-20:19,1,1,1,0 06-21:15,0,0,0,0 06-22:16,0,0,0,0 06-23:18,1,1,0,0 06-24:24,0,0,0,0 06-25:23,0,0,0,0 06-26:18,1,0,0,0 06-27:13,2,1,0,0 06-28:15,0,0,0,0 06-29:14,0,0,0,0 06-30:13,0,0,0,0 07-01:14,0,0,0,0 07-02:19,6,4,4,4 07-03:17,0,0,0,0 07-04:15,0,0,0,0 07-05:12,0,0,0,0 07-06:14,0,0,0,0 07-07:15,0,0,0,0 07-08:20,0,0,0,0 07-10:11,0,0,0,0 07-11:13,0,0,0,0 07-12:16,2,1,0,0 07-13:16,0,0,0,0 07-14:18,1,1,0,0 07-15:13,0,0,0,0 07-16:15,0,0,0,0 07-17:18,1,1,1,0 07-18:14,1,0,0,0 07-19:12,0,0,0,0 07-20:15,0,0,0,0 07-21:17,0,0,0,0 07-22:15,2,2,0,0 07-23:14,0,0,0,0 07-24:11,0,0,0,0 07-25:12,0,0,0,0 07-27:16,0,0,0,0 07-28:16,2,1,0,0 07-29:19,0,0,0,0 07-30:16,2,1,0,0 07-31:16,0,0,0,0 08-01:13,1,1,1,0 08-03:17,2,0,0,0 08-04:18,1,0,0,0 08-05:18,0,0,0,0 08-06:16,0,0,0,0 08-07:13,0,0,0,0 08-13:13,1,1,1,1 08-17:13,0,0,0,0 08-18:14,0,0,0,0 08-19:14,1,0,0,0 08-20:11,0,0,0,0 08-25:10,0,0,0,0 08-26:11,0,0,0,0 08-28:10,0,0,0,0
Australia|05-01:65,4,0,0,0 05-02:66,5,0,0,0 05-03:65,7,0,0,0 05-04:40,0,0,0,0 05-05:44,6,0,0,0 05-06:24,3,0,0,0 05-07:32,5,0,0,0 05-08:41,6,0,0,0 05-09:46,11,0,0,0 05-10:31,7,0,0,0 05-11:54,8,0,0,0 05-12:36,11,0,0,0 05-13:60,17,1,0,0 05-14:46,10,6,2,0 05-15:42,8,6,3,0 05-16:49,10,7,2,0 05-17:96,14,9,5,1 05-18:76,15,11,6,0 05-19:79,16,8,4,0 05-20:93,21,17,7,0 05-21:86,9,2,0,0 05-22:103,11,8,3,0 05-23:77,11,7,6,0 05-24:114,13,7,1,0 05-25:87,17,9,4,0 05-26:30,5,4,3,0 05-27:69,12,6,3,1 05-28:278,21,13,3,0 05-29:185,10,5,1,0 05-30:143,15,9,6,1 05-31:190,11,5,1,0 06-01:135,6,5,2,0 06-02:193,8,2,2,0 06-03:215,8,2,0,0 06-04:143,9,5,0,0 06-05:128,7,4,1,1 06-06:123,11,8,0,0 06-07:161,12,7,4,1 06-08:136,11,5,3,0 06-09:220,13,7,4,0 06-10:418,20,11,3,0 06-11:880,32,10,6,3 06-12:614,8,3,1,0 06-13:652,14,5,1,1 06-14:740,11,6,3,1 06-15:495,6,3,1,0 06-16:414,16,4,2,0 06-17:370,10,7,2,0 06-18:430,10,4,1,0 06-19:574,19,9,4,1 06-20:679,10,4,1,0 06-21:594,15,7,4,0 06-22:483,9,4,4,1 06-23:668,15,10,4,2 06-24:590,9,3,3,0 06-25:951,23,11,5,0 06-26:1072,21,10,3,0 06-27:1159,15,5,4,0 06-28:1015,22,8,3,0 06-29:693,13,5,2,0 06-30:639,19,3,2,0 07-01:450,15,5,2,0 07-02:1100,103,8,4,1 07-03:1016,59,4,2,1 07-04:374,8,4,3,0 07-05:407,12,2,1,0 07-06:920,55,7,5,0 07-07:1002,60,5,1,0 07-08:935,66,5,3,0 07-09:1000,61,6,3,0 07-10:856,76,14,9,1 07-11:918,79,11,9,0 07-12:947,72,10,4,1 07-13:788,45,5,1,0 07-14:706,29,6,3,0 07-15:761,49,7,2,0 07-16:617,42,4,3,1 07-17:543,59,4,2,0 07-18:529,53,4,1,0 07-19:638,71,7,3,1 07-20:524,44,4,2,1 07-21:482,37,5,1,0 07-22:416,25,7,1,1 07-23:52,4,3,2,0 07-24:108,28,2,1,0 07-25:149,35,5,4,1 07-26:143,43,2,1,0 07-27:128,32,3,2,1 07-28:108,20,2,1,0 07-29:137,35,5,2,2 07-30:112,24,3,2,0 07-31:118,34,2,1,0 08-01:171,62,3,1,0 08-02:175,66,2,1,1 08-03:131,34,1,0,0 08-04:200,65,0,0,0 08-05:214,53,1,0,0 08-06:68,9,2,0,0 08-07:156,61,4,2,0 08-08:187,92,4,3,1 08-09:231,98,0,0,0 08-10:236,113,4,0,0 08-11:181,33,1,0,0 08-12:77,5,3,2,0 08-13:109,24,3,0,0 08-14:103,23,4,0,0 08-15:186,56,4,2,1 08-16:306,122,5,4,0 08-17:134,35,3,0,0 08-18:57,3,1,0,0 08-19:31,3,3,1,1 08-20:33,3,2,1,1 08-21:49,8,4,4,0 08-22:33,5,3,1,0 08-23:34,2,1,0,0 08-24:30,0,0,0,0 08-25:27,5,2,0,0 08-26:28,1,0,0,0 08-27:51,17,4,1,1 08-28:83,38,1,0,0 08-29:160,86,2,0,0
Austria|05-01:43,6,0,0,0 05-02:51,10,0,0,0 05-03:48,5,0,0,0 05-04:39,2,0,0,0 05-05:41,1,0,0,0 05-06:48,2,0,0,0 05-07:44,4,0,0,0 05-08:52,3,0,0,0 05-09:56,5,0,0,0 05-10:44,10,0,0,0 05-11:33,8,0,0,0 05-12:35,5,0,0,0 05-13:34,5,2,0,0 05-14:35,2,1,0,0 05-15:40,5,3,1,1 05-16:41,8,5,2,0 05-17:34,2,2,0,0 05-18:23,0,0,0,0 05-19:34,3,1,0,0 05-20:41,4,3,2,2 05-21:32,2,1,1,1 05-22:49,4,3,1,1 05-23:36,3,0,0,0 05-24:37,5,3,3,2 05-25:35,2,1,0,0 05-26:27,1,1,1,0 05-27:43,7,2,1,0 05-28:71,6,3,2,0 05-29:58,3,3,0,0 05-30:44,4,4,2,1 05-31:48,4,2,1,1 06-01:45,5,1,0,0 06-02:51,8,4,4,2 06-03:53,7,4,2,0 06-04:65,19,13,2,1 06-05:50,3,2,2,0 06-06:47,11,10,3,1 06-07:54,7,5,1,0 06-08:42,5,2,1,1 06-09:103,9,3,2,0 06-10:151,11,5,2,1 06-11:222,17,7,3,2 06-12:247,6,2,0,0 06-13:260,6,2,0,0 06-14:356,10,5,5,1 06-15:297,5,3,2,0 06-16:171,5,4,2,0 06-17:233,2,2,1,0 06-18:246,6,4,3,3 06-19:216,11,6,3,0 06-20:327,4,2,2,1 06-21:317,10,5,1,0 06-22:338,11,9,2,1 06-23:325,7,4,2,1 06-24:271,4,2,1,1 06-25:308,8,2,0,0 06-26:296,5,4,4,4 06-27:306,8,1,0,0 06-28:263,7,5,4,0 06-29:207,2,1,1,1 06-30:132,11,3,2,1 07-01:116,5,4,3,2 07-02:122,5,4,4,2 07-03:77,4,3,3,3 07-04:114,2,1,1,1 07-05:144,9,6,6,6 07-06:115,1,1,1,0 07-07:111,3,1,0,0 07-08:112,7,5,3,3 07-09:110,6,3,2,2 07-10:68,4,1,1,1 07-11:84,5,4,3,2 07-12:96,3,1,1,0 07-13:110,3,3,2,1 07-14:94,6,2,1,1 07-15:95,7,5,3,1 07-16:74,3,3,2,2 07-17:95,7,4,2,1 07-18:97,7,4,1,1 07-19:72,7,5,4,3 07-20:62,3,1,1,1 07-21:67,5,4,1,1 07-22:74,3,2,2,2 07-23:53,7,5,2,1 07-24:50,3,2,0,0 07-25:56,2,2,2,1 07-26:39,4,1,0,0 07-27:339,65,3,2,2 07-28:526,160,7,5,4 07-29:522,135,2,2,0 07-30:541,149,2,1,1 07-31:564,153,1,1,1 08-01:618,160,3,1,0 08-02:570,101,1,0,0 08-03:581,133,0,0,0 08-04:649,91,2,1,1 08-05:626,126,4,3,2 08-06:540,128,0,0,0 08-07:730,129,1,1,1 08-08:668,116,3,3,1 08-09:641,89,2,1,1 08-10:640,117,2,1,0 08-11:669,119,0,0,0 08-12:407,66,7,6,5 08-13:96,15,4,3,3 08-14:390,118,4,4,3 08-15:1148,438,4,3,1 08-16:1253,501,3,3,1 08-17:1270,533,1,1,0 08-18:802,297,1,1,0 08-19:957,385,3,2,2 08-20:1053,374,3,2,0 08-21:850,306,1,0,0 08-22:215,55,3,3,0 08-23:198,58,5,4,1 08-24:166,42,9,8,3 08-25:145,38,5,2,0 08-26:108,35,9,8,6 08-27:101,22,5,5,5 08-28:100,24,3,2,2 08-29:96,16,1,0,0
Bangladesh|07-26:10,0,0,0,0
Bolivia|07-28:20,12,7,4,0 07-29:24,9,5,2,0 07-31:11,1,0,0,0 08-02:11,5,1,1,1 08-03:16,4,3,1,0 08-04:15,7,2,2,0 08-06:12,3,0,0,0 08-07:37,5,3,1,1 08-08:159,1,0,0,0 08-09:24,2,0,0,0 08-10:104,4,1,0,0 08-11:44,0,0,0,0 08-12:79,26,4,3,0 08-13:44,19,5,3,1 08-17:10,4,2,1,1
Bosnia and Herzegovina|05-01:12,0,0,0,0 05-02:16,0,0,0,0 05-03:17,1,0,0,0 05-05:12,1,0,0,0 05-06:10,1,0,0,0 05-07:13,0,0,0,0 05-08:13,3,0,0,0 05-10:10,2,0,0,0 05-12:13,1,0,0,0 05-15:18,2,1,0,0 05-16:17,0,0,0,0 05-17:11,0,0,0,0 05-20:18,1,1,1,0 05-22:13,1,1,1,0 05-23:15,0,0,0,0 05-24:17,2,0,0,0 05-25:12,2,2,0,0 05-27:15,2,0,0,0 05-28:21,4,2,0,0 05-29:20,1,0,0,0 05-30:16,4,4,1,0 05-31:13,0,0,0,0 06-01:18,3,2,1,0 06-02:12,0,0,0,0 06-03:14,2,1,0,0 06-05:12,0,0,0,0 06-08:11,0,0,0,0 06-09:15,4,3,1,0 06-10:35,3,1,0,0 06-11:27,1,0,0,0 06-12:22,2,1,0,0 06-13:21,0,0,0,0 06-14:16,0,0,0,0 06-15:23,1,0,0,0 06-16:11,0,0,0,0 06-17:10,1,1,1,0 06-19:11,3,3,1,0 06-20:12,1,1,0,0 06-21:12,1,0,0,0 06-23:12,2,0,0,0 06-24:14,1,1,0,0 06-25:16,1,1,1,0 06-26:14,0,0,0,0 06-27:23,5,3,1,0 06-28:15,2,2,2,0 06-29:14,2,1,0,0 06-30:38,5,2,1,0 07-01:14,3,2,2,0 07-02:15,2,0,0,0 07-03:12,1,1,0,0 07-04:21,4,1,0,0 07-05:16,0,0,0,0 07-06:14,0,0,0,0 07-07:16,1,1,0,0 07-08:10,2,2,2,1 07-09:13,2,1,0,0 07-10:20,5,3,0,0 07-11:17,1,1,0,0 07-12:18,3,3,1,0 07-13:16,2,0,0,0 07-14:29,7,5,1,1 07-15:23,3,1,1,0 07-16:14,1,0,0,0 07-17:13,3,2,1,0 07-18:15,3,2,1,1 07-20:17,4,3,2,0 07-21:60,18,14,8,0 07-22:64,26,16,13,0 07-23:103,30,22,14,0 07-24:98,28,14,8,0 07-25:77,15,11,9,0 07-26:78,17,12,8,0 07-27:75,14,11,4,0 07-28:73,16,12,9,0 07-29:83,24,17,8,0 07-30:77,11,11,6,0 07-31:57,4,3,2,0 08-01:69,16,10,5,0 08-02:69,13,9,8,0 08-03:41,9,5,1,0 08-04:26,3,0,0,0 08-05:10,1,0,0,0 08-06:10,0,0,0,0 08-07:12,1,1,1,0 08-08:12,0,0,0,0 08-09:16,2,2,2,0 08-13:12,1,1,1,0 08-15:11,0,0,0,0 08-17:11,1,0,0,0 08-18:11,3,3,1,0 08-20:12,1,1,1,0 08-21:14,1,0,0,0 08-22:12,1,1,1,0 08-23:13,1,0,0,0 08-24:11,1,0,0,0 08-25:10,0,0,0,0 08-26:13,1,0,0,0 08-27:13,1,1,0,0 08-28:10,0,0,0,0
Botswana|06-30:12,3,1,1,0
Brazil|05-01:85,10,0,0,0 05-02:83,12,0,0,0 05-03:109,41,0,0,0 05-04:128,22,0,0,0 05-05:79,6,0,0,0 05-06:62,8,0,0,0 05-07:79,12,0,0,0 05-08:75,8,0,0,0 05-09:63,4,0,0,0 05-10:67,2,0,0,0 05-11:65,3,0,0,0 05-12:80,11,0,0,0 05-13:77,13,8,6,2 05-14:75,12,10,9,6 05-15:68,7,5,4,3 05-16:66,8,6,6,0 05-17:50,1,1,0,0 05-18:61,9,5,4,2 05-19:49,5,4,4,4 05-20:60,7,6,5,3 05-21:59,7,5,5,2 05-22:87,6,4,3,0 05-23:64,3,2,2,0 05-24:73,8,6,4,2 05-25:63,3,3,2,1 05-26:54,5,4,2,0 05-27:79,6,3,2,1 05-28:113,14,7,3,1 05-29:72,4,3,3,0 05-30:75,4,2,1,1 05-31:92,6,3,2,1 06-01:79,3,1,1,1 06-02:60,10,6,3,2 06-03:69,6,4,2,1 06-04:63,4,3,2,0 06-05:58,1,1,1,1 06-06:52,3,1,1,0 06-07:69,8,6,3,2 06-08:66,5,2,1,0 06-09:94,3,3,2,2 06-10:125,12,8,4,0 06-11:130,7,5,2,0 06-12:100,15,8,7,0 06-13:89,3,1,1,0 06-14:91,3,0,0,0 06-15:103,12,8,8,4 06-16:104,4,2,2,2 06-17:92,6,5,3,2 06-18:85,8,7,5,2 06-19:99,11,9,3,3 06-20:93,9,8,5,1 06-21:70,4,2,2,0 06-22:96,10,5,4,3 06-23:142,18,15,12,9 06-24:111,8,7,5,4 06-25:158,17,13,10,7 06-26:135,25,20,9,4 06-27:143,19,14,10,4 06-28:105,10,7,6,4 06-29:97,13,10,5,3 06-30:121,11,7,5,2 07-01:114,15,11,5,2 07-02:116,11,8,4,4 07-03:107,8,7,4,4 07-04:100,4,1,0,0 07-05:97,10,8,4,4 07-06:121,9,6,3,2 07-07:93,6,3,2,1 07-08:85,10,6,6,3 07-09:121,26,21,8,4 07-10:102,22,16,9,2 07-11:81,4,3,1,0 07-12:97,10,5,3,0 07-13:105,17,8,5,1 07-14:112,18,14,12,6 07-15:115,19,12,8,1 07-16:121,22,15,10,7 07-17:15181,61,21,14,5 07-18:7685,53,37,28,20 07-19:5957,10,4,2,2 07-20:157,22,14,10,4 07-21:133,16,8,6,3 07-22:98,11,8,8,3 07-23:121,15,10,7,6 07-24:113,18,11,8,4 07-25:122,22,13,12,8 07-26:102,15,10,7,6 07-27:42260,1361,7,4,2 07-28:80430,3110,27,12,2 07-29:67616,3526,36,16,3 07-30:68184,4739,13,8,3 07-31:70464,4386,14,8,3 08-01:69377,4989,7,2,0 08-02:67866,5104,16,11,4 08-03:86097,5634,10,4,1 08-04:87056,4366,9,4,2 08-05:87802,3344,16,10,5 08-06:90110,3343,15,8,1 08-07:92145,3417,8,6,0 08-08:93216,3350,10,4,1 08-09:46896,1884,8,5,2 08-10:59005,3017,10,6,1 08-11:89678,4662,23,15,4 08-12:24957,1529,22,13,4 08-13:1177,141,28,11,4 08-14:67000,2473,10,5,4 08-15:93314,2815,14,8,5 08-16:96774,2875,7,5,0 08-17:85402,3033,8,7,2 08-18:86324,3117,12,8,3 08-19:88853,3089,9,7,3 08-20:86216,2853,14,7,1 08-21:80019,3951,18,13,3 08-22:78910,4406,16,10,1 08-23:82245,4083,11,7,1 08-24:78403,4068,7,4,0 08-25:76196,4697,10,4,3 08-26:67820,5656,6,2,0 08-27:75032,5857,9,4,0 08-28:65222,2869,9,2,2 08-29:1459,116,7,3,0
Bulgaria|05-08:10,2,0,0,0 05-15:12,2,1,1,0 05-19:10,3,3,2,1 05-30:11,4,2,0,0 05-31:10,0,0,0,0 06-02:13,3,1,0,0 06-08:10,1,1,0,0 06-10:11,1,0,0,0 06-11:12,0,0,0,0 06-12:14,2,1,0,0 06-13:15,1,1,1,0 06-16:10,1,1,0,0 06-18:12,3,2,0,0 06-21:11,4,3,1,0 06-23:14,2,1,0,0 06-24:18,1,1,0,0 06-25:11,0,0,0,0 06-28:10,2,2,1,0 06-29:13,2,2,0,0 06-30:10,3,2,0,0 07-01:10,0,0,0,0 07-02:17,0,0,0,0 07-04:11,0,0,0,0 07-06:13,0,0,0,0 07-07:13,1,1,1,0 07-10:10,1,1,1,0 07-12:14,2,2,1,0 07-13:14,3,3,1,0 07-14:12,1,0,0,0 07-18:11,5,4,3,3 07-19:10,1,0,0,0 07-22:14,3,2,2,1 07-23:18,5,5,3,1 07-24:11,2,2,1,0 07-25:23,6,6,3,0 07-26:18,3,1,1,0 07-27:16,4,4,2,1 07-28:18,7,6,2,0 07-29:21,2,0,0,0 07-30:23,4,2,1,1 07-31:21,5,3,2,1 08-01:18,3,3,1,0 08-02:11,1,0,0,0 08-03:11,1,1,1,0 08-04:11,1,1,1,0 08-05:11,0,0,0,0 08-06:14,0,0,0,0 08-07:11,0,0,0,0 08-08:17,1,0,0,0 08-09:11,2,0,0,0 08-10:15,2,0,0,0 08-11:29,3,0,0,0 08-12:13,2,0,0,0 08-13:13,3,2,1,1 08-14:10,3,2,0,0 08-16:13,2,0,0,0 08-17:11,0,0,0,0 08-19:16,2,1,0,0 08-20:15,1,0,0,0 08-24:10,1,1,1,0 08-25:12,1,1,0,0 08-26:10,1,1,0,0
Burkina Faso|07-29:20,5,4,1,0
Cameroon|07-29:21,4,4,2,0
Canada|05-01:128,22,0,0,0 05-02:187,27,0,0,0 05-03:210,26,0,0,0 05-04:146,31,0,0,0 05-05:150,25,0,0,0 05-06:175,19,0,0,0 05-07:158,28,0,0,0 05-08:141,31,0,0,0 05-09:135,11,0,0,0 05-10:156,17,0,0,0 05-11:196,22,0,0,0 05-12:154,22,0,0,0 05-13:161,21,5,1,0 05-14:127,13,11,5,1 05-15:112,17,11,3,1 05-16:135,16,11,6,1 05-17:174,27,12,5,2 05-18:153,17,13,7,0 05-19:106,12,8,4,1 05-20:112,22,15,7,3 05-21:128,21,13,7,4 05-22:183,20,13,7,5 05-23:141,21,13,10,6 05-24:178,22,14,10,6 05-25:151,33,25,17,9 05-26:98,21,17,10,9 05-27:138,33,24,14,12 05-28:286,26,14,8,4 05-29:280,26,12,5,0 05-30:181,13,6,0,0 05-31:251,27,16,7,1 06-01:233,15,11,4,1 06-02:306,21,16,8,2 06-03:241,15,10,2,0 06-04:166,14,6,2,1 06-05:189,23,16,4,1 06-06:198,17,10,5,0 06-07:189,11,7,2,0 06-08:154,15,10,1,0 06-09:303,23,15,3,0 06-10:427,23,8,4,0 06-11:818,37,15,5,0 06-12:622,16,10,4,1 06-13:381,18,15,10,2 06-14:187,18,8,4,3 06-15:212,15,6,3,1 06-16:251,15,7,1,1 06-17:163,17,11,4,2 06-18:185,9,6,2,0 06-19:241,19,11,0,0 06-20:189,24,20,12,3 06-21:203,15,9,4,1 06-22:2173,78,12,4,1 06-23:3856,102,8,4,1 06-24:2175,85,10,5,1 06-25:2356,57,15,5,0 06-26:2218,71,9,4,2 06-27:2556,60,15,3,0 06-28:1687,53,8,1,0 06-29:327,20,6,3,0 06-30:439,22,10,4,2 07-01:410,13,6,3,1 07-02:372,7,6,4,0 07-03:344,12,8,4,1 07-04:273,6,3,1,1 07-05:305,14,9,5,1 07-06:333,11,6,3,0 07-07:389,9,6,4,0 07-08:249,14,9,1,1 07-09:248,11,6,3,2 07-10:251,23,14,12,8 07-11:285,15,11,4,0 07-12:323,15,9,3,1 07-13:254,15,9,6,4 07-14:282,14,12,6,5 07-15:298,12,3,3,2 07-16:229,15,9,4,1 07-17:1048,25,7,3,2 07-18:5713,13,8,4,1 07-19:15119,32,13,6,3 07-20:4031,160,14,9,6 07-21:1781,62,6,4,3 07-22:1787,110,13,6,3 07-23:3612,156,8,5,4 07-24:4217,234,13,4,2 07-25:3808,179,5,3,1 07-26:4107,208,5,1,0 07-27:21232,785,5,1,0 07-28:33037,1328,7,4,1 07-29:26662,1096,14,10,1 07-30:24426,1039,5,1,1 07-31:25637,1118,10,6,1 08-01:25384,1137,8,2,0 08-02:26527,1187,8,4,0 08-03:12488,585,5,3,2 08-04:4805,255,7,5,2 08-05:2797,205,10,5,1 08-06:3592,221,5,5,0 08-07:4839,327,5,1,0 08-08:5080,356,9,6,1 08-09:4863,328,7,3,0 08-10:4794,302,4,4,0 08-11:4710,309,13,10,1 08-12:3083,180,8,5,1 08-13:4826,326,18,8,4 08-14:4718,273,12,5,1 08-15:5154,293,15,6,2 08-16:4791,329,12,7,1 08-17:4517,297,12,5,1 08-18:4405,218,7,1,0 08-19:2757,138,5,2,1 08-20:260,14,8,3,2 08-21:222,24,12,4,1 08-22:186,12,6,2,0 08-23:173,16,9,2,0 08-24:164,17,8,4,1 08-25:183,13,7,2,0 08-26:145,29,23,5,0 08-27:140,14,6,0,0 08-28:118,10,7,2,0 08-29:106,10,5,3,1
Chile|05-01:26,5,0,0,0 05-02:12,0,0,0,0 05-03:15,3,0,0,0 05-04:10,2,0,0,0 05-05:16,1,0,0,0 05-06:14,2,0,0,0 05-07:13,3,0,0,0 05-10:14,1,0,0,0 05-12:10,0,0,0,0 05-13:14,2,1,0,0 05-15:18,6,4,1,0 05-16:26,9,7,5,1 05-17:15,2,1,1,0 05-18:19,5,5,1,0 05-19:18,5,4,1,0 05-20:16,5,5,0,0 05-21:10,3,2,1,0 05-22:26,5,2,1,0 05-23:16,2,1,0,0 05-24:15,2,2,1,0 05-25:15,4,1,0,0 05-27:29,7,6,2,0 05-28:73,20,15,6,0 05-29:51,14,11,7,0 05-30:34,6,3,1,0 05-31:77,19,16,7,0 06-01:41,6,2,1,0 06-02:35,9,8,2,0 06-03:39,5,2,0,0 06-04:59,6,4,2,0 06-05:75,11,8,3,0 06-06:88,16,10,4,0 06-07:68,9,5,3,0 06-08:47,3,3,3,0 06-09:65,17,14,3,0 06-10:68,10,4,2,0 06-11:138,9,5,2,0 06-12:107,4,3,1,0 06-13:70,2,2,2,0 06-14:31,1,0,0,0 06-15:30,2,0,0,0 06-16:34,1,0,0,0 06-17:24,0,0,0,0 06-18:24,2,2,2,0 06-19:34,7,4,1,0 06-20:34,6,1,1,0 06-21:37,6,4,1,0 06-22:43,8,6,1,0 06-23:46,2,0,0,0 06-24:56,10,7,5,3 06-25:57,13,12,9,9 06-26:45,13,12,12,12 06-27:53,21,18,16,13 06-28:37,4,4,1,0 06-29:55,20,20,20,19 06-30:54,12,12,11,8 07-01:41,3,1,0,0 07-02:91,3,2,1,0 07-03:49,4,2,1,0 07-04:69,3,1,1,0 07-05:59,4,2,1,0 07-06:57,7,5,4,3 07-07:79,8,6,5,0 07-08:53,10,7,5,0 07-09:26,4,4,4,1 07-10:24,3,1,1,1 07-11:33,6,5,3,1 07-12:26,5,1,0,0 07-13:28,6,4,1,1 07-14:29,5,4,1,0 07-15:23,4,4,4,0 07-16:16,2,1,1,0 07-17:21,3,1,0,0 07-18:15,2,1,1,0 07-19:14,2,1,1,1 07-20:14,1,1,1,1 07-21:20,3,3,0,0 07-22:23,11,4,2,0 07-23:24,7,4,1,0 07-24:18,4,3,2,1 07-25:20,6,2,1,0 07-26:18,2,0,0,0 07-27:15,3,0,0,0 07-28:14,5,2,1,0 07-29:35,11,8,2,0 07-30:28,4,3,0,0 07-31:32,8,6,4,0 08-01:20,3,1,0,0 08-02:17,5,4,4,3 08-03:32,10,7,3,2 08-04:29,3,1,1,0 08-05:23,6,3,2,1 08-06:14,0,0,0,0 08-07:19,2,2,0,0 08-08:29,9,6,3,3 08-09:46,30,30,2,0 08-10:22,2,2,1,0 08-11:22,7,6,6,6 08-12:12,1,0,0,0 08-13:30,7,6,2,0 08-14:20,1,1,0,0 08-15:21,5,4,3,3 08-16:18,2,1,1,0 08-17:17,1,0,0,0 08-18:21,0,0,0,0 08-19:16,1,0,0,0 08-20:17,3,1,0,0 08-21:17,5,4,1,0 08-23:10,0,0,0,0 08-24:15,0,0,0,0 08-25:12,1,0,0,0 08-26:14,0,0,0,0 08-29:11,0,0,0,0
Colombia|07-01:10,3,0,0,0 07-20:15,7,3,1,1 07-21:11,3,1,0,0 07-26:12,3,0,0,0 07-28:13,8,0,0,0 07-29:14,6,0,0,0 08-04:13,8,0,0,0 08-13:26,13,0,0,0
Croatia|05-01:13,2,0,0,0 05-02:11,3,0,0,0 05-03:14,3,0,0,0 05-04:11,0,0,0,0 05-05:11,2,0,0,0 05-07:15,6,0,0,0 05-08:12,0,0,0,0 05-10:15,4,0,0,0 05-11:12,0,0,0,0 05-12:12,1,0,0,0 05-13:14,3,2,1,0 05-14:18,1,0,0,0 05-15:12,2,1,0,0 05-16:14,1,1,0,0 05-18:10,0,0,0,0 05-20:11,1,0,0,0 05-21:10,1,1,0,0 05-22:16,2,1,1,0 05-23:17,3,3,2,0 05-24:13,1,0,0,0 05-25:18,4,2,0,0 05-27:21,5,3,3,0 05-28:25,4,3,0,0 05-29:18,1,1,0,0 05-30:32,7,6,2,0 05-31:16,3,3,1,0 06-01:19,6,4,1,1 06-02:20,1,1,1,0 06-03:23,4,2,1,0 06-04:28,2,0,0,0 06-05:22,2,0,0,0 06-06:18,3,3,2,0 06-07:33,8,5,2,0 06-08:25,5,3,1,0 06-09:25,3,1,0,0 06-10:38,4,3,2,0 06-11:39,4,2,0,0 06-12:23,2,1,0,0 06-13:23,1,1,1,0 06-14:24,1,1,0,0 06-15:23,1,0,0,0 06-16:24,3,1,1,0 06-17:22,4,2,1,0 06-18:22,4,3,1,0 06-19:22,7,4,2,1 06-20:19,2,2,0,0 06-21:16,3,1,0,0 06-22:19,2,0,0,0 06-23:17,1,1,0,0 06-24:29,1,1,0,0 06-25:20,1,1,1,0 06-26:24,3,2,2,1 06-27:21,0,0,0,0 06-28:20,0,0,0,0 06-29:22,2,1,0,0 06-30:28,0,0,0,0 07-01:23,1,1,1,0 07-02:45,3,1,1,0 07-03:36,1,1,0,0 07-04:31,1,1,0,0 07-05:31,3,2,1,0 07-06:23,2,1,0,0 07-07:32,2,2,1,0 07-08:20,3,2,0,0 07-09:18,2,2,1,0 07-10:17,1,1,0,0 07-11:20,2,2,1,1 07-12:23,1,1,1,0 07-13:25,2,2,0,0 07-14:23,1,0,0,0 07-15:25,0,0,0,0 07-16:25,4,2,1,0 07-17:22,1,1,1,0 07-18:23,3,1,0,0 07-19:21,2,2,1,0 07-20:26,2,2,1,0 07-21:27,3,0,0,0 07-22:26,5,3,1,1 07-23:21,2,0,0,0 07-24:17,2,1,1,0 07-25:17,0,0,0,0 07-26:19,3,2,2,0 07-27:21,3,2,2,0 07-28:19,5,3,2,0 07-29:31,5,2,0,0 07-30:23,4,4,2,0 08-01:10,0,0,0,0 08-03:11,1,0,0,0 08-05:10,0,0,0,0 08-06:13,1,1,1,1 08-10:10,0,0,0,0
Cyprus|07-31:12,3,2,1,0
Czechia|05-01:27,3,0,0,0 05-02:15,1,0,0,0 05-03:22,2,0,0,0 05-04:22,2,0,0,0 05-05:31,8,0,0,0 05-06:21,5,0,0,0 05-07:25,5,0,0,0 05-08:30,5,0,0,0 05-09:28,7,0,0,0 05-10:27,2,0,0,0 05-11:22,2,0,0,0 05-12:21,5,0,0,0 05-13:27,2,1,1,1 05-14:23,2,1,0,0 05-15:22,4,1,1,0 05-16:23,2,2,0,0 05-17:20,5,3,3,2 05-18:24,3,1,1,0 05-19:32,6,6,5,1 05-20:23,1,0,0,0 05-21:26,4,3,1,0 05-22:39,4,1,1,1 05-23:25,4,2,2,0 05-24:22,0,0,0,0 05-25:21,0,0,0,0 05-26:29,4,3,1,0 05-27:31,1,1,0,0 05-28:81,4,3,1,0 05-29:54,6,2,0,0 05-30:63,3,2,1,0 05-31:62,8,3,0,0 06-01:46,12,5,3,0 06-02:37,4,3,1,0 06-03:41,6,3,2,2 06-04:30,6,2,0,0 06-05:36,3,1,1,0 06-06:27,4,3,2,0 06-07:36,3,1,0,0 06-08:32,4,4,0,0 06-09:39,6,4,2,0 06-10:92,7,4,2,0 06-11:96,8,4,2,0 06-12:63,7,3,1,0 06-13:50,5,2,2,0 06-14:46,9,3,2,1 06-15:55,6,3,1,0 06-16:51,2,0,0,0 06-17:32,2,2,0,0 06-18:46,5,2,1,0 06-19:43,4,4,2,0 06-20:38,6,4,4,0 06-21:33,2,2,0,0 06-22:36,2,1,0,0 06-23:46,3,3,2,0 06-24:47,6,3,2,0 06-25:43,3,1,1,0 06-26:50,3,2,1,0 06-27:29,1,0,0,0 06-28:26,3,2,1,0 06-29:28,2,2,2,0 06-30:44,3,2,1,0 07-01:41,6,6,5,1 07-02:48,3,2,2,0 07-03:38,4,2,1,1 07-04:50,2,1,0,0 07-05:57,4,4,2,0 07-06:59,5,3,1,0 07-07:49,1,1,1,0 07-08:28,3,3,1,0 07-09:27,3,1,1,0 07-10:26,3,2,1,0 07-11:25,0,0,0,0 07-12:32,0,0,0,0 07-13:25,1,0,0,0 07-14:26,4,3,2,0 07-15:30,5,3,3,0 07-16:31,5,3,2,1 07-17:33,5,2,1,0 07-18:28,6,4,3,0 07-19:29,5,3,1,0 07-20:22,5,3,1,0 07-21:28,5,3,1,0 07-22:39,9,5,3,1 07-23:30,3,2,2,1 07-24:27,6,4,1,0 07-25:33,6,5,2,1 07-26:31,0,0,0,0 07-27:34,4,4,2,0 07-28:31,7,6,2,1 07-29:42,8,5,2,0 07-30:30,1,1,0,0 07-31:27,4,3,2,1 08-01:39,3,1,1,0 08-02:29,4,3,3,0 08-03:26,2,1,0,0 08-04:24,0,0,0,0 08-05:51,30,1,1,0 08-06:22,2,1,1,1 08-07:35,5,4,2,1 08-08:26,3,1,0,0 08-09:25,0,0,0,0 08-10:24,2,0,0,0 08-11:31,2,0,0,0 08-12:24,1,0,0,0 08-13:22,2,0,0,0 08-14:30,7,5,2,1 08-15:31,4,3,2,0 08-16:25,3,1,1,0 08-17:29,3,1,1,1 08-18:24,8,4,3,1 08-19:24,1,0,0,0 08-20:25,2,2,0,0 08-21:19,4,3,2,0 08-22:21,6,3,2,0 08-23:22,2,1,0,0 08-24:18,3,3,2,2 08-25:21,3,3,3,0 08-26:28,4,3,1,0 08-27:19,1,1,1,1 08-28:28,5,2,0,0 08-29:27,4,2,2,2
Denmark|05-01:33,3,0,0,0 05-02:26,2,0,0,0 05-03:32,7,0,0,0 05-04:33,7,0,0,0 05-05:31,8,0,0,0 05-06:33,12,0,0,0 05-07:30,11,0,0,0 05-08:39,6,0,0,0 05-09:26,4,0,0,0 05-10:36,10,0,0,0 05-11:37,9,0,0,0 05-12:38,8,0,0,0 05-13:30,6,3,2,0 05-14:24,3,0,0,0 05-15:27,5,3,2,1 05-16:33,4,2,1,1 05-17:29,4,3,2,0 05-18:34,0,0,0,0 05-19:28,1,1,0,0 05-20:31,1,1,1,1 05-21:31,8,4,2,1 05-22:26,1,1,1,0 05-23:23,0,0,0,0 05-24:22,3,1,0,0 05-25:23,3,1,1,0 05-26:32,9,4,2,1 05-27:24,1,0,0,0 05-28:42,3,1,1,0 05-29:41,4,2,0,0 05-30:33,2,2,0,0 05-31:34,5,3,3,2 06-01:38,2,0,0,0 06-02:50,11,3,2,1 06-03:24,1,1,1,1 06-04:60,6,5,4,1 06-05:38,4,3,2,1 06-06:33,2,2,1,1 06-07:27,0,0,0,0 06-08:50,11,5,2,0 06-09:51,3,3,1,0 06-10:79,5,4,3,0 06-11:68,3,1,1,1 06-12:50,5,4,2,1 06-13:34,2,1,0,0 06-14:42,6,3,3,1 06-15:53,13,10,8,2 06-16:52,5,2,1,0 06-17:39,3,1,0,0 06-18:49,1,1,1,0 06-19:59,9,8,5,2 06-20:51,7,3,3,1 06-21:57,10,5,4,2 06-22:46,5,2,1,1 06-23:54,6,2,1,0 06-24:63,7,4,3,2 06-25:72,15,9,2,0 06-26:44,4,2,1,0 06-27:41,1,1,1,0 06-28:53,5,1,0,0 06-29:41,3,2,1,0 06-30:66,7,4,3,1 07-01:49,1,0,0,0 07-02:65,7,3,2,1 07-03:61,5,3,3,1 07-04:65,6,4,3,1 07-05:55,5,1,1,1 07-06:48,4,1,1,0 07-07:52,3,0,0,0 07-08:44,4,2,1,1 07-09:39,2,1,0,0 07-10:43,0,0,0,0 07-11:36,0,0,0,0 07-12:34,3,1,1,0 07-13:28,4,2,2,0 07-14:35,8,3,3,1 07-15:34,5,2,1,1 07-16:47,14,3,3,1 07-17:36,4,2,1,1 07-18:44,5,3,1,0 07-19:51,8,3,3,0 07-20:45,7,4,3,1 07-21:54,15,9,6,2 07-22:47,13,6,4,1 07-23:54,7,5,0,0 07-24:58,14,6,3,1 07-25:49,8,4,3,0 07-26:65,11,7,4,1 07-27:72,9,5,4,0 07-28:54,9,3,3,3 07-29:64,13,8,6,4 07-30:64,6,3,3,0 07-31:65,10,7,6,4 08-01:57,8,5,4,0 08-02:67,12,4,2,0 08-03:71,17,11,8,3 08-04:75,9,5,5,3 08-05:65,14,6,4,2 08-06:57,7,2,2,1 08-07:67,11,5,4,0 08-08:58,9,6,5,0 08-09:69,13,5,4,3 08-10:70,13,3,2,1 08-11:69,8,2,2,2 08-12:65,3,1,1,0 08-13:59,10,4,3,2 08-14:53,6,2,0,0 08-15:71,13,6,5,2 08-16:72,17,4,4,1 08-17:58,10,3,2,0 08-18:64,10,5,3,1 08-19:57,1,0,0,0 08-20:52,3,1,1,0 08-21:58,7,3,1,0 08-22:45,4,2,2,1 08-23:52,3,1,1,0 08-24:49,2,1,1,0 08-25:55,5,3,1,0 08-26:50,3,0,0,0 08-27:47,2,1,0,0 08-28:52,3,2,2,0 08-29:53,0,0,0,0
Dominican Republic|08-09:14,1,1,1,0
Ecuador|05-01:22,3,0,0,0 05-02:25,6,0,0,0 05-03:24,4,0,0,0 05-04:17,4,0,0,0 05-05:16,1,0,0,0 05-06:12,2,0,0,0 05-08:10,4,0,0,0 05-10:10,4,0,0,0 05-11:10,1,0,0,0 05-12:12,2,0,0,0 05-14:12,1,1,0,0 05-15:16,2,1,0,0 05-16:15,0,0,0,0 05-17:17,2,2,1,0 05-18:12,2,2,2,0 05-19:17,5,3,3,0 05-20:22,2,1,1,0 05-22:22,7,4,2,0 05-23:26,6,4,3,0 05-24:22,11,7,6,0 05-25:21,9,5,1,0 05-27:64,15,10,5,0 05-28:115,39,29,19,0 05-29:77,21,14,3,0 05-30:57,16,11,8,0 05-31:84,20,12,5,0 06-01:74,19,10,9,0 06-02:78,16,12,4,0 06-03:65,16,11,3,0 06-04:192,13,8,4,0 06-05:165,15,10,6,0 06-06:118,20,12,7,0 06-07:132,11,5,3,0 06-08:91,14,9,2,0 06-09:153,7,6,3,0 06-10:180,9,6,4,0 06-11:359,13,8,4,0 06-12:194,5,1,1,0 06-13:101,2,1,0,0 06-14:74,0,0,0,0 06-15:74,8,6,2,0 06-16:53,3,2,2,0 06-17:79,6,3,3,0 06-18:54,2,2,1,0 06-19:84,6,5,2,0 06-20:94,11,6,5,1 06-21:91,5,3,2,0 06-22:60,4,2,1,0 06-23:103,5,2,2,0 06-24:154,9,4,3,0 06-25:114,3,3,1,0 06-26:96,10,5,3,0 06-27:142,10,9,5,0 06-28:95,15,9,5,0 06-29:59,3,1,0,0 06-30:196,12,7,4,1 07-01:239,5,3,2,0 07-02:404,8,3,1,0 07-03:169,10,6,5,0 07-04:256,2,1,0,0 07-05:207,6,1,1,0 07-06:158,7,2,2,0 07-07:396,7,5,2,0 07-08:165,4,3,0,0 07-09:10,2,0,0,0 07-10:11,1,0,0,0 07-11:17,3,1,1,0 07-12:16,1,1,0,0 07-13:18,6,3,2,0 07-14:12,3,0,0,0 07-15:11,1,1,1,0 07-17:21,4,0,0,0 07-18:17,4,0,0,0 07-19:17,5,1,0,0 07-20:18,8,0,0,0 07-21:27,10,0,0,0 07-22:34,15,1,1,0 07-23:27,9,0,0,0 07-24:20,3,0,0,0 07-25:20,2,0,0,0 07-26:16,2,0,0,0 07-27:13,4,1,0,0 07-28:28,7,5,3,0 07-29:23,4,3,2,0 07-30:10,0,0,0,0 07-31:22,5,3,1,0 08-01:21,4,2,1,0 08-02:10,3,1,0,0 08-03:21,5,2,0,0 08-04:20,6,3,2,0 08-07:27,5,2,0,0 08-08:75,3,2,2,0 08-09:32,0,0,0,0 08-10:78,1,0,0,0 08-11:47,1,1,0,0 08-12:25,9,2,1,0 08-13:42,21,10,5,0 08-15:10,2,0,0,0
Egypt|06-19:21,1,1,1,0 06-22:18,1,1,0,0 06-24:11,0,0,0,0 06-26:14,3,2,1,0 06-27:18,6,5,3,1 06-28:18,4,2,0,0 06-29:13,1,1,1,0 06-30:30,14,12,2,1 07-01:32,16,12,1,0 07-07:11,1,1,0,0 07-08:15,3,1,1,1 07-29:15,2,2,0,0 08-09:11,1,1,0,0 08-13:13,2,2,0,0 08-14:20,0,0,0,0 08-15:13,1,0,0,0 08-16:15,1,1,0,0 08-17:10,3,1,0,0 08-18:12,1,1,0,0 08-20:13,0,0,0,0 08-21:14,1,1,0,0 08-22:10,1,0,0,0 08-24:10,1,0,0,0
El Salvador|06-26:10,5,4,3,0
Equatorial Guinea|06-11:23,1,0,0,0 06-12:10,1,0,0,0
Estonia|06-11:10,0,0,0,0 06-30:14,1,1,1,0 07-20:10,1,0,0,0 07-27:15,2,1,0,0 07-28:16,1,1,1,1 07-29:18,1,0,0,0 07-30:22,1,1,1,1 07-31:15,2,0,0,0 08-01:15,0,0,0,0 08-02:11,0,0,0,0 08-03:11,1,0,0,0 08-04:15,0,0,0,0 08-05:11,0,0,0,0 08-06:11,0,0,0,0 08-07:12,1,1,0,0 08-08:12,0,0,0,0 08-09:17,1,0,0,0 08-10:18,4,2,2,2 08-11:12,0,0,0,0 08-19:10,1,0,0,0 08-26:10,1,1,0,0 08-28:11,1,1,1,0
Ethiopia|05-01:14,1,0,0,0 05-02:14,0,0,0,0 05-03:13,0,0,0,0 05-04:11,0,0,0,0 05-05:14,1,0,0,0 05-06:12,1,0,0,0 05-07:15,1,0,0,0 05-08:18,3,0,0,0 05-09:17,0,0,0,0 05-10:12,1,0,0,0 05-13:11,1,1,1,0 05-14:12,2,1,1,0 05-15:15,1,0,0,0 05-16:13,2,0,0,0 05-17:21,3,3,2,0 05-18:11,0,0,0,0 05-19:11,1,0,0,0 05-20:15,5,2,1,0 05-21:11,2,0,0,0 05-22:16,3,1,0,0 05-23:14,2,1,1,0 05-24:17,0,0,0,0 05-25:11,0,0,0,0 05-28:15,2,0,0,0 05-29:14,0,0,0,0 05-30:14,0,0,0,0 06-01:12,1,0,0,0 06-04:14,1,1,1,0 06-05:10,0,0,0,0 06-09:13,1,1,1,1 06-10:23,5,3,1,0 06-11:16,1,1,0,0 06-12:21,1,1,1,0 06-13:19,1,0,0,0 06-14:14,2,2,1,0 06-15:17,0,0,0,0 06-16:12,0,0,0,0 06-17:14,0,0,0,0 06-18:20,5,3,1,0 06-19:17,4,3,2,0 06-20:14,0,0,0,0 06-21:16,2,1,1,0 06-22:14,0,0,0,0 06-23:18,1,0,0,0 06-24:23,4,4,3,0 06-25:17,1,0,0,0 06-26:23,4,1,1,0 06-27:23,4,1,1,0 06-28:22,4,2,2,0 06-29:22,3,0,0,0 06-30:26,4,1,1,0 07-01:22,1,1,1,0 07-02:15,0,0,0,0 07-03:14,1,1,0,0 07-04:20,1,0,0,0 07-06:16,2,1,0,0 07-07:14,2,2,0,0 07-08:13,2,1,0,0 07-09:14,1,0,0,0 07-10:10,1,1,0,0 07-12:12,0,0,0,0 07-13:14,2,1,0,0 07-14:16,1,0,0,0 07-16:11,1,1,1,0 07-19:11,0,0,0,0 07-21:11,2,1,1,0 07-22:11,1,1,0,0 07-23:13,3,3,3,0 07-24:11,1,1,1,0 07-28:10,1,1,1,0 07-29:90,35,21,16,1 07-30:14,0,0,0,0 07-31:13,3,3,1,0 08-01:14,1,1,0,0 08-02:14,1,1,0,0 08-03:13,1,0,0,0 08-04:16,2,2,0,0 08-05:14,0,0,0,0 08-06:13,1,0,0,0 08-07:12,1,1,1,0 08-08:10,1,1,1,0 08-09:12,1,1,0,0 08-10:10,1,1,1,0 08-11:18,2,0,0,0 08-12:17,1,1,1,0 08-13:21,1,1,1,0 08-14:18,2,1,1,0 08-15:21,2,2,1,0 08-16:20,2,1,1,0 08-17:22,0,0,0,0 08-18:18,1,0,0,0 08-19:21,0,0,0,0 08-20:21,1,1,0,0 08-21:28,5,4,3,2 08-22:25,6,4,1,1 08-23:31,4,3,1,1 08-24:25,2,0,0,0 08-25:18,5,3,2,2 08-26:29,6,3,1,0 08-27:20,1,0,0,0 08-28:19,2,2,2,2 08-29:23,3,3,3,1
Finland|05-01:25,3,0,0,0 05-02:28,2,0,0,0 05-03:34,5,0,0,0 05-04:41,12,0,0,0 05-05:31,3,0,0,0 05-06:37,3,0,0,0 05-07:42,10,0,0,0 05-08:40,6,0,0,0 05-09:23,0,0,0,0 05-10:26,1,0,0,0 05-11:38,10,0,0,0 05-12:22,4,0,0,0 05-13:32,3,0,0,0 05-14:31,4,4,3,2 05-15:33,4,1,1,1 05-16:26,3,1,1,1 05-17:23,1,1,1,0 05-18:34,4,4,3,3 05-19:32,4,3,2,1 05-20:34,3,1,1,1 05-21:34,3,1,1,1 05-22:42,6,3,2,2 05-23:50,1,1,0,0 05-24:25,0,0,0,0 05-25:33,6,2,1,1 05-26:27,4,3,3,2 05-27:41,3,1,1,1 05-28:58,3,1,0,0 05-29:38,0,0,0,0 05-30:36,5,3,1,0 05-31:38,6,6,4,1 06-01:36,9,3,2,2 06-02:49,10,7,5,3 06-03:34,4,0,0,0 06-04:87,1,1,1,0 06-05:52,2,2,1,1 06-06:45,5,3,1,1 06-07:19,0,0,0,0 06-08:40,3,2,1,1 06-09:62,11,6,1,1 06-10:76,4,4,1,0 06-11:71,3,1,1,0 06-12:69,2,1,1,1 06-13:51,3,1,0,0 06-14:61,4,1,0,0 06-15:60,3,1,0,0 06-16:86,4,3,2,0 06-17:78,2,0,0,0 06-18:55,3,0,0,0 06-19:57,1,1,1,1 06-20:44,4,3,0,0 06-21:50,2,1,0,0 06-22:46,2,1,0,0 06-23:52,4,3,1,0 06-24:60,8,3,0,0 06-25:55,11,2,1,1 06-26:65,4,1,0,0 06-27:63,2,1,0,0 06-28:58,2,1,1,0 06-29:57,2,1,1,0 06-30:74,1,1,1,1 07-01:81,5,3,3,1 07-02:116,4,2,1,0 07-03:90,4,4,3,0 07-04:102,4,2,1,0 07-05:76,7,4,2,2 07-06:61,5,4,0,0 07-07:97,21,11,6,3 07-08:76,23,10,10,7 07-09:66,21,14,11,3 07-10:56,15,4,1,1 07-11:53,8,4,2,2 07-12:41,8,0,0,0 07-13:63,12,8,7,1 07-14:67,23,10,9,2 07-15:59,14,4,2,1 07-16:60,14,5,4,1 07-17:53,13,4,3,1 07-18:53,16,7,1,1 07-19:54,13,7,5,3 07-20:55,16,5,2,1 07-21:52,13,3,1,0 07-22:61,28,10,9,5 07-23:71,27,11,6,1 07-24:72,23,9,6,3 07-25:59,16,8,2,0 07-26:69,21,6,5,1 07-27:80,17,7,5,2 07-28:109,25,9,4,1 07-29:99,24,5,2,1 07-30:120,22,10,7,2 07-31:87,10,5,3,2 08-01:85,11,5,0,0 08-02:90,13,4,3,0 08-03:86,15,4,4,1 08-04:83,12,3,3,0 08-05:82,11,4,2,0 08-06:76,13,9,5,1 08-07:76,11,4,4,0 08-08:71,4,3,2,1 08-09:62,2,0,0,0 08-10:65,14,7,4,0 08-11:121,14,3,2,0 08-12:76,10,3,3,3 08-13:76,19,3,1,0 08-14:59,10,5,3,1 08-15:52,3,1,0,0 08-16:67,10,2,1,0 08-17:67,11,1,0,0 08-18:61,16,7,3,2 08-19:58,8,1,0,0 08-20:59,6,3,2,1 08-21:58,7,4,1,1 08-22:46,5,1,0,0 08-23:52,6,4,2,2 08-24:49,9,2,2,1 08-25:53,6,1,1,1 08-26:56,15,9,4,3 08-27:42,8,4,3,2 08-28:53,9,1,0,0 08-29:51,11,7,3,1
France|06-10:10,1,1,1,1 06-11:16,1,1,1,1 06-12:13,0,0,0,0 06-14:16,0,0,0,0 06-15:20,1,0,0,0 06-16:17,0,0,0,0 06-17:15,0,0,0,0 06-18:14,2,1,1,0 06-19:17,5,2,0,0 06-20:13,0,0,0,0 06-23:12,2,1,1,0 06-26:10,2,1,0,0 06-29:14,2,2,0,0 06-30:10,2,0,0,0 07-02:14,0,0,0,0 07-03:11,0,0,0,0 07-06:92,0,0,0,0 07-07:154,1,1,0,0 07-13:11,3,2,1,1 07-17:15,3,2,2,1 07-18:25,1,1,1,0 07-19:31,0,0,0,0 07-20:21,1,1,1,0 07-27:35,3,2,1,0 07-28:48,1,0,0,0 07-29:52,1,0,0,0 07-30:43,3,0,0,0 07-31:53,1,0,0,0 08-01:31,0,0,0,0 08-02:55,0,0,0,0 08-03:29,1,0,0,0 08-04:28,0,0,0,0 08-05:37,1,0,0,0 08-06:42,2,0,0,0 08-07:43,2,1,0,0 08-08:42,5,0,0,0 08-09:45,3,1,1,0 08-10:56,4,0,0,0 08-11:38,6,1,1,1 08-12:23,2,0,0,0 08-13:16,2,1,0,0 08-14:29,4,0,0,0 08-15:32,4,0,0,0 08-16:32,3,0,0,0 08-17:29,6,1,1,0 08-18:33,3,1,0,0 08-19:20,2,0,0,0 08-20:19,2,0,0,0 08-21:22,2,1,0,0 08-22:21,4,1,1,0 08-23:22,1,0,0,0 08-24:17,0,0,0,0 08-25:14,1,0,0,0 08-26:15,1,0,0,0 08-27:11,0,0,0,0 08-28:21,1,0,0,0 08-29:13,2,1,1,0
Georgia|05-01:123,20,0,0,0 05-02:36,2,0,0,0 05-03:41,0,0,0,0 05-04:130,35,0,0,0 05-05:103,22,0,0,0 05-06:133,35,0,0,0 05-07:99,19,0,0,0 05-08:86,12,0,0,0 05-09:41,2,0,0,0 05-10:38,2,0,0,0 05-11:108,26,0,0,0 05-12:47,1,0,0,0 05-13:114,25,4,2,0 05-14:98,25,14,1,0 05-15:150,52,28,4,0 05-16:37,4,0,0,0 05-17:24,1,0,0,0 05-18:98,13,4,3,0 05-19:84,18,4,0,0 05-20:93,21,2,1,0 05-21:82,16,5,1,0 05-22:106,33,11,1,0 05-23:43,2,1,0,0 05-24:37,2,0,0,0 05-25:81,23,6,2,1 05-26:49,5,0,0,0 05-27:137,41,18,5,0 05-28:122,26,3,1,0 05-29:213,60,34,6,1 05-30:47,2,0,0,0 05-31:30,1,0,0,0 06-01:125,29,21,2,0 06-02:101,17,10,2,0 06-03:138,33,16,3,1 06-04:145,32,6,2,0 06-05:120,23,2,0,0 06-06:46,3,0,0,0 06-07:48,7,0,0,0 06-08:132,39,13,3,0 06-09:144,46,23,8,0 06-10:115,30,11,5,1 06-11:159,33,9,2,0 06-12:121,28,17,9,2 06-13:48,6,1,1,0 06-14:44,2,0,0,0 06-15:110,11,2,0,0 06-16:82,15,4,1,1 06-17:105,16,7,3,2 06-18:89,10,8,1,0 06-19:71,10,6,2,0 06-20:62,5,0,0,0 06-21:46,4,0,0,0 06-22:110,14,5,0,0 06-23:84,7,3,1,0 06-24:127,28,15,8,6 06-25:107,16,11,1,0 06-26:101,16,4,2,2 06-27:57,7,0,0,0 06-28:63,9,0,0,0 06-29:104,12,8,2,0 06-30:132,25,14,0,0 07-01:122,18,3,2,0 07-02:100,20,7,2,0 07-03:78,17,4,1,0 07-04:37,1,0,0,0 07-05:28,1,0,0,0 07-06:92,13,3,0,0 07-07:91,18,6,3,0 07-08:108,27,18,0,0 07-09:111,25,12,3,0 07-10:90,23,13,4,0 07-11:36,4,1,1,0 07-12:26,0,0,0,0 07-13:82,19,9,4,0 07-14:112,22,7,1,1 07-15:75,11,0,0,0 07-16:90,20,5,1,0 07-17:98,19,8,2,0 07-18:45,5,0,0,0 07-19:37,3,0,0,0 07-20:87,12,4,0,0 07-21:91,19,8,0,0 07-22:81,13,4,0,0 07-23:89,9,3,0,0 07-24:80,10,1,0,0 07-25:20,2,1,0,0 07-26:16,2,0,0,0 07-27:75,9,4,3,0 07-28:93,16,9,6,0 07-29:99,20,8,2,0 07-30:83,20,10,2,0 07-31:99,18,5,2,1 08-01:35,3,0,0,0 08-02:26,5,1,1,0 08-03:104,36,17,5,0 08-04:88,20,8,3,0 08-05:76,14,4,2,0 08-06:77,20,13,3,0 08-07:76,22,12,0,0 08-08:24,1,0,0,0 08-09:23,1,0,0,0 08-10:71,10,7,1,0 08-11:131,12,1,1,0 08-12:84,10,1,0,0 08-13:82,12,5,1,0 08-14:78,9,1,0,0 08-15:29,0,0,0,0 08-16:31,4,0,0,0 08-17:82,15,6,3,0 08-18:91,11,1,0,0 08-19:75,9,3,3,0 08-20:60,10,4,0,0 08-21:70,10,1,0,0 08-22:21,0,0,0,0 08-23:21,1,0,0,0 08-24:81,22,15,5,1 08-25:68,13,5,3,0 08-26:65,5,1,0,0 08-27:56,7,4,2,0 08-28:30,2,1,0,0 08-29:24,1,0,0,0
Germany|05-01:254,21,0,0,0 05-02:285,18,0,0,0 05-03:283,28,0,0,0 05-04:265,37,0,0,0 05-05:225,20,0,0,0 05-06:162,22,0,0,0 05-07:164,24,0,0,0 05-08:228,22,0,0,0 05-09:257,50,0,0,0 05-10:190,35,0,0,0 05-11:215,42,0,0,0 05-12:171,45,0,0,0 05-13:138,37,2,1,1 05-14:178,49,10,4,0 05-15:200,51,11,4,2 05-16:177,41,10,6,1 05-17:150,42,8,4,0 05-18:174,40,8,6,3 05-19:168,50,11,5,3 05-20:175,40,9,2,1 05-21:148,36,10,7,2 05-22:203,52,21,12,2 05-23:160,46,10,2,1 05-24:174,64,17,6,2 05-25:176,56,19,8,4 05-26:152,39,11,6,3 05-27:216,41,25,8,3 05-28:376,51,23,11,7 05-29:367,71,29,17,6 05-30:263,50,16,6,1 05-31:270,49,19,13,1 06-01:261,48,20,9,1 06-02:221,28,16,11,2 06-03:355,39,15,9,0 06-04:256,48,34,8,1 06-05:268,36,20,8,1 06-06:235,33,17,7,0 06-07:319,42,24,5,0 06-08:239,26,11,5,2 06-09:404,40,17,2,0 06-10:611,48,28,9,2 06-11:891,51,25,10,4 06-12:704,29,17,3,1 06-13:531,34,24,14,5 06-14:359,33,18,6,0 06-15:343,26,18,5,0 06-16:376,38,26,6,2 06-17:300,37,27,6,0 06-18:343,64,45,24,18 06-19:362,54,31,10,4 06-20:278,29,15,7,2 06-21:272,23,15,7,0 06-22:1666,55,21,12,4 06-23:2043,69,22,12,3 06-24:910,68,8,2,2 06-25:657,72,20,6,0 06-26:554,41,8,4,3 06-27:618,35,7,3,1 06-28:846,69,13,7,1 06-29:548,42,9,2,0 06-30:800,49,18,5,1 07-01:741,50,17,9,2 07-02:847,32,7,2,0 07-03:641,60,18,9,3 07-04:631,22,4,1,0 07-05:711,51,21,7,1 07-06:629,25,6,3,0 07-07:766,52,17,10,1 07-08:712,37,17,5,1 07-09:719,38,12,6,2 07-10:710,45,17,6,1 07-11:725,42,13,6,1 07-12:864,81,44,28,16 07-13:766,67,25,18,11 07-14:507,51,27,14,8 07-15:839,85,32,18,12 07-16:517,69,27,14,11 07-17:15904,169,29,11,7 07-18:33115,117,53,28,20 07-19:45849,118,45,18,11 07-20:23929,70,26,20,13 07-21:5224,62,27,18,13 07-22:424,39,14,8,2 07-23:567,46,12,5,1 07-24:691,44,11,4,2 07-25:995,65,13,7,1 07-26:687,66,17,6,1 07-27:12176,520,19,8,2 07-28:16498,865,9,2,1 07-29:13798,852,20,3,1 07-30:14217,847,24,13,2 07-31:12836,777,23,17,3 08-01:13989,785,55,34,4 08-02:13886,799,26,13,4 08-03:11665,770,24,13,3 08-04:10411,704,10,6,2 08-05:10253,668,15,6,3 08-06:10444,704,24,11,2 08-07:11515,1052,47,22,6 08-08:11362,1219,25,10,2 08-09:11253,1095,17,7,1 08-10:12280,1442,16,2,0 08-11:12012,1597,21,11,4 08-12:10674,1022,18,9,2 08-13:6326,817,31,14,4 08-14:5780,474,37,11,4 08-15:8684,568,50,26,2 08-16:8288,482,31,11,1 08-17:5753,410,18,10,2 08-18:5466,434,28,13,5 08-19:1269,384,20,8,3 08-20:838,290,28,13,1 08-21:673,210,22,11,2 08-22:413,113,18,12,2 08-23:446,118,29,15,8 08-24:417,118,19,7,4 08-25:333,102,19,12,0 08-26:335,74,7,4,2 08-27:308,84,12,4,1 08-28:336,81,17,9,4 08-29:272,74,15,7,4
Ghana|06-26:10,4,1,0,0 07-29:69,12,0,0,0
Greece|05-28:13,0,0,0,0 05-30:14,1,0,0,0 05-31:13,2,2,1,0 06-01:11,0,0,0,0 06-02:11,2,1,1,1 06-09:12,6,6,0,0 06-11:15,4,3,0,0 06-12:11,1,0,0,0 06-24:14,0,0,0,0 06-25:14,0,0,0,0 06-29:10,0,0,0,0 06-30:11,1,1,1,1 07-02:14,2,1,0,0 07-04:12,0,0,0,0 07-07:15,0,0,0,0 07-09:10,1,1,0,0 07-29:12,0,0,0,0 08-08:85,1,0,0,0 08-12:11,0,0,0,0 08-13:19,2,0,0,0 08-14:64,0,0,0,0 08-18:10,0,0,0,0 08-19:10,0,0,0,0 08-23:12,0,0,0,0 08-26:11,0,0,0,0 08-27:15,2,0,0,0 08-28:10,0,0,0,0
Guyana|08-08:12,1,1,1,0
Hong Kong|05-01:12,0,0,0,0 05-02:11,2,0,0,0 05-04:13,1,0,0,0 05-05:15,1,0,0,0 05-06:13,1,0,0,0 05-08:12,1,0,0,0 05-11:10,0,0,0,0 05-13:14,3,0,0,0 05-14:11,1,1,1,1 05-17:11,0,0,0,0 05-19:12,0,0,0,0 05-21:10,1,1,1,0 05-22:10,2,0,0,0 05-24:10,1,0,0,0 05-25:11,1,1,1,0 05-28:15,1,0,0,0 05-30:12,1,0,0,0 06-02:14,3,2,1,0 06-03:10,1,1,1,0 06-04:13,2,1,1,1 06-05:14,1,1,0,0 06-06:12,1,1,1,0 06-07:16,0,0,0,0 06-08:19,2,0,0,0 06-09:21,5,4,0,0 06-10:24,4,4,1,0 06-11:22,1,0,0,0 06-12:18,3,1,1,0 06-13:11,0,0,0,0 06-14:14,0,0,0,0 06-15:11,0,0,0,0 06-16:12,1,1,1,0 06-18:15,2,1,1,1 06-19:15,1,0,0,0 06-20:14,0,0,0,0 06-21:12,0,0,0,0 06-23:10,0,0,0,0 06-24:14,4,1,1,0 06-25:11,1,0,0,0 06-26:12,2,2,1,0 06-27:13,3,2,0,0 06-28:14,2,2,0,0 06-29:11,2,2,1,1 06-30:11,1,1,0,0 07-01:16,1,1,0,0 07-02:11,2,0,0,0 07-04:12,2,1,1,0 07-05:15,2,0,0,0 07-06:11,2,2,2,0 07-07:20,0,0,0,0 07-08:15,1,0,0,0 07-09:30,19,17,0,0 07-10:13,1,1,1,0 07-11:12,0,0,0,0 07-12:37,3,1,0,0 07-13:16,3,1,0,0 07-14:13,1,0,0,0 07-15:15,3,3,0,0 07-16:25,1,1,0,0 07-17:27,2,2,0,0 07-18:31,1,0,0,0 07-19:38,0,0,0,0 07-20:21,3,2,1,0 07-21:17,3,0,0,0 07-22:14,2,2,0,0 07-23:12,1,1,0,0 07-24:13,2,2,2,1 07-26:10,2,1,0,0 07-29:23,4,2,2,0 07-30:13,2,1,1,0 07-31:12,0,0,0,0 08-01:17,1,0,0,0 08-02:16,1,1,1,0 08-03:13,0,0,0,0 08-04:16,2,0,0,0 08-05:13,1,1,1,1 08-06:13,0,0,0,0 08-07:13,0,0,0,0 08-11:15,3,2,0,0 08-13:11,1,1,1,1 08-14:12,0,0,0,0 08-15:15,0,0,0,0 08-16:27,1,1,1,1 08-17:21,2,1,1,1 08-18:13,1,0,0,0 08-19:13,1,1,1,1 08-20:34,4,2,0,0 08-22:10,2,2,2,2 08-23:13,1,1,1,0 08-24:21,0,0,0,0 08-25:13,1,1,0,0 08-26:12,0,0,0,0 08-27:13,1,1,1,0 08-28:16,1,1,1,1 08-29:18,0,0,0,0
Hungary|05-01:61,8,0,0,0 05-02:55,5,0,0,0 05-03:59,4,0,0,0 05-04:44,6,0,0,0 05-05:51,7,0,0,0 05-06:41,2,0,0,0 05-07:56,6,0,0,0 05-08:69,9,0,0,0 05-09:67,7,0,0,0 05-10:57,4,0,0,0 05-11:63,2,0,0,0 05-12:55,3,0,0,0 05-13:48,4,2,1,0 05-14:43,3,0,0,0 05-15:50,8,4,4,2 05-16:43,2,1,1,0 05-17:49,4,2,2,1 05-18:49,8,4,2,0 05-19:71,22,6,3,1 05-20:50,4,1,0,0 05-21:47,6,3,2,0 05-22:84,6,4,1,0 05-23:49,5,3,1,0 05-24:46,3,2,2,0 05-25:55,3,2,0,0 05-26:43,4,2,0,0 05-27:65,6,4,1,0 05-28:140,9,5,2,0 05-29:92,11,6,2,1 05-30:108,7,4,2,0 05-31:97,9,4,3,1 06-01:79,7,3,2,0 06-02:81,7,4,1,0 06-03:69,4,4,3,0 06-04:86,2,1,1,1 06-05:69,7,4,1,0 06-06:61,6,4,3,1 06-07:86,8,4,1,0 06-08:63,5,4,2,0 06-09:103,11,7,1,0 06-10:150,10,5,2,1 06-11:151,3,2,0,0 06-12:120,6,4,0,0 06-13:65,6,3,3,0 06-14:88,3,1,1,0 06-15:111,5,3,1,0 06-16:92,3,2,0,0 06-17:93,5,3,0,0 06-18:88,6,5,2,0 06-19:98,6,2,0,0 06-20:94,8,3,1,0 06-21:94,5,2,2,0 06-22:99,5,5,2,0 06-23:105,9,3,1,0 06-24:108,5,3,2,2 06-25:122,6,4,1,0 06-26:111,3,2,1,0 06-27:101,2,2,2,0 06-28:103,1,1,0,0 06-29:105,5,3,3,0 06-30:149,1,0,0,0 07-01:144,6,4,4,1 07-02:210,5,1,1,0 07-03:133,3,0,0,0 07-04:168,6,2,1,0 07-05:162,3,1,0,0 07-06:171,6,4,2,1 07-07:143,1,1,0,0 07-08:92,9,6,3,1 07-09:124,47,38,12,9 07-10:85,8,3,2,1 07-11:130,38,20,13,2 07-12:95,2,1,0,0 07-13:104,18,8,7,4 07-14:79,6,1,1,0 07-15:96,7,3,2,1 07-16:115,30,10,8,4 07-17:79,6,3,1,0 07-18:86,6,6,5,4 07-19:87,3,3,3,1 07-20:70,2,1,0,0 07-21:71,4,1,0,0 07-22:63,4,2,2,1 07-23:92,26,12,9,0 07-24:79,5,2,1,0 07-25:78,6,3,2,0 07-26:84,6,4,3,0 07-27:76,5,2,1,0 07-28:77,8,5,2,2 07-29:115,11,3,1,0 07-30:90,4,3,3,1 07-31:84,5,3,1,0 08-01:89,5,3,1,0 08-02:75,6,4,2,0 08-03:73,5,1,1,1 08-04:84,4,2,2,1 08-05:90,6,3,2,0 08-06:81,0,0,0,0 08-07:94,3,3,2,1 08-08:85,4,4,2,1 08-09:90,4,2,1,1 08-10:79,2,2,1,0 08-11:88,2,0,0,0 08-12:79,6,4,4,3 08-13:95,9,3,0,0 08-14:79,8,4,3,0 08-15:81,8,2,1,0 08-16:70,6,0,0,0 08-17:68,2,2,1,0 08-18:77,4,3,1,1 08-19:80,3,2,1,1 08-20:63,4,0,0,0 08-21:104,33,21,7,4 08-22:66,5,4,1,0 08-23:65,6,3,1,0 08-24:74,5,3,3,2 08-25:91,13,11,4,3 08-26:82,0,0,0,0 08-27:93,7,5,1,1 08-28:85,5,3,1,0 08-29:69,3,3,1,0
India|06-10:14,0,0,0,0 06-12:13,0,0,0,0 06-13:10,0,0,0,0 06-14:14,0,0,0,0 06-16:10,1,0,0,0 06-20:15,0,0,0,0 06-22:11,0,0,0,0 06-23:19,0,0,0,0 06-24:11,0,0,0,0 06-25:15,0,0,0,0 06-26:13,0,0,0,0 06-27:12,1,1,1,0 06-28:12,0,0,0,0 06-29:16,0,0,0,0 06-30:10,0,0,0,0 07-03:13,0,0,0,0 07-04:12,0,0,0,0 07-06:15,0,0,0,0 07-07:11,0,0,0,0 07-08:12,1,1,0,0 07-09:11,0,0,0,0 07-10:11,0,0,0,0 07-11:10,1,0,0,0 07-12:11,1,0,0,0 07-13:16,0,0,0,0 07-14:13,0,0,0,0 07-15:10,0,0,0,0 07-16:12,0,0,0,0 07-17:38,0,0,0,0 07-18:52,1,0,0,0 07-19:82,0,0,0,0 07-20:38,0,0,0,0 07-23:10,0,0,0,0 07-24:11,1,1,1,0 07-27:12,0,0,0,0 07-28:12,1,1,1,0 07-29:14,1,1,1,0 07-30:14,1,0,0,0 08-03:11,2,0,0,0 08-04:10,0,0,0,0 08-05:13,1,0,0,0 08-13:10,1,0,0,0 08-14:30,2,1,0,0 08-15:33,0,0,0,0 08-16:27,0,0,0,0 08-17:19,1,1,0,0 08-18:43,2,1,0,0 08-19:36,1,0,0,0 08-20:45,2,1,0,0 08-21:41,1,1,0,0 08-22:22,1,0,0,0 08-23:28,1,0,0,0 08-24:28,2,0,0,0 08-25:13,0,0,0,0 08-26:35,2,1,0,0 08-27:41,3,1,0,0 08-28:32,1,1,0,0 08-29:29,1,0,0,0
Indonesia|05-01:15,3,0,0,0 05-02:11,0,0,0,0 05-03:17,3,0,0,0 05-05:28,13,0,0,0 05-06:57,40,0,0,0 05-07:65,6,0,0,0 05-08:71,5,0,0,0 05-09:69,5,0,0,0 05-10:67,4,0,0,0 05-11:38,7,0,0,0 05-12:19,4,0,0,0 05-13:32,8,5,1,0 05-14:31,7,6,3,0 05-15:25,4,3,0,0 05-16:24,7,5,2,0 05-17:12,1,1,1,0 05-18:29,2,1,0,0 05-19:16,1,1,0,0 05-20:17,4,2,2,0 05-21:32,13,11,4,1 05-22:44,11,8,2,0 05-23:22,4,3,0,0 05-24:27,2,1,0,0 05-25:42,8,7,2,0 05-26:24,8,5,0,0 05-27:42,7,6,4,0 05-28:53,9,7,0,0 05-29:39,9,6,0,0 05-30:31,1,0,0,0 05-31:48,9,7,3,0 06-01:47,7,7,0,0 06-02:42,8,4,0,0 06-03:44,3,3,0,0 06-04:55,27,25,1,0 06-05:44,14,12,0,0 06-06:49,11,8,3,0 06-07:41,6,4,1,0 06-08:49,7,7,4,0 06-09:62,14,14,0,0 06-10:133,30,29,6,0 06-11:138,30,28,9,0 06-12:60,6,6,3,0 06-13:44,6,4,3,0 06-14:39,7,6,2,0 06-15:45,5,5,2,0 06-16:47,7,5,1,0 06-17:35,5,2,0,0 06-18:39,4,4,2,1 06-19:123,49,42,19,0 06-20:96,43,38,12,0 06-21:12,2,1,0,0 06-22:11,0,0,0,0 08-14:11,0,0,0,0 08-15:14,0,0,0,0 08-16:11,1,1,0,0 08-17:14,0,0,0,0 08-20:16,2,2,0,0 08-21:14,1,0,0,0 08-22:12,0,0,0,0 08-23:10,0,0,0,0 08-24:12,0,0,0,0 08-27:14,0,0,0,0 08-28:14,2,0,0,0
Iraq|07-19:25,2,1,0,0 07-28:24,0,0,0,0 07-29:16,0,0,0,0 07-31:12,1,0,0,0 08-01:16,0,0,0,0 08-02:15,1,0,0,0 08-03:10,0,0,0,0 08-04:11,1,0,0,0 08-08:11,1,0,0,0 08-12:13,0,0,0,0
Ireland|05-01:205,2,0,0,0 05-02:233,3,0,0,0 05-03:272,2,0,0,0 05-04:210,1,0,0,0 05-05:177,2,0,0,0 05-06:18,2,0,0,0 05-07:16,1,0,0,0 05-08:30,1,0,0,0 05-09:41,2,0,0,0 05-10:17,6,0,0,0 05-11:19,3,0,0,0 05-12:22,2,0,0,0 05-13:33,3,1,0,0 05-14:17,1,1,1,1 05-15:21,2,0,0,0 05-16:21,1,1,1,0 05-17:15,1,1,1,1 05-18:19,2,1,0,0 05-19:20,6,3,2,0 05-20:16,0,0,0,0 05-21:28,5,2,2,2 05-22:38,2,1,1,0 05-23:19,2,2,1,0 05-24:18,1,1,0,0 05-25:17,1,0,0,0 05-26:16,1,0,0,0 05-27:28,4,2,0,0 05-28:103,5,1,1,0 05-29:234,5,5,1,1 05-30:51,1,0,0,0 05-31:30,1,0,0,0 06-01:35,3,1,0,0 06-02:155,0,0,0,0 06-03:113,0,0,0,0 06-04:30,2,2,1,1 06-05:35,4,3,1,0 06-06:58,3,1,0,0 06-07:26,5,3,1,1 06-08:22,0,0,0,0 06-09:37,8,7,0,0 06-10:53,6,4,4,1 06-11:40,2,1,1,1 06-12:45,3,3,3,0 06-13:45,4,4,3,2 06-14:40,3,3,3,2 06-15:39,3,3,1,1 06-16:39,3,2,1,0 06-17:35,3,2,1,0 06-18:39,1,1,1,0 06-19:33,4,2,2,2 06-20:22,1,1,0,0 06-21:27,2,1,1,0 06-22:30,0,0,0,0 06-23:42,0,0,0,0 06-24:32,2,1,1,0 06-25:34,2,0,0,0 06-26:43,0,0,0,0 06-27:39,1,0,0,0 06-28:33,1,0,0,0 06-29:31,1,1,0,0 06-30:36,0,0,0,0 07-01:32,2,0,0,0 07-02:36,3,2,2,2 07-03:29,2,1,1,0 07-04:51,2,2,1,1 07-05:33,0,0,0,0 07-06:163,1,0,0,0 07-07:239,1,0,0,0 07-08:31,4,1,0,0 07-09:39,7,5,1,0 07-10:38,1,0,0,0 07-11:28,1,0,0,0 07-12:29,1,1,0,0 07-13:188,1,1,0,0 07-14:50,7,4,2,0 07-15:35,3,2,1,1 07-16:31,3,3,0,0 07-17:31,5,2,0,0 07-18:34,3,1,1,0 07-19:28,1,0,0,0 07-20:30,3,0,0,0 07-21:34,1,0,0,0 07-22:28,5,4,4,1 07-23:29,0,0,0,0 07-24:41,5,3,1,0 07-25:33,2,2,1,1 07-26:32,3,2,2,0 07-27:27,3,1,1,1 07-28:34,3,2,1,0 07-29:41,1,1,1,0 07-30:37,0,0,0,0 07-31:38,3,1,1,1 08-01:28,1,1,1,0 08-02:28,1,0,0,0 08-03:26,0,0,0,0 08-04:31,0,0,0,0 08-05:30,1,0,0,0 08-06:31,1,1,1,1 08-07:40,2,1,1,1 08-08:29,0,0,0,0 08-09:30,2,2,1,0 08-10:34,2,0,0,0 08-11:31,0,0,0,0 08-12:34,1,0,0,0 08-13:36,3,3,0,0 08-14:33,2,1,1,1 08-15:34,3,3,3,2 08-16:34,5,4,0,0 08-17:31,1,1,1,1 08-18:26,0,0,0,0 08-19:29,2,1,0,0 08-20:36,2,1,1,1 08-21:35,3,2,2,1 08-22:33,0,0,0,0 08-23:38,1,0,0,0 08-24:36,3,3,2,0 08-25:29,0,0,0,0 08-26:34,2,2,1,0 08-27:24,1,1,0,0 08-28:61,23,21,1,0 08-29:29,1,0,0,0
Israel|05-01:13,1,0,0,0 05-02:13,1,0,0,0 05-03:10,0,0,0,0 05-04:11,0,0,0,0 05-05:10,0,0,0,0 05-07:11,1,0,0,0 05-08:13,1,0,0,0 05-09:10,0,0,0,0 05-10:16,2,0,0,0 05-11:15,0,0,0,0 05-12:15,1,0,0,0 05-13:40,22,1,1,0 05-14:20,0,0,0,0 05-15:31,3,3,2,2 05-16:20,0,0,0,0 05-17:20,1,0,0,0 05-18:17,3,2,0,0 05-19:20,0,0,0,0 05-20:19,1,1,1,0 05-22:13,1,0,0,0 05-23:16,1,0,0,0 05-24:33,1,1,0,0 05-25:22,1,0,0,0 05-26:17,0,0,0,0 05-27:26,6,3,2,1 05-28:27,1,1,1,1 05-29:28,1,0,0,0 05-30:26,0,0,0,0 05-31:19,0,0,0,0 06-01:37,1,0,0,0 06-02:23,0,0,0,0 06-03:22,0,0,0,0 06-04:21,0,0,0,0 06-05:21,0,0,0,0 06-06:28,1,1,1,0 06-07:26,0,0,0,0 06-08:27,2,1,1,1 06-09:15,1,1,1,0 06-10:29,2,2,1,1 06-11:25,7,6,0,0 06-12:16,1,1,1,1 06-13:17,2,2,2,1 06-14:21,2,2,0,0 06-15:33,0,0,0,0 06-16:15,1,1,1,0 06-17:12,1,1,0,0 06-18:23,3,2,1,0 06-19:32,4,2,1,0 06-20:24,3,3,3,2 06-21:19,0,0,0,0 06-22:20,1,1,1,0 06-23:15,1,1,0,0 06-24:20,1,1,0,0 06-25:22,0,0,0,0 06-26:25,0,0,0,0 06-27:21,1,1,0,0 06-29:30,0,0,0,0 06-30:20,1,0,0,0 07-01:43,1,1,1,1 07-02:19,0,0,0,0 07-03:36,0,0,0,0 07-04:21,0,0,0,0 07-05:40,1,1,0,0 07-06:22,0,0,0,0 07-07:12,0,0,0,0 07-08:28,0,0,0,0 07-09:38,2,2,1,0 07-10:25,1,0,0,0 07-11:14,1,0,0,0 07-12:21,1,0,0,0 07-13:16,0,0,0,0 07-14:10,0,0,0,0 07-15:15,0,0,0,0 07-16:14,1,0,0,0 07-17:12,0,0,0,0 07-18:14,2,1,0,0 07-19:20,1,1,0,0 07-20:19,1,1,0,0 07-21:16,0,0,0,0 07-22:14,0,0,0,0 07-23:10,0,0,0,0 07-24:24,1,1,0,0 07-25:10,0,0,0,0 07-26:13,0,0,0,0 07-28:10,0,0,0,0 07-31:11,0,0,0,0 08-02:16,0,0,0,0 08-03:19,1,0,0,0 08-04:13,1,0,0,0 08-05:13,1,1,1,1 08-06:10,0,0,0,0 08-07:18,1,1,1,0 08-08:11,1,0,0,0 08-09:14,1,0,0,0 08-10:15,0,0,0,0 08-11:10,0,0,0,0 08-12:18,1,0,0,0 08-13:11,0,0,0,0 08-15:19,1,0,0,0 08-16:18,1,1,0,0 08-17:19,0,0,0,0 08-18:20,4,3,2,0 08-19:15013,328,2,2,1 08-20:19968,481,2,1,0 08-21:19084,431,0,0,0 08-22:19294,469,2,1,0 08-23:19195,534,4,1,0 08-24:19222,437,0,0,0 08-25:19417,431,1,1,0 08-26:18792,453,1,1,0 08-27:19119,469,1,0,0 08-28:16432,402,3,2,1 08-29:245,4,0,0,0
Italy|05-01:11,0,0,0,0 05-14:10,4,3,2,1 05-15:11,3,2,0,0 05-17:14,0,0,0,0 05-18:10,0,0,0,0 05-20:10,3,1,1,1 05-22:11,1,1,1,1 05-23:10,3,0,0,0 05-28:11,1,1,1,0 05-30:10,0,0,0,0 05-31:20,0,0,0,0 06-02:10,1,0,0,0 06-04:13,1,1,0,0 06-05:12,4,3,3,2 06-08:13,1,0,0,0 06-09:34,11,8,2,2 06-10:18,0,0,0,0 06-11:28,0,0,0,0 06-12:22,0,0,0,0 06-13:20,3,2,2,1 06-14:24,1,1,1,1 06-15:22,0,0,0,0 06-16:17,1,0,0,0 06-17:15,2,1,0,0 06-18:13,0,0,0,0 06-19:16,1,1,0,0 06-20:17,3,2,0,0 06-21:19,1,0,0,0 06-22:14,1,1,0,0 06-23:11,1,0,0,0 06-24:17,2,2,1,0 06-25:15,0,0,0,0 06-26:17,2,2,1,0 06-27:13,0,0,0,0 06-28:14,0,0,0,0 06-29:18,1,1,1,0 06-30:18,0,0,0,0 07-01:21,2,1,0,0 07-02:17,2,0,0,0 07-03:13,1,0,0,0 07-04:15,0,0,0,0 07-05:14,1,0,0,0 07-06:21,2,1,0,0 07-07:18,0,0,0,0 07-08:21,1,1,1,1 07-09:12,0,0,0,0 07-10:12,0,0,0,0 07-11:20,4,2,2,2 07-12:15,0,0,0,0 07-13:24,3,2,1,0 07-14:17,0,0,0,0 07-15:16,0,0,0,0 07-16:20,4,2,0,0 07-17:15,0,0,0,0 07-18:17,2,2,2,0 07-19:22,1,0,0,0 07-20:17,1,1,1,0 07-21:17,1,0,0,0 07-22:20,2,2,1,0 07-23:17,4,2,1,0 07-24:15,2,2,1,1 07-25:21,3,2,2,1 07-26:17,2,2,0,0 07-27:38,1,0,0,0 07-28:36,3,2,1,0 07-29:43,3,1,0,0 07-30:41,2,2,1,0 07-31:35,1,0,0,0 08-01:44,1,0,0,0 08-02:45,3,2,1,0 08-03:42,2,2,1,0 08-04:28,1,0,0,0 08-05:32,0,0,0,0 08-06:43,6,3,2,0 08-07:42,2,1,1,0 08-08:29,1,1,0,0 08-09:50,3,1,0,0 08-10:43,3,3,1,0 08-11:43,2,1,0,0 08-12:27,1,1,0,0 08-13:17,2,1,0,0 08-14:23,1,1,1,0 08-15:17,0,0,0,0 08-16:14,1,1,0,0 08-17:19,1,0,0,0 08-18:14,1,0,0,0 08-19:18,1,1,0,0 08-20:22,0,0,0,0 08-21:20,3,1,0,0 08-22:22,0,0,0,0 08-23:22,0,0,0,0 08-24:15,1,0,0,0 08-25:18,2,0,0,0 08-26:23,5,5,1,0 08-27:16,1,1,1,1 08-28:22,0,0,0,0 08-29:12,0,0,0,0
Ivory Coast|06-16:10,1,1,1,0 06-17:12,2,2,1,0 06-21:10,1,1,1,1 06-27:10,1,0,0,0 06-30:10,3,1,0,0 07-29:27,6,3,2,0
Jamaica|08-09:12,1,1,1,0
Japan|05-01:25,1,0,0,0 05-02:37,5,0,0,0 05-03:18,3,0,0,0 05-04:20,2,0,0,0 05-05:25,5,0,0,0 05-06:26,3,0,0,0 05-07:23,5,0,0,0 05-08:25,5,0,0,0 05-09:22,3,0,0,0 05-10:22,2,0,0,0 05-11:23,4,0,0,0 05-12:26,7,0,0,0 05-13:30,2,1,1,0 05-14:26,2,1,0,0 05-15:23,2,2,1,1 05-16:25,5,4,3,2 05-17:20,2,1,0,0 05-18:28,5,4,4,1 05-19:32,5,2,2,0 05-20:29,8,5,4,4 05-21:36,8,4,2,2 05-22:43,3,0,0,0 05-23:26,0,0,0,0 05-24:28,3,2,0,0 05-25:26,2,2,1,1 05-26:30,5,1,1,0 05-27:20,4,3,1,0 05-28:48,0,0,0,0 05-29:36,4,0,0,0 05-30:43,6,4,1,1 05-31:39,3,1,0,0 06-01:30,2,2,2,0 06-02:27,2,2,1,1 06-03:27,3,3,1,0 06-04:31,1,1,0,0 06-05:25,2,0,0,0 06-06:22,2,1,0,0 06-07:24,3,2,1,0 06-08:30,4,4,3,0 06-09:32,6,4,0,0 06-10:59,6,3,3,1 06-11:46,3,1,1,0 06-12:40,2,2,1,1 06-13:37,2,1,1,0 06-14:38,3,1,1,0 06-15:52,5,2,1,0 06-16:29,3,0,0,0 06-17:34,4,2,1,0 06-18:41,8,6,2,1 06-19:42,10,8,2,2 06-20:45,8,5,4,2 06-21:34,1,0,0,0 06-22:37,4,2,2,2 06-23:46,1,1,0,0 06-24:38,3,2,0,0 06-25:30,1,1,1,0 06-26:34,7,4,2,1 06-27:37,2,1,0,0 06-28:29,1,1,0,0 06-29:33,4,1,1,0 06-30:43,1,1,1,1 07-01:44,2,2,0,0 07-02:46,1,0,0,0 07-03:39,2,1,0,0 07-04:38,3,3,1,0 07-05:38,2,1,0,0 07-06:45,2,0,0,0 07-07:28,0,0,0,0 07-08:36,2,0,0,0 07-09:40,7,6,3,1 07-10:42,6,5,3,0 07-11:38,4,1,1,0 07-12:24,3,3,2,0 07-13:36,8,8,4,2 07-14:38,5,3,0,0 07-15:36,1,0,0,0 07-16:42,3,0,0,0 07-17:38,3,3,2,0 07-18:35,6,4,1,0 07-19:33,6,4,1,1 07-20:33,6,3,3,0 07-21:51,4,2,2,0 07-22:38,5,3,1,0 07-23:42,7,3,1,0 07-24:34,3,1,1,0 07-25:50,1,1,1,1 07-26:32,1,1,0,0 07-27:32,0,0,0,0 07-28:42,1,1,1,0 07-29:54,2,2,2,0 07-30:52,1,1,0,0 07-31:46,4,2,1,1 08-01:44,1,0,0,0 08-02:37,2,1,0,0 08-03:46,5,3,2,0 08-04:49,5,4,2,0 08-05:48,3,1,1,0 08-06:56,5,4,3,2 08-07:53,5,3,0,0 08-08:34,3,0,0,0 08-09:36,3,1,0,0 08-10:28,1,1,0,0 08-11:47,7,5,3,0 08-12:43,4,3,2,1 08-13:39,2,2,0,0 08-14:37,2,0,0,0 08-15:46,2,1,1,0 08-16:62,5,2,0,0 08-17:56,2,0,0,0 08-18:47,4,1,0,0 08-19:44,4,3,2,2 08-20:34,4,2,1,0 08-21:32,5,2,0,0 08-22:28,2,0,0,0 08-23:37,0,0,0,0 08-24:32,3,1,0,0 08-25:50,6,2,0,0 08-26:40,3,0,0,0 08-27:36,3,3,0,0 08-28:38,0,0,0,0 08-29:39,2,1,1,0
Jordan|07-19:12,0,0,0,0 07-31:12,0,0,0,0 08-02:11,0,0,0,0 08-12:12,1,0,0,0 08-16:10,0,0,0,0
Kazakhstan|07-28:12,0,0,0,0
Kenya|05-01:15,0,0,0,0 05-02:19,1,0,0,0 05-03:12,0,0,0,0 05-04:14,0,0,0,0 05-05:12,0,0,0,0 05-06:10,0,0,0,0 05-09:18,0,0,0,0 05-10:14,0,0,0,0 05-13:10,1,1,0,0 05-14:12,0,0,0,0 05-15:18,0,0,0,0 05-16:14,0,0,0,0 05-17:17,2,2,1,0 05-18:17,1,1,1,0 05-20:10,1,1,1,0 05-21:13,1,0,0,0 05-22:18,1,1,0,0 05-23:16,1,1,1,0 05-24:20,1,1,1,0 05-25:15,0,0,0,0 05-27:14,1,0,0,0 05-28:14,1,1,1,0 05-29:11,0,0,0,0 05-30:12,2,1,1,0 06-01:14,2,2,2,0 06-02:11,1,1,0,0 06-03:10,0,0,0,0 06-05:10,1,0,0,0 06-08:11,0,0,0,0 06-10:16,1,0,0,0 06-11:16,0,0,0,0 06-12:12,1,1,1,0 06-13:13,1,0,0,0 06-14:13,0,0,0,0 06-15:13,0,0,0,0 06-16:17,3,1,0,0 06-18:18,1,1,0,0 06-19:17,2,1,1,0 06-20:11,1,1,0,0 06-21:11,1,1,0,0 06-22:13,0,0,0,0 06-23:12,0,0,0,0 06-24:12,1,1,1,0 06-25:13,1,1,0,0 06-26:20,7,5,4,0 06-27:11,2,0,0,0 06-28:13,2,1,0,0 06-29:18,4,1,0,0 06-30:12,1,0,0,0 07-01:15,3,3,2,0 07-02:11,0,0,0,0 07-04:12,0,0,0,0 07-05:11,0,0,0,0 07-06:11,2,1,0,0 07-10:11,3,2,1,0 07-12:11,0,0,0,0 07-13:14,2,1,0,0 07-16:10,0,0,0,0 07-17:12,1,1,0,0 07-18:11,2,1,0,0 07-19:12,0,0,0,0 07-28:10,0,0,0,0 07-29:21,1,1,0,0 08-01:12,0,0,0,0 08-04:10,2,2,1,0 08-09:10,0,0,0,0 08-14:10,1,1,0,0 08-16:10,1,1,0,0 08-17:12,0,0,0,0 08-18:15,1,0,0,0 08-19:14,2,1,1,0 08-20:18,2,2,1,0 08-21:21,2,1,1,0 08-22:11,0,0,0,0 08-24:14,2,1,1,0 08-25:14,1,0,0,0 08-27:11,0,0,0,0 08-28:10,0,0,0,0 08-29:14,1,1,0,0
Kosovo|05-27:12,0,0,0,0 05-28:14,1,1,1,0 05-31:13,0,0,0,0 06-04:12,1,0,0,0 06-05:11,0,0,0,0 06-10:14,1,0,0,0 06-11:15,1,0,0,0 06-12:10,0,0,0,0 06-13:10,0,0,0,0 06-14:10,1,1,1,0 06-16:12,0,0,0,0 06-18:13,1,1,0,0 06-23:15,0,0,0,0 06-29:10,2,1,1,0 06-30:17,2,2,0,0 07-01:11,0,0,0,0 07-02:12,1,0,0,0 07-03:14,5,4,1,1 07-05:14,0,0,0,0 07-06:20,0,0,0,0 07-07:21,0,0,0,0 07-08:27,2,2,1,0 07-09:12,5,2,2,0 07-10:22,4,4,2,1 07-11:14,0,0,0,0 07-12:26,3,1,1,0 07-13:25,10,7,6,2 07-14:25,7,5,3,2 07-15:24,6,3,0,0 07-16:14,4,2,2,0 07-17:18,2,1,0,0 07-18:17,3,2,2,0 07-19:12,1,1,1,0 07-21:11,1,0,0,0 07-22:15,1,0,0,0 07-23:12,1,1,1,0 07-24:16,0,0,0,0 07-25:16,0,0,0,0 07-26:10,0,0,0,0 07-27:12,1,1,1,0 07-29:14,0,0,0,0 07-30:18,0,0,0,0 08-18:10,0,0,0,0 08-19:20,1,0,0,0 08-20:16,2,2,2,2 08-21:23,5,4,3,1 08-22:26,3,3,1,0 08-23:27,1,1,1,0 08-24:15,0,0,0,0 08-25:11,0,0,0,0 08-26:14,1,1,0,0 08-27:18,3,2,0,0 08-28:14,1,0,0,0
Kuwait|06-18:12,0,0,0,0 06-19:36,0,0,0,0 06-20:15,0,0,0,0 06-21:22,0,0,0,0 06-22:49,0,0,0,0 06-23:14,0,0,0,0 06-24:23,2,0,0,0 06-25:14,0,0,0,0 06-26:12,0,0,0,0 06-27:21,0,0,0,0 06-28:14,0,0,0,0 06-29:22,0,0,0,0 06-30:17,0,0,0,0 07-01:30,1,1,0,0 07-02:12,0,0,0,0 07-03:29,0,0,0,0 07-04:15,0,0,0,0 07-05:20,0,0,0,0 07-06:17,0,0,0,0 07-07:21,0,0,0,0 07-29:11,0,0,0,0 08-04:11,1,1,0,0
Laos|07-04:10,0,0,0,0 07-10:11,2,2,2,1 07-11:12,0,0,0,0 08-22:11,3,1,1,0
Latvia|05-08:14,1,0,0,0 05-10:14,1,0,0,0 05-14:12,0,0,0,0 05-16:18,0,0,0,0 05-17:12,1,0,0,0 05-20:10,1,0,0,0 05-24:11,1,1,1,0 05-26:12,2,0,0,0 07-27:14,1,0,0,0 07-29:12,1,1,0,0 07-31:10,2,1,1,0 08-02:14,0,0,0,0 08-03:11,1,0,0,0 08-04:11,2,2,1,1 08-05:12,0,0,0,0 08-06:12,0,0,0,0 08-07:12,1,1,1,1 08-08:16,4,2,1,1 08-09:19,4,0,0,0 08-10:13,4,0,0,0 08-11:27,7,0,0,0 08-12:14,2,0,0,0 08-15:14,1,1,0,0 08-20:10,1,1,1,0 08-22:12,1,1,0,0 08-26:10,1,1,0,0
Lebanon|06-13:11,3,1,1,0 06-14:11,3,2,1,0 06-16:10,0,0,0,0 06-18:10,1,0,0,0 06-19:11,1,0,0,0 06-21:10,1,0,0,0 06-23:16,2,0,0,0 06-24:11,1,1,1,0 06-25:12,1,1,0,0 06-28:10,0,0,0,0 06-30:13,0,0,0,0 07-02:11,0,0,0,0 07-05:13,0,0,0,0 07-06:10,0,0,0,0 07-07:12,0,0,0,0 07-09:10,1,1,1,0 07-11:11,0,0,0,0 07-14:11,1,1,1,1
Lesotho|06-30:10,6,3,2,0
Libya|08-24:12,0,0,0,0
Lithuania|05-01:18,3,0,0,0 05-02:13,0,0,0,0 05-03:12,3,0,0,0 05-04:15,1,0,0,0 05-05:17,3,0,0,0 05-06:13,2,0,0,0 05-07:14,2,0,0,0 05-08:22,4,0,0,0 05-09:31,5,0,0,0 05-10:20,5,0,0,0 05-11:12,2,0,0,0 05-12:12,5,0,0,0 05-13:17,3,1,1,1 05-14:12,1,1,1,1 05-15:11,2,2,1,1 05-16:20,7,5,3,1 05-17:22,4,4,3,1 05-18:14,4,1,0,0 05-19:10,2,1,1,1 05-20:16,6,3,2,1 05-21:18,3,1,1,0 05-22:20,3,2,2,2 05-23:16,1,0,0,0 05-24:17,3,0,0,0 05-25:23,4,2,1,0 05-26:17,2,2,0,0 05-27:20,5,4,1,1 05-28:30,8,4,2,0 05-29:23,2,1,0,0 05-30:20,1,0,0,0 05-31:18,1,0,0,0 06-01:20,1,1,1,0 06-02:25,4,1,0,0 06-03:16,1,0,0,0 06-04:12,1,0,0,0 06-05:17,2,0,0,0 06-06:15,0,0,0,0 06-07:13,4,2,1,0 06-08:16,2,0,0,0 06-09:15,5,4,2,2 06-10:17,3,1,0,0 06-11:25,2,1,1,0 06-12:37,3,1,1,1 06-13:17,4,2,1,1 06-14:32,5,4,3,0 06-15:20,0,0,0,0 06-16:21,1,0,0,0 06-17:14,3,2,1,1 06-18:15,1,0,0,0 06-19:19,4,2,2,1 06-20:26,7,5,2,0 06-21:18,4,1,0,0 06-22:13,1,1,1,0 06-23:12,5,2,0,0 06-24:28,2,1,0,0 06-25:24,8,5,5,4 06-26:20,1,1,1,0 06-27:19,2,2,1,0 06-28:27,3,1,1,0 06-29:19,2,2,1,0 06-30:16,1,0,0,0 07-01:15,3,2,2,1 07-02:25,4,2,2,1 07-03:38,3,2,2,1 07-04:32,4,2,1,0 07-05:29,6,4,3,0 07-06:21,2,1,1,0 07-07:24,5,4,2,1 07-08:23,2,1,0,0 07-09:22,3,3,3,2 07-10:13,0,0,0,0 07-11:18,4,1,0,0 07-12:27,6,2,0,0 07-13:21,4,4,2,1 07-14:21,4,1,1,1 07-15:19,1,0,0,0 07-16:15,1,1,0,0 07-17:14,2,2,1,0 07-18:13,2,2,0,0 07-19:21,4,3,3,2 07-20:21,7,0,0,0 07-21:23,6,2,1,0 07-22:26,5,2,2,0 07-23:30,10,6,3,0 07-24:29,6,4,2,1 07-25:27,7,3,1,0 07-26:35,7,5,4,0 07-27:36,8,4,3,0 07-28:30,2,2,2,1 07-29:37,10,5,4,1 07-30:33,4,1,0,0 07-31:32,4,4,1,0 08-01:34,6,4,2,0 08-02:38,3,0,0,0 08-03:28,3,2,2,0 08-04:34,2,0,0,0 08-05:30,2,1,0,0 08-06:24,4,0,0,0 08-07:27,2,0,0,0 08-08:15,3,0,0,0 08-09:13,1,0,0,0 08-10:19,2,1,1,0 08-11:38,10,7,4,3 08-12:24,2,0,0,0 08-13:26,7,3,3,0 08-14:15,1,1,0,0 08-15:17,3,0,0,0 08-16:19,4,3,2,1 08-17:20,1,0,0,0 08-18:19,2,2,0,0 08-19:20,1,0,0,0 08-20:13,1,1,0,0 08-21:13,1,1,1,0 08-22:15,2,2,1,1 08-23:20,5,2,2,1 08-24:11,0,0,0,0 08-25:22,0,0,0,0 08-26:16,3,2,0,0 08-27:22,4,2,1,0 08-28:21,1,1,1,0 08-29:19,6,3,2,1
Luxembourg|05-27:10,0,0,0,0 05-28:14,0,0,0,0 06-15:12,1,1,1,0 06-22:11,0,0,0,0 07-04:12,0,0,0,0 07-07:14,0,0,0,0 07-20:10,0,0,0,0 07-21:10,1,0,0,0 07-23:10,0,0,0,0 07-27:14,0,0,0,0 07-28:11,1,0,0,0 07-29:13,0,0,0,0 07-30:12,1,1,1,1 08-01:10,0,0,0,0 08-02:16,0,0,0,0 08-03:14,2,1,1,0 08-05:12,0,0,0,0 08-07:10,0,0,0,0 08-09:16,0,0,0,0 08-12:11,1,0,0,0 08-13:16,1,1,0,0 08-14:10,0,0,0,0 08-15:10,0,0,0,0 08-16:10,0,0,0,0 08-18:10,2,1,0,0 08-24:12,4,3,3,2 08-26:10,1,1,0,0
Malaysia|05-01:14,0,0,0,0 05-02:16,1,0,0,0 05-03:18,1,0,0,0 05-04:14,0,0,0,0 05-05:17,0,0,0,0 05-06:16,0,0,0,0 05-07:15,0,0,0,0 05-08:16,1,0,0,0 05-09:16,0,0,0,0 05-10:17,0,0,0,0 05-11:16,0,0,0,0 05-12:16,2,0,0,0 05-13:15,1,1,1,0 05-14:16,0,0,0,0 05-15:17,0,0,0,0 05-16:17,0,0,0,0 05-17:15,0,0,0,0 05-18:16,0,0,0,0 05-19:17,0,0,0,0 05-20:19,2,0,0,0 05-21:18,1,1,1,0 05-22:21,1,1,1,0 05-23:18,2,1,0,0 05-24:16,1,1,1,0 05-25:15,0,0,0,0 05-26:21,0,0,0,0 05-27:17,0,0,0,0 05-28:21,0,0,0,0 05-29:19,1,1,0,0 05-30:16,1,0,0,0 05-31:17,0,0,0,0 06-01:20,0,0,0,0 06-02:24,1,1,1,0 06-03:19,0,0,0,0 06-04:20,0,0,0,0 06-05:23,3,3,1,0 06-06:17,0,0,0,0 06-07:19,0,0,0,0 06-08:17,0,0,0,0 06-09:22,1,0,0,0 06-10:28,0,0,0,0 06-11:23,0,0,0,0 06-12:24,0,0,0,0 06-13:19,2,1,0,0 06-14:29,1,0,0,0 06-15:28,3,2,1,0 06-16:22,2,1,0,0 06-17:17,0,0,0,0 06-18:28,2,2,1,0 06-19:22,1,1,0,0 06-20:25,4,2,1,0 06-21:20,1,1,0,0 06-22:24,1,1,1,0 06-23:20,0,0,0,0 06-24:17,0,0,0,0 06-25:24,3,1,0,0 06-26:28,2,0,0,0 06-27:18,0,0,0,0 06-28:18,0,0,0,0 06-29:21,1,0,0,0 06-30:23,0,0,0,0 07-01:23,0,0,0,0 07-02:20,1,1,1,1 07-03:20,2,2,2,2 07-04:20,1,1,1,0 07-05:20,2,2,1,0 07-06:18,1,0,0,0 07-07:23,0,0,0,0 07-08:23,4,2,1,1 07-09:37,12,11,0,0 07-10:29,1,1,0,0 07-11:25,1,0,0,0 07-12:37,3,2,0,0 07-13:28,3,1,0,0 07-14:27,3,1,1,1 07-15:32,1,0,0,0 07-16:43,3,1,0,0 07-17:27,1,1,0,0 07-18:21,1,0,0,0 07-19:35,2,2,2,0 07-20:31,2,0,0,0 07-21:53,1,0,0,0 07-22:25,1,1,1,0 07-23:24,1,0,0,0 07-24:21,1,0,0,0 07-25:19,0,0,0,0 07-26:23,2,2,1,0 07-27:22,2,0,0,0 07-28:22,0,0,0,0 07-29:32,2,2,1,0 07-30:17,0,0,0,0 07-31:20,1,1,1,0 08-01:21,0,0,0,0 08-02:16,0,0,0,0 08-03:18,1,0,0,0 08-04:25,2,0,0,0 08-05:24,3,1,1,1 08-06:18,0,0,0,0 08-07:20,1,0,0,0 08-08:19,1,0,0,0 08-09:12,4,1,0,0 08-10:21,0,0,0,0 08-11:25,2,0,0,0 08-12:21,0,0,0,0 08-13:20,2,2,0,0 08-15:23,0,0,0,0 08-16:24,3,2,0,0 08-17:24,5,1,1,0 08-18:23,1,0,0,0 08-19:23,2,2,2,1 08-20:23,0,0,0,0 08-21:21,0,0,0,0 08-22:22,0,0,0,0 08-23:19,1,1,0,0 08-24:23,2,1,1,1 08-25:22,0,0,0,0 08-26:21,0,0,0,0 08-27:21,1,0,0,0 08-28:22,2,1,1,1 08-29:21,1,0,0,0
Maldives|06-26:10,2,2,2,0 06-27:11,5,4,3,0 06-28:16,7,5,4,1 07-29:17,3,2,2,0
Malta|07-30:12,2,1,0,0
Mexico|05-01:22,0,0,0,0 05-02:29,3,0,0,0 05-03:17,0,0,0,0 05-04:23,3,0,0,0 05-05:14,0,0,0,0 05-06:22,2,0,0,0 05-07:22,4,0,0,0 05-08:22,6,0,0,0 05-09:19,3,0,0,0 05-10:22,4,0,0,0 05-11:20,0,0,0,0 05-12:22,1,0,0,0 05-13:21,3,1,1,0 05-14:19,4,2,1,1 05-15:31,8,6,0,0 05-16:20,2,1,1,1 05-17:17,0,0,0,0 05-18:21,3,2,1,0 05-19:27,1,1,0,0 05-20:26,2,2,1,0 05-21:24,6,5,2,1 05-22:64,7,5,4,2 05-23:44,8,5,3,3 05-24:27,1,1,0,0 05-25:32,5,3,3,0 05-26:21,0,0,0,0 05-27:45,4,4,2,0 05-28:98,23,19,9,0 05-29:53,5,4,1,0 05-30:34,1,0,0,0 05-31:45,5,2,0,0 06-01:39,2,0,0,0 06-02:47,3,2,1,0 06-03:112,26,22,9,0 06-04:460,116,97,52,0 06-05:736,272,230,113,0 06-06:683,234,200,85,0 06-07:738,265,235,120,0 06-08:671,201,177,76,0 06-09:73,4,3,1,0 06-10:75,6,6,1,0 06-11:101,4,2,1,0 06-12:46,0,0,0,0 06-13:46,4,3,1,1 06-14:51,7,6,2,1 06-15:46,6,2,1,0 06-16:56,5,3,1,0 06-17:45,4,4,2,1 06-18:46,5,3,1,1 06-19:57,11,7,3,1 06-20:41,8,7,1,0 06-21:47,6,2,2,1 06-22:40,7,3,3,1 06-23:63,5,3,1,0 06-24:44,5,2,2,0 06-25:57,5,4,1,0 06-26:51,5,2,0,0 06-27:48,6,3,1,0 06-28:57,7,4,3,0 06-29:59,7,5,1,0 06-30:66,10,4,2,1 07-01:64,10,6,2,1 07-02:47,2,2,2,0 07-03:49,5,2,2,1 07-04:38,1,0,0,0 07-05:50,1,1,1,0 07-06:50,6,2,1,0 07-07:59,8,6,1,1 07-08:45,5,3,1,0 07-09:40,4,2,2,0 07-10:38,3,2,1,0 07-11:33,1,1,0,0 07-12:34,3,2,1,0 07-13:33,2,1,0,0 07-14:27,2,1,1,0 07-15:35,1,1,0,0 07-16:33,7,5,1,0 07-17:63,6,3,1,0 07-18:65,6,4,1,0 07-19:52,3,2,1,1 07-20:44,3,1,1,0 07-21:52,4,1,1,0 07-22:45,9,6,2,0 07-23:69,19,13,4,0 07-24:52,6,6,3,1 07-25:60,10,9,2,0 07-26:48,5,1,0,0 07-27:43,7,4,2,1 07-28:35,3,2,1,0 07-29:45,6,6,0,0 07-30:50,4,2,1,0 07-31:40,1,0,0,0 08-01:44,6,4,0,0 08-02:42,6,2,0,0 08-03:30,4,3,0,0 08-04:41,3,3,1,0 08-05:41,4,3,2,0 08-06:36,4,3,1,0 08-07:45,4,0,0,0 08-08:30,2,1,1,1 08-09:54,4,3,1,0 08-10:42,11,8,5,3 08-11:50,20,15,14,12 08-12:56,12,2,2,1 08-13:48,6,1,0,0 08-14:55,2,1,1,0 08-15:56,3,1,0,0 08-16:57,2,0,0,0 08-17:64,4,2,0,0 08-18:48,3,3,1,0 08-19:44,4,3,2,0 08-20:33,3,3,2,0 08-21:34,3,2,0,0 08-22:32,2,1,0,0 08-23:31,7,3,2,0 08-24:23,0,0,0,0 08-25:34,2,1,0,0 08-26:34,1,0,0,0 08-27:37,1,0,0,0 08-28:35,2,1,1,0 08-29:24,0,0,0,0
Morocco|05-01:31,6,0,0,0 05-02:15,1,0,0,0 05-03:13,2,0,0,0 05-04:14,0,0,0,0 05-05:14,0,0,0,0 05-06:17,3,0,0,0 05-07:17,0,0,0,0 05-08:12,1,0,0,0 05-09:16,1,0,0,0 05-10:10,1,0,0,0 05-12:13,4,0,0,0 05-13:13,1,0,0,0 05-14:11,3,1,1,0 05-16:11,0,0,0,0 05-17:14,2,0,0,0 05-18:16,0,0,0,0 05-20:13,0,0,0,0 05-21:22,2,2,1,0 05-22:23,0,0,0,0 05-23:18,2,2,2,0 05-24:16,0,0,0,0 05-25:27,1,1,1,0 05-26:25,1,0,0,0 05-27:16,0,0,0,0 05-28:19,1,1,0,0 05-30:21,1,1,0,0 05-31:12,1,1,1,0 06-01:12,2,1,0,0 06-02:20,0,0,0,0 06-03:18,3,2,2,0 06-04:10,0,0,0,0 06-05:32,0,0,0,0 06-06:19,2,1,1,1 06-07:18,0,0,0,0 06-08:16,2,1,1,0 06-09:16,0,0,0,0 06-10:30,1,1,1,0 06-11:32,0,0,0,0 06-12:22,0,0,0,0 06-13:19,0,0,0,0 06-14:27,3,3,1,0 06-15:27,2,1,1,1 06-16:13,1,0,0,0 06-17:12,0,0,0,0 06-18:32,1,0,0,0 06-19:24,3,2,2,0 06-20:22,3,2,0,0 06-21:30,1,0,0,0 06-22:15,2,2,0,0 06-23:16,1,1,0,0 06-24:18,0,0,0,0 06-25:31,4,3,2,1 06-26:24,2,2,1,0 06-27:14,2,1,1,1 06-28:13,0,0,0,0 06-29:16,2,0,0,0 06-30:30,12,10,2,0 07-01:27,5,4,1,1 07-02:20,1,1,0,0 07-03:18,1,0,0,0 07-04:15,1,1,0,0 07-05:13,1,0,0,0 07-06:13,1,1,0,0 07-07:10,1,0,0,0 07-08:40,27,26,5,0 07-09:25,5,3,3,3 07-10:21,7,4,1,1 07-11:24,7,3,1,0 07-12:18,4,2,2,0 07-13:23,5,1,0,0 07-14:15,2,2,0,0 07-15:17,5,2,0,0 07-16:13,0,0,0,0 07-17:21,4,3,0,0 07-18:18,4,3,2,2 07-19:13,1,1,1,1 07-20:13,0,0,0,0 07-21:15,0,0,0,0 07-22:17,0,0,0,0 07-23:16,1,0,0,0 07-24:15,2,1,0,0 07-25:14,2,0,0,0 07-26:12,1,0,0,0 07-27:17,3,1,0,0 07-28:15,1,0,0,0 07-29:26,6,1,1,0 07-30:16,2,1,0,0 07-31:11,0,0,0,0 08-01:16,3,1,0,0 08-02:12,1,0,0,0 08-03:14,3,2,2,1 08-04:15,1,1,1,1 08-05:16,3,2,2,1 08-06:10,2,1,1,1 08-07:48,28,17,8,5 08-08:27,5,3,2,2 08-09:17,1,1,1,1 08-10:31,9,4,1,1 08-11:21,2,1,1,1 08-12:18,2,1,1,1 08-13:44,27,20,17,17 08-14:20,4,2,2,0 08-15:19,1,0,0,0 08-16:16,2,1,0,0 08-17:26,10,7,0,0 08-18:26,4,2,1,0 08-19:18,2,0,0,0 08-20:22,0,0,0,0 08-21:17,0,0,0,0 08-22:20,2,2,1,0 08-23:16,1,0,0,0 08-24:18,6,6,0,0 08-25:16,1,0,0,0 08-26:25,2,2,1,0 08-27:38,7,1,0,0 08-28:28,6,6,3,0 08-29:21,0,0,0,0
Myanmar|07-01:14,1,0,0,0 07-19:14,0,0,0,0 08-06:10,0,0,0,0
Netherlands|05-01:37,8,0,0,0 05-02:29,1,0,0,0 05-03:54,13,0,0,0 05-04:47,5,0,0,0 05-05:40,5,0,0,0 05-06:45,7,0,0,0 05-07:37,4,0,0,0 05-08:44,8,0,0,0 05-09:35,6,0,0,0 05-10:35,6,0,0,0
New Zealand|05-01:12,3,0,0,0 05-02:14,5,0,0,0 05-04:15,3,0,0,0 05-05:19,2,0,0,0 05-06:18,4,0,0,0 05-07:13,1,0,0,0 05-08:12,5,0,0,0 05-09:11,2,0,0,0 05-10:16,2,0,0,0 05-11:20,7,0,0,0 05-12:15,3,0,0,0 05-13:21,5,2,1,0 05-14:15,3,3,1,0 05-15:15,1,0,0,0 05-18:15,5,3,1,0 05-19:21,5,2,1,0 05-20:17,6,4,0,0 05-21:13,1,0,0,0 05-22:20,4,1,0,0 05-23:15,7,5,1,1 05-24:22,7,6,1,0 05-25:20,2,2,2,0 05-26:16,7,6,2,1 05-27:19,4,4,1,0 05-28:66,5,4,0,0 05-29:29,6,5,3,1 05-30:27,2,2,1,0 05-31:33,5,3,2,0 06-01:29,4,3,1,0 06-02:21,4,3,1,1 06-03:22,6,4,0,0 06-04:14,0,0,0,0 06-05:24,3,2,1,0 06-06:13,3,1,0,0 06-07:16,4,2,0,0 06-08:25,2,2,1,0 06-09:31,5,3,2,0 06-10:71,10,8,2,1 06-11:65,5,5,2,0 06-12:29,2,2,0,0 06-13:34,1,1,1,0 06-14:24,3,2,0,0 06-15:35,4,3,1,0 06-16:34,1,0,0,0 06-17:22,2,1,1,0 06-18:28,3,2,0,0 06-19:30,3,2,1,0 06-20:27,2,2,1,0 06-21:18,2,1,1,0 06-22:26,2,1,0,0 06-23:57,7,7,3,0 06-24:39,5,3,1,0 06-25:25,4,3,1,1 06-26:20,0,0,0,0 06-27:19,3,3,2,1 06-28:24,2,1,0,0 06-29:42,12,9,2,0 06-30:50,4,3,0,0 07-01:33,3,3,2,0 07-02:30,1,1,1,0 07-03:34,3,3,1,0 07-04:22,1,1,0,0 07-05:24,1,1,1,0 07-06:35,4,3,2,0 07-07:42,3,2,0,0 07-08:32,1,1,0,0 07-09:18,1,1,0,0 07-10:36,10,5,2,0 07-11:31,8,5,4,1 07-12:22,5,3,2,0 07-13:39,7,5,1,0 07-14:31,3,1,0,0 07-15:39,4,3,2,2 07-16:33,5,3,2,1 07-17:29,2,2,0,0 07-18:25,5,3,3,1 07-19:22,2,1,0,0 07-20:26,2,1,0,0 07-21:21,1,0,0,0 07-22:27,4,3,3,2 07-23:26,2,1,1,0 07-24:17,2,2,2,1 07-25:29,3,2,2,2 07-26:33,3,3,2,2 07-27:28,2,2,1,0 07-28:31,8,5,2,2 07-29:42,8,4,2,1 07-30:42,6,3,2,0 07-31:24,1,0,0,0 08-01:23,1,1,0,0 08-02:19,0,0,0,0 08-03:29,2,2,1,0 08-04:18,1,0,0,0 08-05:30,2,1,0,0 08-06:21,2,1,1,1 08-07:24,3,3,1,0 08-08:20,4,3,1,0 08-09:16,1,1,0,0 08-10:20,3,2,1,0 08-11:30,17,16,14,0 08-12:32,10,5,4,0 08-13:25,4,3,3,2 08-14:31,5,4,0,0 08-15:44,16,6,3,1 08-16:21,1,1,1,1 08-17:25,3,3,2,0 08-18:24,4,2,1,0 08-19:13,1,0,0,0 08-20:23,4,1,0,0 08-21:23,0,0,0,0 08-22:24,2,2,1,0 08-23:13,3,1,0,0 08-24:18,1,0,0,0 08-25:20,4,2,1,0 08-26:18,1,1,0,0 08-27:28,5,4,1,0 08-28:20,0,0,0,0 08-29:10,1,1,0,0
Nigeria|05-01:11,0,0,0,0 05-02:12,0,0,0,0 05-06:10,4,0,0,0 05-10:18,13,0,0,0 05-12:10,4,0,0,0 05-15:15,4,0,0,0 05-16:26,14,3,2,1 05-17:13,2,2,0,0 05-19:15,12,2,0,0 05-21:28,17,7,0,0 05-22:18,7,2,0,0 05-23:21,6,1,0,0 05-25:10,4,1,0,0 05-27:11,2,1,1,0 05-28:21,8,3,0,0 05-29:14,2,1,0,0 06-01:34,13,2,0,0 06-02:20,11,4,3,1 06-03:16,5,1,1,0 06-05:17,5,1,0,0 06-06:12,6,3,1,0 06-07:20,12,2,0,0 06-08:26,8,4,0,0 06-09:20,3,2,1,0 06-10:54,18,12,7,1 06-11:16,8,2,1,0 06-12:21,5,0,0,0 06-13:12,3,2,1,0 06-15:39,16,6,4,0 06-16:21,7,0,0,0 06-17:17,5,2,1,0 06-18:25,10,5,2,0 06-19:127,62,29,12,0 06-20:45,23,10,4,0 06-21:28,13,4,2,1 06-22:53,21,8,4,0 06-23:27,5,3,1,0 06-24:20,3,2,2,0 06-25:114,74,18,3,0 06-26:81,30,11,3,0 06-27:56,21,5,0,0 06-28:20,6,1,0,0 06-29:71,27,6,2,0 06-30:38,17,6,0,0 07-01:79,39,7,1,0 07-02:61,34,8,1,0 07-03:57,25,8,3,0 07-04:27,4,2,1,0 07-05:17,3,0,0,0 07-06:13,2,0,0,0 07-07:21,10,5,2,0 07-08:42,21,10,2,0 07-09:31,16,8,2,0 07-10:53,23,8,2,0 07-11:25,15,4,0,0 07-12:19,10,2,0,0 07-13:82,37,8,1,0 07-14:58,25,5,1,0 07-15:48,23,4,0,0 07-16:70,37,14,4,1 07-17:77,30,7,4,1 07-18:53,21,14,4,1 07-19:77,43,13,6,5 07-20:83,56,16,11,2 07-21:69,35,10,3,1 07-22:33,17,5,3,0 07-23:48,16,7,2,0 07-24:39,19,7,4,1 07-25:42,17,4,1,1 07-26:39,19,2,0,0 07-27:25,7,3,0,0 07-28:30,4,0,0,0 07-29:597,182,13,5,0 07-30:64,16,0,0,0 07-31:57,34,11,1,0 08-01:29,9,1,1,0 08-02:41,18,6,1,1 08-03:55,29,12,2,0 08-04:40,9,3,2,0 08-05:41,21,9,4,0 08-06:51,24,11,3,0 08-07:42,16,5,1,0 08-08:29,10,3,1,0 08-09:11,2,1,0,0 08-10:13,3,0,0,0 08-11:29,11,0,0,0 08-12:90,48,18,6,1 08-13:72,33,11,2,1 08-14:62,24,10,2,0 08-15:34,12,5,1,0 08-16:32,16,3,1,0 08-17:31,11,5,3,0 08-18:18,4,2,1,0 08-19:35,14,2,0,0 08-20:44,26,6,0,0 08-21:39,14,9,2,0 08-22:17,5,0,0,0 08-23:20,6,1,1,0 08-24:24,6,3,3,0 08-25:18,2,0,0,0 08-26:37,12,4,4,2 08-27:60,18,7,0,0 08-28:32,8,8,2,0 08-29:11,1,1,0,0
North Macedonia|05-07:10,1,0,0,0 05-15:10,1,0,0,0 05-18:11,2,0,0,0 05-25:10,4,0,0,0 06-01:12,6,0,0,0 07-23:10,4,0,0,0 07-27:11,5,0,0,0
Norway|05-01:82,11,0,0,0 05-02:67,9,0,0,0 05-03:52,9,0,0,0 05-04:66,6,0,0,0 05-05:55,4,0,0,0 05-06:49,5,0,0,0 05-07:59,3,0,0,0 05-08:73,8,0,0,0 05-09:68,11,0,0,0 05-10:63,10,0,0,0 05-11:66,12,0,0,0 05-12:72,7,0,0,0 05-13:70,14,5,3,1 05-14:79,12,3,2,2 05-15:90,21,11,8,5 05-16:79,19,11,5,5 05-17:69,12,7,5,4 05-18:75,14,7,3,2 05-19:80,18,12,4,4 05-20:80,16,6,4,3 05-21:81,13,5,3,2 05-22:86,13,3,2,2 05-23:103,29,15,8,4 05-24:98,24,14,5,4 05-25:108,23,10,7,5 05-26:96,16,6,5,3 05-27:93,13,5,2,0 05-28:104,11,5,2,1 05-29:104,10,5,5,4 05-30:86,7,3,0,0 05-31:101,8,5,3,0 06-01:93,11,4,0,0 06-02:97,6,2,2,2 06-03:106,18,11,6,1 06-04:118,20,8,6,2 06-05:94,5,3,2,0 06-06:91,8,5,2,1 06-07:83,5,3,2,2 06-08:86,8,1,1,0 06-09:126,9,3,2,1 06-10:256,16,7,3,3 06-11:255,15,7,3,1 06-12:251,15,6,4,4 06-13:266,10,3,1,1 06-14:335,16,4,2,1 06-15:276,14,8,4,0 06-16:198,16,7,5,2 06-17:219,14,7,4,2 06-18:223,12,7,6,5 06-19:173,18,13,8,6 06-20:152,19,6,4,2 06-21:172,10,3,3,2 06-22:198,11,2,1,0 06-23:285,17,5,3,2 06-24:215,18,8,5,1 06-25:191,16,8,7,4 06-26:228,13,7,7,3 06-27:225,18,11,10,7 06-28:253,34,22,19,13 06-29:205,12,3,3,2 06-30:330,15,6,3,3 07-01:237,5,1,0,0 07-02:259,9,5,1,1 07-03:303,29,11,8,4 07-04:249,7,2,0,0 07-05:243,8,4,3,2 07-06:285,7,2,1,0 07-07:276,18,8,4,2 07-08:193,12,7,5,2 07-09:207,11,8,6,4 07-10:227,22,14,8,5 07-11:306,14,5,3,2 07-12:301,12,7,6,2 07-13:146,12,3,2,1 07-14:219,15,7,5,2 07-15:186,4,2,1,0 07-16:190,10,4,0,0 07-17:199,19,8,4,3 07-18:247,14,6,4,0 07-19:151,19,9,7,5 07-20:145,18,5,4,2 07-21:115,13,5,5,0 07-22:107,14,7,4,3 07-23:117,11,0,0,0 07-24:127,9,3,2,0 07-25:133,5,1,1,0 07-26:134,16,4,3,1 07-27:132,18,5,4,2 07-28:128,18,8,8,5 07-29:134,17,8,6,1 07-30:130,11,9,5,2 07-31:126,13,5,1,1 08-01:146,12,2,1,1 08-02:127,14,7,3,1 08-03:112,12,7,5,2 08-04:148,15,7,2,1 08-05:135,18,8,6,4 08-06:125,16,4,2,1 08-07:291,88,6,5,2 08-08:371,111,4,2,1 08-09:334,109,11,4,2 08-10:528,201,10,5,2 08-11:552,200,5,5,1 08-12:381,153,13,10,2 08-13:391,147,9,5,3 08-14:7304,1656,9,4,2 08-15:10477,2355,7,5,3 08-16:12891,2604,5,0,0 08-17:4583,1429,3,3,2 08-18:509,171,6,6,3 08-19:507,192,5,4,0 08-20:502,174,2,1,0 08-21:387,139,5,3,1 08-22:139,25,5,4,0 08-23:144,23,3,2,1 08-24:133,22,4,2,0 08-25:136,24,3,3,1 08-26:123,19,4,3,0 08-27:118,20,5,3,1 08-28:104,16,2,1,0 08-29:105,18,4,3,3
Pakistan|05-26:11,8,3,2,0 06-19:18,8,3,2,0 06-20:10,7,1,1,0 06-22:10,5,0,0,0 06-25:14,4,2,0,0 06-26:21,14,2,0,0 06-27:15,3,0,0,0 06-29:14,3,1,0,0 06-30:14,3,1,0,0 07-03:10,2,0,0,0 07-06:11,3,1,1,0 07-07:14,2,0,0,0 07-09:23,9,2,2,0 07-10:13,5,1,0,0 07-11:10,4,0,0,0 07-12:13,3,1,0,0 07-13:10,4,0,0,0 07-14:18,8,2,1,0 07-16:10,5,2,0,0 07-17:17,4,1,0,0 07-18:10,2,1,0,0 07-19:15,2,0,0,0 07-20:11,1,1,0,0 07-22:12,4,0,0,0 07-23:21,2,1,1,0 07-27:22,10,2,0,0 07-28:19,4,1,1,0 07-29:10,5,1,0,0 08-01:10,1,0,0,0 08-02:15,1,0,0,0 08-03:10,3,0,0,0 08-05:21,8,4,3,2 08-06:12,2,0,0,0 08-07:22,5,0,0,0 08-08:12,3,0,0,0 08-09:11,2,1,1,0 08-10:14,4,1,0,0 08-11:20,3,2,1,1 08-12:10,2,0,0,0 08-13:11,2,0,0,0 08-14:10,2,1,1,0 08-17:15,3,1,1,0 08-18:25,5,1,0,0 08-19:12,2,0,0,0 08-20:23,5,3,0,0 08-21:24,12,6,0,0 08-22:16,7,0,0,0 08-24:20,3,0,0,0 08-25:10,2,1,0,0 08-26:14,3,1,0,0 08-27:28,7,3,0,0 08-28:14,3,0,0,0 08-29:15,2,1,0,0
Palestine|08-19:13,0,0,0,0 08-20:20,0,0,0,0 08-21:19,1,0,0,0 08-22:20,0,0,0,0 08-23:12,0,0,0,0 08-24:19,0,0,0,0 08-25:16,0,0,0,0 08-26:11,0,0,0,0 08-27:22,0,0,0,0 08-28:16,0,0,0,0
Panama|08-09:11,1,0,0,0
Papua New Guinea|06-28:12,3,2,2,0 06-30:16,7,4,1,0 07-29:15,4,2,2,0
Paraguay|06-09:12,0,0,0,0 06-10:23,0,0,0,0 06-11:355,11,3,2,0 06-12:252,7,4,3,0 06-13:133,6,1,1,1 06-14:41,1,0,0,0 06-15:30,6,3,2,0 06-16:49,12,11,10,0 06-17:60,4,2,2,0 06-18:50,3,0,0,0 06-19:97,16,9,8,0 06-20:161,10,5,3,0 06-21:96,6,1,0,0 06-22:110,5,2,2,0 06-23:156,14,9,4,0 06-24:253,13,4,4,0 06-25:243,16,8,6,0 06-26:106,9,4,2,0 06-27:148,12,7,4,0 06-28:81,15,12,9,0 06-29:58,4,4,2,0 06-30:192,9,5,4,0 07-01:247,6,4,3,0 07-02:461,7,4,3,1 07-03:309,10,5,4,0 07-04:281,3,1,1,0 07-05:183,7,4,3,0 07-06:216,12,12,10,0 07-07:387,5,4,2,0 07-08:153,7,4,2,0 07-10:37,23,13,4,0 07-11:46,17,9,8,0 07-12:58,27,17,9,0 07-13:52,23,11,4,0 07-14:55,19,12,9,0 07-15:54,15,9,5,2 07-16:35,6,3,2,0 07-17:60,3,3,3,0 07-18:43,6,4,1,0 07-19:39,5,2,1,0 07-20:53,6,5,3,0 07-21:56,9,3,1,0 07-22:57,7,4,3,0 07-23:52,4,2,1,0 07-24:63,5,3,3,0 07-25:54,4,2,1,0 07-26:31,4,4,2,0
Peru|05-01:39,8,0,0,0 05-02:37,4,0,0,0 05-03:36,7,0,0,0 05-04:31,3,0,0,0 05-05:23,6,0,0,0 05-06:19,5,0,0,0 05-07:19,8,0,0,0 05-08:19,4,0,0,0 05-09:16,3,0,0,0 05-12:12,3,0,0,0 05-13:14,2,1,0,0 05-14:14,5,3,2,0 05-16:11,3,2,2,0 05-17:17,5,4,3,0 05-18:20,8,3,1,0 05-19:15,2,0,0,0 05-20:37,4,4,2,0 05-21:13,4,4,3,0 05-22:37,10,8,4,0 05-23:22,5,4,2,0 05-24:25,2,1,0,0 05-25:22,5,3,1,0 05-26:10,2,1,1,0 05-27:33,10,7,5,0 05-28:61,23,16,6,0 05-29:50,19,17,8,0 05-30:29,12,5,2,0 05-31:48,11,7,4,0 06-01:70,25,13,7,0 06-02:86,39,25,10,0 06-03:55,12,5,2,0 06-04:220,23,11,7,0 06-05:104,24,18,6,0 06-06:82,12,9,5,0 06-07:95,13,9,3,0 06-08:63,14,9,4,0 06-09:177,9,7,4,0 06-10:187,10,6,4,0 06-11:659,14,7,3,0 06-12:464,5,2,0,0 06-13:335,4,1,0,0 06-14:188,2,1,1,0 06-15:88,2,0,0,0 06-16:101,4,3,1,0 06-17:126,6,3,1,0 06-18:92,4,1,0,0 06-19:109,14,6,3,0 06-20:74,8,3,0,0 06-21:76,6,5,4,0 06-22:47,6,3,2,0 06-23:84,5,3,1,0 06-24:81,10,6,2,0 06-25:75,6,4,3,0 06-26:65,8,4,1,0 06-27:45,7,3,1,1 06-28:29,5,2,1,0 06-29:20,2,1,0,0 06-30:54,4,2,2,0 07-01:53,7,4,3,0 07-02:127,11,7,3,0 07-03:86,7,4,3,0 07-04:117,7,2,1,0 07-05:106,7,3,1,0 07-06:66,5,2,2,0 07-07:108,8,7,4,0 07-08:48,7,4,2,1 07-09:14,3,2,2,0 07-10:23,6,2,0,0 07-12:18,1,1,0,0 07-13:11,4,0,0,0 07-14:14,2,2,2,0 07-16:13,2,0,0,0 07-17:10,1,0,0,0 07-18:13,4,1,0,0 07-19:10,1,1,0,0 07-20:10,2,1,0,0 07-21:16,7,2,1,0 07-22:10,3,0,0,0 07-23:16,5,0,0,0 07-24:14,1,0,0,0 07-25:18,5,2,1,0 07-26:16,3,1,0,0 07-27:13,4,2,1,0 07-28:23,11,8,1,0 07-29:25,11,8,3,0 07-30:12,4,2,2,1 07-31:19,1,0,0,0 08-01:16,2,1,1,0 08-03:19,3,1,0,0 08-04:10,4,2,1,0 08-07:11,4,2,1,0 08-08:13,3,2,1,1 08-11:11,3,1,1,0 08-12:29,10,3,3,0 08-13:31,12,5,4,0
Philippines|05-05:16,2,0,0,0 05-06:16,2,0,0,0 05-07:13,3,0,0,0 05-08:14,4,0,0,0 05-14:11,1,0,0,0 05-15:14,1,0,0,0 05-16:11,3,3,1,0 05-18:12,1,1,0,0 05-20:13,0,0,0,0 05-22:16,3,3,0,0 05-23:13,2,2,0,0 05-26:12,1,0,0,0 05-27:11,1,1,0,0 05-28:17,8,7,2,0 06-01:10,2,2,0,0 06-02:10,2,2,0,0 06-03:13,1,0,0,0 06-05:11,4,4,1,0 06-06:24,7,7,1,1 06-08:16,1,1,0,0 06-09:16,5,3,1,0 06-10:17,3,3,2,0 06-11:18,7,0,0,0 06-12:18,6,4,2,0 06-13:10,1,0,0,0 06-14:12,1,0,0,0 06-15:14,4,3,2,0 06-16:17,3,3,0,0 06-18:15,2,1,0,0 06-19:22,6,6,2,0 06-20:27,7,4,1,0 06-23:17,0,0,0,0 06-25:23,10,10,1,0 06-26:42,18,14,5,0 06-27:36,15,12,2,0 06-28:28,14,11,5,0 06-29:32,8,3,1,0 06-30:44,17,12,1,0 07-01:26,7,6,0,0 07-02:27,4,4,3,0 07-03:32,9,8,0,0 07-04:25,4,3,1,0 07-05:19,1,1,1,0 07-06:12,2,2,0,0 07-07:18,4,4,2,0 07-08:27,10,8,2,1 07-09:28,17,17,3,0 07-10:23,9,6,4,0 07-11:25,6,5,1,0 07-12:31,11,8,1,0 07-13:18,5,4,2,0 07-14:35,12,8,4,3 07-15:27,3,2,1,0 07-16:36,11,8,1,0 07-17:28,8,5,2,1 07-19:12,4,4,1,0 07-20:26,9,6,0,0 07-21:10,1,1,1,0 07-22:19,8,4,1,0 07-24:13,1,1,1,0 07-25:155,57,43,34,1 07-26:28,12,9,5,0 07-27:15,4,3,1,0 07-28:14,4,2,1,0 07-29:47,18,14,7,0 07-30:21,5,3,1,0 07-31:24,10,9,3,1 08-01:11,2,1,0,0 08-02:14,5,3,0,0 08-03:18,7,4,1,0 08-04:19,4,4,1,0 08-05:17,4,4,1,0 08-06:30,10,6,3,0 08-07:27,6,4,1,1 08-08:18,7,5,2,0 08-09:16,2,1,0,0 08-11:10,2,0,0,0 08-12:11,3,3,0,0 08-13:20,8,6,3,1 08-14:16,2,2,1,0 08-15:13,5,3,2,0 08-16:10,5,2,1,0 08-17:17,1,1,0,0 08-18:19,2,1,1,0 08-19:17,3,1,1,0 08-20:20,2,1,1,0 08-21:18,5,2,1,0 08-22:10,1,1,1,0 08-23:11,3,2,2,0 08-24:13,5,4,2,0 08-25:12,5,2,0,0 08-26:20,5,4,1,0 08-27:17,5,5,1,0
Poland|05-01:21,3,0,0,0 05-02:24,2,0,0,0 05-03:24,2,0,0,0 05-04:27,0,0,0,0 05-05:15,2,0,0,0 05-06:26,3,0,0,0 05-07:14,2,0,0,0 05-08:21,2,0,0,0 05-09:29,6,0,0,0 05-10:15,2,0,0,0 05-11:28,3,0,0,0 05-12:27,7,0,0,0 05-13:28,5,2,2,1 05-14:23,2,1,0,0 05-15:25,0,0,0,0 05-16:16,1,1,0,0 05-17:19,1,1,1,0 05-18:33,3,2,0,0 05-19:25,6,5,3,1 05-20:31,7,4,2,2 05-21:26,3,1,0,0 05-22:44,4,3,2,1 05-23:32,1,1,1,0 05-24:22,2,0,0,0 05-25:23,4,3,2,0 05-26:26,4,2,2,0 05-27:21,2,2,0,0 05-28:57,8,3,1,1 05-29:55,9,9,2,1 05-30:55,6,2,0,0 05-31:30,3,3,0,0 06-01:19,1,1,0,0 06-02:41,15,14,1,0 06-03:39,7,2,1,0 06-04:54,8,4,1,1 06-05:26,1,0,0,0 06-06:25,2,0,0,0 06-07:24,5,3,2,0 06-08:27,2,1,1,0 06-09:38,2,0,0,0 06-10:89,10,4,3,2 06-11:74,3,0,0,0 06-12:41,2,2,2,0 06-13:51,2,2,0,0 06-14:57,5,5,2,1 06-15:43,3,1,0,0 06-16:38,0,0,0,0 06-17:38,4,2,0,0 06-18:48,4,2,1,1 06-19:50,4,3,2,0 06-20:49,4,3,2,0 06-21:36,4,3,3,0 06-22:30,3,2,1,1 06-23:39,4,2,2,1 06-24:35,1,0,0,0 06-25:39,3,2,0,0 06-26:32,4,3,3,1 06-27:39,1,0,0,0 06-28:32,1,0,0,0 06-29:70,11,1,1,0 06-30:44,1,0,0,0 07-01:51,4,1,0,0 07-02:77,16,3,1,0 07-03:40,1,1,1,0 07-04:48,4,1,0,0 07-05:52,4,2,1,0 07-06:46,2,1,1,0 07-07:38,1,1,0,0 07-08:34,2,0,0,0 07-09:42,0,0,0,0 07-10:47,4,3,0,0 07-11:40,3,3,3,0 07-12:37,2,1,0,0 07-13:38,2,2,1,1 07-14:36,1,0,0,0 07-15:39,3,2,2,1 07-16:38,4,2,1,0 07-17:39,6,6,5,5 07-18:43,13,13,5,4 07-19:47,5,2,0,0 07-20:42,5,5,3,2 07-21:67,16,14,11,11 07-22:56,2,0,0,0 07-23:76,2,1,0,0 07-24:36,3,2,2,1 07-25:61,6,6,3,0 07-26:53,5,3,1,0 07-27:49,4,2,1,0 07-28:46,1,0,0,0 07-29:72,3,0,0,0 07-30:57,4,2,0,0 07-31:52,4,2,1,0 08-01:50,1,1,0,0 08-02:61,4,3,3,0 08-03:48,3,2,1,0 08-04:60,4,4,0,0 08-05:64,6,3,0,0 08-06:48,2,1,0,0 08-07:67,2,1,0,0 08-08:40,2,1,1,0 08-09:53,2,2,1,0 08-10:51,7,3,1,1 08-11:46,4,3,0,0 08-12:42,3,0,0,0 08-13:45,6,3,1,1 08-14:49,6,5,4,2 08-15:71,6,4,1,0 08-16:49,3,3,2,1 08-17:40,5,2,0,0 08-18:37,5,4,1,1 08-19:52,4,0,0,0 08-20:38,3,2,1,0 08-21:49,2,1,0,0 08-22:39,2,1,0,0 08-23:41,4,2,1,0 08-24:42,3,0,0,0 08-25:32,3,3,1,0 08-26:37,3,1,0,0 08-27:46,2,1,0,0 08-28:39,4,2,0,0 08-29:42,7,7,5,3
Portugal|05-01:30,15,0,0,0 05-02:31,12,0,0,0 05-03:17,4,0,0,0 05-04:18,6,0,0,0 05-05:19,3,0,0,0 05-06:15,9,0,0,0 05-07:11,7,0,0,0 05-08:17,11,0,0,0 05-09:30,17,0,0,0 05-10:18,10,0,0,0 05-11:31,20,0,0,0 05-12:23,12,0,0,0 05-13:21,11,2,2,1 05-14:17,9,6,5,5 05-15:52,33,21,16,13 05-16:31,19,10,9,9 05-17:69,39,28,23,20 05-18:64,32,8,7,7 05-19:63,33,15,8,7 05-20:73,52,27,16,13 05-21:79,51,24,20,18 05-22:76,42,21,18,17 05-23:89,58,31,20,16 05-24:93,62,28,22,19 05-25:94,47,20,18,15 05-26:77,38,15,8,6 05-27:53,22,12,11,11 05-28:41,13,3,2,2 05-29:35,16,8,5,5 05-30:21,4,1,0,0 05-31:26,12,3,1,1 06-01:28,8,2,0,0 06-02:31,9,1,1,0 06-03:31,9,0,0,0 06-04:36,9,0,0,0 06-05:31,7,0,0,0 06-06:34,8,2,2,0 06-07:25,6,2,2,1 06-08:21,3,2,1,0 06-09:27,9,4,3,3 06-10:59,19,10,7,2 06-11:41,13,4,3,2 06-12:38,11,6,4,2 06-13:30,5,2,2,2 06-14:30,8,2,2,1 06-15:37,16,5,4,1 06-16:36,11,7,5,5 06-17:26,4,1,1,1 06-18:40,12,6,5,4 06-19:25,14,7,6,4 06-20:24,5,3,3,2 06-21:24,9,2,1,1 06-22:33,12,4,3,3 06-23:29,5,1,1,1 06-24:34,8,3,2,2 06-25:45,15,7,5,4 06-26:31,9,1,1,0 06-27:36,17,5,3,2 06-28:36,8,0,0,0 06-29:27,8,1,1,1 06-30:32,4,1,0,0 07-01:24,2,0,0,0 07-02:27,1,0,0,0 07-03:25,5,2,2,2 07-04:27,1,0,0,0 07-05:30,9,3,1,0 07-06:28,6,2,2,2 07-07:35,7,2,1,1 07-08:30,5,1,0,0 07-09:31,5,1,0,0 07-10:32,4,0,0,0 07-11:13,4,1,1,1 07-12:18,7,2,1,1 07-13:27,4,2,1,1 07-14:18,4,3,3,1 07-15:23,5,4,4,4 07-16:36,9,5,4,4 07-17:20,5,1,1,1 07-18:24,7,5,4,2 07-19:25,6,0,0,0 07-20:37,15,3,3,3 07-21:18,6,2,1,0 07-22:18,6,5,4,4 07-23:18,1,0,0,0 07-24:18,5,4,3,3 07-25:17,2,0,0,0 07-26:19,6,3,3,1 07-27:24,2,0,0,0 07-28:25,11,8,6,3 07-29:18,4,1,1,0 07-30:20,1,0,0,0 07-31:15,0,0,0,0 08-01:12,2,1,1,0 08-02:14,0,0,0,0 08-03:17,1,1,0,0 08-04:23,5,2,1,1 08-05:19,2,2,2,1 08-06:15,1,0,0,0 08-07:15,7,5,4,1 08-08:10,2,2,0,0 08-09:25,0,0,0,0 08-10:21,4,3,1,0 08-11:24,7,5,3,2 08-12:24,5,4,2,1 08-13:24,3,3,1,0 08-14:11,1,0,0,0 08-15:21,5,2,2,0 08-16:15,5,2,0,0 08-17:17,6,0,0,0 08-18:18,5,2,2,2 08-19:14,4,2,1,0 08-20:10,1,1,1,0 08-21:10,2,2,1,1 08-22:10,1,0,0,0 08-23:12,2,2,1,1 08-24:11,0,0,0,0 08-25:10,1,1,0,0 08-26:14,2,1,0,0 08-27:20,4,3,1,0 08-28:13,1,0,0,0 08-29:17,2,0,0,0
Puerto Rico|08-06:18,0,0,0,0 08-07:22,0,0,0,0 08-08:14,0,0,0,0 08-09:15,1,0,0,0 08-10:12,1,0,0,0 08-11:25,0,0,0,0 08-15:19,1,0,0,0 08-16:24,0,0,0,0 08-17:14,0,0,0,0 08-18:15,0,0,0,0
Qatar|06-18:10,0,0,0,0 06-19:36,0,0,0,0 06-20:21,0,0,0,0 06-21:18,1,0,0,0 06-22:46,0,0,0,0 06-23:11,0,0,0,0 06-24:18,0,0,0,0 06-25:11,0,0,0,0 06-26:15,0,0,0,0 06-28:10,0,0,0,0 06-29:36,0,0,0,0 06-30:22,0,0,0,0 07-01:37,0,0,0,0 07-03:19,0,0,0,0 07-05:16,0,0,0,0 07-06:20,0,0,0,0 07-07:36,0,0,0,0 07-19:13,0,0,0,0
Romania|05-01:25,10,0,0,0 05-02:33,9,0,0,0 05-03:20,3,0,0,0 05-04:15,2,0,0,0 05-05:19,3,0,0,0 05-06:16,2,0,0,0 05-07:21,3,0,0,0 05-08:21,0,0,0,0 05-09:23,3,0,0,0 05-10:12,1,0,0,0 05-11:21,6,0,0,0 05-12:17,0,0,0,0 05-13:40,12,8,5,1 05-14:29,7,5,2,0 05-15:22,0,0,0,0 05-16:29,7,3,2,0 05-17:22,6,4,2,0 05-18:37,9,7,4,0 05-19:30,4,2,1,0 05-20:30,4,2,0,0 05-21:27,3,2,1,0 05-22:41,7,7,1,0 05-23:36,8,4,3,0 05-24:37,8,8,1,0 05-25:27,2,2,1,1 05-26:30,6,5,2,0 05-27:35,6,4,1,0 05-28:76,16,10,3,0 05-29:70,17,10,5,0 05-30:59,9,4,1,0 05-31:55,8,5,4,0 06-01:59,15,8,4,0 06-02:61,12,9,5,1 06-03:43,7,7,4,0 06-04:67,18,11,7,0 06-05:56,12,5,2,0 06-06:47,8,5,1,0 06-07:63,13,9,2,0 06-08:32,4,4,2,0 06-09:73,14,11,3,0 06-10:78,12,4,2,0 06-11:131,21,4,3,0 06-12:156,13,5,5,1 06-13:59,6,2,1,0 06-14:72,7,2,2,0 06-15:73,9,4,2,0 06-16:82,8,3,3,0 06-17:65,4,1,0,0 06-18:103,14,6,2,0 06-19:99,15,11,4,0 06-20:75,9,5,3,1 06-21:121,6,5,4,0 06-22:93,15,11,5,2 06-23:107,5,3,2,0 06-24:126,12,5,3,2 06-25:108,4,3,1,0 06-26:130,6,2,2,0 06-27:117,7,5,3,0 06-28:115,8,5,2,1 06-29:92,7,4,2,1 06-30:215,11,6,3,1 07-01:187,5,4,3,2 07-02:224,9,6,4,2 07-03:187,7,4,1,1 07-04:191,8,8,6,2 07-05:219,10,5,3,0 07-06:197,11,9,4,1 07-07:258,5,3,2,0 07-08:104,10,6,3,0 07-09:37,13,8,3,0 07-10:47,12,5,2,0 07-11:42,9,5,2,0 07-12:40,5,3,1,0 07-13:50,7,2,1,1 07-14:40,10,3,2,1 07-15:46,16,3,2,0 07-16:43,13,8,6,0 07-17:29,6,3,0,0 07-18:38,4,2,2,0 07-19:41,1,0,0,0 07-20:43,9,2,1,0 07-21:32,9,4,2,0 07-22:50,12,7,5,1 07-23:51,14,7,4,1 07-24:41,10,10,7,0 07-25:49,13,7,6,0 07-26:67,18,15,7,0 07-27:56,13,12,7,0 07-28:48,12,10,4,1 07-29:79,12,7,1,0 07-30:87,17,10,4,0 07-31:68,18,14,4,0 08-01:86,21,17,7,1 08-02:86,15,12,7,1 08-03:51,7,3,0,0 08-04:60,10,9,3,1 08-05:41,8,4,0,0 08-06:50,7,4,3,0 08-07:51,6,2,1,0 08-08:65,7,3,1,1 08-09:55,4,1,0,0 08-10:50,8,6,5,1 08-11:80,9,3,3,1 08-12:47,10,2,0,0 08-13:56,13,5,3,2 08-14:38,8,4,2,1 08-15:43,7,4,1,0 08-16:65,26,5,4,2 08-17:42,6,4,3,2 08-18:32,4,2,2,1 08-19:41,9,7,1,0 08-20:26,3,1,1,0 08-21:27,4,4,3,2 08-22:26,7,2,0,0 08-23:33,3,2,1,0 08-24:31,7,1,0,0 08-25:31,7,3,2,2 08-26:26,3,0,0,0 08-27:30,4,2,1,0 08-28:26,5,2,0,0 08-29:26,4,2,0,0
Saudi Arabia|07-28:17,1,0,0,0 07-29:14,0,0,0,0 07-30:11,0,0,0,0 07-31:14,1,1,0,0 08-01:11,0,0,0,0 08-02:19,2,0,0,0 08-03:10,0,0,0,0 08-04:14,0,0,0,0 08-06:15,1,0,0,0 08-07:13,3,1,0,0 08-08:11,0,0,0,0 08-12:10,0,0,0,0 08-15:10,1,0,0,0 08-16:11,0,0,0,0 08-19:399,6,0,0,0 08-20:770,19,1,1,0 08-21:765,9,0,0,0 08-22:804,8,0,0,0 08-23:805,14,0,0,0 08-24:827,5,0,0,0 08-25:860,15,0,0,0 08-26:818,14,0,0,0 08-27:895,8,0,0,0 08-28:790,9,0,0,0
Senegal|06-30:18,8,2,2,0
Serbia|05-01:15,0,0,0,0 05-02:20,3,0,0,0 05-03:15,1,0,0,0 05-04:15,0,0,0,0 05-05:17,3,0,0,0 05-06:20,1,0,0,0 05-07:18,1,0,0,0 05-08:25,3,0,0,0 05-09:23,3,0,0,0 05-10:18,2,0,0,0 05-11:19,1,0,0,0 05-12:18,2,0,0,0 05-13:25,1,0,0,0 05-14:29,5,3,0,0 05-15:29,3,1,0,0 05-16:22,2,2,1,0 05-17:19,3,2,2,0 05-18:21,5,3,2,1 05-19:35,5,2,1,0 05-20:31,2,0,0,0 05-21:27,2,1,0,0 05-22:26,3,2,0,0 05-23:25,2,1,0,0 05-24:30,3,2,1,0 05-25:27,0,0,0,0 05-26:25,5,4,1,0 05-27:41,7,3,1,0 05-28:57,13,11,3,0 05-29:41,10,6,3,0 05-30:42,4,3,0,0 05-31:39,5,4,1,0 06-01:53,12,9,3,0 06-02:69,14,10,6,0 06-03:54,5,2,2,0 06-04:703,18,8,4,0 06-05:192,13,10,4,0 06-06:218,11,6,3,0 06-07:237,10,8,4,0 06-08:180,11,8,8,0 06-09:233,15,8,5,1 06-10:187,14,11,7,0 06-11:173,13,7,5,0 06-12:110,10,6,2,1 06-13:73,3,2,1,0 06-14:150,5,5,3,0 06-15:156,9,5,1,0 06-16:149,7,5,3,0 06-17:182,9,5,3,0 06-18:162,4,1,0,0 06-19:149,10,6,4,0 06-20:202,11,6,5,1 06-21:197,4,1,1,0 06-22:153,9,6,4,1 06-23:201,6,3,1,0 06-24:284,1,1,0,0 06-25:328,7,3,1,0 06-26:238,12,5,3,0 06-27:218,8,3,1,0 06-28:238,3,1,1,0 06-29:215,6,4,2,0 06-30:646,5,4,2,0 07-01:818,6,4,2,0 07-02:1461,10,4,3,0 07-03:485,6,2,1,0 07-04:561,3,2,0,0 07-05:287,4,2,2,0 07-06:219,4,3,3,0 07-07:287,3,2,0,0 07-08:80,6,4,3,0 07-09:32,0,0,0,0 07-10:48,4,2,2,0 07-11:57,4,1,1,1 07-12:95,5,3,2,0 07-13:65,5,3,3,1 07-14:89,12,6,3,1 07-15:162,28,1,0,0 07-16:83,11,0,0,0 07-17:107,2,2,1,0 07-18:73,4,1,1,0 07-19:45,2,1,1,1 07-20:51,4,2,1,0 07-21:81,9,5,2,0 07-22:77,11,4,1,0 07-23:86,9,5,4,0 07-24:110,14,8,3,0 07-25:93,10,4,3,0 07-26:78,17,7,5,0 07-27:44,7,5,3,0 07-28:53,5,4,2,0 07-29:62,8,6,1,0 07-30:49,10,5,2,0 07-31:58,8,5,2,0 08-01:62,14,7,5,0 08-02:57,5,3,3,0 08-03:30,4,3,2,0 08-04:30,7,3,1,0 08-05:120,1,0,0,0 08-06:34,3,1,0,0 08-07:58,2,0,0,0 08-08:218,5,3,0,0 08-09:177,3,2,2,1 08-10:172,3,1,1,1 08-11:95,18,4,3,0 08-12:42,5,1,1,0 08-13:57,16,0,0,0 08-14:64,30,2,1,0 08-15:66,23,4,2,1 08-16:93,47,2,2,0 08-17:51,22,1,1,0 08-18:31,0,0,0,0 08-19:17,3,2,1,0 08-20:24,0,0,0,0 08-21:20,0,0,0,0 08-22:24,5,4,3,1 08-23:17,4,4,2,0 08-24:17,1,0,0,0 08-25:17,3,0,0,0 08-26:20,4,1,1,0 08-27:16,1,0,0,0 08-28:15,1,1,0,0 08-29:13,1,0,0,0
Seychelles|07-28:10,1,0,0,0 07-29:11,0,0,0,0 07-30:10,1,0,0,0 08-15:10,5,0,0,0
Singapore|05-06:12,1,0,0,0 06-21:27,0,0,0,0 07-08:11,0,0,0,0 07-09:13,0,0,0,0 07-10:10,0,0,0,0 07-11:10,0,0,0,0 07-29:11,0,0,0,0 08-16:19,0,0,0,0 08-17:14,0,0,0,0
Slovakia|05-05:10,1,0,0,0 05-12:11,4,0,0,0 05-15:11,0,0,0,0 05-28:16,1,1,1,0 05-29:10,0,0,0,0 05-30:13,0,0,0,0 05-31:10,1,1,0,0 06-01:10,1,1,1,0 06-02:10,0,0,0,0 06-08:12,1,0,0,0 06-09:16,0,0,0,0 06-10:18,1,0,0,0 06-11:22,3,1,0,0 06-12:12,2,0,0,0 06-13:13,1,0,0,0 06-15:11,0,0,0,0 06-16:14,1,1,0,0 06-17:11,1,1,1,0 06-18:13,1,1,0,0 06-19:11,1,0,0,0 06-20:16,2,1,0,0 06-21:10,1,0,0,0 06-23:12,0,0,0,0 06-24:12,1,1,0,0 06-25:12,0,0,0,0 06-27:12,0,0,0,0 06-28:11,1,1,0,0 06-29:17,2,1,1,0 06-30:17,1,1,1,0 07-02:11,2,2,2,0 07-03:12,1,1,1,0 07-04:13,1,0,0,0 07-05:11,0,0,0,0 07-06:11,1,0,0,0 07-12:11,1,1,1,1 07-16:15,0,0,0,0 07-17:16,4,2,2,0 07-18:17,0,0,0,0 07-19:13,1,1,1,0 07-21:13,0,0,0,0 07-22:10,0,0,0,0 07-23:16,3,3,2,0 07-24:15,3,3,3,0 07-25:15,2,2,1,0 07-26:15,2,2,1,0 07-27:19,6,1,1,0 07-28:12,1,0,0,0 07-29:17,5,4,3,0 07-30:17,2,1,0,0 07-31:24,2,1,1,0 08-01:16,3,2,2,0 08-02:11,2,2,1,0 08-03:13,1,0,0,0 08-11:12,0,0,0,0 08-15:10,0,0,0,0
Slovenia|05-28:11,2,0,0,0 06-09:10,1,0,0,0 06-10:22,1,0,0,0 06-14:10,1,0,0,0 06-16:13,0,0,0,0 07-29:10,1,0,0,0
South Africa|05-01:31,13,0,0,0 05-02:26,4,0,0,0 05-03:33,10,0,0,0 05-04:41,20,0,0,0 05-05:32,10,0,0,0 05-06:21,7,0,0,0 05-07:35,15,0,0,0 05-08:34,9,0,0,0 05-09:27,13,0,0,0 05-10:33,12,0,0,0 05-11:17,5,0,0,0 05-12:30,12,0,0,0 05-13:25,9,5,1,0 05-14:28,13,6,3,0 05-15:22,8,6,3,0 05-16:17,7,3,2,0 05-17:23,10,10,4,0 05-18:24,6,3,1,0 05-19:34,15,10,5,0 05-20:28,14,10,3,0 05-21:36,12,7,1,0 05-22:69,13,8,4,0 05-23:44,8,6,3,0 05-24:49,14,8,4,0 05-25:43,16,10,5,0 05-26:38,10,9,4,0 05-27:34,7,5,1,0 05-28:146,24,9,3,0 05-29:88,11,7,2,0 05-30:91,14,3,1,0 05-31:106,17,12,6,0 06-01:68,17,6,2,0 06-02:68,17,13,4,0 06-03:64,9,6,1,0 06-04:49,13,9,7,0 06-05:49,18,12,8,0 06-06:50,16,10,1,0 06-07:39,12,9,2,0 06-08:44,14,10,4,0 06-09:90,12,10,2,0 06-10:180,25,13,5,0 06-11:225,33,17,5,0 06-12:95,21,13,7,0 06-13:90,15,9,4,0 06-14:88,28,22,13,0 06-15:95,17,13,6,0 06-16:91,22,15,6,0 06-17:65,23,18,6,0 06-18:66,11,8,2,0 06-19:91,21,16,4,0 06-20:72,25,20,8,0 06-21:46,8,5,1,0 06-22:69,15,5,1,0 06-23:138,19,12,4,0 06-24:93,21,15,3,0 06-25:118,27,19,9,0 06-26:153,65,49,21,0 06-27:152,53,35,20,0 06-28:161,79,57,33,0 06-29:179,69,44,21,0 06-30:260,105,80,49,0 07-01:165,74,49,30,0 07-02:83,15,9,4,0 07-03:85,19,13,7,0 07-04:76,11,8,5,0 07-05:84,14,7,3,0 07-06:84,14,9,4,0 07-07:102,16,7,3,0 07-08:68,11,9,7,0 07-09:50,6,6,1,0 07-10:46,11,9,2,0 07-11:57,18,13,6,0 07-12:51,9,7,1,0 07-13:49,10,8,3,0 07-14:47,11,8,3,0 07-15:41,17,11,5,0 07-16:36,13,8,4,0 07-17:39,12,10,4,0 07-18:41,10,7,1,0 07-19:40,8,6,1,0 07-20:41,12,8,5,1 07-21:38,12,10,2,0 07-22:37,5,2,1,0 07-23:29,5,3,3,0 07-24:41,11,6,3,0 07-25:47,13,8,3,0 07-26:46,13,10,2,0 07-27:27,10,6,5,0 07-28:36,11,8,1,0 07-29:74,19,11,4,0 07-30:58,10,5,1,0 07-31:43,3,2,2,0 08-01:36,8,5,2,0 08-02:37,6,6,3,0 08-03:43,7,6,3,0 08-04:47,6,6,2,0 08-05:34,6,5,2,0 08-06:46,11,8,4,0 08-07:39,14,10,2,0 08-08:31,7,5,1,0 08-09:20,6,5,0,0 08-10:18,5,3,1,0 08-11:32,7,5,0,0 08-12:33,9,5,1,0 08-13:31,7,4,2,0 08-14:54,24,19,7,0 08-15:66,31,25,7,0 08-16:33,12,7,1,0 08-17:30,7,4,1,0 08-18:45,15,10,4,0 08-19:40,11,9,7,1 08-20:23,5,3,1,0 08-21:32,5,5,2,0 08-22:39,12,9,7,0 08-23:31,7,4,3,0 08-24:23,4,1,1,0 08-25:27,6,5,3,0 08-26:23,3,3,2,0 08-27:29,6,5,1,0 08-28:33,11,8,1,0 08-29:24,10,10,5,0
Spain|05-01:59,8,0,0,0 05-02:43,5,0,0,0 05-03:40,5,0,0,0 05-04:42,8,0,0,0 05-05:37,3,0,0,0 05-06:43,3,0,0,0 05-07:29,0,0,0,0 05-08:46,4,0,0,0 05-09:44,5,0,0,0 05-10:53,1,0,0,0 05-11:40,2,0,0,0 05-12:84,40,0,0,0 05-13:71,26,9,6,1 05-14:46,12,7,7,2 05-15:54,17,6,2,0 05-16:51,15,6,3,1 05-17:53,8,5,2,0 05-18:51,5,1,0,0 05-19:64,9,6,1,0 05-20:22,2,1,0,0 05-27:35,7,4,2,1 05-28:109,10,4,2,0 05-29:80,5,4,1,0 05-30:86,9,7,2,0 05-31:74,12,8,5,0 06-01:71,17,12,2,0 06-02:79,16,9,3,0 06-03:80,13,3,0,0 06-04:310,8,4,3,0 06-05:121,15,8,2,0 06-06:144,15,7,2,0 06-07:148,16,9,1,0 06-08:131,18,8,2,0 06-09:135,15,9,4,0 06-10:185,21,13,2,1 06-11:166,19,9,7,0 06-12:120,16,6,4,0 06-13:86,16,5,0,0 06-14:71,9,6,3,1 06-15:89,10,2,0,0 06-16:74,7,4,1,0 06-17:60,7,4,4,0 06-18:89,12,4,2,0 06-19:83,16,4,1,0 06-20:90,14,5,3,1 06-21:85,12,5,3,1 06-22:552,43,3,1,0 06-23:828,76,5,4,1 06-24:115,6,3,0,0 06-25:108,9,6,5,1 06-26:94,6,3,3,1 06-27:94,8,5,3,0 06-28:71,4,2,0,0 06-29:115,16,12,9,2 06-30:140,6,2,2,0 07-01:136,14,6,3,0 07-02:141,6,3,2,0 07-03:103,8,6,4,1 07-04:136,10,8,2,0 07-05:136,7,7,3,0 07-06:133,12,5,4,0 07-07:103,6,0,0,0 07-08:95,3,1,0,0 07-09:99,7,4,2,1 07-10:83,4,2,1,0 07-11:86,8,4,2,0 07-12:78,3,2,1,1 07-13:92,5,2,2,1 07-14:75,3,2,1,1 07-15:60,2,1,1,0 07-16:78,1,0,0,0 07-17:17154,221,4,2,0 07-18:20471,5,1,1,0 07-19:35722,22,6,0,0 07-20:19465,7,2,0,0 07-21:2842,5,1,1,1 07-22:141,9,2,2,0 07-23:130,9,5,2,0 07-24:150,16,11,4,0 07-25:122,11,6,5,0 07-26:119,14,9,3,0 07-27:122,8,5,3,1 07-28:123,6,4,1,0 07-29:155,15,6,4,0 07-30:139,12,9,6,1 07-31:145,8,3,2,1 08-01:128,11,8,2,0 08-02:187,15,10,4,1 08-03:124,6,5,2,1 08-04:115,2,1,0,0 08-05:96,5,3,2,0 08-06:93,5,4,1,0 08-07:86,9,5,3,2 08-08:93,11,7,4,3 08-09:99,3,1,1,0 08-10:80,5,2,1,0 08-11:74,7,2,0,0 08-12:3520,83,6,1,0 08-13:4116,144,7,2,1 08-14:4546,155,6,2,1 08-15:7815,165,7,2,0 08-16:7496,148,4,1,0 08-17:6105,183,5,2,0 08-18:3059,134,6,2,1 08-19:123,10,5,2,0 08-20:129,5,4,4,1 08-21:90,6,3,1,0 08-22:90,3,1,0,0 08-23:135,6,3,2,1 08-24:111,9,6,3,1 08-25:106,8,3,1,0 08-26:92,7,4,2,2 08-27:102,4,2,1,0 08-28:77,4,3,2,1 08-29:80,5,4,2,2
Sri Lanka|06-26:11,3,2,2,0 06-28:11,6,4,3,0
Sweden|05-01:37,5,0,0,0 05-02:27,2,0,0,0 05-03:39,7,0,0,0 05-04:42,8,0,0,0 05-05:31,1,0,0,0 05-06:35,7,0,0,0 05-07:30,4,0,0,0 05-08:34,2,0,0,0 05-09:50,7,0,0,0 05-10:19,2,0,0,0 05-11:23,3,0,0,0 05-12:33,10,0,0,0 05-13:35,3,0,0,0 05-14:23,0,0,0,0 05-15:30,5,3,1,0 05-16:30,8,5,3,0 05-17:29,5,2,2,0 05-18:51,24,18,14,5 05-19:36,10,4,3,2 05-20:36,6,3,1,0 05-21:55,23,15,8,1 05-22:36,3,2,2,0 05-23:37,4,3,0,0 05-24:41,5,4,2,1 05-25:31,6,2,2,0 05-26:42,14,9,6,3 05-27:39,8,5,3,1 05-28:60,11,5,3,1 05-29:43,6,5,4,1 05-30:44,4,2,2,1 05-31:51,6,2,1,0 06-01:37,5,1,1,0 06-02:47,4,2,0,0 06-03:36,8,5,3,0 06-04:71,2,1,1,0 06-05:32,6,2,0,0 06-06:45,5,4,3,1 06-07:34,4,2,1,1 06-08:52,13,6,2,0 06-09:81,6,4,1,0 06-10:108,8,6,2,0 06-11:106,1,0,0,0 06-12:60,4,2,0,0 06-13:70,3,2,2,0 06-14:68,3,1,0,0 06-15:81,1,0,0,0 06-16:105,7,3,1,0 06-17:76,3,1,1,0 06-18:80,5,4,2,0 06-19:99,10,9,5,1 06-20:89,6,5,3,1 06-21:92,4,2,1,0 06-22:77,7,7,3,0 06-23:92,5,3,1,0 06-24:105,7,3,3,0 06-25:102,7,5,3,0 06-26:78,10,5,4,1 06-27:75,3,2,1,0 06-28:57,2,1,0,0 06-29:74,7,4,1,0 06-30:103,5,3,1,0 07-01:114,5,2,2,0 07-02:152,9,4,2,0 07-03:104,3,1,1,0 07-04:132,6,3,1,0 07-05:132,8,6,4,1 07-06:66,6,3,1,1 07-07:88,10,6,5,1 07-08:53,5,4,2,2 07-09:60,19,13,9,3 07-10:47,11,5,4,2 07-11:39,9,4,3,1 07-12:35,8,0,0,0 07-13:36,11,2,1,0 07-14:46,14,7,4,2 07-15:33,8,4,4,0 07-16:42,16,6,2,1 07-17:53,16,7,1,0 07-18:52,12,5,3,3 07-19:54,1,0,0,0 07-20:38,4,2,0,0 07-21:60,13,4,1,0 07-22:72,19,7,3,2 07-23:71,18,8,7,2 07-24:48,13,4,2,0 07-25:56,15,6,4,0 07-26:71,24,4,3,0 07-27:96,26,10,7,3 07-28:100,25,6,5,2 07-29:103,17,6,5,3 07-30:92,4,2,0,0 07-31:66,9,5,1,0 08-01:87,6,6,4,1 08-02:100,10,3,2,1 08-03:72,16,11,9,0 08-04:74,17,6,5,2 08-05:60,8,4,1,1 08-06:72,10,5,2,1 08-07:80,6,3,2,0 08-08:64,13,7,4,2 08-09:52,3,0,0,0 08-10:54,9,2,1,1 08-11:96,24,4,2,1 08-12:58,7,2,1,0 08-13:64,18,4,4,0 08-14:64,18,8,5,1 08-15:59,13,3,2,0 08-16:48,9,1,1,1 08-17:58,5,3,2,0 08-18:43,10,2,0,0 08-19:56,8,4,3,1 08-20:53,10,2,2,0 08-21:42,9,3,2,1 08-22:45,8,3,0,0 08-23:43,10,1,1,0 08-24:34,5,3,2,1 08-25:53,16,9,7,2 08-26:30,4,2,2,2 08-27:46,9,5,1,0 08-28:35,5,2,0,0 08-29:29,6,2,1,0
Switzerland|05-01:14,3,0,0,0 05-02:19,1,0,0,0 05-03:21,4,0,0,0 05-04:22,5,0,0,0 05-05:13,1,0,0,0 05-06:16,1,0,0,0 05-07:16,1,0,0,0 05-08:12,1,0,0,0 05-09:17,3,0,0,0 05-10:18,2,0,0,0 05-11:13,2,0,0,0 05-12:18,1,0,0,0 05-13:22,3,1,1,1 05-14:22,2,0,0,0 05-15:21,5,3,2,1 05-16:15,1,1,0,0 05-17:16,3,2,0,0 05-18:13,3,0,0,0 05-19:25,3,1,0,0 05-20:21,2,1,1,0 05-21:26,5,3,1,1 05-22:22,2,1,0,0 05-23:19,3,2,1,1 05-24:25,2,1,0,0 05-25:29,3,0,0,0 05-26:22,2,1,0,0 05-27:27,2,2,1,0 05-28:30,7,2,2,1 05-29:33,1,1,0,0 05-30:19,1,1,1,0 05-31:24,3,3,2,0 06-01:19,0,0,0,0 06-02:31,7,4,1,0 06-03:19,1,1,0,0 06-04:21,2,1,1,1 06-05:27,4,1,1,1 06-06:16,0,0,0,0 06-07:30,2,1,1,1 06-08:23,3,0,0,0 06-09:22,4,3,1,1 06-10:34,1,0,0,0 06-11:36,3,1,1,1 06-12:42,3,1,1,1 06-13:44,6,3,2,2 06-14:35,4,1,0,0 06-15:28,2,1,1,1 06-16:28,6,3,1,0 06-17:31,5,2,0,0 06-18:24,1,0,0,0 06-19:33,5,3,0,0 06-20:39,9,5,0,0 06-21:46,23,20,1,0 06-22:47,19,15,1,0 06-23:26,2,1,1,0 06-24:22,0,0,0,0 06-25:27,2,1,0,0 06-26:26,4,2,1,0 06-27:25,4,0,0,0 06-28:25,0,0,0,0 06-29:29,2,1,1,0 06-30:25,1,0,0,0 07-01:30,1,1,0,0 07-02:28,2,1,1,0 07-03:31,4,2,1,1 07-04:27,1,1,1,1 07-05:26,1,1,0,0 07-06:29,2,1,1,0 07-07:29,1,0,0,0 07-08:23,3,2,0,0 07-09:23,0,0,0,0 07-10:30,5,4,2,2 07-11:24,1,0,0,0 07-12:24,1,0,0,0 07-13:18,0,0,0,0 07-14:20,4,3,2,1 07-15:31,5,3,2,1 07-16:23,3,3,2,0 07-17:30,6,5,1,1 07-18:27,7,6,1,0 07-19:23,2,1,1,1 07-20:28,4,2,0,0 07-21:25,0,0,0,0 07-22:39,5,1,0,0 07-23:19,1,1,0,0 07-24:28,3,2,0,0 07-25:21,0,0,0,0 07-26:19,1,0,0,0 07-27:2996,105,0,0,0 07-28:4727,208,0,0,0 07-29:4323,185,2,1,0 07-30:4379,214,1,1,1 07-31:4212,201,1,1,0 08-01:3878,148,1,1,0 08-02:3999,149,1,0,0 08-03:3386,145,0,0,0 08-04:2857,133,1,0,0 08-05:3151,144,1,0,0 08-06:3084,136,1,0,0 08-07:3220,129,1,1,1 08-08:3385,145,2,1,0 08-09:3260,100,0,0,0 08-10:3279,119,0,0,0 08-11:2711,121,1,1,1 08-12:1159,47,1,1,0 08-13:63,4,1,1,1 08-14:45,3,1,1,0 08-15:36,2,2,0,0 08-16:39,2,0,0,0 08-17:35,0,0,0,0 08-18:39,4,1,1,0 08-19:43,3,2,1,1 08-20:44,2,0,0,0 08-21:24,2,0,0,0 08-22:40,5,2,0,0 08-23:39,5,3,1,1 08-24:34,3,0,0,0 08-25:29,1,0,0,0 08-26:29,0,0,0,0 08-27:27,2,1,1,0 08-28:33,2,2,0,0 08-29:26,1,0,0,0
Syria|07-01:13,7,0,0,0 07-28:15,0,0,0,0 07-29:13,4,0,0,0
Taiwan|07-09:39,18,17,0,0 07-10:13,5,4,1,0 07-11:54,46,45,1,0 07-12:11,0,0,0,0 07-13:11,5,3,0,0 07-16:13,0,0,0,0 07-19:10,0,0,0,0 07-31:15,1,0,0,0 08-01:23,0,0,0,0 08-02:20,2,0,0,0 08-03:22,2,0,0,0
Tanzania|08-12:19,0,0,0,0
Thailand|05-30:15,1,0,0,0 06-09:11,3,1,0,0 06-10:16,5,4,2,0 06-11:20,2,1,1,0 06-12:11,1,1,1,0 06-13:14,4,3,2,0 06-14:13,1,1,1,0 06-16:13,2,1,0,0 06-17:10,1,0,0,0 06-19:17,6,5,3,0 06-20:20,10,8,4,0 06-21:15,3,2,1,0 06-22:11,4,4,0,0 06-23:12,0,0,0,0 06-24:13,1,0,0,0 06-27:10,2,1,0,0 06-28:13,4,1,1,0 06-30:16,3,1,0,0 07-01:12,0,0,0,0 07-06:10,2,2,2,0 07-07:14,0,0,0,0 07-10:11,2,0,0,0 07-11:14,2,1,1,0 07-12:15,5,1,1,0 07-13:12,2,1,1,0 07-14:11,1,0,0,0 07-16:18,2,2,2,0 07-17:20,6,5,3,0 07-18:14,3,2,2,0 07-19:28,4,0,0,0 07-20:25,7,3,2,0 07-21:22,4,2,1,0 07-29:11,1,0,0,0 08-11:11,2,0,0,0 08-17:11,3,0,0,0 08-23:12,1,0,0,0 08-29:10,4,3,1,0
The Netherlands|05-11:30,10,0,0,0 05-12:30,3,0,0,0 05-13:45,4,3,1,0 05-14:39,7,3,2,0 05-15:45,5,3,2,2 05-16:29,5,5,1,0 05-17:44,7,5,2,0 05-18:44,9,8,5,1 05-19:40,10,2,1,1 05-20:38,6,3,2,2 05-21:46,8,8,3,0 05-22:50,7,3,2,2 05-23:48,12,8,4,2 05-24:37,11,3,3,0 05-25:49,13,4,2,2 05-26:30,5,2,1,0 05-27:49,6,4,1,0 05-28:75,8,4,1,0 05-29:54,8,5,1,0 05-30:59,5,4,3,2 05-31:60,9,8,4,2 06-01:72,11,6,3,1 06-02:69,9,5,2,0 06-03:63,12,7,4,1 06-04:89,4,2,2,0 06-05:63,5,2,1,0 06-06:58,8,6,4,0 06-07:54,14,12,1,0 06-08:83,13,9,3,1 06-09:112,14,8,5,1 06-10:124,9,5,2,0 06-11:116,8,5,2,1 06-12:108,7,3,3,1 06-13:70,5,3,3,2 06-14:77,5,2,1,0 06-15:81,15,13,5,2 06-16:96,3,2,1,0 06-17:75,3,3,2,1 06-18:82,8,5,4,0 06-19:94,9,5,2,1 06-20:64,5,3,1,0 06-21:91,9,4,3,0 06-22:77,8,3,1,0 06-23:91,4,2,1,0 06-24:102,10,7,4,1 06-25:109,11,6,1,0 06-26:73,5,5,0,0 06-27:64,6,4,2,1 06-28:77,11,6,5,1 06-29:69,4,1,0,0 06-30:100,13,10,3,0 07-01:74,7,4,3,1 07-02:102,10,5,1,0 07-03:85,11,7,4,3 07-04:89,8,6,3,1 07-05:92,10,6,3,0 07-06:65,7,3,3,0 07-07:79,3,1,1,0 07-08:57,6,5,4,0 07-09:46,6,4,4,1 07-10:64,15,6,3,2 07-11:56,9,7,3,2 07-12:78,15,6,4,2 07-13:50,5,4,3,1 07-14:58,16,8,1,0 07-15:44,8,2,0,0 07-16:79,19,5,1,1 07-17:60,18,8,4,1 07-18:60,16,10,4,4 07-19:77,9,5,3,3 07-20:60,6,1,1,1 07-21:56,12,5,3,1 07-22:53,9,4,0,0 07-23:60,10,7,3,0 07-24:68,10,3,1,0 07-25:60,8,6,4,3 07-26:61,12,4,2,0 07-27:116,17,7,4,0 07-28:176,16,6,5,1 07-29:158,13,5,1,0 07-30:134,11,4,2,0 07-31:119,11,4,2,0 08-01:162,14,7,4,0 08-02:155,12,5,4,0 08-03:135,10,6,1,1 08-04:129,9,6,3,0 08-05:198,89,6,3,0 08-06:114,9,1,1,0 08-07:109,12,8,2,0 08-08:96,11,3,0,0 08-09:107,11,5,1,0 08-10:132,15,4,1,1 08-11:122,17,8,6,1 08-12:82,12,5,4,2 08-13:83,17,2,1,1 08-14:69,9,5,3,2 08-15:96,14,6,3,0 08-16:78,15,8,3,3 08-17:81,12,8,5,0 08-18:78,8,3,1,1 08-19:126,15,5,4,3 08-20:104,8,0,0,0 08-21:95,9,4,3,0 08-22:76,5,2,2,0 08-23:103,9,5,4,1 08-24:99,12,8,2,0 08-25:97,9,5,2,1 08-26:66,5,4,4,1 08-27:80,8,3,2,1 08-28:76,9,5,2,0 08-29:57,7,5,4,2
Tunisia|05-01:22,0,0,0,0 05-02:27,0,0,0,0 05-03:26,0,0,0,0 05-04:36,1,0,0,0 05-05:26,0,0,0,0 05-06:27,0,0,0,0 05-07:21,0,0,0,0 05-08:26,2,0,0,0 05-09:24,1,0,0,0 05-10:25,0,0,0,0 05-11:26,0,0,0,0 05-12:26,0,0,0,0 05-13:27,0,0,0,0 05-14:27,1,1,0,0 05-15:25,1,1,1,0 05-16:19,1,1,1,0 05-17:24,0,0,0,0 05-18:31,1,1,0,0 05-19:18,0,0,0,0 05-20:26,0,0,0,0 05-21:27,4,1,1,1 05-22:30,1,1,0,0 05-23:25,0,0,0,0 05-24:19,0,0,0,0 05-25:31,1,0,0,0 05-26:20,1,1,0,0 05-27:24,0,0,0,0 05-28:28,0,0,0,0 05-29:27,0,0,0,0 05-30:25,0,0,0,0 05-31:28,1,0,0,0 06-01:30,0,0,0,0 06-02:22,1,0,0,0 06-03:24,1,1,1,0 06-04:19,0,0,0,0 06-05:28,2,1,0,0 06-06:26,3,2,2,1 06-07:25,0,0,0,0 06-08:27,0,0,0,0 06-09:32,2,1,1,0 06-10:42,1,1,1,1 06-11:33,0,0,0,0 06-12:39,0,0,0,0 06-13:38,2,1,0,0 06-14:35,2,1,0,0 06-15:41,0,0,0,0 06-16:34,0,0,0,0 06-17:24,0,0,0,0 06-18:29,0,0,0,0 06-19:36,1,1,0,0 06-20:37,3,3,0,0 06-21:28,2,1,1,0 06-22:31,0,0,0,0 06-23:36,0,0,0,0 06-24:32,0,0,0,0 06-25:37,3,3,0,0 06-26:41,3,2,2,0 06-27:36,2,1,1,0 06-28:32,1,0,0,0 06-29:34,2,1,0,0 06-30:31,0,0,0,0 07-01:36,3,1,1,0 07-02:34,1,1,1,0 07-03:35,0,0,0,0 07-04:35,0,0,0,0 07-05:38,1,1,0,0 07-06:38,0,0,0,0 07-07:31,0,0,0,0 07-08:31,1,1,0,0 07-09:34,4,4,3,0 07-10:32,0,0,0,0 07-11:32,0,0,0,0 07-12:34,1,1,0,0 07-13:35,1,1,1,0 07-14:33,0,0,0,0 07-15:32,0,0,0,0 07-16:29,1,1,1,0 07-17:36,1,1,0,0 07-18:29,1,1,0,0 07-19:29,1,1,0,0 07-20:31,0,0,0,0 07-21:31,1,0,0,0 07-22:25,0,0,0,0 07-23:22,0,0,0,0 07-24:29,0,0,0,0 07-25:30,1,1,0,0 07-26:31,1,1,0,0 07-27:31,0,0,0,0 07-28:30,3,2,2,0 07-29:33,1,1,0,0 07-30:31,2,2,1,0 07-31:28,1,1,1,1 08-01:30,0,0,0,0 08-02:27,0,0,0,0 08-03:35,0,0,0,0 08-04:30,0,0,0,0 08-05:32,1,0,0,0 08-06:31,1,1,1,1 08-07:34,0,0,0,0 08-08:29,0,0,0,0 08-09:27,1,1,0,0 08-10:31,0,0,0,0 08-11:29,0,0,0,0 08-12:32,0,0,0,0 08-13:31,1,0,0,0 08-14:37,2,1,0,0 08-15:34,1,1,1,0 08-16:29,0,0,0,0 08-17:37,3,3,0,0 08-18:35,2,1,1,0 08-19:30,1,0,0,0 08-20:31,0,0,0,0 08-21:33,1,0,0,0 08-22:31,1,1,1,0 08-23:34,0,0,0,0 08-24:29,1,1,1,0 08-25:34,0,0,0,0 08-26:36,1,1,0,0 08-27:37,0,0,0,0 08-28:34,1,1,1,0 08-29:36,0,0,0,0
Türkiye|05-01:11,0,0,0,0 05-06:11,2,0,0,0 05-07:11,0,0,0,0 05-09:17,1,0,0,0 05-10:10,1,0,0,0 05-11:18,0,0,0,0 05-12:13,2,0,0,0 05-13:12,1,0,0,0 05-16:12,1,0,0,0 05-18:19,1,0,0,0 05-19:11,0,0,0,0 05-20:12,1,1,0,0 05-22:13,0,0,0,0 05-24:14,2,0,0,0 05-25:15,1,1,1,0 05-27:15,2,1,0,0 05-28:19,2,1,0,0 05-29:19,3,1,1,0 05-30:16,1,1,0,0 05-31:10,0,0,0,0 06-01:14,2,1,1,0 06-02:26,1,1,1,0 06-03:24,3,3,2,1 06-04:13,2,1,1,0 06-05:19,1,0,0,0 06-06:14,2,1,1,0 06-07:20,3,2,1,0 06-08:17,0,0,0,0 06-09:20,0,0,0,0 06-10:31,6,4,4,4 06-11:29,3,1,1,1 06-12:28,2,1,1,1 06-13:16,1,0,0,0 06-14:23,2,2,1,1 06-15:31,3,1,0,0 06-16:25,2,0,0,0 06-17:18,1,1,1,1 06-18:19,1,1,0,0 06-19:22,3,1,1,0 06-20:16,0,0,0,0 06-21:27,3,2,1,0 06-22:15,1,0,0,0 06-23:22,0,0,0,0 06-24:23,2,2,0,0 06-25:16,1,1,0,0 06-26:28,2,0,0,0 06-27:19,1,0,0,0 06-28:20,2,0,0,0 06-29:24,3,1,1,0 06-30:19,2,1,1,0 07-01:36,3,1,1,0 07-02:61,8,7,5,1 07-03:28,2,2,2,1 07-04:24,0,0,0,0 07-05:23,1,0,0,0 07-06:33,1,1,1,0 07-07:36,3,2,2,0 07-08:18,2,1,1,0 07-09:54,13,11,7,2 07-10:26,1,1,1,0 07-11:24,4,3,2,1 07-12:21,0,0,0,0 07-13:17,1,0,0,0 07-14:14,2,0,0,0 07-15:19,1,0,0,0 07-16:17,2,2,1,0 07-17:18,2,1,1,0 07-18:22,1,1,0,0 07-19:30,4,1,1,0 07-20:21,2,1,1,1 07-21:37,4,3,2,0 07-22:27,3,1,0,0 07-23:41,6,4,0,0 07-24:29,1,1,0,0 07-25:22,1,1,1,0 07-26:38,4,4,3,0 07-27:30,3,1,1,0 07-28:61,4,3,1,0 07-29:78,9,6,4,0 07-30:63,4,4,2,0 07-31:80,6,4,1,0 08-01:54,4,2,1,0 08-02:78,4,3,2,0 08-03:36,3,3,2,0 08-04:35,5,3,1,1 08-05:17,1,0,0,0 08-06:20,1,1,1,0 08-07:21,0,0,0,0 08-08:27,3,2,0,0 08-09:19,0,0,0,0 08-10:18,2,1,1,0 08-11:22,4,2,1,0 08-12:33,1,0,0,0 08-13:22,2,1,0,0 08-14:27,1,1,0,0 08-15:17,0,0,0,0 08-16:21,1,1,1,1 08-17:18,2,0,0,0 08-18:21,1,0,0,0 08-19:17,3,0,0,0 08-20:17,1,0,0,0 08-21:17,2,1,1,0 08-22:18,1,1,1,1 08-23:17,0,0,0,0 08-24:15,1,0,0,0 08-25:18,1,0,0,0 08-26:14,1,0,0,0 08-27:13,0,0,0,0 08-28:20,3,1,0,0 08-29:14,0,0,0,0
Uganda|07-29:13,4,0,0,0
Ukraine|05-01:11,2,0,0,0 05-02:11,0,0,0,0 05-03:10,2,0,0,0 05-04:15,0,0,0,0 05-06:12,3,0,0,0 05-11:12,1,0,0,0 05-12:12,2,0,0,0 05-13:20,2,0,0,0 05-14:15,1,1,0,0 05-16:13,2,1,0,0 05-18:12,4,2,1,0 05-19:16,3,3,3,1 05-20:15,4,1,0,0 05-21:12,2,2,0,0 05-22:14,0,0,0,0 05-24:12,0,0,0,0 05-25:15,2,1,0,0 05-26:12,1,0,0,0 05-27:17,2,2,2,0 05-28:17,1,0,0,0 05-29:16,2,1,0,0 05-30:13,1,1,1,0 05-31:15,2,0,0,0 06-01:11,1,0,0,0 06-03:13,4,1,1,0 06-04:10,1,0,0,0 06-05:12,1,1,0,0 06-06:10,1,0,0,0 06-07:11,0,0,0,0 06-08:14,2,2,0,0 06-09:17,3,1,1,1 06-10:15,1,0,0,0 06-11:14,0,0,0,0 06-12:19,4,4,3,1 06-13:13,1,0,0,0 06-14:15,1,1,1,1 06-15:18,1,0,0,0 06-16:26,4,1,0,0 06-17:22,2,2,1,1 06-18:14,0,0,0,0 06-19:16,2,1,0,0 06-20:12,0,0,0,0 06-21:17,1,0,0,0 06-22:15,1,1,0,0 06-23:20,1,0,0,0 06-24:19,2,2,2,1 06-25:20,1,0,0,0 06-26:18,4,1,1,0 06-27:15,2,2,1,0 06-28:15,1,1,1,0 06-29:15,0,0,0,0 06-30:15,2,1,0,0 07-01:20,4,2,2,1 07-02:21,1,1,0,0 07-03:17,1,1,0,0 07-04:15,1,1,1,0 07-05:18,2,2,0,0 07-06:18,0,0,0,0 07-07:13,2,2,0,0 07-08:13,0,0,0,0 07-09:14,3,1,1,0 07-10:15,2,1,1,0 07-11:21,4,4,4,3 07-12:14,3,1,1,1 07-13:24,4,2,0,0 07-14:37,4,3,1,0 07-15:23,5,3,2,0 07-16:21,2,0,0,0 07-17:19,5,4,2,0 07-18:13,0,0,0,0 07-19:18,2,2,1,0 07-20:19,3,1,0,0 07-21:15,0,0,0,0 07-22:13,0,0,0,0 07-23:13,0,0,0,0 07-24:17,3,1,0,0 07-26:17,3,2,1,0 07-27:13,1,0,0,0 07-28:16,2,0,0,0 07-29:32,4,2,1,1 07-30:18,1,0,0,0 07-31:18,0,0,0,0 08-01:14,0,0,0,0 08-02:13,1,0,0,0 08-03:13,4,2,2,1 08-04:23,2,2,1,0 08-05:18,3,1,0,0 08-06:18,2,2,0,0 08-07:22,4,2,1,0 08-08:14,2,2,2,2 08-09:23,2,0,0,0 08-10:15,3,2,1,0 08-11:19,3,1,1,1 08-12:10,2,2,1,0 08-13:15,4,3,1,1 08-14:10,1,0,0,0 08-16:13,5,5,3,2 08-17:12,1,1,1,0 08-18:14,0,0,0,0 08-19:19,2,0,0,0 08-20:18,2,1,0,0 08-21:15,1,1,0,0 08-22:15,2,2,2,0 08-23:10,1,1,0,0 08-24:17,1,1,1,0 08-25:13,1,0,0,0 08-26:16,3,1,0,0 08-27:12,0,0,0,0 08-28:14,1,0,0,0 08-29:13,1,1,0,0
United Arab Emirates|06-09:13,1,0,0,0 06-10:13,0,0,0,0 06-11:15,0,0,0,0 06-12:26,0,0,0,0 06-13:17,0,0,0,0 06-14:16,0,0,0,0 06-15:10,0,0,0,0 06-17:12,0,0,0,0 07-01:14,0,0,0,0 07-15:10,0,0,0,0 07-19:15,0,0,0,0 07-29:17,5,1,0,0 07-30:12,1,0,0,0 07-31:10,0,0,0,0 08-01:38,2,0,0,0 08-02:44,0,0,0,0 08-03:11,1,0,0,0 08-19:1936,32,0,0,0 08-20:1959,42,0,0,0 08-21:2527,60,0,0,0 08-22:2620,62,0,0,0 08-23:2791,56,0,0,0 08-24:2588,52,0,0,0 08-25:2497,47,0,0,0 08-26:2283,50,0,0,0 08-27:2176,43,0,0,0 08-28:2248,44,0,0,0 08-29:10,0,0,0,0
United Kingdom|05-01:509,5,0,0,0 05-02:472,7,0,0,0 05-03:412,10,0,0,0 05-04:496,9,0,0,0 05-05:759,7,0,0,0 05-06:52,9,0,0,0 05-07:64,10,0,0,0 05-08:59,12,0,0,0 05-09:56,12,0,0,0 05-10:35,7,0,0,0 05-11:57,19,0,0,0 05-12:94,44,0,0,0 05-13:53,11,2,1,0 05-14:56,8,7,2,0 05-15:42,10,6,3,0 05-16:46,9,8,6,1 05-17:61,8,7,4,0 05-18:56,8,6,3,1 05-19:59,5,4,1,0 05-20:57,13,10,6,3 05-21:53,10,6,4,1 05-22:78,12,7,3,1 05-23:51,8,5,2,0 05-24:48,8,6,4,0 05-25:54,9,7,3,0 05-26:41,7,4,1,1 05-27:58,9,9,2,0 05-28:474,15,9,5,0 05-29:933,10,8,3,1 05-30:88,4,3,0,0 05-31:79,3,3,1,0 06-01:68,6,1,0,0 06-02:387,51,13,7,1 06-03:203,14,6,2,1 06-04:72,8,5,3,1 06-05:59,11,6,4,1 06-06:288,13,7,4,0 06-07:50,8,5,2,0 06-08:53,10,6,4,0 06-09:102,16,9,4,1 06-10:161,19,13,8,0 06-11:168,15,9,4,0 06-12:116,13,10,6,1 06-13:89,8,8,3,1 06-14:95,9,6,4,0 06-15:125,18,11,5,2 06-16:92,9,5,3,1 06-17:80,10,7,3,0 06-18:74,7,5,2,0 06-19:88,12,10,7,2 06-20:83,7,5,1,0 06-21:57,4,3,2,0 06-22:85,9,8,4,0 06-23:131,13,9,4,2 06-24:99,15,11,5,1 06-25:86,13,11,8,0 06-26:65,8,6,4,0 07-19:39,0,0,0,0 07-20:21,1,0,0,0 07-28:71,1,0,0,0 07-29:93,1,0,0,0 07-30:37,2,0,0,0 07-31:17,1,0,0,0 08-01:14,1,0,0,0 08-02:14,0,0,0,0 08-03:14,0,0,0,0 08-04:13,1,0,0,0 08-05:10,1,0,0,0 08-07:14,2,1,1,0 08-08:18,1,0,0,0 08-09:13,0,0,0,0 08-10:14,1,0,0,0
United States|05-01:2127,61,0,0,0 05-02:4185,47,0,0,0 05-03:1082,42,0,0,0 05-04:1654,53,0,0,0 05-05:766,55,0,0,0 05-06:1052,52,0,0,0 05-07:692,50,0,0,0 05-08:1003,56,0,0,0 05-09:586,48,0,0,0 05-10:525,39,0,0,0 05-11:534,47,0,0,0 05-12:474,46,0,0,0 05-13:669,44,8,5,0 05-14:499,46,29,14,0 05-15:434,43,28,15,2 05-16:443,47,30,18,6 05-17:610,50,32,17,0 05-18:622,39,22,8,1 05-19:494,60,36,19,1 05-20:507,60,38,24,0 05-21:539,54,32,13,1 05-22:737,61,39,19,2 05-23:631,57,37,17,4 05-24:617,53,38,16,1 05-25:573,64,49,26,4 05-26:303,36,23,14,1 05-27:723,77,51,22,0 05-28:928,67,39,13,0 05-29:749,68,52,25,2 05-30:660,72,46,22,1 05-31:678,61,36,18,3 06-01:585,52,27,13,0 06-02:651,72,46,25,2 06-03:557,49,33,18,1 06-04:534,52,33,18,1 06-05:472,62,42,19,1 06-06:474,70,46,21,0 06-07:1205,71,42,22,0 06-08:743,72,40,18,0 06-09:2161,65,41,18,2 06-10:1040,69,39,19,1 06-11:1543,87,48,23,3 06-12:993,61,40,22,1 06-13:755,55,31,11,1 06-14:685,64,38,19,2 06-15:678,68,41,17,1 06-16:596,59,37,18,0 06-17:512,67,34,22,0 06-18:497,59,35,15,1 06-19:532,64,39,20,1 06-20:479,65,52,28,1 06-21:527,41,24,11,0 06-22:3321,292,38,19,1 06-23:4710,467,38,14,3 06-24:588,60,30,15,2 06-25:607,82,57,29,3 06-26:701,125,56,26,5 06-27:614,62,37,11,0 06-28:671,80,56,21,2 06-29:693,55,37,15,1 06-30:788,91,50,27,0 07-01:708,73,33,13,2 07-02:701,59,38,18,2 07-03:634,62,34,18,5 07-04:625,40,20,8,1 07-05:648,59,31,15,1 07-06:744,72,43,24,0 07-07:706,61,36,11,3 07-08:544,53,32,18,5 07-09:562,56,32,10,2 07-10:561,57,24,12,0 07-11:580,58,38,19,2 07-12:561,57,29,10,3 07-13:656,64,37,17,4 07-14:619,60,37,16,4 07-15:524,55,27,14,2 07-16:548,58,38,22,2 07-17:657,64,35,13,3 07-18:566,60,26,10,3 07-19:779,59,33,16,0 07-20:17292,674,33,17,5 07-21:6066,364,34,15,0 07-22:6126,337,28,8,1 07-23:6660,411,55,20,0 07-24:608,98,39,21,4 07-25:775,72,23,4,0 07-26:571,52,30,16,2 07-27:573,51,31,17,1 07-28:9082,604,43,22,0 07-29:4341,315,33,11,1 07-30:3974,144,30,15,1 07-31:4269,146,38,17,3 08-01:4013,156,24,9,0 08-02:4617,164,27,12,1 08-03:4389,150,33,7,0 08-04:4485,173,30,15,0 08-05:4490,163,45,23,5 08-06:4617,162,39,22,1 08-07:4769,264,25,15,4 08-08:4310,177,22,12,2 08-09:4322,166,25,14,1 08-10:2114,155,29,13,2 08-11:894,138,20,10,1 08-12:9540,233,27,14,1 08-13:12626,482,43,13,1 08-14:10890,541,51,19,1 08-15:16655,730,50,23,3 08-16:20279,675,47,23,2 08-17:15232,624,44,17,0 08-18:11978,573,30,11,0 08-19:733,77,33,19,0 08-20:757,80,32,15,2 08-21:663,88,31,19,5 08-22:668,71,25,10,1 08-23:675,113,48,30,5 08-24:912,72,26,14,3 08-25:636,77,27,11,2 08-26:583,75,23,11,3 08-27:889,49,16,5,2 08-28:983,62,23,13,2 08-29:505,29,15,8,0
Uruguay|06-11:12,0,0,0,0 06-12:24,1,0,0,0 06-13:12,5,5,5,0 07-02:10,0,0,0,0
Uzbekistan|07-01:12,0,0,0,0 08-14:16,0,0,0,0
Venezuela|06-15:11,1,0,0,0 06-25:11,4,3,3,0 06-26:27,13,11,11,0 06-27:25,12,10,6,0 06-28:60,31,26,17,0 06-29:28,7,5,5,0 06-30:36,17,15,11,0 07-01:24,13,11,6,0 07-03:13,0,0,0,0 07-05:10,0,0,0,0 07-08:17,7,5,4,1 07-09:27,8,5,3,0 07-10:25,14,8,6,0 07-11:25,10,6,5,0 07-12:29,11,9,7,0 07-13:44,17,11,7,0 07-14:55,18,9,5,0 07-15:34,12,7,5,0 07-16:18,2,1,1,0 07-17:19,4,2,0,0 07-18:19,4,1,1,0 07-19:23,5,3,1,0 07-20:29,6,3,1,0 07-21:21,3,2,1,0 07-22:22,5,2,2,0 07-23:24,8,3,1,0 07-24:27,7,3,2,0 07-25:17,4,2,0,0 07-26:11,3,1,0,0 07-29:17,3,2,2,0 08-03:12,3,1,1,0 08-05:10,3,2,0,0 08-20:11,1,0,0,0
Vietnam|05-02:13,1,0,0,0 05-03:13,0,0,0,0 05-04:22,2,0,0,0 05-05:12,2,0,0,0 05-06:14,3,0,0,0 05-07:10,1,0,0,0 05-08:12,1,0,0,0 05-09:12,0,0,0,0 05-10:10,2,0,0,0 05-13:12,4,1,1,1 05-14:11,1,0,0,0 05-15:13,1,1,1,0 05-18:13,2,2,2,0 05-22:14,6,2,1,0 05-23:13,1,1,1,0 05-24:12,1,1,1,0 05-26:11,1,1,0,0 05-28:16,2,1,0,0 05-30:10,0,0,0,0 05-31:10,1,0,0,0 06-02:15,6,5,3,0 06-03:10,0,0,0,0 06-04:13,3,1,1,0 06-05:11,0,0,0,0 06-06:15,0,0,0,0 06-07:11,0,0,0,0 06-08:10,1,1,1,0 06-09:12,0,0,0,0 06-10:21,0,0,0,0 06-11:31,2,1,1,0 06-12:23,1,1,1,1 06-13:21,0,0,0,0 06-14:22,1,1,1,0 06-15:17,1,1,0,0 06-16:24,3,0,0,0 06-17:14,0,0,0,0 06-18:13,0,0,0,0 06-19:21,1,0,0,0 06-20:16,2,1,0,0 06-21:15,1,1,0,0 06-22:24,3,2,0,0 06-23:20,2,2,2,1 06-24:20,2,1,1,1 06-25:19,1,0,0,0 06-26:25,5,3,3,1 06-27:17,2,2,1,0 06-28:20,0,0,0,0 06-29:25,1,1,1,1 06-30:26,1,0,0,0 07-01:15,0,0,0,0 07-02:12,0,0,0,0 07-03:28,6,4,2,0 07-04:16,0,0,0,0 07-05:20,1,1,1,1 07-06:19,0,0,0,0 07-07:20,0,0,0,0 07-08:14,0,0,0,0 07-09:23,0,0,0,0 07-10:13,0,0,0,0 07-11:15,4,3,2,2 07-12:23,1,0,0,0 07-13:16,1,1,0,0 07-14:21,2,1,1,1 07-15:17,2,1,1,1 07-16:19,2,2,2,1 07-17:19,4,3,1,0 07-18:12,1,0,0,0 07-19:16,0,0,0,0 07-20:20,5,4,1,0 07-21:15,3,3,2,0 07-22:13,1,0,0,0 07-23:11,0,0,0,0 07-24:12,0,0,0,0 07-25:12,2,0,0,0 07-26:10,0,0,0,0 07-27:13,1,1,0,0 07-28:28,12,10,2,1 07-29:15,2,2,2,1 07-30:16,0,0,0,0 07-31:10,1,0,0,0 08-01:13,2,0,0,0 08-02:13,1,0,0,0 08-03:17,1,0,0,0 08-04:14,0,0,0,0 08-05:10,1,1,1,1 08-07:12,0,0,0,0 08-08:11,0,0,0,0 08-09:11,0,0,0,0 08-11:14,4,1,0,0 08-12:12,1,1,1,0 08-13:13,1,1,1,1 08-14:16,2,0,0,0 08-15:15,4,4,3,3 08-16:12,2,2,1,0 08-17:14,0,0,0,0 08-18:18,2,2,0,0 08-19:13,1,1,1,0 08-20:23,6,4,3,1 08-21:15,1,0,0,0 08-22:16,5,4,2,0 08-23:12,0,0,0,0 08-24:16,0,0,0,0 08-25:16,3,2,2,1 08-26:14,1,1,0,0 08-27:13,2,2,2,0 08-28:12,1,0,0,0 08-29:11,1,1,0,0
Zambia|06-30:10,1,1,1,0
Zimbabwe|06-28:12,5,0,0,0