btag|packed
100549771_471860|06-06~1,1,0,0,0 05-16~1,1,0,0,0 05-22~1,1,0,0,0 06-27~1,1,0,0,0 05-27~1,1,0,0,0 09-01~1,1,0,0,0 07-09~1,1,0,0,0 2026-09M~1,1,0,0,0 08-29~2,2,2,2,0 all~28,28,10,9,0 05-19~1,1,0,0,0 2026-06M~2,2,0,0,0 05-20~1,0,0,0,0 2026-08~5,5,4,4,0 05-15~1,1,0,0,0 2026-06~11,11,3,3,0 2026-09~1,1,0,0,0 06-13~1,1,0,0,0 07-14~1,1,0,0,0 06-01~1,1,0,0,0 07-21~1,1,0,0,0 05-10~1,1,0,0,0 05-23~1,0,0,0,0 08-30~1,0,0,0,0 05-29~1,0,0,0,0 05-17~2,2,2,1,0 05-21~1,1,0,0,0 05-30~1,0,0,0,0 2026-07~5,5,1,0,0 06-19~3,3,2,2,0 05-18~1,0,0,0,0 05-08~1,1,0,0,0 06-26~1,1,0,0,0 2026-05~10,9,3,2,0 08-01~1,1,1,0,0 05-14~1,1,1,1,0 08-04~1,0,0,0,0 07-06~2,2,1,0,0 06-02~1,1,0,0,0 06-18~2,2,1,1,0 08-10~1,1,1,1,0 08-22~1,1,0,0,0 2026-08M~1,1,1,0,0
100657402_465780|06-06~1,0,0,0,0 08-28~1,1,0,0,0 2026-06~5,2,2,1,1 06-07~2,1,1,0,0 2026-05~2,2,1,0,0 06-12~1,0,0,0,0 2026-07~1,0,0,0,0 05-13~1,1,0,0,0 all~7,5,3,2,1 07-08~1,0,0,0,0 05-21~1,1,1,0,0 06-14~1,0,0,0,0 2026-08~1,1,0,0,0 06-26~1,1,1,1,1
100714138_465827|06-15~1,1,0,0,0 2026-05M~1,1,0,0,0 06-01~1,0,0,0,0 05-09~2,2,0,0,0 06-05~1,1,0,0,0 05-28~2,0,0,0,0 05-14~1,1,0,0,0 06-03~1,1,0,0,0 05-31~1,1,0,0,0 05-06~1,1,0,0,0 2026-06~8,6,1,0,0 06-10~3,1,1,0,0 06-02~1,0,0,0,0 05-02~1,1,0,0,0 05-08~1,0,0,0,0 06-23~1,0,0,0,0 05-20~1,1,1,1,0 05-19~1,0,0,0,0 05-12~1,1,0,0,0 06-11~1,1,0,0,0 05-18~2,1,1,0,0 05-25~1,0,0,0,0 05-07~1,1,0,0,0 2026-06M~1,0,0,0,0 05-23~1,1,0,0,0 all~14,14,3,3,0 06-07~1,0,0,0,0 06-16~1,1,0,0,0 05-29~2,0,0,0,0 05-27~2,2,1,0,0 05-10~1,1,0,0,0 2026-05~11,11,3,2,0
100714138_497964|05-06~1,0,0,0,0 05-21~1,0,0,0,0 07-01~1,0,0,0,0 06-19~1,0,0,0,0 07-19~1,0,0,0,0 06-01~1,0,0,0,0 05-18~1,0,0,0,0 07-31~1,0,0,0,0 2026-08~24,12,10,8,2 08-18~1,1,1,1,1 06-25~2,1,0,0,0 08-14~1,0,0,0,0 05-16~1,0,0,0,0 2026-05~1,0,0,0,0 08-12~1,0,0,0,0 07-27~1,1,0,0,0 08-19~1,0,0,0,0 09-01~2,1,1,0,0 06-05~1,0,0,0,0 08-09~3,1,1,1,0 06-11~1,0,0,0,0 07-28~2,1,0,0,0 06-17~2,0,0,0,0 2026-09M~2,1,1,0,0 06-21~2,1,0,0,0 07-12~1,1,0,0,0 08-17~1,1,1,1,0 08-10~1,1,1,0,0 06-02~1,0,0,0,0 08-27~1,0,0,0,0 05-13~1,0,0,0,0 2026-08M~1,0,0,0,0 05-07~1,0,0,0,0 06-22~2,2,0,0,0 07-03~1,1,0,0,0 05-01~1,0,0,0,0 07-18~1,1,1,0,0 2026-07~11,6,2,1,0 05-30~1,0,0,0,0 08-21~2,0,0,0,0 05-28~1,0,0,0,0 06-15~1,1,0,0,0 08-23~1,0,0,0,0 2026-06M~1,0,0,0,0 all~42,25,14,9,2 08-29~1,0,0,0,0 08-16~2,0,0,0,0 08-05~1,1,0,0,0 08-20~3,0,0,0,0 05-10~1,0,0,0,0 08-22~1,0,0,0,0 06-18~2,1,0,0,0 06-06~1,0,0,0,0 06-12~1,0,0,0,0 2026-09~2,1,1,0,0 05-04~1,0,0,0,0 2026-06~9,7,1,0,0 06-09~1,0,0,0,0 06-16~2,1,0,0,0 05-22~1,0,0,0,0 08-04~3,0,0,0,0 08-26~3,2,2,1,0 08-07~3,2,1,1,0 08-02~1,0,0,0,0 05-14~1,0,0,0,0 2026-05M~1,0,0,0,0 07-06~1,0,0,0,0 08-15~2,1,1,1,0 06-14~1,0,0,0,0 08-03~1,1,1,1,0 06-24~1,1,0,0,0 2026-07M~1,0,0,0,0 06-13~1,0,0,0,0 08-08~1,0,0,0,0 08-31~1,1,1,1,1 05-23~1,0,0,0,0 06-03~1,0,0,0,0 06-08~2,1,1,0,0 05-26~1,0,0,0,0 05-24~1,0,0,0,0 07-14~1,1,1,1,0
100714138_497965|08-19~1,1,1,1,0 08-22~1,0,0,0,0 2026-06~3,3,3,2,0 08-24~2,0,0,0,0 2026-08M~1,0,0,0,0 all~22,16,12,9,0 07-20~2,2,1,1,0 07-07~1,0,0,0,0 07-02~1,0,0,0,0 08-29~2,1,0,0,0 2026-07~9,6,3,3,0 08-18~1,1,1,0,0 08-17~1,1,1,1,0 06-19~1,1,1,1,0 07-08~1,1,1,1,0 07-24~1,1,1,1,0 2026-08~9,6,5,3,0 08-25~2,0,0,0,0 08-16~1,0,0,0,0 08-05~1,1,1,0,0 07-10~1,1,0,0,0 09-02~2,1,1,1,0 2026-09~2,1,1,1,0 06-26~1,1,1,0,0 08-02~1,0,0,0,0 2026-09M~2,1,1,1,0 2026-07M~1,0,0,0,0 08-23~1,1,1,1,0 07-21~1,0,0,0,0 07-17~1,1,0,0,0 06-11~1,1,1,1,0 06-16~1,0,0,0,0 07-16~1,0,0,0,0
100790946_465852|08-23~1,0,0,0,0 08-29~1,1,0,0,0 07-25~1,1,0,0,0 07-07~1,1,0,0,0 05-23~2,2,2,1,0 07-06~1,1,0,0,0 05-18~1,1,1,1,0 08-13~1,1,0,0,0 07-23~1,0,0,0,0 07-03~2,2,0,0,0 06-10~1,1,0,0,0 07-08~1,1,0,0,0 07-02~1,0,0,0,0 06-29~1,1,1,1,1 06-22~1,1,0,0,0 07-19~1,1,0,0,0 07-24~2,1,0,0,0 2026-07M~1,0,0,0,0 05-07~1,1,0,0,0 07-21~2,1,1,1,0 08-06~2,2,1,0,0 06-21~1,1,0,0,0 07-18~1,1,0,0,0 2026-05M~1,1,0,0,0 08-26~1,1,1,1,0 08-28~1,1,0,0,0 06-06~1,1,1,1,0 08-15~1,1,0,0,0 07-20~2,2,1,1,1 07-14~1,1,0,0,0 08-30~1,1,0,0,0 05-02~1,1,0,0,0 07-22~1,0,0,0,0 06-14~2,2,0,0,0 07-29~1,1,1,0,0 06-26~1,1,1,1,0 06-27~1,0,0,0,0 2026-06~11,11,3,3,2 07-05~1,1,1,1,0 05-17~1,1,0,0,0 06-24~2,2,0,0,0 2026-05~7,7,3,2,0 08-07~1,1,0,0,0 06-30~3,1,0,0,0 05-14~1,1,0,0,0 2026-08~10,10,3,2,1 all~36,36,13,10,4 2026-07~13,12,4,3,1 08-22~1,1,1,1,0 07-04~1,0,0,0,0
101232044_493603|all~86,86,57,44,41 05-31~2,0,0,0,0 06-02~2,0,0,0,0 2026-07M~1,0,0,0,0 05-15~15,15,11,9,7 05-25~12,6,4,3,3 05-26~5,1,0,0,0 05-23~6,4,2,1,1 2026-07~1,0,0,0,0 05-20~11,7,3,2,2 06-14~1,1,0,0,0 05-24~14,12,8,5,5 05-27~6,3,2,1,1 05-17~12,9,7,6,6 05-18~8,3,0,0,0 06-04~1,0,0,0,0 06-05~1,0,0,0,0 05-19~20,18,9,5,5 06-21~2,0,0,0,0 07-02~1,0,0,0,0 06-15~1,0,0,0,0 05-28~4,0,0,0,0 2026-06M~3,0,0,0,0 07-14~1,0,0,0,0 05-29~5,4,3,3,2 05-22~6,2,2,2,2 06-23~1,1,0,0,0 05-21~18,13,4,3,3 05-16~7,3,2,2,2 06-07~1,0,0,0,0 06-03~1,0,0,0,0 2026-06~9,2,0,0,0 05-30~2,1,1,0,0 2026-05~86,86,57,44,41 06-01~3,0,0,0,0
101401470_486641|05-15~5,3,0,0,0 07-14~4,2,0,0,0 07-26~1,1,0,0,0 2026-07M~5,4,0,0,0 07-12~2,0,0,0,0 06-12~14,13,7,5,3 08-02~2,0,0,0,0 07-22~5,2,0,0,0 05-28~5,1,0,0,0 06-28~18,14,3,3,3 07-30~1,0,0,0,0 05-27~4,1,0,0,0 2026-06M~4,3,0,0,0 06-14~14,10,3,3,2 08-07~1,0,0,0,0 05-05~3,1,0,0,0 07-21~1,0,0,0,0 08-01~2,1,0,0,0 06-16~24,20,11,9,6 06-26~19,16,5,5,4 05-04~7,4,0,0,0 07-17~5,2,0,0,0 05-08~1,1,0,0,0 06-02~1,1,0,0,0 05-21~6,4,0,0,0 06-23~19,14,6,5,5 05-01~2,2,0,0,0 06-04~2,1,0,0,0 06-19~20,17,11,10,8 07-01~4,3,0,0,0 08-04~2,0,0,0,0 08-03~2,0,0,0,0 05-25~4,4,0,0,0 07-09~9,5,0,0,0 06-11~15,10,3,2,2 07-06~12,8,2,2,2 05-14~4,3,0,0,0 2026-05~17,14,0,0,0 06-24~18,10,5,4,3 06-22~13,10,4,3,3 2026-07~84,74,26,23,20 05-10~4,4,0,0,0 2026-05M~2,2,0,0,0 05-18~5,3,0,0,0 05-26~4,3,0,0,0 07-10~12,7,0,0,0 06-08~3,2,0,0,0 05-12~4,3,0,0,0 07-05~20,15,8,4,3 06-13~11,7,3,3,3 06-17~13,7,2,2,2 05-23~4,4,0,0,0 08-21~1,0,0,0,0 05-24~4,3,0,0,0 05-29~4,1,0,0,0 2026-08M~3,1,0,0,0 06-29~16,12,0,0,0 07-31~3,2,0,0,0 05-11~2,2,0,0,0 05-09~2,2,0,0,0 08-05~2,0,0,0,0 05-03~2,2,0,0,0 05-22~4,3,0,0,0 2026-06~198,193,118,105,87 06-25~20,18,10,8,7 07-20~5,1,0,0,0 06-21~14,12,3,3,3 07-13~6,3,0,0,0 06-15~19,17,7,6,3 06-01~3,2,0,0,0 07-19~3,2,0,0,0 07-23~2,1,0,0,0 05-17~4,2,0,0,0 05-16~2,1,0,0,0 07-11~4,1,0,0,0 06-09~1,1,0,0,0 06-18~18,15,9,8,8 07-02~3,2,0,0,0 07-04~7,0,0,0,0 06-05~4,3,0,0,0 05-31~2,1,0,0,0 06-30~8,3,0,0,0 07-28~1,0,0,0,0 06-27~28,26,12,10,8 05-20~2,2,0,0,0 06-20~14,9,2,2,2 07-24~1,0,0,0,0 05-07~3,2,0,0,0 07-15~2,0,0,0,0 08-06~1,0,0,0,0 06-07~4,3,0,0,0 all~266,262,144,128,107 07-16~3,2,0,0,0 2026-08~5,1,0,0,0 05-30~2,0,0,0,0 05-13~2,2,0,0,0 05-02~2,2,0,0,0 07-08~7,1,0,0,0 06-10~25,22,12,9,3 06-03~2,2,0,0,0 07-03~35,31,16,13,12 05-06~2,1,0,0,0 05-19~5,3,0,0,0 07-07~13,9,1,1,1
101401470_491917|06-03~3,1,0,0,0 06-24~1,1,0,0,0 07-20~1,0,0,0,0 05-28~10,4,2,2,1 07-02~2,1,0,0,0 05-04~6,4,0,0,0 07-05~2,0,0,0,0 07-26~1,1,0,0,0 05-23~36,30,15,10,7 2026-05M~21,20,0,0,0 05-20~14,10,5,2,2 05-02~12,11,0,0,0 09-02~1,0,0,0,0 06-13~2,0,0,0,0 05-30~3,1,0,0,0 all~246,244,102,79,74 06-12~5,0,0,0,0 2026-05~244,240,101,78,73 06-19~3,2,1,0,0 07-01~1,0,0,0,0 05-19~13,6,6,2,2 05-14~7,2,2,1,1 2026-09M~1,0,0,0,0 07-22~1,0,0,0,0 06-17~3,1,0,0,0 05-12~9,5,0,0,0 07-04~1,0,0,0,0 05-24~26,21,5,4,4 05-07~2,2,0,0,0 06-22~1,1,0,0,0 05-08~1,0,0,0,0 06-16~4,0,0,0,0 06-02~2,0,0,0,0 06-25~5,4,0,0,0 07-03~2,1,0,0,0 05-27~21,12,8,7,5 06-06~1,0,0,0,0 07-13~1,0,0,0,0 07-16~2,0,0,0,0 06-30~3,2,0,0,0 06-04~3,2,0,0,0 06-08~3,0,0,0,0 06-29~1,0,0,0,0 05-05~1,1,0,0,0 05-01~14,13,0,0,0 2026-07M~3,1,0,0,0 05-10~10,8,0,0,0 07-27~1,0,0,0,0 07-14~3,2,0,0,0 07-12~2,1,0,0,0 06-15~3,1,0,0,0 09-01~1,0,0,0,0 05-03~4,4,0,0,0 05-17~22,16,10,8,7 05-29~6,0,0,0,0 2026-06M~4,1,0,0,0 06-01~3,1,0,0,0 07-18~2,0,0,0,0 05-13~6,3,2,2,2 06-27~3,0,0,0,0 2026-06~28,16,1,0,0 05-26~23,14,6,3,3 05-31~5,2,0,0,0 2026-09~1,0,0,0,0 06-18~2,0,0,0,0 07-09~1,0,0,0,0 06-11~4,1,0,0,0 05-22~18,11,4,4,4 2026-08~1,0,0,0,0 08-16~1,0,0,0,0 05-11~27,24,0,0,0 06-28~2,1,0,0,0 07-30~1,0,0,0,0 08-18~1,0,0,0,0 06-20~6,3,0,0,0 2026-07~19,7,0,0,0 05-21~19,15,9,8,7 05-16~19,13,11,7,7 05-18~10,4,1,1,1 05-25~24,17,5,5,5 06-26~1,0,0,0,0 06-05~1,0,0,0,0 06-14~5,1,0,0,0 05-15~14,12,10,8,8 06-23~4,1,0,0,0 06-21~2,1,0,0,0 07-08~3,2,0,0,0 06-10~4,2,0,0,0 07-11~2,2,0,0,0 07-17~2,0,0,0,0 05-09~20,17,0,0,0
101558256_470708|07-19~1,1,1,0,0 08-24~1,0,0,0,0 08-16~4,4,1,0,0 08-12~4,4,2,0,0 08-11~5,5,3,1,0 07-13~1,1,0,0,0 07-29~2,2,1,0,0 07-30~1,1,1,1,0 08-06~2,2,2,0,0 08-19~2,2,0,0,0 08-07~3,2,0,0,0 08-02~4,4,2,0,0 all~66,64,24,9,1 08-05~3,3,0,0,0 2026-08~45,44,15,4,0 07-18~1,0,0,0,0 2026-05~3,3,0,0,0 05-03~1,1,0,0,0 08-01~1,1,0,0,0 2026-05M~1,1,0,0,0 07-26~3,3,2,1,0 08-10~7,6,2,1,0 08-09~2,2,1,1,0 08-17~2,1,0,0,0 08-13~1,1,0,0,0 08-30~1,1,0,0,0 07-27~1,1,1,1,1 08-08~6,6,2,1,0 05-01~1,1,0,0,0 08-14~1,0,0,0,0 07-24~2,2,1,1,0 2026-08M~5,5,2,0,0 07-21~1,1,0,0,0 05-09~1,1,0,0,0 08-03~2,2,0,0,0 07-23~3,3,1,1,0 07-25~3,2,1,0,0 07-12~1,1,0,0,0 2026-07~18,17,9,5,1
101575715_493605|05-21~17,9,2,0,0 07-23~1,0,0,0,0 05-30~2,0,0,0,0 2026-06~14,7,1,1,1 05-24~14,12,9,5,2 05-17~10,10,8,7,6 2026-05~103,102,71,44,38 06-04~6,4,0,0,0 07-16~2,1,1,0,0 07-24~1,0,0,0,0 2026-08~1,0,0,0,0 06-01~2,1,0,0,0 07-21~3,2,0,0,0 07-18~1,0,0,0,0 05-16~8,8,7,3,3 05-31~4,1,0,0,0 05-26~7,3,2,1,1 all~107,106,74,47,42 05-29~3,2,0,0,0 06-03~3,1,1,1,1 05-20~25,22,17,7,5 07-20~1,0,0,0,0 05-25~23,16,7,5,4 07-26~1,0,0,0,0 06-23~1,0,0,0,0 08-19~1,0,0,0,0 05-23~6,4,2,1,0 07-22~2,0,0,0,0 05-28~4,2,0,0,0 07-14~3,2,0,0,0 06-07~2,1,0,0,0 07-07~1,1,1,0,0 06-10~2,0,0,0,0 05-22~15,11,8,6,5 07-30~1,0,0,0,0 2026-07~6,5,2,1,1 05-19~10,6,2,1,1 06-05~2,0,0,0,0 2026-06M~2,1,0,0,0 06-08~1,1,0,0,0 07-10~1,0,0,0,0 05-18~21,18,7,4,4 06-06~3,2,0,0,0 06-11~1,0,0,0,0 05-27~4,3,0,0,0 07-12~1,0,0,0,0 07-28~1,0,0,0,0 06-02~1,1,0,0,0
101575747_470737|07-28~11,10,8,6,4 07-16~11,7,6,4,4 07-11~7,5,4,4,4 08-31~1,0,0,0,0 2026-05~2,2,0,0,0 08-04~5,2,0,0,0 2026-08M~4,2,0,0,0 07-15~8,4,3,3,3 07-12~7,6,2,2,2 08-19~1,0,0,0,0 07-23~3,0,0,0,0 07-10~8,7,7,5,5 08-03~1,0,0,0,0 2026-08~11,4,0,0,0 07-29~7,4,0,0,0 07-17~7,3,1,1,1 all~108,105,68,57,55 07-22~13,11,8,6,6 07-20~25,20,5,4,4 2026-07~106,102,68,57,55 06-10~1,1,0,0,0 07-25~5,2,0,0,0 08-09~2,0,0,0,0 07-21~4,4,1,0,0 07-13~9,8,4,3,3 08-05~1,0,0,0,0 08-07~1,1,0,0,0 07-19~12,5,0,0,0 08-06~1,0,0,0,0 08-21~1,0,0,0,0 08-10~2,0,0,0,0 08-22~1,0,0,0,0 05-22~1,1,0,0,0 07-14~7,5,2,2,1 07-31~1,0,0,0,0 07-26~13,11,5,5,2 07-27~7,4,0,0,0 08-02~1,0,0,0,0 07-24~10,8,5,4,4 08-01~4,2,0,0,0 07-30~2,0,0,0,0 05-31~1,1,0,0,0 07-18~10,8,7,6,4 08-08~1,0,0,0,0 2026-06~1,1,0,0,0
101578548_492625|05-31~12,4,3,2,0 2026-05~32,32,26,15,9 06-21~2,1,0,0,0 06-23~3,0,0,0,0 08-14~3,0,0,0,0 08-13~4,2,2,1,0 05-20~1,1,0,0,0 05-23~8,7,5,2,0 06-08~7,1,0,0,0 07-10~2,1,0,0,0 08-30~1,0,0,0,0 05-14~4,2,1,0,0 05-13~2,1,1,1,0 2026-06M~16,10,6,1,0 05-07~1,0,0,0,0 05-15~2,2,1,0,0 06-14~7,2,0,0,0 07-06~3,1,0,0,0 05-19~1,1,0,0,0 05-12~1,0,0,0,0 05-24~10,8,7,4,2 08-17~1,1,0,0,0 08-10~3,1,0,0,0 06-03~11,5,2,0,0 05-18~1,0,0,0,0 06-11~5,1,0,0,0 07-09~4,2,1,0,0 06-29~2,1,0,0,0 2026-09M~3,1,0,0,0 06-30~2,0,0,0,0 09-01~1,1,0,0,0 08-12~1,0,0,0,0 07-01~3,1,0,0,0 06-19~2,1,0,0,0 06-10~7,2,0,0,0 07-08~3,1,1,0,0 08-18~1,0,0,0,0 08-15~2,1,0,0,0 08-03~1,0,0,0,0 08-08~2,0,0,0,0 05-21~1,1,0,0,0 08-05~1,0,0,0,0 08-22~1,0,0,0,0 05-25~17,11,5,3,0 05-26~8,3,1,1,1 05-16~1,1,0,0,0 2026-09~3,1,0,0,0 all~38,38,33,23,18 08-06~1,0,0,0,0 07-22~1,0,0,0,0 08-27~2,1,0,0,0 06-04~9,2,0,0,0 06-06~5,0,0,0,0 06-13~4,1,0,0,0 05-30~4,2,1,1,1 07-30~1,0,0,0,0 06-28~1,1,0,0,0 06-25~5,2,1,0,0 08-23~1,0,0,0,0 05-28~3,0,0,0,0 2026-08M~1,0,0,0,0 08-31~1,1,0,0,0 05-22~1,1,0,0,0 2026-06~28,19,9,6,2 06-09~4,2,0,0,0 07-11~1,1,0,0,0 08-09~1,0,0,0,0 08-11~2,0,0,0,0 06-24~5,1,0,0,0 06-27~2,1,0,0,0 07-07~3,1,0,0,0 07-05~2,1,0,0,0 07-04~1,1,0,0,0 05-29~6,4,2,0,0 06-17~3,1,0,0,0 07-18~3,1,0,0,0 08-29~2,1,0,0,0 07-20~1,0,0,0,0 08-16~1,0,0,0,0 2026-07~10,3,2,1,0 08-24~1,0,0,0,0 06-07~3,1,0,0,0 06-15~5,1,0,0,0 06-18~4,1,0,0,0 2026-08~7,5,2,1,0 08-26~2,1,0,0,0 06-16~4,2,0,0,0 07-03~1,1,0,0,0 06-05~8,1,0,0,0 05-27~2,0,0,0,0 07-19~1,1,0,0,0 06-01~13,8,5,0,0 2026-07M~4,1,0,0,0 06-02~7,3,1,1,0 08-28~2,1,0,0,0 07-02~3,1,0,0,0 06-26~2,1,0,0,0 09-02~3,1,0,0,0 06-22~3,1,0,0,0 07-14~1,0,0,0,0 06-20~1,0,0,0,0 06-12~5,1,0,0,0 08-07~1,0,0,0,0 08-01~1,0,0,0,0
101578548_497396|08-28~2,0,0,0,0 2026-09~8,4,0,0,0 07-15~2,1,1,1,1 07-13~1,0,0,0,0 06-13~2,0,0,0,0 2026-07M~4,0,0,0,0 07-23~1,0,0,0,0 08-24~5,2,2,2,0 06-29~7,1,1,1,1 05-26~1,0,0,0,0 08-25~1,0,0,0,0 06-15~10,4,2,1,0 2026-05~1,0,0,0,0 all~85,75,55,47,39 2026-07~17,9,3,1,1 06-17~2,0,0,0,0 06-27~5,1,1,0,0 08-22~2,0,0,0,0 07-16~2,0,0,0,0 06-03~11,11,4,2,0 08-27~1,0,0,0,0 08-18~3,0,0,0,0 2026-08~32,22,19,17,13 06-22~5,1,0,0,0 06-05~3,2,2,1,0 06-18~7,3,2,1,1 06-10~5,2,0,0,0 07-08~8,5,1,0,0 07-07~5,1,1,0,0 06-30~5,1,1,0,0 06-25~11,1,1,0,0 06-23~4,0,0,0,0 2026-09M~8,4,0,0,0 06-09~8,3,1,0,0 07-11~1,0,0,0,0 07-04~1,0,0,0,0 06-12~6,4,3,1,1 06-16~5,1,0,0,0 08-20~1,0,0,0,0 2026-06~53,49,33,27,23 08-29~2,0,0,0,0 06-07~1,0,0,0,0 08-31~4,1,1,1,1 06-28~2,0,0,0,0 08-13~3,0,0,0,0 08-17~7,1,1,1,1 08-21~2,0,0,0,0 08-30~1,0,0,0,0 06-24~5,1,0,0,0 06-20~2,1,1,1,0 06-14~7,2,2,2,2 06-08~8,3,2,1,0 07-10~4,0,0,0,0 07-01~3,0,0,0,0 06-19~2,0,0,0,0 07-03~2,1,0,0,0 07-05~3,0,0,0,0 06-04~17,12,8,6,3 08-16~3,0,0,0,0 06-26~6,1,1,1,1 06-21~3,0,0,0,0 08-15~5,0,0,0,0 08-10~11,10,10,3,1 08-26~1,0,0,0,0 07-14~1,0,0,0,0 08-07~1,0,0,0,0 06-06~5,3,2,1,0 08-11~14,6,3,3,2 08-12~7,3,2,1,0 09-02~3,0,0,0,0 08-14~12,4,0,0,0 07-17~2,1,0,0,0 08-23~1,0,0,0,0 08-19~1,0,0,0,0 09-01~8,4,0,0,0 06-11~4,0,0,0,0 07-09~5,0,0,0,0 07-02~3,0,0,0,0 07-06~3,0,0,0,0
101644135_471394|2026-08~79,65,41,12,0 07-22~2,1,1,0,0 07-03~6,3,3,0,0 05-28~6,1,0,0,0 08-19~6,5,5,1,0 09-01~4,3,2,0,0 08-01~7,2,1,0,0 2026-05M~7,5,0,0,0 05-20~3,3,2,0,0 07-30~7,3,3,0,0 06-28~3,2,1,0,0 06-11~8,0,0,0,0 07-09~3,1,0,0,0 08-29~4,1,1,1,0 05-03~2,1,0,0,0 07-07~7,4,3,1,0 06-18~5,3,3,1,0 07-27~7,6,4,2,0 07-17~4,2,1,0,0 07-14~2,2,2,0,0 08-26~1,0,0,0,0 07-06~6,3,0,0,0 08-25~2,2,2,1,0 05-24~5,3,2,0,0 08-07~3,1,0,0,0 2026-06~100,79,53,20,0 06-14~5,5,2,1,0 05-15~6,4,2,0,0 06-12~3,1,0,0,0 05-27~7,4,1,0,0 07-01~3,0,0,0,0 06-19~7,5,4,3,0 08-05~4,3,2,0,0 07-28~7,6,1,1,0 06-30~8,2,2,0,0 06-09~6,4,1,0,0 07-11~5,4,2,0,0 07-04~8,0,0,0,0 08-11~2,0,0,0,0 05-08~3,1,0,0,0 2026-09~7,6,5,2,0 07-12~1,0,0,0,0 06-13~2,1,1,0,0 05-22~5,5,3,0,0 08-30~2,2,1,1,0 08-17~8,6,4,1,0 05-05~3,2,0,0,0 08-21~2,1,0,0,0 06-17~5,3,3,2,0 05-12~3,3,0,0,0 06-10~6,1,1,0,0 07-08~7,5,2,1,0 08-02~5,4,2,0,0 06-27~5,4,3,1,0 07-16~2,2,1,0,0 07-15~5,3,2,0,0 08-22~3,2,2,1,0 06-24~4,2,0,0,0 08-31~3,1,1,1,0 2026-08M~11,6,3,0,0 all~312,303,158,57,0 07-05~9,4,4,0,0 07-25~2,1,0,0,0 05-31~7,4,2,0,0 05-06~6,5,0,0,0 08-04~4,0,0,0,0 05-18~5,4,3,2,0 06-21~3,3,1,0,0 07-23~3,1,0,0,0 05-23~7,2,1,1,0 07-26~4,4,1,1,0 08-15~4,3,1,0,0 06-23~8,3,3,1,0 05-25~7,5,3,1,0 07-31~3,1,1,0,0 06-29~5,3,3,1,0 05-02~5,4,0,0,0 07-19~1,1,0,0,0 06-01~10,6,0,0,0 2026-05~104,97,27,8,0 06-16~7,2,1,0,0 05-14~3,3,2,2,0 05-16~4,1,0,0,0 07-20~4,3,1,0,0 06-05~6,3,3,1,0 06-20~4,2,2,1,0 05-21~6,5,1,0,0 05-17~5,3,1,0,0 06-22~3,2,2,1,0 06-25~8,5,4,0,0 2026-06M~12,8,2,0,0 08-18~1,0,0,0,0 08-06~4,1,1,1,0 05-04~5,4,0,0,0 08-12~2,0,0,0,0 05-30~3,1,1,1,0 2026-07M~18,5,0,0,0 08-28~1,1,0,0,0 07-21~2,0,0,0,0 09-02~4,3,3,2,0 08-09~5,4,2,2,0 08-16~2,2,1,1,0 05-01~3,2,0,0,0 06-04~5,2,2,0,0 08-23~4,3,2,0,0 06-26~6,4,4,2,0 06-07~3,2,2,0,0 06-02~3,2,2,0,0 06-15~4,2,0,0,0 05-13~7,6,1,0,0 08-14~6,5,4,0,0 05-26~4,4,1,0,0 06-03~5,2,1,0,0 05-10~6,5,0,0,0 08-24~1,1,0,0,0 07-18~2,1,1,1,0 08-13~4,1,0,0,0 06-08~4,3,1,0,0 07-10~5,1,1,0,0 06-06~3,3,2,0,0 08-20~2,2,1,0,0 07-29~6,3,1,0,0 05-09~6,4,0,0,0 07-13~1,0,0,0,0 07-24~2,0,0,0,0 05-11~10,9,0,0,0 05-29~3,0,0,0,0 08-03~3,2,2,0,0 05-07~3,2,0,0,0 07-02~16,5,0,0,0 08-10~4,2,2,1,0 2026-07~96,68,35,10,0 08-08~10,9,5,0,0 05-19~2,2,1,0,0 2026-09M~7,6,5,2,0
101769693_493604|06-04~3,0,0,0,0 08-21~1,0,0,0,0 06-25~1,0,0,0,0 08-13~2,0,0,0,0 05-16~10,7,4,2,2 08-27~1,0,0,0,0 06-15~2,1,0,0,0 06-16~1,0,0,0,0 08-17~1,0,0,0,0 06-08~2,0,0,0,0 07-10~5,4,3,1,0 06-21~1,0,0,0,0 06-26~2,0,0,0,0 08-05~1,0,0,0,0 07-19~2,0,0,0,0 06-01~3,1,0,0,0 07-29~2,0,0,0,0 06-09~3,0,0,0,0 07-11~2,0,0,0,0 08-18~1,0,0,0,0 06-20~2,0,0,0,0 05-21~19,11,6,5,4 08-14~1,0,0,0,0 05-19~14,9,6,2,1 08-01~1,0,0,0,0 07-16~1,0,0,0,0 06-11~3,0,0,0,0 07-09~3,0,0,0,0 06-22~1,0,0,0,0 08-22~1,0,0,0,0 07-13~2,0,0,0,0 08-03~1,0,0,0,0 05-24~13,3,0,0,0 08-29~1,0,0,0,0 07-31~1,0,0,0,0 06-29~1,0,0,0,0 05-25~10,3,0,0,0 07-01~1,0,0,0,0 06-19~2,0,0,0,0 07-28~2,0,0,0,0 06-30~1,0,0,0,0 07-02~2,0,0,0,0 08-09~1,0,0,0,0 08-02~2,0,0,0,0 08-07~1,0,0,0,0 2026-09M~2,0,0,0,0 06-14~2,0,0,0,0 all~93,92,57,42,34 06-10~3,0,0,0,0 07-08~1,0,0,0,0 06-13~2,0,0,0,0 06-23~1,0,0,0,0 08-25~2,0,0,0,0 06-03~3,0,0,0,0 08-10~1,0,0,0,0 08-30~1,0,0,0,0 07-14~2,0,0,0,0 05-31~3,0,0,0,0 05-26~11,6,3,2,0 07-07~3,1,0,0,0 06-05~4,1,0,0,0 07-18~2,0,0,0,0 07-05~3,0,0,0,0 2026-06~10,5,0,0,0 08-04~2,0,0,0,0 06-17~2,0,0,0,0 07-27~1,0,0,0,0 07-30~2,0,0,0,0 06-28~1,0,0,0,0 05-28~7,2,0,0,0 06-06~5,2,0,0,0 07-23~1,0,0,0,0 07-06~2,0,0,0,0 07-15~2,0,0,0,0 2026-07M~2,0,0,0,0 05-29~7,4,3,3,3 07-04~2,0,0,0,0 05-22~14,9,3,1,1 07-03~2,0,0,0,0 2026-05~89,88,54,41,34 08-08~1,0,0,0,0 08-15~1,0,0,0,0 08-26~2,0,0,0,0 08-12~2,0,0,0,0 08-16~1,0,0,0,0 06-07~3,0,0,0,0 2026-08~5,0,0,0,0 08-24~1,0,0,0,0 08-31~2,0,0,0,0 08-28~1,0,0,0,0 07-22~2,0,0,0,0 06-18~2,0,0,0,0 08-11~1,0,0,0,0 07-21~1,0,0,0,0 05-20~14,10,1,1,1 07-12~2,0,0,0,0 2026-08M~2,0,0,0,0 08-19~1,0,0,0,0 09-01~2,0,0,0,0 08-20~1,0,0,0,0 05-18~8,3,0,0,0 07-25~1,0,0,0,0 05-23~26,19,11,7,5 2026-07~9,5,3,1,0 05-30~3,1,0,0,0 06-12~1,0,0,0,0 09-02~1,0,0,0,0 08-06~1,0,0,0,0 07-26~2,0,0,0,0 07-20~2,0,0,0,0 08-23~1,0,0,0,0 07-17~1,0,0,0,0 2026-06M~5,2,0,0,0 06-02~4,1,0,0,0 05-17~22,18,12,6,6 06-24~2,0,0,0,0 05-15~9,9,6,6,5 05-27~5,0,0,0,0 2026-09~2,0,0,0,0
101826048_472512|05-14~1,1,0,0,0 2026-09M~1,1,0,0,0 2026-06~2,2,0,0,0 05-01~1,1,0,0,0 2026-07~5,5,2,1,0 2026-05~7,7,1,0,0 08-21~1,1,0,0,0 all~25,25,6,2,0 06-30~1,1,0,0,0 08-29~1,1,1,1,0 05-27~1,1,1,0,0 08-22~1,1,0,0,0 08-25~1,1,0,0,0 08-11~1,1,0,0,0 2026-08M~1,1,0,0,0 07-11~1,1,0,0,0 08-28~1,1,0,0,0 08-08~1,1,1,0,0 2026-08~12,12,3,1,0 08-14~1,1,0,0,0 06-20~1,1,0,0,0 08-23~3,3,1,0,0 08-30~2,1,0,0,0 05-04~2,2,0,0,0 07-06~1,1,1,1,0 05-31~1,1,0,0,0 07-26~1,1,1,0,0 07-22~1,1,0,0,0 08-01~1,1,0,0,0 05-18~1,1,0,0,0 09-01~1,1,0,0,0 2026-05M~1,1,0,0,0 2026-09~1,1,0,0,0 05-20~1,1,0,0,0 07-21~1,1,0,0,0
103128376_486395|05-26~2,1,1,1,0 09-02~2,0,0,0,0 05-01~1,0,0,0,0 07-27~1,0,0,0,0 07-15~3,0,0,0,0 07-21~1,0,0,0,0 08-08~1,0,0,0,0 08-31~4,1,1,0,0 06-09~1,0,0,0,0 07-11~1,0,0,0,0 08-16~1,0,0,0,0 2026-09M~3,0,0,0,0 07-03~1,0,0,0,0 05-14~4,1,0,0,0 08-17~1,0,0,0,0 06-06~1,0,0,0,0 06-05~1,0,0,0,0 06-27~3,0,0,0,0 all~32,12,7,4,1 07-12~1,0,0,0,0 2026-05M~2,1,0,0,0 07-07~3,0,0,0,0 06-25~3,0,0,0,0 06-15~1,0,0,0,0 08-10~1,0,0,0,0 08-29~2,0,0,0,0 07-24~1,0,0,0,0 07-29~1,0,0,0,0 08-15~1,0,0,0,0 07-05~2,0,0,0,0 2026-07M~1,0,0,0,0 2026-09~3,0,0,0,0 06-10~1,0,0,0,0 07-08~2,0,0,0,0 07-19~1,0,0,0,0 08-30~1,0,0,0,0 2026-05~15,7,4,2,0 06-22~1,0,0,0,0 08-07~1,0,0,0,0 05-07~2,0,0,0,0 05-27~1,0,0,0,0 08-04~1,0,0,0,0 06-17~1,0,0,0,0 06-11~4,1,0,0,0 07-09~1,0,0,0,0 05-28~1,0,0,0,0 07-04~1,0,0,0,0 07-01~1,0,0,0,0 06-19~2,0,0,0,0 05-23~1,0,0,0,0 05-09~1,0,0,0,0 07-23~1,0,0,0,0 07-06~3,1,0,0,0 05-21~1,0,0,0,0 07-16~1,0,0,0,0 06-20~1,0,0,0,0 06-24~1,0,0,0,0 05-10~1,0,0,0,0 2026-08~12,4,3,2,1 08-12~1,0,0,0,0 2026-06~10,1,0,0,0 08-01~2,1,0,0,0 05-08~1,0,0,0,0 05-17~2,1,1,0,0 08-03~2,0,0,0,0 07-02~1,0,0,0,0 08-09~1,0,0,0,0 05-29~1,0,0,0,0 2026-07~10,1,0,0,0 05-22~3,0,0,0,0 2026-08M~2,1,1,1,1 08-21~1,0,0,0,0 08-18~2,0,0,0,0 08-25~1,0,0,0,0 08-13~1,0,0,0,0 05-30~2,1,0,0,0 08-02~2,1,1,1,1 08-05~1,0,0,0,0 05-11~1,0,0,0,0 06-16~2,0,0,0,0 07-13~1,0,0,0,0 06-12~1,0,0,0,0 07-20~2,0,0,0,0 06-26~1,0,0,0,0 07-14~1,0,0,0,0 06-08~1,0,0,0,0 07-10~2,0,0,0,0 08-19~1,0,0,0,0 09-01~2,0,0,0,0 05-24~1,0,0,0,0 05-25~1,0,0,0,0 07-22~2,0,0,0,0 07-31~1,0,0,0,0 06-29~1,0,0,0,0 05-02~2,1,0,0,0 08-24~2,1,1,1,0 06-14~2,0,0,0,0 05-13~3,0,0,0,0 06-13~1,0,0,0,0 05-18~2,1,1,1,0 08-06~2,0,0,0,0 07-17~2,0,0,0,0 08-27~3,1,0,0,0 08-22~1,0,0,0,0 08-14~1,0,0,0,0 06-07~1,0,0,0,0 07-26~1,0,0,0,0 05-05~1,0,0,0,0 05-19~1,0,0,0,0 06-18~1,0,0,0,0 08-20~2,0,0,0,0 08-28~2,0,0,0,0 08-26~1,0,0,0,0 07-25~1,0,0,0,0 07-18~1,0,0,0,0 08-11~1,0,0,0,0 05-03~2,0,0,0,0 05-20~1,0,0,0,0 05-31~2,1,1,0,0 06-23~2,0,0,0,0 07-28~1,0,0,0,0 06-30~1,0,0,0,0 07-30~2,0,0,0,0 06-28~1,0,0,0,0 05-06~1,0,0,0,0 05-04~1,0,0,0,0
103157756_487754|07-21~1,0,0,0,0 06-18~5,0,0,0,0 09-02~2,0,0,0,0 08-02~3,0,0,0,0 05-23~3,0,0,0,0 06-28~3,0,0,0,0 07-30~2,1,1,1,0 06-12~4,1,1,0,0 07-04~6,1,0,0,0 07-03~3,0,0,0,0 07-24~6,0,0,0,0 07-14~1,0,0,0,0 2026-08~53,9,4,4,2 07-17~1,0,0,0,0 08-25~3,1,1,1,0 07-05~4,0,0,0,0 08-26~4,0,0,0,0 05-27~5,2,0,0,0 06-17~1,0,0,0,0 05-16~2,0,0,0,0 08-29~4,0,0,0,0 07-09~6,0,0,0,0 06-11~4,1,0,0,0 05-24~1,0,0,0,0 05-03~1,0,0,0,0 07-02~4,0,0,0,0 08-06~1,0,0,0,0 07-12~3,0,0,0,0 07-07~3,0,0,0,0 2026-08M~6,1,0,0,0 08-12~1,0,0,0,0 07-11~2,1,1,1,1 06-09~3,2,1,1,1 07-08~3,1,1,1,0 06-10~6,2,2,2,0 2026-07~53,12,7,6,1 05-19~1,1,0,0,0 05-21~1,0,0,0,0 08-14~3,0,0,0,0 08-22~4,0,0,0,0 08-09~1,0,0,0,0 06-14~4,1,1,1,0 05-11~3,2,0,0,0 06-13~3,0,0,0,0 all~156,45,25,21,9 08-01~4,1,0,0,0 06-24~4,1,0,0,0 07-15~2,0,0,0,0 07-16~3,0,0,0,0 2026-09M~6,2,1,1,0 08-21~6,0,0,0,0 06-27~4,2,2,1,1 06-29~3,0,0,0,0 07-31~5,1,0,0,0 07-06~3,0,0,0,0 08-18~7,1,0,0,0 07-26~7,0,0,0,0 08-03~4,0,0,0,0 05-05~1,0,0,0,0 07-29~3,0,0,0,0 06-22~2,0,0,0,0 07-20~4,0,0,0,0 07-25~2,0,0,0,0 08-16~5,2,1,1,0 06-20~5,2,2,1,0 05-26~1,0,0,0,0 05-01~2,0,0,0,0 06-02~1,1,0,0,0 06-15~4,0,0,0,0 05-17~2,1,1,0,0 05-15~1,1,1,0,0 07-23~5,2,1,1,0 06-06~2,1,0,0,0 06-23~4,2,1,1,1 05-22~1,0,0,0,0 06-30~5,1,0,0,0 07-28~4,1,1,1,0 05-14~2,0,0,0,0 06-21~4,0,0,0,0 06-26~6,2,0,0,0 08-28~5,0,0,0,0 08-31~5,1,1,1,1 2026-06~51,19,11,8,4 08-05~1,0,0,0,0 05-07~2,0,0,0,0 05-08~1,1,0,0,0 08-11~5,0,0,0,0 07-22~4,2,1,0,0 09-01~6,2,1,1,0 08-19~5,0,0,0,0 08-08~2,1,0,0,0 05-02~2,0,0,0,0 08-20~5,0,0,0,0 05-30~1,0,0,0,0 08-30~4,0,0,0,0 06-25~7,1,1,1,1 2026-05~27,7,2,1,0 06-04~1,0,0,0,0 07-19~2,0,0,0,0 05-31~1,0,0,0,0 08-24~6,1,0,0,0 06-16~6,0,0,0,0 05-10~1,0,0,0,0 08-17~2,1,1,1,0 2026-05M~3,0,0,0,0 05-25~2,0,0,0,0 07-18~4,1,0,0,0 05-13~2,2,0,0,0 08-27~4,0,0,0,0 06-03~1,0,0,0,0 2026-09~6,2,1,1,0 05-09~2,0,0,0,0 08-10~3,1,0,0,0 07-13~2,0,0,0,0 06-05~2,0,0,0,0 2026-07M~4,0,0,0,0 08-23~4,0,0,0,0 07-10~3,0,0,0,0 06-08~3,1,0,0,0 07-27~4,1,1,1,0 05-12~2,0,0,0,0 2026-06M~1,1,0,0,0 05-04~1,0,0,0,0 06-19~5,0,0,0,0 07-01~2,0,0,0,0 08-13~2,0,0,0,0 05-28~3,0,0,0,0
103157797_487755|06-21~1,1,0,0,0 05-19~4,2,1,0,0 07-07~1,0,0,0,0 06-18~1,0,0,0,0 2026-07M~4,1,0,0,0 05-29~3,0,0,0,0 08-03~10,0,0,0,0 07-23~1,1,0,0,0 05-26~1,0,0,0,0 05-25~1,0,0,0,0 08-24~196,0,0,0,0 05-07~1,0,0,0,0 08-15~3,2,0,0,0 08-27~1,1,1,1,0 06-17~1,0,0,0,0 07-04~2,1,0,0,0 07-03~2,0,0,0,0 2026-05~37,5,2,1,1 all~1344,18,9,6,1 09-02~1,0,0,0,0 07-27~97,0,0,0,0 05-30~2,0,0,0,0 06-12~2,0,0,0,0 05-17~4,0,0,0,0 2026-05M~1,0,0,0,0 07-01~1,0,0,0,0 06-19~2,1,1,0,0 08-05~1,0,0,0,0 05-21~1,0,0,0,0 05-02~1,0,0,0,0 06-27~1,0,0,0,0 06-13~2,0,0,0,0 06-20~1,1,1,0,0 07-06~94,0,0,0,0 05-22~1,0,0,0,0 2026-06M~7,1,1,0,0 05-31~3,1,0,0,0 06-08~1,1,0,0,0 07-10~1,0,0,0,0 06-03~4,0,0,0,0 07-16~1,0,0,0,0 06-29~83,0,0,0,0 07-13~87,0,0,0,0 07-19~1,0,0,0,0 06-01~2,0,0,0,0 08-31~78,0,0,0,0 07-28~2,0,0,0,0 06-30~3,0,0,0,0 08-18~2,0,0,0,0 2026-08~666,5,2,2,0 08-23~1,0,0,0,0 06-28~2,0,0,0,0 05-15~4,0,0,0,0 07-22~4,1,1,1,0 07-11~2,1,0,0,0 08-02~1,0,0,0,0 06-02~5,1,1,0,0 07-02~3,1,0,0,0 08-16~1,0,0,0,0 07-08~1,0,0,0,0 08-17~186,0,0,0,0 2026-06~197,6,4,2,0 08-04~1,1,0,0,0 08-30~3,0,0,0,0 05-28~3,0,0,0,0 06-04~1,0,0,0,0 2026-07~377,6,1,1,0 05-16~1,0,0,0,0 06-22~93,0,0,0,0 08-01~1,0,0,0,0 05-23~1,0,0,0,0 07-05~1,0,0,0,0 07-20~88,0,0,0,0 06-14~1,0,0,0,0 2026-09M~77,0,0,0,0 2026-09~77,0,0,0,0 08-13~1,0,0,0,0 05-14~6,0,0,0,0 08-26~2,0,0,0,0 06-25~3,1,1,1,0 08-10~95,0,0,0,0 07-21~1,0,0,0,0 05-13~2,1,0,0,0 05-20~4,2,1,1,0 06-23~2,0,0,0,0 07-18~1,1,0,0,0 08-11~91,0,0,0,0 07-09~1,0,0,0,0 08-29~1,1,1,1,0 08-07~1,0,0,0,0 05-10~1,1,0,0,0 05-08~4,0,0,0,0 08-19~1,0,0,0,0 09-01~76,0,0,0,0 06-26~1,0,0,0,0 06-24~1,0,0,0,0 06-15~1,0,0,0,0 2026-08M~2,0,0,0,0 07-12~3,0,0,0,0
103600904_493485|05-22~19,16,0,0,0 05-12~28,26,0,0,0 05-11~26,25,0,0,0 05-28~15,15,0,0,0 05-26~19,18,0,0,0 05-21~20,17,0,0,0 05-27~1,0,0,0,0 05-20~20,16,0,0,0 05-09~31,31,0,0,0 05-16~20,20,0,0,0 05-30~21,21,0,0,0 05-25~29,28,0,0,0 05-29~26,26,0,0,0 2026-06M~5,5,0,0,0 05-13~24,22,0,0,0 05-17~13,13,0,0,0 05-14~21,19,1,0,0 05-24~34,34,0,0,0 05-18~23,20,0,0,0 05-07~2,2,0,0,0 06-01~5,5,0,0,0 05-10~22,22,0,0,0 05-19~26,23,0,0,0 2026-06~5,5,0,0,0 2026-05~490,489,3,1,1 05-15~28,26,2,1,1 05-31~18,18,0,0,0 05-08~3,3,0,0,0 05-23~32,32,0,0,0 all~495,494,3,1,1
103972272_494526|06-03~1,0,0,0,0 05-13~1,1,1,0,0 06-26~1,1,0,0,0 05-26~1,0,0,0,0 05-23~1,0,0,0,0 05-22~15,15,11,5,0 2026-06M~1,0,0,0,0 2026-07~1,0,0,0,0 05-21~1,1,1,1,0 06-02~1,0,0,0,0 2026-06~2,1,0,0,0 07-01~1,0,0,0,0 05-25~1,0,0,0,0 08-30~1,1,0,0,0 2026-05~20,20,15,6,0 05-30~1,1,0,0,0 05-14~2,2,2,0,0 2026-08~1,1,0,0,0 08-31~1,1,0,0,0 05-20~1,1,0,0,0 2026-07M~1,0,0,0,0 all~20,20,15,7,0
104363979_485984|08-05~2,2,2,2,2 05-18~3,3,3,2,2 06-29~4,2,1,1,1 07-31~1,1,1,1,1 2026-07~28,24,16,15,15 06-23~4,4,2,2,2 05-28~1,0,0,0,0 05-12~2,2,0,0,0 07-18~1,0,0,0,0 06-27~1,1,1,1,1 07-04~2,1,0,0,0 08-15~4,2,2,2,2 06-16~2,2,2,2,2 06-24~1,0,0,0,0 06-03~1,1,1,1,1 2026-07M~2,0,0,0,0 2026-05M~1,1,0,0,0 08-14~4,3,3,3,3 08-18~3,2,2,2,2 07-13~5,2,1,1,1 06-19~7,4,1,0,0 07-01~2,0,0,0,0 07-20~6,2,2,2,2 08-31~3,2,2,2,2 2026-08~30,24,21,21,21 08-11~1,1,1,1,1 07-26~1,0,0,0,0 09-02~1,0,0,0,0 06-06~1,0,0,0,0 05-14~2,2,2,2,2 07-09~1,0,0,0,0 05-13~5,4,3,2,2 07-25~2,2,2,2,2 06-18~4,3,2,2,2 05-24~2,2,2,2,2 08-04~10,3,0,0,0 05-27~2,2,1,1,1 08-08~1,0,0,0,0 2026-09M~3,2,2,2,2 08-02~1,1,1,1,1 07-27~1,1,1,1,1 06-05~1,1,1,1,1 2026-05~27,27,22,20,20 07-16~1,0,0,0,0 07-03~1,0,0,0,0 05-22~2,0,0,0,0 2026-08M~2,1,1,1,1 05-20~3,3,3,3,3 06-26~3,2,1,1,1 07-23~1,1,1,1,1 07-19~1,0,0,0,0 08-01~1,0,0,0,0 05-02~1,1,0,0,0 09-01~3,2,2,2,2 08-19~3,1,1,1,1 2026-06~32,27,17,16,16 05-15~3,3,3,3,3 06-17~2,1,1,1,1 06-15~1,1,1,1,1 08-13~2,1,1,1,1 05-21~1,1,1,1,1 all~106,100,78,74,74 07-10~1,1,0,0,0 08-07~1,0,0,0,0 08-06~2,1,1,1,1 07-22~3,2,2,2,2 08-21~1,0,0,0,0 06-02~1,1,1,1,1 08-30~2,2,2,2,2 06-30~3,0,0,0,0 07-28~2,1,1,1,1 2026-09~3,2,2,2,2 05-25~1,0,0,0,0 07-21~2,1,1,1,1 07-17~2,0,0,0,0 07-24~4,1,1,1,1 2026-06M~1,1,1,1,1 08-17~3,1,1,1,1 07-29~1,1,1,1,1 06-25~2,1,0,0,0 07-15~1,1,1,1,1 07-11~4,4,1,0,0 06-09~1,1,0,0,0 07-12~3,2,0,0,0 08-20~2,0,0,0,0 08-03~1,0,0,0,0 08-12~3,1,1,1,1 06-04~1,0,0,0,0 05-19~4,4,4,4,4 06-28~3,3,2,2,2 07-02~1,0,0,0,0 08-16~4,1,1,1,1
104492471_494694|05-22~13,2,2,2,2 08-25~1,0,0,0,0 all~41,41,35,28,26 06-30~3,0,0,0,0 07-28~1,0,0,0,0 08-07~1,0,0,0,0 07-20~1,0,0,0,0 05-30~1,0,0,0,0 07-03~5,0,0,0,0 08-23~1,0,0,0,0 05-27~2,0,0,0,0 05-17~2,0,0,0,0 07-24~2,0,0,0,0 06-07~1,0,0,0,0 07-15~2,0,0,0,0 07-27~2,0,0,0,0 06-18~3,0,0,0,0 05-28~4,0,0,0,0 08-04~5,0,0,0,0 08-03~2,0,0,0,0 08-26~2,0,0,0,0 07-08~2,0,0,0,0 06-10~8,0,0,0,0 2026-06~14,0,0,0,0 06-02~8,0,0,0,0 07-22~1,0,0,0,0 08-27~3,0,0,0,0 06-23~2,0,0,0,0 06-25~2,0,0,0,0 08-01~1,0,0,0,0 07-05~5,1,0,0,0 07-12~2,0,0,0,0 06-26~2,0,0,0,0 06-03~2,0,0,0,0 05-16~8,8,7,5,4 08-06~1,0,0,0,0 2026-08~6,0,0,0,0 08-16~2,0,0,0,0 08-31~2,0,0,0,0 08-13~2,0,0,0,0 05-25~1,1,1,1,1 09-01~1,0,0,0,0 08-19~1,0,0,0,0 08-15~1,0,0,0,0 06-29~6,0,0,0,0 07-31~3,0,0,0,0 06-24~1,0,0,0,0 2026-08M~2,0,0,0,0 07-06~2,0,0,0,0 08-28~2,0,0,0,0 06-17~5,0,0,0,0 06-15~5,0,0,0,0 07-18~1,0,0,0,0 2026-09M~1,0,0,0,0 2026-06M~9,0,0,0,0 05-23~6,0,0,0,0 05-26~4,1,1,1,1 07-25~3,0,0,0,0 08-22~3,0,0,0,0 06-20~2,0,0,0,0 05-31~4,0,0,0,0 08-11~1,0,0,0,0 07-02~5,0,0,0,0 05-19~19,13,10,4,3 08-02~2,0,0,0,0 07-14~1,0,0,0,0 07-16~2,0,0,0,0 05-20~16,9,6,6,6 2026-07~10,1,0,0,0 07-21~1,0,0,0,0 08-17~3,0,0,0,0 08-08~2,0,0,0,0 07-17~3,0,0,0,0 2026-05~41,41,35,28,26 06-04~9,0,0,0,0 2026-07M~6,0,0,0,0 07-04~3,0,0,0,0 06-13~4,0,0,0,0 06-28~4,0,0,0,0 07-30~5,0,0,0,0 05-21~13,3,3,3,3 06-21~3,0,0,0,0 06-19~7,0,0,0,0 07-01~6,0,0,0,0 08-05~2,0,0,0,0 08-20~1,0,0,0,0 06-22~3,0,0,0,0 06-14~2,0,0,0,0 06-27~5,0,0,0,0 06-06~3,0,0,0,0 08-24~1,0,0,0,0 07-13~2,0,0,0,0 07-26~3,0,0,0,0 06-05~3,0,0,0,0 07-10~4,0,0,0,0 06-08~6,0,0,0,0 06-16~4,0,0,0,0 08-21~1,0,0,0,0 2026-09~1,0,0,0,0 05-18~8,6,6,4,4 06-12~3,0,0,0,0 05-10~1,0,0,0,0 05-29~5,0,0,0,0 07-09~1,0,0,0,0 06-11~7,0,0,0,0 05-24~3,0,0,0,0 08-18~1,0,0,0,0 07-11~4,0,0,0,0 06-09~4,0,0,0,0 08-09~2,0,0,0,0 07-29~2,0,0,0,0 07-07~2,0,0,0,0 06-01~3,0,0,0,0 07-19~1,0,0,0,0 08-14~2,0,0,0,0 08-12~1,0,0,0,0
104601415_487606|06-27~1,0,0,0,0 2026-06M~3,3,3,3,1 05-20~1,1,0,0,0 08-01~1,1,1,0,0 08-22~1,1,0,0,0 05-04~1,1,0,0,0 all~40,39,16,8,1 07-06~3,2,0,0,0 07-20~1,1,0,0,0 08-24~1,1,1,1,0 06-06~1,1,0,0,0 06-01~1,1,1,1,0 05-03~1,1,0,0,0 05-16~1,1,1,1,0 06-22~1,1,0,0,0 06-08~1,1,1,1,0 08-10~1,1,0,0,0 07-15~2,2,0,0,0 05-21~1,1,0,0,0 06-11~1,1,0,0,0 08-02~1,1,0,0,0 07-11~1,1,1,0,0 06-09~2,1,0,0,0 08-04~1,1,0,0,0 07-23~1,1,1,1,0 2026-05~10,10,3,1,0 2026-08~10,10,5,1,0 05-13~2,2,0,0,0 06-25~1,1,1,0,0 08-18~1,1,1,0,0 2026-07~8,8,3,2,0 07-24~1,0,0,0,0 08-17~1,1,0,0,0 05-06~1,1,0,0,0 07-05~1,1,1,1,0 06-04~1,1,0,0,0 08-16~1,1,1,0,0 06-18~1,0,0,0,0 08-28~2,1,1,0,0 2026-06~13,12,5,4,1 06-02~3,2,2,2,0 06-21~1,1,0,0,0 06-30~1,1,0,0,0 05-22~2,2,1,0,0 08-26~1,1,0,0,0 2026-08M~2,2,1,0,0 05-31~1,1,1,0,0 06-05~1,1,0,0,0
104619259_492958|2026-05~101,100,22,11,1 all~109,108,25,13,1 06-30~1,1,0,0,0 08-07~1,1,0,0,0 05-27~1,1,0,0,0 05-17~8,5,2,0,0 05-14~6,5,2,2,0 06-07~1,1,0,0,0 2026-06M~1,1,0,0,0 05-28~2,2,1,1,0 05-04~3,3,0,0,0 07-08~1,1,0,0,0 05-12~40,39,0,0,0 06-26~2,1,0,0,0 06-03~2,1,0,0,0 05-16~14,9,1,0,0 05-15~19,17,6,2,0 2026-06~12,10,3,2,0 06-24~2,1,1,0,0 06-20~1,1,0,0,0 05-31~2,2,0,0,0 05-19~2,2,1,0,0 06-04~2,1,1,1,0 06-21~1,1,0,0,0 2026-08~1,1,0,0,0 06-06~3,2,1,0,0 2026-07~1,1,0,0,0 06-05~1,0,0,0,0 06-08~2,1,0,0,0 05-18~5,4,0,0,0 05-29~1,0,0,0,0 05-13~29,24,9,6,1 06-09~1,0,0,0,0 06-01~1,1,0,0,0
104768250_488475|2026-05M~1,1,0,0,0 05-31~1,1,1,1,0 05-25~2,2,1,0,0 05-06~2,1,0,0,0 07-02~2,0,0,0,0 07-05~2,1,0,0,0 07-22~1,0,0,0,0 07-12~1,0,0,0,0 06-09~2,0,0,0,0 08-23~1,0,0,0,0 07-03~1,1,0,0,0 08-20~2,1,0,0,0 05-21~2,2,2,0,0 08-02~1,1,0,0,0 06-11~2,0,0,0,0 07-09~1,1,1,1,1 05-10~1,0,0,0,0 06-17~2,1,1,1,1 05-22~2,1,0,0,0 05-05~3,3,0,0,0 08-30~1,1,0,0,0 07-14~1,0,0,0,0 07-01~1,1,0,0,0 06-19~2,2,0,0,0 08-19~2,2,1,0,0 09-01~2,0,0,0,0 07-28~1,1,1,1,0 06-30~1,0,0,0,0 07-17~1,1,0,0,0 06-16~1,0,0,0,0 05-27~1,0,0,0,0 2026-08~14,12,4,2,0 06-12~3,0,0,0,0 05-17~3,3,2,1,0 06-15~1,0,0,0,0 06-22~1,1,0,0,0 07-13~1,1,0,0,0 06-08~1,0,0,0,0 08-27~1,0,0,0,0 06-21~1,1,0,0,0 06-18~2,1,0,0,0 05-03~2,2,0,0,0 all~66,66,20,13,3 05-08~2,2,0,0,0 07-26~2,2,0,0,0 05-26~2,2,0,0,0 06-26~2,0,0,0,0 05-30~1,0,0,0,0 06-04~3,1,1,1,0 05-29~2,0,0,0,0 06-13~1,0,0,0,0 05-11~1,1,0,0,0 05-13~2,1,0,0,0 07-25~1,0,0,0,0 07-18~1,0,0,0,0 05-24~3,3,1,1,0 2026-07~14,9,2,2,1 05-12~1,0,0,0,0 06-27~1,0,0,0,0 05-19~4,4,0,0,0 2026-06M~6,5,2,1,0 05-01~1,1,0,0,0 2026-09M~2,0,0,0,0 08-29~4,2,1,1,0 07-24~1,0,0,0,0 05-04~2,1,0,0,0 07-19~1,0,0,0,0 06-01~1,0,0,0,0 2026-07M~3,1,0,0,0 05-09~2,2,0,0,0 06-02~6,5,2,1,0 2026-09~2,0,0,0,0 06-10~2,0,0,0,0 05-16~3,2,2,1,0 05-23~2,1,0,0,0 06-06~1,1,0,0,0 05-18~2,1,0,0,0 05-15~2,1,0,0,0 06-29~1,0,0,0,0 08-21~1,1,1,1,0 06-05~1,0,0,0,0 08-16~1,1,1,0,0 06-03~2,1,1,1,0 2026-05~37,37,9,4,0 08-25~2,2,0,0,0 2026-06~15,12,5,4,1 05-14~2,2,0,0,0 05-28~1,0,0,0,0 08-15~1,1,0,0,0 2026-08M~1,1,0,0,0
104806457_492367|05-07~3,1,0,0,0 07-06~2,0,0,0,0 all~78,53,21,13,2 06-18~3,1,1,0,0 05-19~1,1,0,0,0 08-29~1,1,1,1,0 06-28~1,1,0,0,0 09-01~1,1,1,0,0 07-22~1,0,0,0,0 06-27~1,0,0,0,0 06-24~1,0,0,0,0 06-06~1,0,0,0,0 08-15~1,1,0,0,0 05-17~1,0,0,0,0 08-18~1,0,0,0,0 08-31~2,0,0,0,0 05-16~1,1,0,0,0 08-08~2,2,0,0,0 06-10~1,0,0,0,0 08-12~1,1,0,0,0 05-13~1,1,0,0,0 06-16~3,1,0,0,0 07-13~1,1,0,0,0 08-16~1,0,0,0,0 2026-05M~2,2,0,0,0 05-12~2,2,0,0,0 05-06~1,1,0,0,0 2026-09M~1,1,1,0,0 06-23~2,0,0,0,0 06-30~3,2,2,0,0 07-25~1,0,0,0,0 07-20~2,1,1,1,0 05-02~1,0,0,0,0 05-28~2,0,0,0,0 06-05~1,1,0,0,0 05-31~1,1,1,0,0 08-20~1,1,0,0,0 2026-09~1,1,1,0,0 05-29~1,0,0,0,0 06-14~2,2,1,1,1 05-03~1,1,0,0,0 08-17~2,2,2,2,0 05-11~1,1,0,0,0 08-23~2,1,0,0,0 05-30~5,2,0,0,0 07-01~3,1,0,0,0 06-19~2,1,1,0,0 07-31~1,1,1,1,0 06-29~1,1,0,0,0 05-05~2,1,0,0,0 05-04~1,0,0,0,0 07-03~1,1,1,0,0 07-10~1,0,0,0,0 07-16~1,0,0,0,0 06-17~1,1,1,0,0 05-23~1,1,1,1,0 2026-07M~3,1,0,0,0 08-27~2,2,0,0,0 08-06~2,2,1,1,0 05-15~1,1,1,1,1 06-26~2,0,0,0,0 07-07~2,1,0,0,0 08-02~1,1,0,0,0 07-21~1,1,0,0,0 08-01~1,0,0,0,0 06-12~2,0,0,0,0 08-09~3,2,1,0,0 07-04~1,0,0,0,0 06-21~1,0,0,0,0 2026-08~21,16,5,4,0 2026-08M~2,1,0,0,0 05-01~2,2,0,0,0 2026-05~28,22,5,4,1 2026-07~17,8,3,2,0 06-11~1,0,0,0,0 07-09~1,1,0,0,0 06-09~1,0,0,0,0 05-27~1,0,0,0,0 05-25~5,5,2,2,0 2026-06~23,11,6,2,1 07-15~1,0,0,0,0
104806457_492368|07-20~1,1,0,0,0 2026-06~1,1,1,0,0 2026-07M~1,0,0,0,0 2026-08~6,3,2,1,0 08-03~1,0,0,0,0 all~10,6,4,2,0 07-01~1,0,0,0,0 06-19~1,1,1,0,0 2026-05~1,1,0,0,0 2026-07~2,1,1,1,0 08-19~1,1,0,0,0 05-29~1,1,0,0,0 08-09~1,1,1,0,0 07-17~1,1,1,1,0 08-25~1,0,0,0,0 2026-08M~1,0,0,0,0 08-15~1,1,1,1,0 08-01~1,0,0,0,0
104902940_489586|all~6,6,3,0,0 05-25~2,2,1,0,0 2026-06~1,1,0,0,0 05-29~3,2,2,0,0 06-16~1,1,0,0,0 08-22~1,1,0,0,0 2026-05~4,4,3,0,0 2026-08~1,1,0,0,0
104905419_493578|06-26~1,1,0,0,0 08-03~2,0,0,0,0 06-07~1,0,0,0,0 05-28~4,1,0,0,0 08-05~1,0,0,0,0 06-03~3,0,0,0,0 06-04~3,0,0,0,0 07-08~1,0,0,0,0 06-10~1,1,0,0,0 06-02~2,0,0,0,0 07-10~2,0,0,0,0 06-08~3,0,0,0,0 05-09~4,3,0,0,0 06-15~2,0,0,0,0 2026-06~8,2,0,0,0 05-14~9,3,3,0,0 06-29~1,0,0,0,0 06-16~1,0,0,0,0 07-17~1,0,0,0,0 05-27~2,1,0,0,0 05-21~3,1,1,1,0 05-19~5,2,1,1,0 07-13~1,0,0,0,0 05-22~5,2,0,0,0 05-07~5,5,0,0,0 07-09~1,0,0,0,0 06-11~2,0,0,0,0 2026-09M~1,0,0,0,0 all~52,51,14,6,2 06-01~1,0,0,0,0 07-19~1,0,0,0,0 2026-07M~3,0,0,0,0 06-21~2,0,0,0,0 05-20~6,3,0,0,0 05-13~10,6,3,0,0 05-11~5,5,0,0,0 06-27~1,0,0,0,0 2026-09~1,0,0,0,0 05-24~2,0,0,0,0 05-29~2,0,0,0,0 07-05~2,0,0,0,0 05-30~2,0,0,0,0 07-12~1,0,0,0,0 05-08~14,14,0,0,0 06-24~1,0,0,0,0 06-19~2,0,0,0,0 07-01~2,0,0,0,0 08-04~1,0,0,0,0 09-02~1,0,0,0,0 05-18~5,2,1,1,0 05-17~1,0,0,0,0 05-25~4,2,2,1,0 06-18~2,0,0,0,0 05-26~3,1,1,0,0 07-03~1,0,0,0,0 05-23~1,0,0,0,0 2026-07~5,0,0,0,0 07-11~1,0,0,0,0 06-09~2,0,0,0,0 07-07~2,0,0,0,0 05-12~6,5,0,0,0 06-30~1,0,0,0,0 2026-08~2,0,0,0,0 07-04~1,0,0,0,0 05-16~4,1,0,0,0 06-14~1,0,0,0,0 07-02~3,0,0,0,0 2026-06M~3,0,0,0,0 05-15~5,3,2,0,0 06-17~1,0,0,0,0 06-20~2,0,0,0,0 05-31~1,0,0,0,0 06-06~2,0,0,0,0 2026-05~52,51,14,6,2
104905643_492987|05-20~1,1,1,0,0 06-02~2,2,1,1,1 all~55,54,15,8,3 06-04~4,2,2,1,1 05-05~1,1,0,0,0 05-26~1,1,1,0,0 08-05~1,0,0,0,0 05-29~2,2,0,0,0 07-02~1,0,0,0,0 06-01~1,1,1,1,0 05-06~1,1,0,0,0 2026-09~1,1,0,0,0 05-23~2,2,0,0,0 05-22~1,1,0,0,0 05-04~2,2,0,0,0 06-17~1,0,0,0,0 06-10~1,0,0,0,0 07-08~1,0,0,0,0 05-15~1,1,1,1,0 05-13~2,2,0,0,0 05-16~2,2,1,0,0 05-28~2,1,0,0,0 06-06~2,2,1,1,0 05-10~1,1,0,0,0 05-31~2,1,0,0,0 2026-07M~1,1,1,1,1 07-01~1,1,1,1,1 2026-06M~3,3,2,2,1 2026-09M~1,1,0,0,0 06-08~1,1,0,0,0 05-27~2,2,1,0,0 05-07~3,3,0,0,0 05-12~4,4,0,0,0 06-05~2,1,1,1,0 08-19~1,1,0,0,0 09-02~1,1,0,0,0 2026-08~2,1,0,0,0 05-09~1,1,0,0,0 2026-05~43,42,8,2,0 05-21~4,4,2,0,0 06-03~2,0,0,0,0 06-09~1,0,0,0,0 05-30~2,2,0,0,0 2026-07~3,2,1,1,1 05-24~4,4,1,1,0 08-21~1,0,0,0,0 2026-06~12,9,6,5,2 05-08~3,3,0,0,0 05-11~1,1,0,0,0 05-17~3,2,0,0,0 06-11~2,0,0,0,0 07-09~2,1,0,0,0
104923577_496887|2026-05~9,9,6,0,0 05-30~9,9,6,0,0 06-18~1,0,0,0,0 06-02~1,1,1,1,1 2026-06M~18,18,7,3,3 2026-06~18,18,7,3,3 06-01~17,17,6,2,2 all~27,27,13,3,3 06-03~1,0,0,0,0 2026-07~4,0,0,0,0 07-25~4,0,0,0,0
104956447_497530|08-26~1,0,0,0,0 06-22~4,0,0,0,0 08-14~1,0,0,0,0 06-12~2,1,1,0,0 07-09~5,3,1,1,0 06-11~1,0,0,0,0 06-28~12,4,1,1,0 08-10~1,0,0,0,0 07-17~1,0,0,0,0 06-26~7,4,1,1,0 06-21~4,1,0,0,0 07-16~8,2,2,0,0 06-27~11,2,1,1,0 08-06~1,0,0,0,0 06-20~8,4,0,0,0 07-11~9,2,1,1,0 06-09~1,0,0,0,0 06-16~7,4,1,0,0 06-30~7,4,0,0,0 06-25~13,0,0,0,0 08-25~1,0,0,0,0 2026-08~5,2,0,0,0 07-14~7,0,0,0,0 08-04~1,0,0,0,0 06-29~4,2,1,1,0 05-22~1,0,0,0,0 07-06~5,3,2,2,0 07-05~7,3,1,0,0 06-13~5,2,0,0,0 06-17~2,1,0,0,0 06-14~8,1,0,0,0 06-24~5,0,0,0,0 08-07~3,0,0,0,0 06-04~7,1,1,0,0 08-17~1,0,0,0,0 07-13~5,2,2,1,0 2026-05~1,0,0,0,0 07-02~2,1,0,0,0 08-03~1,0,0,0,0 07-08~6,0,0,0,0 07-20~1,1,1,1,0 06-01~1,0,0,0,0 07-19~1,0,0,0,0 06-19~6,1,1,1,0 07-01~9,2,0,0,0 07-12~2,0,0,0,0 2026-06M~1,0,0,0,0 07-03~4,0,0,0,0 07-04~4,1,1,1,0 08-12~1,0,0,0,0 08-15~1,0,0,0,0 08-11~2,0,0,0,0 09-02~1,0,0,0,0 07-07~4,0,0,0,0 05-06~1,0,0,0,0 07-23~2,0,0,0,0 2026-09~1,0,0,0,0 07-15~3,0,0,0,0 2026-09M~1,0,0,0,0 2026-06~109,33,8,5,0 07-22~1,0,0,0,0 06-15~5,1,0,0,0 07-29~1,1,0,0,0 09-01~1,0,0,0,0 07-10~4,0,0,0,0 06-08~1,1,0,0,0 2026-07M~11,3,0,0,0 06-05~2,0,0,0,0 2026-07~77,21,11,7,0 06-23~1,0,0,0,0 08-31~2,2,0,0,0 all~186,55,19,12,0
105155591_492466|05-22~10,9,5,5,5 08-17~1,0,0,0,0 07-26~1,0,0,0,0 05-15~18,15,4,0,0 07-11~1,0,0,0,0 06-09~3,3,3,3,3 06-19~1,1,0,0,0 07-01~1,0,0,0,0 07-02~2,0,0,0,0 2026-05M~19,10,0,0,0 08-11~3,1,0,0,0 05-09~5,5,0,0,0 06-02~4,2,0,0,0 05-03~4,1,0,0,0 06-04~3,2,0,0,0 05-31~3,1,0,0,0 05-16~4,4,0,0,0 2026-09~1,0,0,0,0 08-13~1,0,0,0,0 06-26~2,0,0,0,0 08-07~1,0,0,0,0 06-23~3,0,0,0,0 07-04~1,0,0,0,0 06-05~1,0,0,0,0 05-13~7,7,0,0,0 06-01~6,3,0,0,0 07-19~1,0,0,0,0 05-04~1,0,0,0,0 06-06~2,1,0,0,0 2026-05~187,143,64,53,52 05-28~5,1,0,0,0 06-18~2,0,0,0,0 05-27~11,5,4,4,4 05-10~5,5,0,0,0 08-12~1,0,0,0,0 2026-07M~2,0,0,0,0 06-24~1,0,0,0,0 05-19~2,1,1,1,1 06-28~1,0,0,0,0 08-03~1,1,1,0,0 05-23~18,16,11,8,8 05-14~10,9,5,5,5 07-18~1,0,0,0,0 2026-08~5,2,1,1,0 05-02~1,0,0,0,0 06-25~1,0,0,0,0 05-01~18,10,0,0,0 2026-06~31,16,3,3,3 05-12~7,5,0,0,0 08-04~1,0,0,0,0 05-26~14,9,4,4,4 2026-06M~10,5,0,0,0 05-17~3,1,0,0,0 06-12~2,0,0,0,0 05-25~24,13,9,8,8 06-30~1,0,0,0,0 06-11~2,0,0,0,0 05-29~7,5,4,4,4 06-14~1,0,0,0,0 05-08~11,10,0,0,0 05-20~5,3,2,1,1 06-22~4,1,0,0,0 05-24~17,14,10,5,3 08-31~1,0,0,0,0 06-03~6,3,0,0,0 05-05~7,3,0,0,0 05-30~4,2,0,0,0 05-06~9,9,0,0,0 05-21~6,6,5,5,5 05-18~3,3,0,0,0 2026-09M~1,0,0,0,0 2026-07~3,0,0,0,0 06-16~1,0,0,0,0 08-05~1,0,0,0,0 06-10~4,0,0,0,0 all~202,153,68,58,56 05-07~5,5,0,0,0 05-11~12,5,0,0,0 09-02~1,0,0,0,0
105156098_491469|06-04~2,1,0,0,0 05-16~3,0,0,0,0 2026-08M~2,0,0,0,0 07-02~1,0,0,0,0 05-31~1,0,0,0,0 06-01~3,1,0,0,0 07-19~2,1,0,0,0 05-15~9,2,1,1,0 06-09~2,0,0,0,0 06-20~1,1,0,0,0 06-06~5,0,0,0,0 2026-06M~3,1,0,0,0 08-02~2,0,0,0,0 05-28~2,0,0,0,0 05-10~6,1,0,0,0 06-02~2,0,0,0,0 06-05~2,1,0,0,0 2026-05~59,6,2,2,1 all~71,12,3,3,3 07-29~2,0,0,0,0 06-08~1,0,0,0,0 07-30~4,0,0,0,0 05-29~1,0,0,0,0 2026-07M~1,0,0,0,0 05-30~4,0,0,0,0 05-20~2,0,0,0,0 05-17~1,0,0,0,0 06-03~4,2,1,1,1 05-03~1,0,0,0,0 06-10~1,0,0,0,0 2026-07~8,1,0,0,0 05-09~6,1,0,0,0 07-28~1,0,0,0,0 08-13~1,1,0,0,0 05-11~9,0,0,0,0 05-25~2,1,1,1,1 08-03~1,0,0,0,0 07-09~1,0,0,0,0 08-21~1,0,0,0,0 05-26~2,0,0,0,0 2026-08~4,2,0,0,0 06-12~5,1,0,0,0 05-23~9,1,0,0,0 05-27~1,0,0,0,0 2026-06~13,4,1,1,1 05-08~5,1,0,0,0 05-05~11,0,0,0,0 05-22~1,0,0,0,0 07-21~1,0,0,0,0 08-31~2,1,0,0,0 06-15~1,0,0,0,0 06-13~1,0,0,0,0 05-04~1,0,0,0,0
105156098_497054|08-26~2,0,0,0,0 06-22~3,3,1,0,0 08-20~1,0,0,0,0 05-19~1,0,0,0,0 06-12~4,4,0,0,0 07-09~5,5,2,1,0 07-30~1,0,0,0,0 2026-09M~1,0,0,0,0 06-21~1,1,0,0,0 08-02~3,3,1,0,0 06-06~7,6,0,0,0 06-27~1,0,0,0,0 08-13~15,13,2,1,0 06-20~4,4,1,1,0 06-16~3,2,1,1,0 06-30~1,1,0,0,0 08-25~1,0,0,0,0 2026-06M~7,6,3,0,0 2026-07~43,39,11,5,1 08-18~1,0,0,0,0 2026-05~2,1,1,1,0 07-06~1,1,1,1,0 07-05~1,0,0,0,0 06-13~1,1,0,0,0 06-17~1,1,0,0,0 08-17~1,0,0,0,0 05-08~1,0,0,0,0 07-13~1,0,0,0,0 05-21~1,0,0,0,0 06-18~2,1,0,0,0 06-02~1,1,0,0,0 2026-08~27,22,4,2,0 07-20~1,1,1,0,0 05-15~1,1,1,1,0 06-01~6,5,3,0,0 07-19~4,4,1,0,0 08-15~1,0,0,0,0 07-25~2,1,0,0,0 09-02~1,0,0,0,0 2026-09~1,0,0,0,0 07-07~1,0,0,0,0 08-16~2,1,0,0,0 07-22~3,3,1,1,0 06-15~3,2,0,0,0 08-01~1,0,0,0,0 07-21~15,14,2,0,0 2026-06~37,35,6,2,0 07-29~13,12,3,1,0 2026-08M~4,3,1,0,0 08-24~1,0,0,0,0 08-19~1,0,0,0,0 06-05~3,3,0,0,0 08-31~5,5,1,0,0 all~105,96,22,10,1
105157473_491662|07-13~7,0,0,0,0 06-17~7,0,0,0,0 05-07~13,5,0,0,0 08-02~5,0,0,0,0 05-03~21,6,0,0,0 08-29~6,0,0,0,0 07-09~5,1,1,1,0 06-11~8,1,1,0,0 all~170,59,28,25,9 05-11~7,0,0,0,0 07-06~7,1,1,1,0 2026-07M~10,2,1,1,0 07-24~5,0,0,0,0 05-15~13,3,1,1,0 07-25~3,0,0,0,0 2026-06~37,12,3,3,2 07-29~4,0,0,0,0 06-14~9,0,0,0,0 08-22~6,0,0,0,0 05-17~12,2,2,2,1 08-30~4,0,0,0,0 08-08~4,0,0,0,0 06-15~7,0,0,0,0 08-11~7,0,0,0,0 07-18~12,3,3,3,0 2026-06M~17,1,1,1,0 06-18~8,0,0,0,0 07-20~6,1,1,0,0 2026-08M~6,0,0,0,0 08-17~9,0,0,0,0 05-20~13,1,1,1,0 07-04~7,0,0,0,0 05-28~19,2,1,1,0 08-14~7,1,1,1,1 08-31~8,2,1,0,0 07-15~5,0,0,0,0 05-27~12,2,1,1,0 07-21~7,1,1,0,0 07-12~6,0,0,0,0 05-08~11,2,0,0,0 06-01~9,1,1,1,0 07-19~8,0,0,0,0 06-22~7,0,0,0,0 05-16~7,0,0,0,0 05-13~7,0,0,0,0 06-29~8,1,1,1,0 07-31~3,0,0,0,0 06-24~6,0,0,0,0 06-03~10,2,0,0,0 06-21~7,1,0,0,0 07-07~6,1,1,1,0 05-31~7,1,0,0,0 05-14~10,2,2,2,0 05-04~7,1,0,0,0 06-27~11,1,1,1,0 05-24~7,0,0,0,0 06-06~12,1,0,0,0 08-16~5,0,0,0,0 2026-05M~10,3,0,0,0 07-02~9,1,0,0,0 08-25~5,1,1,0,0 08-27~7,1,1,1,0 08-09~5,0,0,0,0 08-04~8,1,1,1,1 06-02~13,1,1,1,0 07-05~5,0,0,0,0 07-08~6,1,1,0,0 06-10~8,1,0,0,0 08-12~5,1,0,0,0 05-10~10,0,0,0,0 06-23~6,0,0,0,0 08-28~6,0,0,0,0 06-28~4,0,0,0,0 07-30~3,0,0,0,0 06-30~7,1,1,1,0 07-28~5,0,0,0,0 08-05~8,0,0,0,0 08-06~5,0,0,0,0 06-25~9,0,0,0,0 07-22~7,2,1,1,0 07-03~8,0,0,0,0 05-01~5,2,0,0,0 05-18~8,1,1,1,0 2026-05~140,43,19,15,4 08-21~9,3,0,0,0 05-06~12,1,0,0,0 09-02~6,1,0,0,0 05-02~9,1,0,0,0 05-30~17,0,0,0,0 08-13~10,2,1,1,1 05-21~10,1,1,0,0 2026-09M~7,1,1,1,0 05-23~9,2,2,0,0 05-25~6,1,1,1,1 07-10~7,1,0,0,0 06-08~8,0,0,0,0 05-09~10,2,0,0,0 06-19~7,0,0,0,0 07-01~8,1,1,1,0 09-01~6,1,1,0,0 08-19~6,0,0,0,0 05-19~15,3,3,1,0 06-12~10,0,0,0,0 08-10~6,0,0,0,0 05-05~6,2,0,0,0 06-05~14,4,1,1,1 06-04~10,0,0,0,0 08-26~5,0,0,0,0 08-15~7,1,0,0,0 07-26~4,0,0,0,0 2026-07~25,7,5,5,1 08-18~6,0,0,0,0 06-16~8,1,1,0,0 06-07~9,0,0,0,0 2026-08~22,10,4,4,4 07-17~5,1,0,0,0 08-24~8,2,1,1,1 06-13~9,1,0,0,0 05-12~11,1,0,0,0 08-20~6,0,0,0,0 08-23~6,1,0,0,0 07-11~4,0,0,0,0 06-09~8,1,0,0,0 08-07~5,0,0,0,0 07-23~2,0,0,0,0 08-03~5,0,0,0,0 2026-09~7,1,1,1,0 05-29~23,4,4,4,1 05-22~13,3,2,1,0 08-01~5,0,0,0,0 07-14~7,1,1,1,1 07-16~6,1,1,1,0 07-27~5,0,0,0,0 06-26~10,2,0,0,0 06-20~4,0,0,0,0 05-26~9,1,1,1,1
105157473_497065|07-02~3,3,0,0,0 08-30~7,7,3,1,0 08-04~1,0,0,0,0 06-20~2,1,0,0,0 08-24~2,2,0,0,0 08-14~1,0,0,0,0 08-17~2,2,1,1,0 07-25~3,0,0,0,0 08-05~1,0,0,0,0 07-26~3,1,0,0,0 07-04~1,1,0,0,0 07-06~4,4,0,0,0 08-12~3,3,0,0,0 08-07~3,3,1,0,0 06-07~2,2,0,0,0 07-12~2,2,0,0,0 08-11~2,2,0,0,0 08-08~1,0,0,0,0 06-26~2,2,1,1,0 07-14~6,5,2,2,2 07-22~1,0,0,0,0 07-09~2,1,0,0,0 07-01~3,2,1,0,0 06-19~3,2,1,1,0 08-15~1,0,0,0,0 08-16~2,2,0,0,0 07-21~3,1,1,1,0 06-27~5,4,1,1,0 06-22~1,0,0,0,0 2026-05~1,0,0,0,0 08-31~3,1,0,0,0 05-15~1,0,0,0,0 07-18~4,1,0,0,0 06-25~1,1,0,0,0 07-03~1,1,1,0,0 2026-06M~2,2,2,0,0 07-07~1,1,0,0,0 08-29~7,5,0,0,0 2026-07M~6,5,1,0,0 08-20~1,0,0,0,0 2026-08M~1,1,0,0,0 08-25~2,2,0,0,0 all~112,106,35,22,6 07-16~3,0,0,0,0 2026-07~41,40,9,7,3 06-21~3,3,0,0,0 09-02~5,5,2,2,1 08-23~2,2,0,0,0 08-28~7,6,4,2,0 2026-09M~7,7,3,3,1 07-28~1,1,0,0,0 06-30~1,1,0,0,0 06-29~2,1,1,1,0 07-05~3,2,0,0,0 06-09~1,1,0,0,0 2026-09~7,7,3,3,1 07-19~4,3,2,2,1 06-01~2,2,2,0,0 06-10~1,1,0,0,0 07-08~1,0,0,0,0 06-12~3,3,3,0,0 06-14~3,3,2,1,0 07-15~5,2,0,0,0 07-20~2,1,0,0,0 07-30~3,2,1,1,0 06-28~6,6,1,1,0 08-19~2,2,1,0,0 09-01~2,2,1,1,0 07-24~4,3,0,0,0 07-17~4,1,0,0,0 08-18~3,2,0,0,0 2026-06~33,32,12,7,1 07-27~2,1,0,0,0 06-08~1,1,0,0,0 08-13~2,1,0,0,0 07-23~6,3,1,1,0 08-10~4,2,1,0,0 06-18~1,0,0,0,0 08-01~1,1,0,0,0 07-13~5,4,0,0,0 06-13~3,3,0,0,0 2026-08~45,39,11,5,0
105191727_492371|05-05~10,6,0,0,0 07-03~1,0,0,0,0 06-21~1,0,0,0,0 08-08~1,0,0,0,0 08-13~1,1,1,0,0 05-06~3,1,0,0,0 2026-08~2,1,1,1,1 05-08~11,8,0,0,0 05-03~28,28,0,0,0 06-10~1,0,0,0,0 06-18~1,0,0,0,0 2026-07M~1,0,0,0,0 05-09~6,4,0,0,0 05-04~15,7,0,0,0 05-12~2,1,0,0,0 05-14~1,0,0,0,0 05-11~1,0,0,0,0 2026-07~3,1,0,0,0 08-07~2,1,1,0,0 06-24~1,0,0,0,0 05-17~1,1,1,0,0 06-14~4,0,0,0,0 2026-05~66,62,8,6,6 07-02~1,0,0,0,0 07-06~1,1,0,0,0 2026-06~14,7,6,1,0 05-13~4,4,4,4,4 all~66,63,16,14,11 05-15~1,0,0,0,0 06-11~2,0,0,0,0 06-13~6,5,4,0,0 06-15~2,2,0,0,0 07-14~1,0,0,0,0 05-29~2,2,2,0,0 05-07~10,6,0,0,0 05-22~1,0,0,0,0 06-22~3,0,0,0,0 07-01~1,0,0,0,0 06-19~2,1,1,0,0 06-12~2,1,1,0,0 05-16~2,1,1,0,0 05-10~1,0,0,0,0 06-16~1,0,0,0,0
105266505_492220|05-03~1,0,0,0,0 05-24~4,1,1,1,0 07-02~3,0,0,0,0 07-30~1,0,0,0,0 06-04~3,0,0,0,0 2026-07~9,1,1,0,0 09-02~2,0,0,0,0 07-26~3,0,0,0,0 08-09~1,0,0,0,0 05-31~3,0,0,0,0 06-23~2,0,0,0,0 06-20~3,0,0,0,0 2026-05~28,13,6,1,0 06-02~2,0,0,0,0 07-22~3,0,0,0,0 07-18~2,1,1,0,0 07-28~1,0,0,0,0 08-19~1,0,0,0,0 09-01~3,0,0,0,0 06-19~2,0,0,0,0 06-14~2,0,0,0,0 08-30~3,0,0,0,0 08-16~3,0,0,0,0 07-20~1,0,0,0,0 05-17~5,1,0,0,0 06-12~3,1,0,0,0 07-17~2,0,0,0,0 08-12~1,0,0,0,0 08-15~1,0,0,0,0 08-22~1,0,0,0,0 05-22~1,0,0,0,0 08-08~3,1,0,0,0 06-08~1,0,0,0,0 07-10~2,0,0,0,0 05-16~2,1,1,0,0 05-25~2,0,0,0,0 06-27~2,0,0,0,0 08-21~1,0,0,0,0 07-21~3,0,0,0,0 07-24~1,0,0,0,0 05-30~2,0,0,0,0 08-28~1,0,0,0,0 08-18~1,0,0,0,0 07-06~1,0,0,0,0 07-23~1,0,0,0,0 07-13~1,0,0,0,0 05-29~3,0,0,0,0 06-05~5,1,0,0,0 07-19~2,0,0,0,0 2026-08~12,4,1,1,0 06-01~2,1,0,0,0 08-24~2,0,0,0,0 06-10~5,0,0,0,0 07-08~1,0,0,0,0 08-26~2,1,0,0,0 07-27~1,0,0,0,0 2026-08M~2,1,0,0,0 08-04~3,0,0,0,0 08-13~1,0,0,0,0 2026-07M~3,0,0,0,0 08-25~2,0,0,0,0 05-15~5,2,1,0,0 08-20~1,0,0,0,0 07-05~4,0,0,0,0 06-03~3,0,0,0,0 06-17~1,0,0,0,0 06-29~3,0,0,0,0 all~42,19,7,2,0 2026-06~17,4,0,0,0 07-07~1,0,0,0,0 2026-09~3,0,0,0,0 07-16~1,0,0,0,0 07-14~1,0,0,0,0 07-12~1,0,0,0,0 06-13~2,0,0,0,0 05-27~1,0,0,0,0 08-01~2,1,0,0,0 06-26~4,0,0,0,0 05-18~5,1,0,0,0 08-23~2,0,0,0,0 08-02~1,0,0,0,0 08-07~1,0,0,0,0 08-31~2,0,0,0,0 06-22~2,0,0,0,0 07-03~3,0,0,0,0 06-11~4,0,0,0,0 07-09~2,0,0,0,0 05-28~1,0,0,0,0 08-06~3,1,0,0,0 05-20~2,2,1,0,0 08-29~2,0,0,0,0 06-21~1,0,0,0,0 07-25~4,0,0,0,0 08-05~2,0,0,0,0 06-16~2,0,0,0,0 2026-06M~4,1,0,0,0 08-03~1,1,1,1,0 06-18~1,0,0,0,0 06-25~2,0,0,0,0 05-26~1,0,0,0,0 05-14~5,4,2,0,0 06-06~1,0,0,0,0 07-15~2,0,0,0,0 2026-09M~3,0,0,0,0 05-21~3,1,0,0,0 05-09~1,0,0,0,0 06-09~3,1,0,0,0 07-11~3,0,0,0,0
105280811_492323|08-04~9,0,0,0,0 08-23~3,0,0,0,0 05-19~3,0,0,0,0 06-28~4,0,0,0,0 07-30~6,1,0,0,0 09-02~7,1,0,0,0 06-22~6,0,0,0,0 05-29~7,3,3,2,2 05-13~10,5,2,1,0 06-01~6,2,0,0,0 07-19~6,0,0,0,0 2026-05~103,100,16,15,5 06-26~6,1,0,0,0 07-05~8,0,0,0,0 05-16~7,4,1,1,1 08-14~7,0,0,0,0 06-17~5,0,0,0,0 2026-09M~9,1,0,0,0 05-10~13,7,0,0,0 06-25~5,0,0,0,0 06-02~12,7,3,3,3 2026-07M~9,1,0,0,0 08-15~5,0,0,0,0 09-01~5,0,0,0,0 08-19~4,0,0,0,0 07-12~4,0,0,0,0 05-08~8,3,0,0,0 05-11~13,7,0,0,0 06-18~4,0,0,0,0 06-20~7,1,0,0,0 07-21~7,0,0,0,0 08-28~4,0,0,0,0 08-30~6,0,0,0,0 08-10~6,1,0,0,0 07-27~8,1,1,1,0 06-07~4,0,0,0,0 2026-08~25,8,1,1,0 05-15~11,4,2,2,1 07-08~3,0,0,0,0 06-10~6,0,0,0,0 05-12~10,4,0,0,0 07-24~10,2,2,1,0 06-19~6,0,0,0,0 07-01~4,0,0,0,0 05-25~6,2,1,1,0 08-25~6,0,0,0,0 08-11~8,0,0,0,0 08-05~8,1,0,0,0 08-22~2,0,0,0,0 05-26~7,3,0,0,0 08-29~5,0,0,0,0 all~110,110,28,26,13 08-01~9,2,1,1,0 05-28~7,2,1,1,0 08-09~8,1,0,0,0 08-03~7,1,0,0,0 07-26~8,0,0,0,0 06-04~8,2,2,2,1 05-30~7,0,0,0,0 07-15~6,2,1,1,0 07-17~6,0,0,0,0 07-02~9,1,0,0,0 05-23~4,1,1,1,0 06-21~8,1,0,0,0 2026-07~28,14,6,4,1 05-21~10,3,1,1,0 06-27~6,0,0,0,0 07-22~9,1,0,0,0 2026-06M~15,9,3,3,3 07-18~7,0,0,0,0 05-03~8,7,0,0,0 08-18~6,2,0,0,0 05-14~12,6,0,0,0 06-16~5,1,0,0,0 06-14~5,1,1,1,0 05-07~9,6,0,0,0 05-22~6,1,1,1,0 06-23~8,1,0,0,0 05-31~7,0,0,0,0 08-12~6,0,0,0,0 06-15~5,1,0,0,0 05-20~4,0,0,0,0 07-06~5,1,0,0,0 05-27~5,2,1,1,0 06-06~4,0,0,0,0 07-11~3,0,0,0,0 06-09~6,0,0,0,0 08-06~8,1,0,0,0 08-07~9,0,0,0,0 07-23~7,1,1,0,0 08-20~3,0,0,0,0 06-03~5,0,0,0,0 05-06~14,10,0,0,0 2026-08M~14,4,1,1,0 08-31~5,0,0,0,0 07-29~9,2,0,0,0 2026-06~29,19,9,8,5 05-24~6,1,0,0,0 07-20~5,0,0,0,0 07-16~8,1,0,0,0 05-05~16,10,0,0,0 07-25~8,2,1,0,0 07-04~7,0,0,0,0 08-16~4,0,0,0,0 06-30~7,1,1,0,0 07-28~7,1,0,0,0 2026-05M~7,6,0,0,0 05-17~5,2,2,2,0 07-09~7,0,0,0,0 06-11~5,0,0,0,0 06-24~5,1,0,0,0 05-01~4,3,0,0,0 07-07~6,0,0,0,0 08-27~5,0,0,0,0 06-12~8,2,2,2,1 07-14~6,1,0,0,0 05-02~6,3,0,0,0 07-10~7,0,0,0,0 2026-09~9,1,0,0,0 06-08~7,1,1,0,0 05-04~10,7,0,0,0 07-13~3,0,0,0,0 05-09~8,5,0,0,0 08-21~5,1,1,0,0 08-02~10,2,0,0,0 06-13~5,1,0,0,0 08-13~7,0,0,0,0 06-05~4,0,0,0,0 05-18~5,0,0,0,0 06-29~2,0,0,0,0 07-31~10,0,0,0,0 07-03~7,0,0,0,0 08-24~4,0,0,0,0 08-26~5,0,0,0,0 08-17~4,0,0,0,0 08-08~7,1,0,0,0
105280811_497414|05-01~2,0,0,0,0 2026-08~41,20,6,5,2 06-18~4,0,0,0,0 07-06~6,0,0,0,0 08-16~11,3,1,1,0 08-31~8,0,0,0,0 08-18~7,1,1,0,0 07-24~11,3,1,1,0 08-08~9,0,0,0,0 08-30~4,0,0,0,0 06-21~8,5,2,2,1 09-01~8,0,0,0,0 08-19~9,0,0,0,0 06-22~6,3,3,2,1 07-18~7,3,1,0,0 08-13~10,2,0,0,0 05-11~1,0,0,0,0 08-15~8,0,0,0,0 07-20~6,1,1,1,1 08-28~8,0,0,0,0 07-03~11,4,3,3,1 06-16~5,1,1,1,0 08-14~7,0,0,0,0 07-22~5,0,0,0,0 07-08~6,0,0,0,0 2026-05M~2,0,0,0,0 06-26~4,2,1,1,0 07-15~4,0,0,0,0 08-10~15,5,1,1,1 08-17~8,1,0,0,0 06-05~1,0,0,0,0 08-20~7,1,0,0,0 08-09~13,3,0,0,0 2026-07M~7,1,0,0,0 07-12~3,0,0,0,0 06-25~11,8,5,1,0 08-23~8,1,0,0,0 06-30~9,2,0,0,0 07-28~8,1,1,1,0 07-23~3,0,0,0,0 07-26~9,3,1,1,0 08-29~7,0,0,0,0 2026-07~50,37,18,17,8 09-02~5,0,0,0,0 07-04~9,3,1,1,0 07-21~7,1,0,0,0 05-06~1,1,0,0,0 06-29~6,1,1,1,0 07-31~12,5,5,4,2 07-11~2,0,0,0,0 06-09~1,1,1,0,0 08-26~7,0,0,0,0 2026-08M~17,3,1,0,0 06-12~1,1,0,0,0 08-24~7,0,0,0,0 07-25~5,1,0,0,0 05-05~1,0,0,0,0 08-06~10,0,0,0,0 08-11~17,3,0,0,0 08-02~12,3,1,0,0 08-27~8,0,0,0,0 2026-06~46,44,27,20,11 08-25~8,0,0,0,0 08-22~5,0,0,0,0 07-29~8,1,0,0,0 07-07~5,0,0,0,0 07-19~9,3,1,1,1 06-15~7,6,4,3,1 2026-09M~8,0,0,0,0 05-03~2,0,0,0,0 07-05~8,2,1,1,1 07-14~5,2,0,0,0 07-16~9,5,1,1,1 07-10~5,0,0,0,0 06-08~4,3,0,0,0 07-09~3,0,0,0,0 06-11~1,0,0,0,0 08-03~9,0,0,0,0 06-24~3,1,1,1,1 08-21~6,0,0,0,0 06-28~9,4,2,1,0 07-30~12,0,0,0,0 2026-05~3,1,0,0,0 08-05~9,0,0,0,0 05-13~1,0,0,0,0 all~89,87,49,41,22 06-20~7,3,2,2,1 06-19~4,3,3,2,1 07-01~5,0,0,0,0 08-12~8,1,0,0,0 06-13~1,0,0,0,0 08-04~11,2,2,2,1 06-23~3,1,0,0,0 07-27~7,0,0,0,0 08-07~8,0,0,0,0 06-14~7,5,1,1,1 08-01~10,0,0,0,0 07-02~5,1,0,0,0 06-27~1,0,0,0,0 06-04~1,0,0,0,0 2026-09~8,0,0,0,0 06-17~2,0,0,0,0 07-17~5,1,1,1,1 05-12~1,0,0,0,0 07-13~5,0,0,0,0
105284095_494198|08-03~1,0,0,0,0 05-25~7,4,1,0,0 06-14~6,1,1,0,0 08-21~1,0,0,0,0 08-26~1,0,0,0,0 07-06~1,0,0,0,0 05-15~7,6,3,2,1 05-16~1,0,0,0,0 2026-09M~1,0,0,0,0 07-25~1,0,0,0,0 2026-06~35,30,12,11,2 05-21~6,4,3,3,1 05-26~6,3,1,1,1 05-31~6,1,0,0,0 2026-07~4,0,0,0,0 2026-05~51,50,22,18,9 05-20~6,3,1,0,0 07-02~1,0,0,0,0 06-21~1,0,0,0,0 08-28~1,0,0,0,0 06-19~1,0,0,0,0 07-01~1,0,0,0,0 07-26~1,0,0,0,0 05-27~5,1,0,0,0 08-29~1,0,0,0,0 05-22~8,3,2,2,1 08-22~1,0,0,0,0 08-25~1,0,0,0,0 06-24~2,0,0,0,0 07-04~2,0,0,0,0 08-01~3,0,0,0,0 06-05~8,5,1,1,0 08-14~1,0,0,0,0 06-03~8,4,2,2,0 08-27~1,0,0,0,0 07-23~1,0,0,0,0 05-29~2,0,0,0,0 08-08~1,0,0,0,0 05-19~12,11,3,2,1 09-01~1,0,0,0,0 08-19~2,0,0,0,0 05-30~7,3,2,2,1 08-15~1,0,0,0,0 2026-08M~3,0,0,0,0 05-14~7,7,1,1,0 08-17~1,0,0,0,0 05-13~1,0,0,0,0 05-23~5,2,1,1,0 07-17~1,0,0,0,0 08-12~2,0,0,0,0 06-02~9,3,0,0,0 2026-08~5,0,0,0,0 07-20~1,0,0,0,0 07-29~1,0,0,0,0 06-26~2,1,0,0,0 07-08~2,0,0,0,0 06-10~9,5,3,2,0 08-16~1,0,0,0,0 08-09~1,0,0,0,0 08-04~1,0,0,0,0 06-06~3,0,0,0,0 07-13~1,0,0,0,0 05-17~3,2,1,1,0 07-24~1,0,0,0,0 08-24~1,0,0,0,0 06-11~6,0,0,0,0 06-12~5,0,0,0,0 05-28~5,0,0,0,0 07-30~1,0,0,0,0 07-07~1,0,0,0,0 08-31~1,0,0,0,0 06-29~1,0,0,0,0 07-31~1,0,0,0,0 06-22~2,1,0,0,0 07-22~1,0,0,0,0 07-16~1,0,0,0,0 06-07~4,1,0,0,0 all~78,77,33,28,11 07-27~1,0,0,0,0 08-23~2,0,0,0,0 08-06~1,0,0,0,0 05-18~7,6,1,0,0 06-04~13,7,3,2,0 08-11~1,0,0,0,0 06-01~11,6,2,2,1 07-19~2,0,0,0,0 06-20~1,0,0,0,0 2026-07M~1,0,0,0,0 07-10~1,0,0,0,0 06-08~5,1,0,0,0 07-14~1,0,0,0,0 08-02~1,0,0,0,0 08-13~1,0,0,0,0 06-18~1,0,0,0,0 06-23~2,0,0,0,0 06-09~5,0,0,0,0 06-30~1,0,0,0,0 07-28~1,0,0,0,0 05-12~1,1,0,0,0 08-07~2,0,0,0,0 2026-09~1,0,0,0,0 06-13~6,0,0,0,0 06-17~2,0,0,0,0 07-21~1,0,0,0,0 05-24~7,4,2,2,1 06-15~3,0,0,0,0 06-27~1,0,0,0,0 08-18~1,0,0,0,0 09-02~1,0,0,0,0 2026-06M~13,8,2,2,1
105284192_492357|05-12~1,0,0,0,0 05-29~4,2,2,2,1 06-15~2,0,0,0,0 05-20~4,1,0,0,0 06-13~2,1,1,1,0 05-02~2,2,0,0,0 06-11~3,0,0,0,0 05-03~2,0,0,0,0 2026-06~41,12,8,7,0 05-08~2,0,0,0,0 06-08~2,1,0,0,0 06-05~1,0,0,0,0 06-29~1,0,0,0,0 05-26~1,0,0,0,0 06-24~1,0,0,0,0 08-04~1,1,0,0,0 06-16~4,2,1,0,0 06-19~1,0,0,0,0 05-13~1,1,0,0,0 06-23~3,1,0,0,0 06-25~2,1,1,1,0 05-17~2,1,0,0,0 05-21~6,3,2,2,0 05-15~4,1,0,0,0 05-19~3,1,0,0,0 07-02~1,0,0,0,0 06-10~3,1,1,1,0 06-01~2,0,0,0,0 05-16~4,2,1,1,0 2026-05~65,28,12,11,3 2026-05M~4,3,0,0,0 2026-06M~3,0,0,0,0 all~106,41,20,18,4 05-04~2,2,0,0,0 05-25~3,2,0,0,0 06-22~2,1,1,1,0 06-26~3,1,1,1,0 06-12~1,0,0,0,0 06-06~3,1,1,1,0 05-11~1,1,0,0,0 07-03~2,1,0,0,0 06-02~1,0,0,0,0 2026-08~1,1,0,0,0 05-27~8,4,3,2,1 06-27~3,0,0,0,0 05-09~1,0,0,0,0 2026-07M~1,0,0,0,0 05-28~8,2,2,2,1 05-31~3,2,1,1,0 06-07~1,0,0,0,0 2026-07~3,1,0,0,0 06-09~3,0,0,0,0 05-14~2,0,0,0,0 05-05~1,0,0,0,0 06-17~2,1,0,0,0 06-04~2,1,1,1,0 05-30~4,0,0,0,0 05-01~2,1,0,0,0 05-18~3,1,1,1,0 06-18~2,0,0,0,0
105284192_492361|05-27~1,0,0,0,0 06-12~1,1,1,0,0 all~10,5,3,0,0 05-04~1,0,0,0,0 2026-05~2,0,0,0,0 06-08~1,0,0,0,0 06-10~2,1,1,0,0 05-20~1,0,0,0,0 06-17~1,1,0,0,0 06-16~2,2,1,0,0 06-04~1,0,0,0,0 2026-06~8,5,3,0,0
105284192_501202|all~24,24,7,6,0 07-28~2,2,1,1,0 07-24~1,1,0,0,0 07-27~3,3,2,1,0 08-04~1,1,0,0,0 08-27~1,1,0,0,0 08-13~1,1,0,0,0 08-15~2,2,0,0,0 08-28~1,1,0,0,0 07-18~1,1,0,0,0 07-23~1,1,1,0,0 07-25~2,2,1,1,0 07-21~1,1,0,0,0 08-29~1,1,0,0,0 07-04~1,1,0,0,0 2026-08~8,8,0,0,0 07-13~2,2,0,0,0 07-26~2,2,1,1,0 07-10~1,1,1,1,0 2026-07~18,18,7,5,0 08-18~1,1,0,0,0 07-11~1,1,0,0,0 08-09~1,1,0,0,0 07-07~1,1,0,0,0
105301207_496527|06-24~42,4,2,1,0 06-03~445,6,4,2,0 07-07~22,0,0,0,0 2026-05M~23,2,0,0,0 08-16~18,10,0,0,0 08-08~16,8,0,0,0 07-25~11,0,0,0,0 05-23~27,0,0,0,0 07-22~7,2,0,0,0 08-02~9,2,0,0,0 08-21~5,1,0,0,0 06-19~23,1,1,1,0 07-01~55,0,0,0,0 05-19~23,1,1,1,0 06-16~43,1,0,0,0 05-04~25,0,0,0,0 05-07~11,0,0,0,0 08-06~7,0,0,0,0 05-25~25,1,0,0,0 05-08~17,0,0,0,0 08-05~7,0,0,0,0 08-22~2,0,0,0,0 2026-05~1239,45,29,15,0 05-27~76,5,4,2,0 05-17~35,0,0,0,0 07-26~13,1,0,0,0 07-21~6,1,0,0,0 07-04~23,0,0,0,0 07-05~39,3,0,0,0 09-01~2,0,0,0,0 08-19~5,0,0,0,0 07-10~20,3,0,0,0 06-08~327,6,3,1,0 07-08~15,0,0,0,0 06-10~323,23,10,5,0 05-12~19,1,0,0,0 06-30~47,1,0,0,0 07-28~12,2,0,0,0 07-23~11,3,0,0,0 08-27~2,0,0,0,0 05-03~17,0,0,0,0 05-28~425,14,9,4,0 all~5448,277,129,70,1 08-30~1,0,0,0,0 2026-09~3,0,0,0,0 06-14~31,4,1,0,0 05-20~27,0,0,0,0 06-05~492,8,5,1,0 07-29~13,1,0,0,0 06-25~49,1,0,0,0 06-02~393,7,4,4,0 07-24~19,2,0,0,0 07-11~17,0,0,0,0 06-09~357,18,10,4,0 05-15~16,0,0,0,0 05-13~30,0,0,0,0 06-21~35,0,0,0,0 07-13~23,1,0,0,0 06-29~32,0,0,0,0 07-31~8,0,0,0,0 06-17~46,0,0,0,0 06-23~23,1,1,1,0 08-13~11,3,0,0,0 07-16~18,1,0,0,0 05-22~28,0,0,0,0 08-24~3,0,0,0,0 05-26~11,0,0,0,0 06-12~113,6,3,1,0 08-01~10,0,0,0,0 07-12~22,1,0,0,0 06-15~44,1,1,0,0 08-07~7,3,0,0,0 06-18~22,0,0,0,0 09-02~3,0,0,0,0 05-18~28,1,1,0,0 08-17~12,4,0,0,0 2026-06M~659,20,12,7,0 08-20~5,0,0,0,0 06-20~27,1,0,0,0 07-20~13,1,0,0,0 2026-09M~3,0,0,0,0 08-03~9,0,0,0,0 06-13~28,0,0,0,0 05-14~22,0,0,0,0 05-09~18,0,0,0,0 05-10~18,1,0,0,0 05-24~46,0,0,0,0 2026-06~4551,192,97,52,1 08-26~2,0,0,0,0 2026-07~214,19,2,1,0 08-29~1,0,0,0,0 05-30~231,7,3,1,0 08-12~11,4,0,0,0 06-26~31,2,0,0,0 06-27~41,1,1,0,0 05-29~347,8,5,3,0 07-18~29,1,0,0,0 08-23~5,1,0,0,0 05-01~9,1,0,0,0 05-16~25,0,0,0,0 07-09~11,1,1,1,0 06-11~474,52,23,10,0 08-11~11,4,0,0,0 05-11~20,1,0,0,0 07-27~9,1,0,0,0 07-02~63,2,1,0,0 08-18~4,0,0,0,0 07-15~24,1,0,0,0 07-14~27,0,0,0,0 08-14~16,7,0,0,0 08-10~17,6,0,0,0 05-05~19,0,0,0,0 07-06~32,0,0,0,0 08-31~2,0,0,0,0 07-17~27,1,0,0,0 08-04~8,0,0,0,0 06-07~597,17,8,6,0 08-15~16,7,1,0,0 07-03~34,0,0,0,0 2026-08~73,32,1,0,0 05-06~14,1,0,0,0 08-28~3,0,0,0,0 05-31~351,7,6,4,0 2026-08M~14,2,0,0,0 05-02~19,1,0,0,0 06-01~332,13,8,3,0 07-19~27,0,0,0,0 06-22~35,1,1,0,0 05-21~24,0,0,0,0 08-25~3,0,0,0,0 08-09~18,9,0,0,0 2026-07M~99,2,1,0,0 06-04~1087,15,4,3,0 06-06~426,12,6,3,1 06-28~50,2,1,1,0 07-30~9,0,0,0,0
105301207_496687|all~18,6,4,3,0 07-03~1,0,0,0,0 06-05~1,0,0,0,0 05-30~14,4,2,2,0 06-03~1,0,0,0,0 06-06~1,0,0,0,0 05-29~5,1,1,0,0 06-24~1,0,0,0,0 07-05~1,0,0,0,0 06-01~1,0,0,0,0 06-10~1,0,0,0,0 05-31~1,0,0,0,0 2026-05~18,5,3,2,0 2026-06~3,0,0,0,0 05-03~1,0,0,0,0 2026-06M~1,0,0,0,0 05-09~1,0,0,0,0 07-07~1,1,0,0,0 2026-07~2,1,0,0,0 07-31~1,0,0,0,0
105301207_497043|07-24~15,1,0,0,0 07-03~160,21,12,10,0 06-07~235,35,24,12,0 05-25~8,0,0,0,0 05-17~7,0,0,0,0 08-10~10,2,0,0,0 08-12~12,4,1,1,0 05-23~7,0,0,0,0 06-25~200,36,20,10,0 06-22~200,63,43,21,1 09-02~5,0,0,0,0 2026-06~4207,843,575,299,2 05-13~7,0,0,0,0 07-19~43,4,2,2,0 06-01~45,6,3,2,0 05-01~7,1,0,0,0 all~5097,1091,730,408,2 07-16~34,5,3,3,0 2026-08M~21,2,1,1,0 08-25~5,0,0,0,0 05-10~6,1,0,0,0 05-05~4,1,0,0,0 2026-06M~247,43,29,17,0 06-26~205,49,27,13,0 05-26~4,0,0,0,0 06-21~230,33,17,8,0 06-04~238,13,9,5,0 05-07~5,0,0,0,0 08-20~4,1,0,0,0 08-18~6,0,0,0,0 06-05~177,18,11,2,0 08-01~13,2,1,1,0 06-10~200,30,24,9,0 07-08~76,17,12,2,0 06-08~207,26,16,7,0 07-10~42,8,4,1,0 07-30~10,5,1,0,0 06-28~240,44,31,10,0 08-07~7,1,0,0,0 06-23~192,30,19,7,0 05-30~13,1,0,0,0 08-28~2,0,0,0,0 07-14~39,5,3,0,0 08-04~11,3,1,0,0 08-21~6,1,0,0,0 2026-07~1204,250,152,92,0 07-05~155,27,17,12,0 07-31~14,1,1,0,0 06-29~129,18,11,4,0 07-25~16,6,3,2,0 07-02~214,33,20,11,0 06-24~192,28,17,7,0 05-18~9,1,1,1,0 06-11~188,27,15,5,0 07-09~44,5,3,1,0 05-06~3,0,0,0,0 05-03~7,0,0,0,0 07-21~14,1,0,0,0 06-13~101,22,17,9,0 07-29~15,3,2,0,0 07-17~26,0,0,0,0 05-21~4,0,0,0,0 05-04~7,2,0,0,0 07-23~14,1,1,1,0 05-14~3,0,0,0,0 06-16~101,21,14,6,0 08-06~10,0,0,0,0 07-12~37,6,3,1,0 08-22~7,2,0,0,0 08-19~7,1,1,0,0 09-01~2,0,0,0,0 08-14~10,1,0,0,0 06-12~116,14,11,8,0 2026-08~94,34,7,3,0 07-15~60,6,4,3,0 07-18~35,5,1,0,0 08-02~11,0,0,0,0 2026-05~76,14,4,2,0 07-20~18,1,0,0,0 06-20~178,34,27,14,0 08-15~11,6,0,0,0 08-16~8,4,1,1,0 08-26~6,0,0,0,0 07-13~37,1,0,0,0 05-11~4,0,0,0,0 05-08~3,0,0,0,0 05-22~7,1,1,0,0 08-31~3,0,0,0,0 05-28~10,1,0,0,0 05-16~8,0,0,0,0 05-12~5,1,0,0,0 07-26~12,1,0,0,0 07-27~11,0,0,0,0 05-20~7,1,1,0,0 2026-09~5,0,0,0,0 08-03~12,2,0,0,0 05-31~11,0,0,0,0 06-18~176,34,27,18,0 05-19~7,1,0,0,0 06-09~192,15,10,3,0 07-11~27,3,2,2,0 08-09~9,1,0,0,0 05-09~5,0,0,0,0 06-27~170,30,20,13,0 06-02~209,37,26,15,0 2026-09M~5,0,0,0,0 05-15~5,0,0,0,0 06-15~127,17,12,6,0 06-14~127,18,11,4,0 2026-07M~371,59,31,18,0 08-05~8,0,0,0,0 08-24~8,3,1,0,0 08-08~13,3,1,0,0 06-06~183,24,18,8,0 05-24~10,0,0,0,0 08-29~3,0,0,0,0 06-17~191,44,24,13,0 08-27~5,0,0,0,0 07-07~145,28,23,11,0 2026-05M~10,2,0,0,0 06-03~188,23,14,8,0 05-02~6,1,0,0,0 08-30~1,0,0,0,0 05-29~14,2,1,0,0 05-27~6,0,0,0,0 07-01~175,26,11,7,0 06-19~197,38,23,13,0 07-22~10,1,0,0,0 08-17~8,0,0,0,0 08-13~15,5,0,0,0 08-11~6,2,0,0,0 08-23~8,1,0,0,0 07-04~122,21,12,4,0 07-06~131,21,14,10,0 07-28~13,3,0,0,0 06-30~255,58,40,22,1
105301207_498825|08-04~19,0,0,0,0 05-03~6,0,0,0,0 06-21~672,22,12,7,0 08-25~20,0,0,0,0 06-13~2,0,0,0,0 06-27~926,24,14,4,0 07-27~34,8,0,0,0 05-26~3,0,0,0,0 08-15~99,29,5,3,0 08-16~98,41,6,4,0 06-17~608,25,15,10,0 08-08~535,7,1,1,0 05-05~6,1,0,0,0 08-21~33,5,2,1,0 08-26~9,1,1,1,0 06-05~2,0,0,0,0 08-01~32,3,2,1,0 08-31~5,0,0,0,0 08-09~294,12,1,0,0 06-18~438,22,7,5,0 08-20~35,1,0,0,0 07-03~1731,21,9,6,0 2026-05M~9,1,0,0,0 07-21~138,36,2,0,0 2026-07M~5138,43,18,10,0 05-28~5,1,1,0,0 06-14~5,2,0,0,0 07-19~319,10,1,1,1 06-01~4,0,0,0,0 08-27~7,1,0,0,0 07-23~116,22,1,1,0 07-13~362,7,2,0,0 05-29~3,0,0,0,0 08-11~245,14,0,0,0 08-22~23,1,0,0,0 05-22~3,0,0,0,0 06-22~668,17,8,6,0 05-25~3,0,0,0,0 2026-06M~5,0,0,0,0 06-03~3,0,0,0,0 05-01~5,1,0,0,0 05-14~3,0,0,0,0 07-16~274,7,0,0,0 07-31~24,0,0,0,0 06-29~695,5,3,3,0 05-27~2,0,0,0,0 07-07~2122,17,11,6,0 08-29~9,1,0,0,0 05-08~6,0,0,0,0 07-24~119,15,1,1,0 08-19~24,0,0,0,0 09-01~4,0,0,0,0 05-19~2,0,0,0,0 08-30~4,0,0,0,0 05-20~2,1,0,0,0 07-04~1954,16,7,5,0 09-02~4,0,0,0,0 05-15~1,0,0,0,0 06-09~1,0,0,0,0 07-11~365,9,6,4,1 07-17~381,23,3,2,0 06-02~2,0,0,0,0 06-07~2,1,0,0,0 08-14~59,20,0,0,0 05-30~3,0,0,0,0 05-17~3,0,0,0,0 08-10~430,15,1,0,0 08-13~119,22,2,2,0 08-23~27,2,1,1,0 06-25~1082,36,19,8,0 07-18~295,17,0,0,0 08-03~17,1,0,0,0 06-10~3,0,0,0,0 07-08~891,9,4,2,0 07-28~36,8,0,0,0 06-30~1728,23,8,7,0 05-12~5,0,0,0,0 07-26~83,17,1,1,0 07-22~130,26,2,2,0 08-05~70,3,1,1,0 2026-06~10945,394,202,135,3 05-16~3,1,1,1,0 05-09~3,0,0,0,0 05-04~2,0,0,0,0 06-04~2,0,0,0,0 08-17~65,18,2,1,0 05-24~4,0,0,0,0 08-28~12,0,0,0,0 08-06~76,4,1,1,0 05-31~5,0,0,0,0 06-08~4,1,0,0,0 07-10~311,14,5,3,0 06-15~376,18,12,8,1 07-14~418,15,4,3,1 06-26~805,29,13,8,1 07-20~125,15,2,1,0 2026-08~2083,173,34,24,1 all~25493,879,352,248,9 06-12~3,0,0,0,0 06-16~594,31,19,15,0 08-07~162,7,2,0,0 06-24~1121,36,12,10,0 2026-09~7,0,0,0,0 07-29~46,8,0,0,0 07-30~24,1,0,0,0 06-28~868,28,15,12,0 07-05~1530,18,9,6,0 07-12~479,5,3,3,0 07-15~510,29,4,3,0 05-23~1,0,0,0,0 05-06~9,0,0,0,0 08-18~40,2,0,0,0 06-11~2,0,0,0,0 07-09~340,7,3,2,1 05-11~6,0,0,0,0 05-10~3,0,0,0,0 2026-07~14255,347,117,84,4 07-01~2283,23,10,6,0 06-19~585,32,18,13,1 05-02~4,0,0,0,0 06-20~633,29,12,7,0 05-13~6,0,0,0,0 2026-05~46,6,2,2,0 2026-08M~62,6,2,1,0 08-12~69,10,3,2,0 05-07~2,1,0,0,0 07-02~3409,22,8,4,0 06-06~2,0,0,0,0 06-23~739,33,15,7,0 07-06~1328,30,20,15,0 08-02~38,3,0,0,0 2026-09M~7,0,0,0,0 07-25~113,7,0,0,0 08-24~26,5,3,3,1 05-18~4,0,0,0,0
105301207_500590|06-04~1,0,0,0,0 08-11~12,3,0,0,0 05-08~1,0,0,0,0 07-22~8,0,0,0,0 2026-05M~2,0,0,0,0 05-24~1,0,0,0,0 07-25~8,0,0,0,0 08-05~5,0,0,0,0 07-06~48,0,0,0,0 07-09~38,0,0,0,0 05-03~1,0,0,0,0 08-01~4,0,0,0,0 05-22~1,0,0,0,0 08-02~7,0,0,0,0 05-20~1,0,0,0,0 05-10~1,0,0,0,0 07-21~7,0,0,0,0 07-26~4,0,0,0,0 07-03~127,2,2,1,0 05-18~1,0,0,0,0 08-07~9,3,0,0,0 07-02~269,0,0,0,0 07-17~17,0,0,0,0 07-24~7,1,0,0,0 08-20~2,2,0,0,0 05-04~2,0,0,0,0 all~843,25,5,2,0 07-23~6,0,0,0,0 07-16~26,0,0,0,0 05-12~1,0,0,0,0 05-19~1,0,0,0,0 06-26~10,1,1,0,0 07-14~41,0,0,0,0 07-08~45,0,0,0,0 06-10~1,0,0,0,0 2026-08~33,17,0,0,0 06-28~43,2,1,0,0 07-30~1,0,0,0,0 08-14~1,1,0,0,0 07-11~61,1,0,0,0 2026-06~217,4,2,0,0 05-25~1,0,0,0,0 05-21~1,0,0,0,0 08-06~6,0,0,0,0 07-15~49,0,0,0,0 07-07~42,0,0,0,0 08-10~10,2,0,0,0 06-27~38,0,0,0,0 07-27~3,0,0,0,0 08-09~9,5,0,0,0 08-04~5,0,0,0,0 05-13~2,1,1,1,0 08-21~2,2,0,0,0 05-09~1,0,0,0,0 08-15~7,3,0,0,0 2026-07~669,5,2,1,0 05-11~1,0,0,0,0 08-16~4,0,0,0,0 05-16~1,0,0,0,0 07-20~6,0,0,0,0 2026-05~5,1,1,1,0 07-05~65,0,0,0,0 2026-07M~385,0,0,0,0 07-12~72,0,0,0,0 07-13~50,0,0,0,0 07-29~5,0,0,0,0 08-13~4,2,0,0,0 08-17~2,0,0,0,0 05-02~1,0,0,0,0 07-01~136,0,0,0,0 07-10~56,1,0,0,0 08-03~4,0,0,0,0 07-18~13,0,0,0,0 08-12~1,1,0,0,0 07-04~66,0,0,0,0 05-01~1,0,0,0,0 06-25~1,0,0,0,0 08-08~11,4,0,0,0 05-26~1,0,0,0,0 08-22~2,2,0,0,0 07-19~13,0,0,0,0 06-30~102,1,0,0,0 07-28~4,0,0,0,0 2026-08M~9,0,0,0,0 06-29~35,0,0,0,0 07-31~2,0,0,0,0
105301207_501664|05-28~1,0,0,0,0 06-16~1,0,0,0,0 08-12~1043,959,4,2,0 06-24~1,0,0,0,0 07-08~14,13,11,2,0 06-10~1,0,0,0,0 05-16~1,0,0,0,0 07-10~42,41,14,5,0 06-08~1,0,0,0,0 05-11~1,0,0,0,0 08-22~129,79,1,1,0 08-21~631,372,0,0,0 08-18~686,449,0,0,0 06-20~1,0,0,0,0 08-16~1023,706,1,1,0 08-11~1758,1448,7,5,0 08-06~612,586,8,2,0 08-05~603,567,4,0,0 08-17~1004,687,3,2,0 07-16~44,39,2,1,1 06-23~1,0,0,0,0 08-10~1415,1165,2,0,0 07-14~31,24,7,5,0 07-24~21,13,3,0,0 2026-07~6542,6071,117,48,3 08-26~69,53,0,0,0 08-15~969,670,4,0,0 06-15~1,0,0,0,0 05-12~2,0,0,0,0 06-18~1,0,0,0,0 08-03~2079,1971,12,2,0 09-02~17,11,0,0,0 05-23~1,0,0,0,0 07-21~26,22,4,1,0 06-28~1,0,0,0,0 07-30~2638,2426,6,3,1 06-03~1,0,0,0,0 09-01~22,17,0,0,0 08-19~820,520,0,0,0 2026-08M~5063,4702,16,5,1 07-13~33,29,13,6,0 2026-05~4,0,0,0,0 08-07~1122,1031,0,0,0 08-04~777,738,0,0,0 06-04~1,0,0,0,0 05-17~1,0,0,0,0 05-22~1,0,0,0,0 07-26~25,19,1,0,0 07-20~27,23,5,0,0 06-30~1,0,0,0,0 07-28~183,171,2,0,0 08-23~103,72,1,0,0 05-07~2,0,0,0,0 05-20~1,0,0,0,0 05-02~2,0,0,0,0 08-27~42,32,0,0,0 08-24~94,60,0,0,0 08-14~590,409,3,0,0 06-27~1,0,0,0,0 05-25~1,0,0,0,0 all~25860,23969,195,80,6 07-11~10,9,4,3,0 06-09~1,0,0,0,0 07-15~29,25,4,3,0 08-28~51,39,0,0,0 2026-09M~30,22,0,0,0 2026-07M~1,0,0,0,0 2026-06~2,0,0,0,0 08-20~826,483,0,0,0 08-08~1274,1149,3,1,0 05-13~1,0,0,0,0 08-31~21,17,0,0,0 08-29~28,21,0,0,0 05-06~1,0,0,0,0 05-19~1,0,0,0,0 07-27~27,20,4,1,0 06-22~1,0,0,0,0 07-23~25,21,2,0,0 07-09~5,2,1,0,0 06-11~1,0,0,0,0 07-17~36,27,2,1,1 07-03~1,0,0,0,0 06-25~1,0,0,0,0 06-21~1,0,0,0,0 08-30~24,19,0,0,0 06-13~1,0,0,0,0 06-02~1,0,0,0,0 2026-06M~1,0,0,0,0 07-18~20,17,2,1,0 06-06~1,0,0,0,0 07-07~3,1,0,0,0 07-25~23,15,1,1,0 07-22~26,18,2,2,0 05-14~1,0,0,0,0 05-31~1,0,0,0,0 06-26~1,0,0,0,0 05-26~1,0,0,0,0 05-27~1,0,0,0,0 2026-08~19583,18097,79,33,3 06-17~1,0,0,0,0 07-05~1,0,0,0,0 05-24~1,0,0,0,0 2026-05M~2,0,0,0,0 08-25~77,55,0,0,0 05-30~1,0,0,0,0 07-29~1537,1420,5,1,0 08-09~1087,949,4,3,2 08-01~2509,2306,5,1,0 2026-09~30,22,0,0,0 06-14~1,0,0,0,0 06-29~1,0,0,0,0 07-31~1888,1734,7,0,0 08-02~2593,2426,11,4,1 07-12~39,36,18,8,0 08-13~945,840,7,4,0 06-19~1,0,0,0,0 07-01~1,0,0,0,0 06-01~1,0,0,0,0 07-19~21,14,3,0,0 05-05~2,0,0,0,0
105301207_501903|08-08~5,1,0,0,0 05-13~1,0,0,0,0 07-07~1,0,0,0,0 09-01~1,0,0,0,0 08-19~1,0,0,0,0 09-02~1,0,0,0,0 07-03~1,0,0,0,0 08-04~3,0,0,0,0 05-09~1,0,0,0,0 2026-08~18,7,1,0,0 07-11~127,12,8,3,0 06-09~1,0,0,0,0 05-06~1,0,0,0,0 08-05~2,0,0,0,0 06-14~1,0,0,0,0 2026-06~1,0,0,0,0 06-17~1,0,0,0,0 05-24~1,0,0,0,0 2026-07~394,43,25,12,0 07-15~14,2,1,0,0 06-07~1,0,0,0,0 08-02~3,1,0,0,0 05-25~1,0,0,0,0 05-29~1,0,0,0,0 06-23~1,0,0,0,0 08-07~3,2,0,0,0 08-21~2,0,0,0,0 07-17~12,1,1,1,0 05-18~1,0,0,0,0 06-02~1,0,0,0,0 06-13~1,0,0,0,0 07-20~18,0,0,0,0 2026-07M~1,0,0,0,0 2026-09~1,0,0,0,0 05-04~1,0,0,0,0 06-30~1,0,0,0,0 07-28~4,3,0,0,0 08-15~4,3,0,0,0 07-27~5,1,0,0,0 05-12~1,0,0,0,0 07-08~1,0,0,0,0 06-10~1,0,0,0,0 08-16~5,3,0,0,0 05-19~1,0,0,0,0 06-05~1,0,0,0,0 06-03~1,0,0,0,0 07-16~17,4,3,2,0 07-13~35,6,3,2,0 05-31~1,0,0,0,0 2026-08M~4,1,0,0,0 07-31~1,0,0,0,0 07-14~20,0,0,0,0 07-04~1,0,0,0,0 07-24~5,0,0,0,0 05-02~1,0,0,0,0 08-13~3,2,0,0,0 08-09~3,1,0,0,0 2026-09M~1,0,0,0,0 05-05~1,0,0,0,0 08-11~4,3,0,0,0 2026-05M~1,0,0,0,0 05-08~1,0,0,0,0 07-10~66,7,2,1,0 06-08~1,0,0,0,0 05-30~1,0,0,0,0 05-28~1,0,0,0,0 08-12~5,2,0,0,0 08-01~2,0,0,0,0 08-10~6,3,0,0,0 08-17~1,1,0,0,0 05-03~1,0,0,0,0 06-04~1,0,0,0,0 06-19~1,0,0,0,0 07-01~1,0,0,0,0 07-18~18,0,0,0,0 06-20~1,0,0,0,0 07-06~1,0,0,0,0 07-02~1,0,0,0,0 06-28~1,0,0,0,0 07-30~2,0,0,0,0 07-21~11,2,1,0,0 07-23~8,0,0,0,0 07-25~5,1,0,0,0 06-24~1,0,0,0,0 07-09~1,0,0,0,0 06-11~1,0,0,0,0 06-06~1,0,0,0,0 05-01~1,0,0,0,0 06-01~1,0,0,0,0 07-19~15,3,1,0,0 2026-05~3,0,0,0,0 08-14~3,1,0,0,0 07-05~1,0,0,0,0 08-30~1,0,0,0,0 05-26~1,0,0,0,0 08-06~2,0,0,0,0 06-15~1,0,0,0,0 2026-06M~1,0,0,0,0 08-31~1,0,0,0,0 05-17~1,0,0,0,0 06-16~1,0,0,0,0 07-12~124,8,4,1,0 06-12~1,0,0,0,0 08-03~5,1,1,0,0 05-11~1,0,0,0,0 05-23~1,0,0,0,0 07-29~5,1,0,0,0 all~394,49,25,12,0 07-22~9,1,0,0,0 05-27~1,0,0,0,0 07-26~6,2,0,0,0
105301207_502030|2026-07~23,8,4,2,0 07-12~1,0,0,0,0 05-01~1,0,0,0,0 07-13~12,4,1,1,0 2026-05~1,1,0,0,0 2026-05M~1,0,0,0,0 07-14~8,0,0,0,0 05-20~1,1,0,0,0 07-10~5,4,3,1,0 2026-08~1,1,0,0,0 05-14~1,1,0,0,0 05-13~1,1,0,0,0 all~23,8,4,2,0 08-31~1,1,0,0,0
105301207_505960|08-24~1,0,0,0,0 08-13~4,0,0,0,0 08-14~39,2,1,1,0 08-12~1,0,0,0,0 08-18~3,0,0,0,0 08-15~169,6,4,3,0 2026-05~1,0,0,0,0 all~358,11,6,4,0 05-18~1,0,0,0,0 2026-08~358,11,6,4,0 08-19~1,1,1,0,0 08-16~144,2,0,0,0
105302925_492699|2026-08~77,52,8,6,1 08-15~2,1,0,0,0 08-09~4,1,0,0,0 07-18~3,0,0,0,0 07-06~8,0,0,0,0 07-04~6,3,2,1,0 all~295,206,41,26,7 06-14~6,1,0,0,0 05-25~3,3,0,0,0 05-03~2,0,0,0,0 06-10~4,2,0,0,0 07-08~4,1,0,0,0 05-20~5,2,1,1,0 08-22~2,1,0,0,0 06-21~9,2,0,0,0 05-26~8,5,3,2,2 06-13~6,3,3,2,1 05-04~6,4,0,0,0 08-23~2,1,0,0,0 05-28~5,2,0,0,0 08-28~2,2,1,1,0 07-24~4,0,0,0,0 05-27~8,5,1,0,0 06-16~5,2,0,0,0 07-17~5,0,0,0,0 08-06~18,8,0,0,0 08-26~3,0,0,0,0 06-09~7,5,1,1,0 07-11~1,0,0,0,0 07-29~6,1,0,0,0 05-23~4,1,0,0,0 06-26~2,0,0,0,0 2026-08M~10,5,0,0,0 05-24~11,5,0,0,0 08-02~4,2,0,0,0 05-13~4,3,1,0,0 08-13~7,3,2,1,0 2026-09M~1,0,0,0,0 08-27~3,1,0,0,0 08-14~3,1,0,0,0 05-10~5,4,0,0,0 08-01~8,3,0,0,0 05-19~5,2,0,0,0 05-29~4,2,1,1,0 05-09~8,6,0,0,0 06-05~5,4,0,0,0 08-18~4,0,0,0,0 06-08~4,3,0,0,0 07-10~4,2,1,1,0 08-04~5,3,0,0,0 05-06~6,3,0,0,0 07-23~3,0,0,0,0 07-21~2,0,0,0,0 06-17~8,4,1,1,0 07-02~6,2,1,1,0 08-03~7,1,0,0,0 05-17~3,3,1,0,0 06-11~6,3,0,0,0 07-09~4,2,1,1,0 07-14~3,0,0,0,0 07-19~6,2,1,1,1 06-01~7,4,0,0,0 2026-05~127,85,12,6,3 07-03~4,3,0,0,0 06-18~6,1,0,0,0 05-22~4,2,0,0,0 06-20~3,0,0,0,0 06-22~1,0,0,0,0 05-31~6,1,0,0,0 05-14~7,4,1,1,0 06-15~8,2,1,0,0 05-07~8,6,0,0,0 08-24~4,2,0,0,0 06-23~4,1,1,1,0 05-16~3,1,0,0,0 2026-06~83,49,11,7,2 07-30~3,0,0,0,0 06-28~5,2,0,0,0 05-11~6,3,0,0,0 08-05~7,4,1,1,1 06-30~4,1,0,0,0 07-28~5,1,0,0,0 07-27~4,1,0,0,0 06-04~4,3,1,1,0 08-30~1,0,0,0,0 08-31~3,1,1,1,0 07-15~4,2,1,1,0 08-16~5,3,0,0,0 05-30~8,4,1,0,0 08-07~15,8,1,1,0 2026-07M~8,2,1,1,0 06-07~3,1,0,0,0 08-29~1,0,0,0,0 05-12~7,6,0,0,0 07-16~3,2,0,0,0 2026-09~1,0,0,0,0 09-02~1,0,0,0,0 07-20~7,5,1,0,0 07-13~3,1,0,0,0 08-20~5,0,0,0,0 06-02~7,2,1,0,0 06-06~3,1,0,0,0 08-08~4,1,0,0,0 05-21~5,3,1,1,1 06-27~3,2,1,0,0 2026-07~59,28,10,7,1 08-19~3,0,0,0,0 09-01~1,0,0,0,0 06-12~3,2,1,1,1 06-29~1,0,0,0,0 07-31~3,0,0,0,0 08-11~5,1,0,0,0 06-24~4,0,0,0,0 06-03~6,3,0,0,0 07-22~4,2,1,1,0 05-18~3,3,1,0,0 07-26~4,1,1,0,0 05-05~4,2,0,0,0 07-25~8,2,0,0,0 08-17~4,2,1,1,0 05-08~7,4,0,0,0 06-25~3,0,0,0,0 2026-06M~14,6,1,0,0 07-01~4,0,0,0,0 06-19~7,0,0,0,0 08-25~5,3,1,0,0 07-07~5,1,0,0,0 08-12~2,1,0,0,0 08-10~3,0,0,0,0 08-21~5,2,0,0,0
105318264_492975|06-22~1,1,0,0,0 06-03~1,1,0,0,0 05-30~3,2,1,1,0 06-30~2,1,0,0,0 05-07~1,1,0,0,0 05-18~8,3,2,0,0 06-04~2,2,1,0,0 08-04~1,0,0,0,0 05-10~4,4,0,0,0 2026-06M~1,1,0,0,0 05-23~6,6,3,2,0 06-08~1,1,0,0,0 05-26~1,0,0,0,0 05-29~2,1,0,0,0 05-24~4,1,0,0,0 05-17~12,9,7,4,0 05-15~7,4,3,2,0 2026-06~6,5,1,0,0 05-20~3,1,0,0,0 05-04~1,1,0,0,0 2026-08~1,0,0,0,0 05-13~11,11,1,0,0 05-28~1,0,0,0,0 05-21~5,3,0,0,0 05-19~3,2,1,1,0 05-22~3,2,1,1,0 05-14~16,14,6,1,0 05-27~2,2,0,0,0 2026-07~1,0,0,0,0 all~70,68,29,15,1 2026-05~70,68,29,15,1 05-05~4,4,0,0,0 05-08~2,1,0,0,0 05-16~8,5,4,2,0 06-18~1,1,0,0,0 05-12~2,1,0,0,0 07-08~1,0,0,0,0 05-11~2,1,0,0,0 05-09~2,1,0,0,0 06-02~1,1,0,0,0
105318755_492695|05-11~6,6,0,0,0 06-05~1,0,0,0,0 06-29~1,0,0,0,0 05-13~1,1,0,0,0 05-06~4,3,0,0,0 05-07~1,1,0,0,0 05-05~1,1,0,0,0 05-19~22,21,4,2,1 2026-05~38,35,4,2,1 05-14~1,1,0,0,0 2026-06~2,0,0,0,0 all~38,35,4,2,1 05-20~2,1,0,0,0
105321308_494228|05-30~1,0,0,0,0 2026-05~23,21,14,14,14 05-29~3,2,0,0,0 06-01~1,0,0,0,0 05-26~3,1,0,0,0 05-21~2,2,1,1,1 05-27~3,1,1,1,1 05-28~3,2,1,1,1 06-17~1,0,0,0,0 05-18~1,1,0,0,0 all~23,21,14,14,14 2026-06M~1,0,0,0,0 05-24~11,11,8,8,8 06-12~1,0,0,0,0 05-19~1,1,0,0,0 05-22~1,1,1,1,1 05-25~7,5,1,1,1 2026-06~2,0,0,0,0 06-02~1,0,0,0,0 06-16~1,0,0,0,0 05-15~4,3,1,1,0
105322119_493810|05-26~2,1,0,0,0 06-02~3,3,1,1,0 07-04~1,1,0,0,0 06-13~1,0,0,0,0 06-06~2,1,0,0,0 05-25~2,1,0,0,0 07-30~1,1,0,0,0 05-13~4,4,0,0,0 05-19~1,0,0,0,0 05-27~2,1,1,0,0 2026-06~13,7,2,2,0 05-12~1,1,0,0,0 06-08~2,0,0,0,0 06-05~4,3,0,0,0 08-24~1,1,0,0,0 06-22~1,0,0,0,0 05-15~1,1,0,0,0 07-25~1,1,0,0,0 06-03~2,1,0,0,0 2026-06M~3,3,1,1,0 2026-08~4,3,0,0,0 08-01~2,1,0,0,0 05-29~1,1,1,0,0 2026-05~7,6,1,1,0 2026-07M~1,0,0,0,0 07-28~1,1,0,0,0 all~23,17,3,3,0 2026-08M~2,1,0,0,0 05-14~1,1,1,0,0 08-15~1,1,0,0,0 06-24~2,2,0,0,0 06-19~1,1,1,1,0 07-01~1,0,0,0,0 05-28~1,1,0,0,0 06-29~1,0,0,0,0 2026-07~3,3,0,0,0
105322126_493817|08-27~2,1,0,0,0 05-20~1,0,0,0,0 06-02~6,1,0,0,0 08-06~2,1,0,0,0 06-30~2,1,0,0,0 all~18,12,6,4,1 06-04~4,3,1,1,0 2026-06M~7,1,0,0,0 08-05~1,1,0,0,0 06-26~1,0,0,0,0 08-22~1,0,0,0,0 08-12~2,2,0,0,0 08-11~2,1,0,0,0 08-03~1,1,0,0,0 07-20~1,0,0,0,0 08-09~1,0,0,0,0 08-04~1,1,0,0,0 06-28~1,1,1,1,1 08-14~2,0,0,0,0 06-01~1,0,0,0,0 07-19~1,1,0,0,0 08-28~2,1,0,0,0 08-17~1,0,0,0,0 08-13~2,0,0,0,0 08-10~2,1,0,0,0 05-15~1,0,0,0,0 06-24~1,1,0,0,0 2026-05~5,3,1,1,0 08-30~1,0,0,0,0 08-20~1,0,0,0,0 08-26~3,1,0,0,0 08-23~1,0,0,0,0 2026-09M~2,1,0,0,0 05-27~2,1,0,0,0 08-25~1,0,0,0,0 05-12~1,0,0,0,0 07-03~1,0,0,0,0 2026-06~13,9,5,3,1 08-24~2,0,0,0,0 05-18~1,1,0,0,0 06-16~1,0,0,0,0 06-12~1,1,1,0,0 09-01~1,1,0,0,0 08-19~2,0,0,0,0 06-29~2,1,0,0,0 07-31~3,2,0,0,0 05-25~3,1,1,1,0 09-02~2,0,0,0,0 08-29~1,0,0,0,0 2026-07~4,3,0,0,0 06-03~6,2,2,1,0 2026-08~4,4,0,0,0 08-08~2,1,0,0,0 06-09~2,1,0,0,0 08-31~2,0,0,0,0 06-25~1,0,0,0,0 08-15~1,0,0,0,0 08-21~1,0,0,0,0 07-06~1,0,0,0,0 2026-09~2,1,0,0,0 08-07~1,1,0,0,0
105322126_497387|2026-05~1,0,0,0,0 06-15~4,1,0,0,0 08-27~8,7,0,0,0 07-14~6,1,1,1,0 07-13~6,3,1,1,0 08-10~3,3,0,0,0 06-28~22,20,13,12,7 07-30~2,0,0,0,0 06-27~3,1,0,0,0 06-05~2,1,1,0,0 08-06~8,6,0,0,0 08-13~7,5,1,0,0 2026-08M~12,8,2,1,0 06-04~3,3,1,0,0 07-17~5,4,1,1,1 07-10~7,5,2,2,1 06-08~3,2,0,0,0 08-09~7,6,2,1,1 08-31~9,5,0,0,0 08-28~9,7,0,0,0 07-21~5,2,0,0,0 06-21~2,0,0,0,0 07-19~8,4,0,0,0 05-04~1,0,0,0,0 07-12~6,3,1,1,0 08-16~13,8,2,0,0 08-01~3,3,0,0,0 06-25~7,4,2,0,0 08-08~6,4,0,0,0 07-18~6,3,0,0,0 06-14~6,4,0,0,0 07-15~5,1,0,0,0 07-20~6,2,0,0,0 07-03~4,1,0,0,0 07-08~5,2,1,1,0 06-10~2,0,0,0,0 07-05~5,2,0,0,0 07-22~3,1,1,0,0 06-18~5,3,1,1,1 06-26~3,1,0,0,0 2026-06~81,79,31,22,12 06-12~5,2,0,0,0 07-06~5,2,0,0,0 08-22~8,4,0,0,0 07-27~4,2,0,0,0 08-15~11,8,2,1,0 06-23~4,1,0,0,0 08-30~8,8,1,1,0 07-23~1,0,0,0,0 06-24~4,2,1,1,0 06-29~10,3,1,1,0 07-31~9,7,2,0,0 08-26~12,7,1,0,0 2026-09~17,13,0,0,0 2026-09M~17,13,0,0,0 07-02~9,2,0,0,0 08-11~5,4,0,0,0 07-09~4,0,0,0,0 06-11~8,6,2,1,1 07-11~6,3,1,0,0 06-09~2,0,0,0,0 08-07~11,8,1,1,1 08-05~8,8,0,0,0 07-04~8,4,0,0,0 08-04~8,6,2,1,1 06-22~7,4,0,0,0 08-17~10,5,1,1,0 08-18~13,10,3,3,2 08-23~14,9,2,1,1 06-17~10,6,2,1,0 06-16~8,6,3,1,1 07-29~1,0,0,0,0 08-12~17,16,5,5,1 2026-07M~11,2,0,0,0 06-20~9,5,0,0,0 08-20~9,6,0,0,0 07-16~3,0,0,0,0 2026-08~192,184,37,25,11 all~316,310,82,57,28 08-29~12,8,1,1,1 07-24~3,3,0,0,0 06-07~1,1,1,1,1 08-25~10,7,1,1,0 08-21~16,11,2,1,0 2026-07~69,56,15,11,4 07-26~3,2,1,0,0 08-03~4,2,1,1,0 08-24~14,12,4,2,0 09-01~9,6,0,0,0 08-19~13,8,0,0,0 09-02~10,8,0,0,0 06-30~8,3,0,0,0 07-28~4,3,1,1,0 06-13~4,3,1,0,0 08-02~10,6,2,1,0 08-14~8,7,3,3,1 06-06~1,1,1,0,0 07-07~6,4,2,2,1 06-19~8,3,1,1,0 07-01~8,0,0,0,0
105399418_493010|08-01~6,0,0,0,0 08-26~2,0,0,0,0 2026-05~56,12,4,2,2 08-18~3,0,0,0,0 06-27~2,0,0,0,0 05-16~2,0,0,0,0 05-31~3,0,0,0,0 06-04~3,0,0,0,0 05-18~1,1,0,0,0 05-08~17,2,0,0,0 05-30~7,0,0,0,0 05-19~3,1,1,1,1 06-23~1,0,0,0,0 05-13~4,0,0,0,0 08-11~5,0,0,0,0 06-12~2,0,0,0,0 05-15~4,0,0,0,0 2026-09~7,0,0,0,0 06-20~3,0,0,0,0 06-07~4,1,0,0,0 08-10~6,0,0,0,0 05-28~5,0,0,0,0 2026-06M~6,0,0,0,0 07-17~1,0,0,0,0 05-14~2,0,0,0,0 07-05~3,0,0,0,0 06-25~3,0,0,0,0 2026-05M~1,0,0,0,0 07-24~2,0,0,0,0 2026-09M~7,0,0,0,0 08-15~6,0,0,0,0 07-22~4,0,0,0,0 06-02~2,0,0,0,0 05-10~1,0,0,0,0 06-15~3,0,0,0,0 05-17~5,1,1,1,0 08-31~6,0,0,0,0 07-21~3,0,0,0,0 07-04~3,0,0,0,0 05-20~3,1,0,0,0 08-20~2,0,0,0,0 05-09~3,1,0,0,0 08-14~2,0,0,0,0 08-27~4,0,0,0,0 09-01~5,0,0,0,0 08-19~2,0,0,0,0 05-23~2,0,0,0,0 08-04~8,0,0,0,0 08-09~3,0,0,0,0 05-29~4,0,0,0,0 2026-08~78,1,0,0,0 08-06~6,0,0,0,0 2026-08M~11,0,0,0,0 07-23~4,0,0,0,0 06-01~5,0,0,0,0 07-19~5,0,0,0,0 07-10~4,0,0,0,0 06-08~3,1,0,0,0 07-12~3,0,0,0,0 07-07~4,0,0,0,0 05-26~2,0,0,0,0 06-24~2,0,0,0,0 06-29~4,0,0,0,0 07-31~5,0,0,0,0 08-30~3,0,0,0,0 05-24~1,0,0,0,0 06-22~2,0,0,0,0 06-05~2,0,0,0,0 08-05~9,0,0,0,0 05-06~5,0,0,0,0 06-28~4,0,0,0,0 07-30~6,0,0,0,0 05-11~3,0,0,0,0 06-13~1,0,0,0,0 07-09~3,0,0,0,0 06-11~1,0,0,0,0 05-02~1,0,0,0,0 05-27~3,0,0,0,0 06-26~3,0,0,0,0 08-08~2,0,0,0,0 08-17~4,0,0,0,0 07-08~4,0,0,0,0 06-10~2,0,0,0,0 05-25~5,2,2,0,0 07-03~2,0,0,0,0 05-22~3,0,0,0,0 all~216,13,4,2,2 06-03~2,0,0,0,0 07-14~3,0,0,0,0 08-03~4,0,0,0,0 08-02~6,0,0,0,0 07-26~2,0,0,0,0 2026-07M~7,0,0,0,0 08-25~4,0,0,0,0 06-06~2,0,0,0,0 05-03~2,0,0,0,0 09-02~3,0,0,0,0 05-21~2,0,0,0,0 07-25~2,0,0,0,0 2026-07~57,0,0,0,0 08-28~5,0,0,0,0 08-29~7,0,0,0,0 07-13~3,0,0,0,0 07-20~5,0,0,0,0 05-05~6,1,0,0,0 06-19~3,0,0,0,0 07-01~3,0,0,0,0 08-13~1,0,0,0,0 07-29~5,0,0,0,0 06-14~1,0,0,0,0 06-21~4,0,0,0,0 05-04~14,4,0,0,0 07-02~5,0,0,0,0 08-22~3,0,0,0,0 06-17~2,0,0,0,0 06-30~1,0,0,0,0 07-28~6,0,0,0,0 07-11~1,0,0,0,0 06-09~2,0,0,0,0 05-07~4,1,0,0,0 07-15~2,0,0,0,0 05-01~1,0,0,0,0 2026-06~30,1,0,0,0 07-16~4,0,0,0,0 08-24~3,1,0,0,0 08-07~2,0,0,0,0 06-16~1,0,0,0,0 08-16~5,0,0,0,0 07-18~2,0,0,0,0 07-06~3,0,0,0,0 08-21~2,0,0,0,0 08-23~3,0,0,0,0 08-12~5,0,0,0,0
105400053_493018|05-01~1,0,0,0,0 09-02~1,0,0,0,0 08-06~3,0,0,0,0 05-20~2,0,0,0,0 07-17~2,0,0,0,0 2026-09M~1,0,0,0,0 07-09~4,0,0,0,0 2026-08M~2,0,0,0,0 06-11~2,0,0,0,0 06-13~2,0,0,0,0 08-24~2,0,0,0,0 08-23~2,0,0,0,0 07-03~3,0,0,0,0 05-10~2,0,0,0,0 05-13~2,0,0,0,0 07-20~3,0,0,0,0 05-24~3,0,0,0,0 05-23~2,0,0,0,0 05-04~13,2,0,0,0 05-25~4,0,0,0,0 07-07~2,0,0,0,0 06-24~2,0,0,0,0 05-29~4,1,1,0,0 07-04~2,0,0,0,0 07-23~2,0,0,0,0 05-22~4,2,1,1,0 05-14~5,0,0,0,0 2026-07M~2,0,0,0,0 05-27~2,0,0,0,0 08-27~2,0,0,0,0 08-05~3,0,0,0,0 05-31~2,0,0,0,0 05-28~2,0,0,0,0 06-21~3,0,0,0,0 06-19~4,0,0,0,0 07-01~1,0,0,0,0 08-04~2,0,0,0,0 2026-05~42,14,3,1,0 07-18~2,0,0,0,0 08-11~2,0,0,0,0 08-09~2,0,0,0,0 08-29~1,0,0,0,0 06-06~2,0,0,0,0 08-22~1,0,0,0,0 07-26~1,0,0,0,0 2026-06M~5,0,0,0,0 06-29~2,0,0,0,0 07-31~1,0,0,0,0 06-05~2,0,0,0,0 06-20~4,0,0,0,0 08-28~1,0,0,0,0 08-25~1,0,0,0,0 08-10~1,0,0,0,0 05-11~2,0,0,0,0 08-12~2,0,0,0,0 08-30~1,0,0,0,0 05-15~2,0,0,0,0 05-16~2,0,0,0,0 05-26~3,0,0,0,0 2026-08~6,0,0,0,0 05-06~5,1,0,0,0 07-12~2,0,0,0,0 all~42,14,4,2,1 08-17~3,0,0,0,0 06-07~6,1,1,0,0 07-25~2,0,0,0,0 05-09~2,0,0,0,0 06-23~2,0,0,0,0 06-18~3,0,0,0,0 05-05~18,3,0,0,0 06-15~3,0,0,0,0 08-13~1,0,0,0,0 05-18~2,0,0,0,0 07-06~3,0,0,0,0 08-01~1,0,0,0,0 06-03~2,0,0,0,0 07-16~3,0,0,0,0 05-12~3,0,0,0,0 2026-07~5,1,1,0,0 07-21~2,0,0,0,0 08-21~1,0,0,0,0 06-14~1,0,0,0,0 06-17~1,0,0,0,0 05-03~2,0,0,0,0 07-02~2,0,0,0,0 05-08~4,0,0,0,0 05-19~4,2,1,0,0 06-27~2,0,0,0,0 07-27~2,0,0,0,0 06-30~2,0,0,0,0 07-28~2,0,0,0,0 07-13~3,0,0,0,0 05-02~2,0,0,0,0 06-02~4,0,0,0,0 2026-05M~2,0,0,0,0 09-01~1,0,0,0,0 08-19~1,0,0,0,0 07-22~2,0,0,0,0 08-08~2,0,0,0,0 07-10~2,0,0,0,0 06-08~4,0,0,0,0 08-26~1,0,0,0,0 08-03~2,0,0,0,0 2026-06~11,2,2,1,1 06-01~4,0,0,0,0 07-19~2,0,0,0,0 08-14~2,0,0,0,0 08-15~2,0,0,0,0 06-04~1,0,0,0,0 06-25~3,0,0,0,0 07-15~2,0,0,0,0 07-11~2,0,0,0,0 06-09~4,1,1,0,0 08-07~3,0,0,0,0 06-28~2,0,0,0,0 07-30~2,0,0,0,0 2026-09~1,0,0,0,0 08-16~2,0,0,0,0 07-05~3,0,0,0,0 06-26~4,0,0,0,0 07-14~2,0,0,0,0 05-17~3,0,0,0,0 08-02~2,0,0,0,0 07-29~2,0,0,0,0 05-30~2,0,0,0,0 08-18~2,0,0,0,0 05-07~9,3,0,0,0 06-16~2,0,0,0,0 06-12~2,0,0,0,0 07-24~3,1,1,0,0 05-21~2,0,0,0,0 07-08~2,0,0,0,0 06-10~4,0,0,0,0 06-22~2,0,0,0,0 08-31~1,0,0,0,0
105400053_493616|08-11~23,4,1,0,0 06-04~24,3,0,0,0 2026-08M~50,13,5,1,0 07-02~73,29,15,6,1 2026-09M~36,6,1,1,1 06-18~40,11,7,3,0 08-28~29,1,1,1,0 07-08~55,26,14,3,0 06-10~62,15,7,2,0 05-18~16,5,2,2,1 05-21~52,27,13,1,0 05-06~7,2,0,0,0 05-28~47,7,4,2,0 08-04~35,9,5,2,1 05-07~26,10,0,0,0 2026-07~678,385,206,68,11 06-14~32,6,3,1,0 05-24~14,3,0,0,0 08-26~30,6,2,1,0 06-25~82,38,16,5,1 05-22~36,16,8,1,0 2026-05M~9,0,0,0,0 06-17~32,6,2,0,0 06-30~54,22,15,2,0 07-28~17,2,0,0,0 05-29~31,10,8,4,0 2026-08~450,218,96,42,6 all~1697,1048,567,244,41 08-27~32,2,2,1,0 2026-06M~80,34,16,5,1 07-20~35,11,3,0,0 05-05~13,4,0,0,0 05-23~28,6,3,1,0 06-12~56,12,5,2,0 07-13~85,33,19,2,0 09-02~24,4,0,0,0 08-02~26,7,4,0,0 08-22~27,2,0,0,0 07-15~49,13,5,2,0 08-29~26,1,0,0,0 2026-09~36,6,1,1,1 2026-07M~123,59,28,8,1 05-27~31,11,7,3,0 06-22~51,12,6,1,0 05-20~18,5,3,2,0 08-06~64,22,9,4,0 07-16~57,11,7,2,0 05-17~16,4,3,1,0 08-17~33,5,4,3,0 08-23~22,2,0,0,0 08-10~27,5,2,1,0 05-14~16,3,2,2,1 09-01~22,2,1,1,1 08-19~43,11,4,2,0 08-05~32,8,3,1,0 08-31~16,1,0,0,0 06-01~53,20,8,1,0 07-19~45,19,7,2,2 07-14~91,33,13,2,1 05-02~8,0,0,0,0 07-27~20,4,3,0,0 07-25~31,8,5,3,0 07-30~32,10,8,2,0 06-28~25,7,2,1,1 05-11~11,1,0,0,0 06-13~30,6,5,2,0 07-06~34,6,4,1,0 08-18~22,2,0,0,0 08-07~52,17,9,0,0 05-13~21,3,1,0,0 06-15~46,7,2,0,0 2026-05~307,160,76,36,4 07-10~64,30,16,4,0 06-08~40,10,5,1,0 06-05~34,13,9,0,0 05-19~15,3,1,0,0 05-31~14,1,1,1,0 07-07~31,2,1,1,0 07-04~36,7,4,1,0 05-26~10,3,2,1,0 06-24~27,7,4,3,1 06-26~49,18,9,3,2 05-08~19,6,0,0,0 2026-06~674,375,206,78,11 05-10~10,1,0,0,0 07-09~50,19,11,5,1 06-11~31,3,1,0,0 05-03~5,0,0,0,0 08-20~48,9,3,0,0 06-27~43,12,5,2,0 05-12~6,0,0,0,0 05-15~17,3,0,0,0 08-01~33,6,1,1,0 07-23~23,6,3,0,0 07-18~31,6,1,0,0 05-09~15,1,0,0,0 07-11~35,7,5,0,0 06-09~35,8,5,1,0 08-12~55,21,8,2,1 07-29~17,2,1,1,0 08-03~37,9,4,2,0 06-03~26,4,0,0,0 08-08~22,3,2,1,1 05-16~30,14,6,2,0 07-12~26,9,7,0,0 07-24~34,10,4,2,0 07-17~50,9,7,2,0 08-24~30,2,0,0,0 06-06~43,16,11,1,0 05-04~5,1,0,0,0 06-02~40,15,9,4,1 05-25~39,15,11,5,1 06-23~44,7,4,2,0 06-16~60,16,10,0,0 08-15~41,9,4,1,0 06-20~85,34,24,6,1 06-07~30,9,2,1,0 07-26~37,10,3,0,0 08-09~17,2,1,0,0 05-30~20,2,1,0,0 07-22~34,8,5,1,0 05-01~7,0,0,0,0 07-21~43,20,8,2,0 08-13~69,18,7,1,0 08-30~16,1,0,0,0 06-21~35,10,4,2,1 07-05~38,4,2,1,0 08-21~38,6,4,1,0 06-19~102,41,24,10,0 07-01~60,30,13,2,0 07-03~59,20,14,5,0 06-29~75,26,6,0,0 07-31~30,10,3,0,0 08-16~34,12,6,2,0 08-14~65,19,7,2,0 08-25~29,7,4,2,0
105400053_493621|06-05~4,2,1,0,0 2026-08M~5,0,0,0,0 06-22~2,0,0,0,0 07-26~3,0,0,0,0 08-29~2,0,0,0,0 07-04~1,0,0,0,0 05-02~1,0,0,0,0 07-03~4,0,0,0,0 08-23~4,0,0,0,0 2026-05~15,10,1,1,1 all~55,29,11,8,3 07-20~5,0,0,0,0 05-25~1,0,0,0,0 05-26~3,0,0,0,0 08-27~3,1,0,0,0 05-04~3,0,0,0,0 06-15~2,0,0,0,0 08-16~2,0,0,0,0 05-29~3,1,0,0,0 08-24~5,0,0,0,0 08-03~3,1,1,0,0 05-06~2,0,0,0,0 06-14~3,0,0,0,0 07-07~3,0,0,0,0 06-18~8,0,0,0,0 07-25~4,0,0,0,0 05-12~1,0,0,0,0 09-01~3,0,0,0,0 08-19~4,1,0,0,0 08-21~3,0,0,0,0 07-24~2,0,0,0,0 06-29~4,0,0,0,0 07-31~4,0,0,0,0 07-29~6,0,0,0,0 07-09~7,0,0,0,0 06-11~4,2,1,1,1 05-14~2,0,0,0,0 07-02~6,0,0,0,0 08-06~3,0,0,0,0 05-22~3,1,0,0,0 05-09~3,0,0,0,0 08-11~3,1,0,0,0 05-01~1,1,0,0,0 08-18~3,0,0,0,0 06-24~3,0,0,0,0 07-08~3,0,0,0,0 06-10~5,0,0,0,0 06-04~5,0,0,0,0 06-23~3,0,0,0,0 07-05~6,0,0,0,0 05-21~2,0,0,0,0 2026-09M~7,1,0,0,0 06-28~3,0,0,0,0 07-30~3,0,0,0,0 07-13~7,1,0,0,0 07-18~3,0,0,0,0 07-15~4,1,0,0,0 07-10~3,0,0,0,0 2026-08~18,5,2,1,0 06-08~4,0,0,0,0 05-18~3,0,0,0,0 06-02~3,1,1,1,0 07-16~4,1,0,0,0 05-03~1,0,0,0,0 08-05~4,0,0,0,0 05-07~3,2,0,0,0 08-20~5,0,0,0,0 05-16~1,1,0,0,0 08-26~4,0,0,0,0 07-21~5,0,0,0,0 2026-05M~2,1,0,0,0 07-12~2,0,0,0,0 08-01~4,0,0,0,0 06-01~3,0,0,0,0 07-19~4,2,0,0,0 06-19~6,1,1,1,0 07-01~3,0,0,0,0 08-17~3,0,0,0,0 08-15~3,0,0,0,0 08-22~3,1,1,0,0 07-14~4,0,0,0,0 06-13~4,0,0,0,0 08-14~3,0,0,0,0 05-28~5,1,0,0,0 05-31~3,0,0,0,0 05-05~2,0,0,0,0 08-07~2,0,0,0,0 08-08~2,0,0,0,0 05-11~2,1,0,0,0 06-07~2,0,0,0,0 2026-09~7,1,0,0,0 06-06~1,1,1,1,0 05-19~4,1,0,0,0 2026-07~27,8,1,0,0 05-08~3,0,0,0,0 05-15~2,0,0,0,0 06-21~2,0,0,0,0 08-02~4,0,0,0,0 05-20~3,1,0,0,0 06-30~3,0,0,0,0 07-28~3,0,0,0,0 08-30~3,0,0,0,0 05-30~2,0,0,0,0 07-06~6,2,0,0,0 07-23~3,1,0,0,0 06-17~6,0,0,0,0 2026-06~22,10,7,6,2 08-31~3,0,0,0,0 05-24~3,1,0,0,0 07-27~3,0,0,0,0 08-10~4,0,0,0,0 05-17~4,1,0,0,0 08-25~3,0,0,0,0 06-26~3,0,0,0,0 08-13~4,0,0,0,0 07-22~3,1,1,0,0 05-27~3,0,0,0,0 08-09~3,0,0,0,0 05-10~2,0,0,0,0 05-23~1,0,0,0,0 06-20~2,0,0,0,0 06-03~1,0,0,0,0 08-12~2,0,0,0,0 06-12~4,1,1,1,1 08-04~3,0,0,0,0 2026-06M~4,1,1,1,0 05-13~3,1,0,0,0 08-28~3,0,0,0,0 09-02~5,1,0,0,0 2026-07M~8,0,0,0,0 06-25~1,0,0,0,0 06-27~3,0,0,0,0 06-16~3,0,0,0,0 07-17~6,0,0,0,0 07-11~5,1,0,0,0 06-09~3,2,1,1,0
105400053_494488|08-27~3,0,0,0,0 2026-05M~3,0,0,0,0 06-15~4,0,0,0,0 07-13~4,0,0,0,0 06-09~7,0,0,0,0 07-11~3,0,0,0,0 2026-06~9,0,0,0,0 07-19~3,0,0,0,0 06-01~6,0,0,0,0 2026-09~4,0,0,0,0 05-09~3,0,0,0,0 05-30~3,0,0,0,0 05-17~6,0,0,0,0 06-22~3,0,0,0,0 09-02~3,0,0,0,0 08-15~3,0,0,0,0 05-16~4,0,0,0,0 06-05~4,0,0,0,0 07-26~4,1,1,0,0 06-06~4,0,0,0,0 06-21~2,0,0,0,0 05-11~3,0,0,0,0 05-28~5,0,0,0,0 07-31~2,0,0,0,0 06-29~4,0,0,0,0 05-14~7,0,0,0,0 07-23~3,0,0,0,0 06-03~5,0,0,0,0 07-02~3,0,0,0,0 08-13~3,0,0,0,0 07-04~2,0,0,0,0 06-24~2,0,0,0,0 05-31~5,0,0,0,0 08-17~3,0,0,0,0 07-07~4,0,0,0,0 07-22~2,0,0,0,0 05-06~3,0,0,0,0 08-06~3,0,0,0,0 08-26~2,0,0,0,0 08-01~3,0,0,0,0 2026-08~7,1,0,0,0 05-05~2,0,0,0,0 08-29~2,0,0,0,0 08-22~4,1,0,0,0 08-08~2,0,0,0,0 2026-09M~4,0,0,0,0 08-14~1,0,0,0,0 08-20~2,0,0,0,0 06-10~6,0,0,0,0 07-08~3,0,0,0,0 07-05~3,0,0,0,0 06-27~4,0,0,0,0 08-11~2,0,0,0,0 05-13~20,9,7,2,1 07-21~2,0,0,0,0 06-02~7,0,0,0,0 07-17~5,0,0,0,0 08-09~2,0,0,0,0 08-16~2,0,0,0,0 05-02~2,0,0,0,0 06-04~5,0,0,0,0 07-01~3,0,0,0,0 06-19~5,0,0,0,0 06-14~4,0,0,0,0 05-08~3,0,0,0,0 08-28~3,0,0,0,0 06-23~4,0,0,0,0 08-23~3,0,0,0,0 05-20~5,0,0,0,0 07-16~3,0,0,0,0 07-15~5,0,0,0,0 05-19~5,0,0,0,0 05-24~4,0,0,0,0 05-01~3,0,0,0,0 07-18~3,0,0,0,0 05-12~3,0,0,0,0 08-31~2,0,0,0,0 05-03~2,0,0,0,0 07-25~2,0,0,0,0 05-04~3,0,0,0,0 08-10~2,0,0,0,0 2026-07M~3,0,0,0,0 06-25~4,0,0,0,0 06-11~6,0,0,0,0 07-09~4,0,0,0,0 2026-06M~7,0,0,0,0 05-18~7,1,0,0,0 2026-05~23,9,7,4,2 08-25~3,0,0,0,0 08-24~2,0,0,0,0 06-18~4,0,0,0,0 2026-07~7,1,1,1,0 08-03~2,0,0,0,0 06-20~3,0,0,0,0 05-25~4,0,0,0,0 08-12~4,0,0,0,0 06-12~5,0,0,0,0 08-19~3,0,0,0,0 09-01~4,0,0,0,0 05-07~2,0,0,0,0 07-03~6,0,0,0,0 05-26~5,0,0,0,0 07-06~3,0,0,0,0 05-23~4,0,0,0,0 07-27~3,0,0,0,0 06-17~4,0,0,0,0 05-15~6,0,0,0,0 06-13~4,0,0,0,0 all~23,9,7,5,2 06-07~3,0,0,0,0 05-22~6,0,0,0,0 07-24~4,0,0,0,0 08-04~3,0,0,0,0 07-29~3,0,0,0,0 06-16~4,0,0,0,0 08-18~2,0,0,0,0 05-21~6,0,0,0,0 05-29~3,0,0,0,0 05-27~4,0,0,0,0 05-10~3,0,0,0,0 07-30~3,0,0,0,0 06-28~3,0,0,0,0 08-02~2,0,0,0,0 08-21~5,0,0,0,0 07-28~2,0,0,0,0 06-30~3,0,0,0,0 07-14~2,0,0,0,0 08-30~2,0,0,0,0 06-08~5,0,0,0,0 07-10~4,0,0,0,0 06-26~2,0,0,0,0 07-12~2,0,0,0,0 07-20~3,0,0,0,0 08-07~1,0,0,0,0 08-05~2,0,0,0,0 2026-08M~3,0,0,0,0
105400053_494605|08-16~1,0,0,0,0 2026-08~6,1,0,0,0 05-11~2,1,0,0,0 06-01~5,0,0,0,0 07-19~2,0,0,0,0 08-07~3,0,0,0,0 08-04~3,0,0,0,0 06-05~6,0,0,0,0 09-02~3,0,0,0,0 05-17~4,0,0,0,0 2026-05M~4,0,0,0,0 06-17~3,0,0,0,0 08-13~3,0,0,0,0 08-23~4,0,0,0,0 08-20~1,0,0,0,0 2026-08M~3,0,0,0,0 05-18~9,0,0,0,0 07-12~2,0,0,0,0 07-11~3,0,0,0,0 06-09~4,0,0,0,0 06-06~5,1,0,0,0 2026-09M~4,0,0,0,0 06-13~6,0,0,0,0 2026-06~12,1,0,0,0 06-29~5,0,0,0,0 07-31~3,0,0,0,0 06-19~7,0,0,0,0 07-01~3,0,0,0,0 08-03~3,0,0,0,0 08-25~1,0,0,0,0 08-30~3,0,0,0,0 05-30~3,0,0,0,0 06-30~4,0,0,0,0 07-28~2,0,0,0,0 05-12~2,0,0,0,0 07-25~1,0,0,0,0 09-01~4,0,0,0,0 08-19~2,0,0,0,0 08-26~2,0,0,0,0 07-09~2,0,0,0,0 06-11~5,0,0,0,0 05-13~3,0,0,0,0 05-06~5,0,0,0,0 2026-09~4,0,0,0,0 07-04~4,0,0,0,0 07-23~2,0,0,0,0 07-15~2,0,0,0,0 06-26~3,0,0,0,0 08-22~2,0,0,0,0 08-21~1,0,0,0,0 06-21~4,0,0,0,0 07-16~3,0,0,0,0 08-08~3,0,0,0,0 05-07~4,1,0,0,0 07-03~5,0,0,0,0 07-05~4,0,0,0,0 05-24~2,0,0,0,0 07-08~4,0,0,0,0 06-10~5,0,0,0,0 06-15~6,0,0,0,0 08-06~4,0,0,0,0 05-22~8,0,0,0,0 05-05~6,0,0,0,0 05-27~5,0,0,0,0 08-02~2,0,0,0,0 05-19~4,0,0,0,0 08-01~3,0,0,0,0 2026-05~30,10,7,7,1 08-31~1,0,0,0,0 06-12~5,0,0,0,0 08-11~2,0,0,0,0 06-02~4,0,0,0,0 05-21~4,0,0,0,0 2026-06M~6,0,0,0,0 06-22~3,0,0,0,0 06-28~5,0,0,0,0 07-30~1,0,0,0,0 2026-07~7,0,0,0,0 08-12~2,0,0,0,0 05-04~4,0,0,0,0 07-21~2,0,0,0,0 05-16~4,0,0,0,0 06-16~3,0,0,0,0 08-05~1,0,0,0,0 05-25~4,0,0,0,0 2026-07M~4,0,0,0,0 08-14~3,1,0,0,0 08-29~2,0,0,0,0 05-23~3,0,0,0,0 08-09~1,0,0,0,0 07-02~4,0,0,0,0 06-07~2,0,0,0,0 07-06~3,0,0,0,0 07-26~2,0,0,0,0 07-18~4,0,0,0,0 06-04~4,0,0,0,0 08-15~2,0,0,0,0 05-28~6,0,0,0,0 05-29~7,0,0,0,0 06-27~4,0,0,0,0 06-25~3,0,0,0,0 06-23~5,0,0,0,0 07-22~3,0,0,0,0 08-28~2,0,0,0,0 07-17~2,0,0,0,0 06-18~4,0,0,0,0 07-07~4,0,0,0,0 05-31~3,0,0,0,0 05-14~25,7,6,4,0 06-03~2,0,0,0,0 05-03~2,0,0,0,0 05-02~2,0,0,0,0 08-18~3,0,0,0,0 07-13~3,0,0,0,0 05-10~3,0,0,0,0 07-20~5,0,0,0,0 05-01~4,0,0,0,0 05-09~2,0,0,0,0 05-15~11,1,1,1,0 07-10~3,0,0,0,0 06-08~4,0,0,0,0 06-14~4,0,0,0,0 07-27~2,0,0,0,0 08-24~1,0,0,0,0 07-29~2,0,0,0,0 07-14~3,0,0,0,0 08-27~2,0,0,0,0 08-10~3,0,0,0,0 07-24~3,0,0,0,0 06-24~5,0,0,0,0 all~30,10,8,8,2 05-08~3,0,0,0,0 05-20~4,0,0,0,0 05-26~4,0,0,0,0 06-20~4,0,0,0,0
105400053_494716|06-14~1,0,0,0,0 07-15~1,0,0,0,0 07-12~1,0,0,0,0 2026-09M~1,0,0,0,0 06-29~1,0,0,0,0 05-29~2,1,1,1,0 06-26~1,1,1,1,0 2026-06~18,13,7,2,0 05-15~3,3,0,0,0 2026-09~1,0,0,0,0 08-07~3,0,0,0,0 2026-06M~8,6,2,0,0 05-17~4,2,1,0,0 05-27~1,0,0,0,0 06-05~1,0,0,0,0 06-09~3,0,0,0,0 08-08~1,0,0,0,0 08-30~1,0,0,0,0 08-29~1,0,0,0,0 06-20~2,0,0,0,0 05-22~1,1,0,0,0 2026-08~4,0,0,0,0 08-17~1,0,0,0,0 05-18~1,0,0,0,0 06-24~2,0,0,0,0 08-09~1,0,0,0,0 all~35,34,17,9,4 07-19~1,0,0,0,0 06-01~4,3,1,0,0 06-15~2,0,0,0,0 07-14~2,1,0,0,0 05-30~1,0,0,0,0 05-25~1,0,0,0,0 05-23~4,3,1,0,0 06-11~2,0,0,0,0 07-09~1,0,0,0,0 07-04~2,0,0,0,0 07-23~1,0,0,0,0 07-01~1,0,0,0,0 06-19~1,0,0,0,0 06-13~2,0,0,0,0 07-07~1,0,0,0,0 08-23~1,0,0,0,0 08-14~1,0,0,0,0 05-16~11,11,4,2,2 06-22~1,0,0,0,0 08-31~1,0,0,0,0 07-22~2,0,0,0,0 06-25~3,2,1,0,0 07-03~1,0,0,0,0 06-10~5,0,0,0,0 07-08~2,1,0,0,0 06-08~5,2,1,0,0 08-06~2,0,0,0,0 08-04~1,0,0,0,0 07-05~1,0,0,0,0 06-02~5,3,1,0,0 08-05~2,0,0,0,0 06-23~2,0,0,0,0 05-24~1,0,0,0,0 05-14~3,3,1,0,0 08-16~1,0,0,0,0 08-19~1,0,0,0,0 2026-07M~1,0,0,0,0 09-01~1,0,0,0,0 08-22~1,0,0,0,0 2026-05~27,27,12,6,3 06-16~2,0,0,0,0 06-17~2,0,0,0,0 05-19~6,6,3,1,0 06-21~1,0,0,0,0 08-21~2,0,0,0,0 07-17~1,0,0,0,0 08-28~1,0,0,0,0 07-25~1,0,0,0,0 07-24~1,0,0,0,0 06-06~2,1,1,0,0 08-24~1,0,0,0,0 08-20~2,0,0,0,0 08-25~1,0,0,0,0 08-18~1,0,0,0,0 06-12~1,0,0,0,0 08-15~1,0,0,0,0 2026-07~6,2,0,0,0 06-07~4,3,1,0,0 07-06~1,0,0,0,0 06-18~1,0,0,0,0
105400053_495159|05-23~7,0,0,0,0 08-24~6,0,0,0,0 05-02~4,0,0,0,0 07-29~6,0,0,0,0 08-06~4,0,0,0,0 08-01~5,0,0,0,0 07-21~6,0,0,0,0 05-31~5,0,0,0,0 05-08~5,0,0,0,0 07-02~8,1,0,0,0 08-22~5,0,0,0,0 05-06~6,1,0,0,0 05-01~4,0,0,0,0 05-26~4,0,0,0,0 05-16~5,0,0,0,0 05-15~5,0,0,0,0 2026-08M~5,0,0,0,0 05-07~5,0,0,0,0 07-25~4,0,0,0,0 06-06~5,0,0,0,0 07-14~7,0,0,0,0 07-26~4,0,0,0,0 06-19~8,2,0,0,0 07-01~6,0,0,0,0 05-29~6,0,0,0,0 05-10~5,0,0,0,0 05-05~5,0,0,0,0 08-05~4,0,0,0,0 08-02~4,0,0,0,0 08-27~5,0,0,0,0 07-09~3,0,0,0,0 06-11~6,1,1,0,0 05-13~4,0,0,0,0 2026-09~5,0,0,0,0 06-03~6,0,0,0,0 07-23~5,0,0,0,0 08-26~4,0,0,0,0 06-22~5,0,0,0,0 2026-09M~5,0,0,0,0 2026-07M~8,1,0,0,0 06-24~8,0,0,0,0 07-04~5,0,0,0,0 07-13~5,0,0,0,0 05-09~5,0,0,0,0 06-27~6,0,0,0,0 06-02~6,1,0,0,0 2026-05M~4,0,0,0,0 05-17~5,0,0,0,0 05-14~4,0,0,0,0 08-07~6,0,0,0,0 2026-07~8,1,0,0,0 08-11~4,0,0,0,0 09-02~3,0,0,0,0 08-17~4,0,0,0,0 08-30~4,0,0,0,0 08-12~5,0,0,0,0 05-04~5,0,0,0,0 05-24~6,0,0,0,0 08-18~5,0,0,0,0 08-14~5,0,0,0,0 06-28~6,0,0,0,0 07-30~5,0,0,0,0 06-25~6,0,0,0,0 07-07~5,0,0,0,0 08-29~4,0,0,0,0 06-16~5,0,0,0,0 06-14~4,0,0,0,0 07-19~5,0,0,0,0 06-01~7,0,0,0,0 05-22~7,0,0,0,0 07-22~4,0,0,0,0 05-27~5,0,0,0,0 08-31~3,0,0,0,0 07-24~5,0,0,0,0 08-23~5,0,0,0,0 06-21~4,0,0,0,0 05-30~4,0,0,0,0 08-10~4,0,0,0,0 07-03~5,0,0,0,0 05-18~15,4,4,2,0 08-03~5,0,0,0,0 07-15~4,0,0,0,0 07-17~5,0,0,0,0 05-21~9,2,1,0,0 2026-08~7,0,0,0,0 07-20~6,0,0,0,0 08-16~5,0,0,0,0 08-09~5,0,0,0,0 07-16~5,0,0,0,0 06-05~6,0,0,0,0 08-28~4,0,0,0,0 07-05~4,0,0,0,0 06-12~5,0,0,0,0 all~26,10,8,5,2 06-29~5,0,0,0,0 07-31~6,0,0,0,0 05-20~6,0,0,0,0 06-20~6,0,0,0,0 2026-06M~8,1,0,0,0 06-18~6,0,0,0,0 08-04~4,0,0,0,0 08-21~4,0,0,0,0 06-23~6,0,0,0,0 06-15~7,0,0,0,0 06-26~5,0,0,0,0 06-07~6,0,0,0,0 08-25~5,0,0,0,0 07-12~4,0,0,0,0 07-27~3,0,0,0,0 06-04~5,0,0,0,0 2026-05~25,8,7,3,1 07-11~5,0,0,0,0 06-09~6,0,0,0,0 06-17~6,0,0,0,0 08-20~5,0,0,0,0 2026-06~14,5,1,0,0 05-19~5,1,1,0,0 06-13~6,0,0,0,0 05-11~5,0,0,0,0 05-28~4,0,0,0,0 07-08~6,0,0,0,0 06-10~9,1,0,0,0 05-12~4,0,0,0,0 05-25~8,1,1,1,0 09-01~5,0,0,0,0 08-19~5,0,0,0,0 07-10~4,0,0,0,0 06-08~5,0,0,0,0 08-08~5,0,0,0,0 06-30~7,0,0,0,0 07-28~5,0,0,0,0 07-06~4,0,0,0,0 05-03~4,0,0,0,0 07-18~4,0,0,0,0 08-15~4,0,0,0,0 08-13~4,0,0,0,0
105400053_495906|07-08~8,0,0,0,0 06-10~17,0,0,0,0 2026-09M~9,0,0,0,0 07-14~6,0,0,0,0 08-05~11,0,0,0,0 09-01~7,0,0,0,0 08-19~8,0,0,0,0 05-28~13,1,0,0,0 05-30~12,0,0,0,0 06-29~10,0,0,0,0 07-31~8,0,0,0,0 08-11~8,0,0,0,0 05-18~10,1,1,1,1 07-12~6,0,0,0,0 06-05~11,0,0,0,0 05-17~9,0,0,0,0 05-14~8,0,0,0,0 08-15~7,0,0,0,0 06-27~7,0,0,0,0 08-24~5,0,0,0,0 2026-08~15,0,0,0,0 08-16~6,0,0,0,0 08-31~8,0,0,0,0 05-04~9,0,0,0,0 06-26~9,0,0,0,0 07-17~10,0,0,0,0 05-20~6,0,0,0,0 08-13~7,0,0,0,0 07-16~10,0,0,0,0 07-03~9,0,0,0,0 2026-05~44,8,6,1,1 06-03~10,0,0,0,0 05-01~5,0,0,0,0 06-23~8,0,0,0,0 05-26~10,0,0,0,0 06-28~10,0,0,0,0 07-30~10,0,0,0,0 05-10~9,0,0,0,0 08-23~6,0,0,0,0 06-07~12,0,0,0,0 06-16~13,0,0,0,0 06-22~11,0,0,0,0 07-09~9,0,0,0,0 06-11~12,0,0,0,0 05-13~10,0,0,0,0 07-02~10,0,0,0,0 05-06~8,0,0,0,0 07-21~6,0,0,0,0 05-08~8,0,0,0,0 07-27~6,0,0,0,0 06-18~9,0,0,0,0 07-22~4,0,0,0,0 06-04~7,0,0,0,0 2026-09~9,0,0,0,0 06-30~9,0,0,0,0 07-28~8,1,0,0,0 07-24~7,0,0,0,0 07-05~8,0,0,0,0 05-31~10,0,0,0,0 2026-07M~13,0,0,0,0 06-01~9,0,0,0,0 2026-05M~7,0,0,0,0 07-19~9,0,0,0,0 08-29~8,0,0,0,0 08-12~8,0,0,0,0 06-19~15,0,0,0,0 07-01~10,0,0,0,0 05-24~15,1,0,0,0 06-06~15,1,1,1,0 08-14~10,0,0,0,0 07-13~10,0,0,0,0 08-09~8,0,0,0,0 08-04~7,0,0,0,0 07-20~11,1,0,0,0 08-25~6,0,0,0,0 08-27~10,0,0,0,0 08-10~9,0,0,0,0 07-26~5,0,0,0,0 06-21~11,0,0,0,0 08-26~6,0,0,0,0 07-18~8,0,0,0,0 05-07~7,0,0,0,0 05-03~5,0,0,0,0 05-29~9,0,0,0,0 05-23~16,0,0,0,0 08-01~8,0,0,0,0 05-19~6,0,0,0,0 08-08~8,0,0,0,0 05-27~15,1,1,0,0 06-13~8,0,0,0,0 08-30~6,0,0,0,0 all~44,9,7,4,1 05-12~7,0,0,0,0 05-05~7,0,0,0,0 06-02~9,0,0,0,0 08-02~9,0,0,0,0 05-02~5,0,0,0,0 07-11~8,0,0,0,0 06-09~12,0,0,0,0 2026-06~26,1,1,1,0 07-06~9,0,0,0,0 07-07~11,0,0,0,0 06-25~11,0,0,0,0 08-07~10,0,0,0,0 08-03~9,0,0,0,0 05-16~8,0,0,0,0 07-15~7,0,0,0,0 2026-06M~12,0,0,0,0 08-22~7,0,0,0,0 05-25~9,0,0,0,0 07-04~11,0,0,0,0 08-17~8,0,0,0,0 06-14~8,0,0,0,0 08-21~8,0,0,0,0 08-06~10,0,0,0,0 07-10~7,0,0,0,0 06-08~14,0,0,0,0 05-15~5,0,0,0,0 05-09~6,0,0,0,0 05-22~29,4,4,0,0 05-11~7,0,0,0,0 2026-07~17,2,0,0,0 2026-08M~11,0,0,0,0 06-12~11,0,0,0,0 07-29~10,0,0,0,0 08-20~9,0,0,0,0 06-20~11,0,0,0,0 08-18~8,0,0,0,0 05-21~8,0,0,0,0 09-02~7,0,0,0,0 08-28~7,0,0,0,0 06-17~6,0,0,0,0 06-15~9,0,0,0,0 06-24~10,0,0,0,0 07-25~6,0,0,0,0 07-23~11,0,0,0,0
105400053_496443|06-21~38,0,0,0,0 06-06~31,0,0,0,0 07-02~37,0,0,0,0 08-13~35,0,0,0,0 07-20~36,0,0,0,0 05-26~25,0,0,0,0 07-27~31,0,0,0,0 08-07~30,0,0,0,0 2026-08M~33,0,0,0,0 08-24~31,1,1,0,0 07-04~34,0,0,0,0 2026-06~101,18,17,8,2 06-13~40,0,0,0,0 05-01~25,0,0,0,0 05-02~25,0,0,0,0 08-03~31,0,0,0,0 05-20~25,0,0,0,0 07-29~34,0,0,0,0 all~139,38,28,15,4 05-18~28,0,0,0,0 08-27~32,0,0,0,0 05-22~30,0,0,0,0 05-12~23,0,0,0,0 07-28~32,0,0,0,0 06-30~34,0,0,0,0 07-23~34,0,0,0,0 07-24~34,0,0,0,0 07-01~39,2,0,0,0 06-19~41,0,0,0,0 2026-09~38,1,1,0,0 08-05~29,0,0,0,0 06-18~42,0,0,0,0 07-15~34,0,0,0,0 06-15~48,0,0,0,0 05-17~24,1,1,1,1 05-30~37,1,1,0,0 09-02~33,1,1,0,0 07-26~31,0,0,0,0 08-22~31,0,0,0,0 05-06~26,0,0,0,0 2026-05~98,12,8,4,2 06-11~48,1,0,0,0 07-09~35,0,0,0,0 05-25~29,0,0,0,0 08-19~32,0,0,0,0 09-01~35,0,0,0,0 07-18~35,0,0,0,0 06-20~37,1,0,0,0 06-07~30,4,4,3,0 07-21~34,0,0,0,0 05-05~28,0,0,0,0 07-14~35,1,0,0,0 05-10~25,0,0,0,0 05-16~25,0,0,0,0 06-24~37,0,0,0,0 07-31~29,0,0,0,0 06-29~42,0,0,0,0 07-16~39,0,0,0,0 06-12~44,0,0,0,0 05-19~28,0,0,0,0 06-26~35,0,0,0,0 05-09~24,0,0,0,0 08-16~32,0,0,0,0 05-29~36,2,1,0,0 07-13~39,2,0,0,0 05-27~66,3,2,1,0 08-21~33,0,0,0,0 05-23~22,0,0,0,0 06-17~36,0,0,0,0 08-28~35,1,0,0,0 08-04~30,0,0,0,0 2026-06M~44,0,0,0,0 08-09~26,0,0,0,0 07-17~39,0,0,0,0 06-10~63,2,2,0,0 07-08~35,0,0,0,0 08-02~31,0,0,0,0 07-05~33,0,0,0,0 08-12~32,0,0,0,0 08-25~29,0,0,0,0 06-25~36,0,0,0,0 07-25~32,0,0,0,0 08-08~29,0,0,0,0 08-31~28,0,0,0,0 2026-07M~44,2,0,0,0 08-06~32,1,1,0,0 07-30~27,0,0,0,0 06-28~39,0,0,0,0 08-30~33,0,0,0,0 06-16~40,0,0,0,0 05-11~26,0,0,0,0 2026-08~53,5,2,0,0 05-15~28,0,0,0,0 05-21~28,0,0,0,0 08-23~29,0,0,0,0 08-17~32,0,0,0,0 06-23~41,0,0,0,0 06-22~37,0,0,0,0 05-28~50,4,2,1,0 05-31~31,0,0,0,0 06-05~35,0,0,0,0 08-26~35,0,0,0,0 05-04~25,0,0,0,0 05-13~22,0,0,0,0 06-14~37,0,0,0,0 08-14~34,1,0,0,0 05-14~29,1,1,0,0 07-22~37,0,0,0,0 07-07~38,0,0,0,0 05-08~27,0,0,0,0 06-08~49,5,4,1,0 07-10~39,1,0,0,0 06-09~48,5,5,0,0 07-11~35,0,0,0,0 08-18~33,0,0,0,0 08-11~31,1,0,0,0 08-15~33,0,0,0,0 07-03~29,0,0,0,0 07-12~30,0,0,0,0 08-01~30,0,0,0,0 2026-09M~38,1,1,0,0 06-02~31,0,0,0,0 2026-05M~28,0,0,0,0 08-10~33,0,0,0,0 08-29~30,0,0,0,0 07-06~36,0,0,0,0 05-03~24,0,0,0,0 2026-07~64,5,0,0,0 05-07~24,0,0,0,0 06-04~32,0,0,0,0 06-27~31,0,0,0,0 05-24~33,0,0,0,0 08-20~27,0,0,0,0 07-19~38,0,0,0,0 06-01~41,0,0,0,0 06-03~40,1,1,0,0
105400053_496526|08-11~9,0,0,0,0 06-23~12,0,0,0,0 07-25~9,0,0,0,0 2026-08~20,1,0,0,0 07-27~11,0,0,0,0 08-08~13,0,0,0,0 2026-07~32,1,1,0,0 05-06~3,0,0,0,0 05-21~9,0,0,0,0 06-14~16,0,0,0,0 05-08~7,1,0,0,0 05-28~35,2,1,0,0 05-18~6,0,0,0,0 08-23~9,0,0,0,0 05-20~6,0,0,0,0 05-09~9,0,0,0,0 07-10~12,0,0,0,0 06-08~13,0,0,0,0 05-03~9,0,0,0,0 08-01~9,1,0,0,0 06-02~19,1,0,0,0 05-05~7,0,0,0,0 06-30~15,0,0,0,0 07-28~11,0,0,0,0 06-17~14,0,0,0,0 2026-09M~15,0,0,0,0 05-27~30,2,1,0,0 2026-06~61,7,5,2,1 08-29~7,0,0,0,0 07-07~12,0,0,0,0 05-22~10,0,0,0,0 05-04~10,0,0,0,0 07-15~12,0,0,0,0 08-28~11,0,0,0,0 08-25~8,0,0,0,0 08-05~12,0,0,0,0 06-12~15,0,0,0,0 2026-05~67,7,2,1,0 06-05~13,0,0,0,0 05-07~4,0,0,0,0 08-21~9,0,0,0,0 06-29~12,0,0,0,0 07-31~9,0,0,0,0 07-14~14,0,0,0,0 05-30~15,0,0,0,0 08-30~10,0,0,0,0 05-19~8,0,0,0,0 08-04~11,1,0,0,0 08-10~9,0,0,0,0 08-09~10,0,0,0,0 all~84,15,7,4,2 08-14~10,0,0,0,0 09-01~12,0,0,0,0 08-19~11,0,0,0,0 08-22~8,0,0,0,0 2026-08M~13,1,0,0,0 08-16~11,0,0,0,0 09-02~12,0,0,0,0 06-26~13,0,0,0,0 07-09~11,0,0,0,0 06-11~21,0,0,0,0 08-27~10,0,0,0,0 05-25~8,0,0,0,0 06-18~16,0,0,0,0 07-02~10,0,0,0,0 07-17~13,0,0,0,0 05-29~19,1,0,0,0 07-21~11,0,0,0,0 08-20~10,0,0,0,0 2026-09~15,0,0,0,0 06-22~16,1,0,0,0 06-15~14,0,0,0,0 08-15~10,0,0,0,0 05-16~8,0,0,0,0 07-20~12,0,0,0,0 07-23~12,0,0,0,0 05-01~11,0,0,0,0 06-03~18,0,0,0,0 06-01~34,2,2,2,0 07-19~14,0,0,0,0 05-12~7,0,0,0,0 08-18~11,0,0,0,0 05-24~6,0,0,0,0 08-07~12,0,0,0,0 07-18~12,1,1,0,0 07-13~14,0,0,0,0 08-26~8,0,0,0,0 06-13~14,0,0,0,0 07-04~16,0,0,0,0 06-27~8,0,0,0,0 08-13~11,0,0,0,0 08-12~11,0,0,0,0 06-16~16,1,1,0,0 05-13~6,0,0,0,0 08-24~7,0,0,0,0 06-24~8,0,0,0,0 2026-07M~15,0,0,0,0 05-31~15,0,0,0,0 07-03~12,0,0,0,0 05-10~9,0,0,0,0 06-28~13,0,0,0,0 07-30~8,0,0,0,0 05-15~7,0,0,0,0 07-11~12,0,0,0,0 06-09~19,1,1,0,0 08-03~9,0,0,0,0 06-21~12,0,0,0,0 05-23~9,0,0,0,0 06-25~13,0,0,0,0 05-02~9,1,0,0,0 06-04~17,0,0,0,0 07-29~11,0,0,0,0 05-14~6,0,0,0,0 07-12~13,0,0,0,0 06-07~10,0,0,0,0 06-20~17,0,0,0,0 06-19~20,1,1,0,0 07-01~14,0,0,0,0 05-17~4,0,0,0,0 07-05~12,0,0,0,0 05-11~7,0,0,0,0 05-26~10,0,0,0,0 07-06~12,0,0,0,0 08-17~10,0,0,0,0 06-06~14,0,0,0,0 07-22~10,0,0,0,0 08-06~9,0,0,0,0 07-26~9,0,0,0,0 07-08~9,0,0,0,0 06-10~25,1,1,0,0 2026-05M~15,1,0,0,0 07-24~8,0,0,0,0 07-16~12,0,0,0,0 2026-06M~40,3,2,2,0 08-31~9,0,0,0,0 08-02~13,0,0,0,0
105400053_496727|2026-06~21,6,5,2,1 07-05~2,1,1,1,0 06-29~2,0,0,0,0 05-28~2,2,2,0,0 07-01~1,0,0,0,0 06-19~6,3,3,1,1 08-07~1,0,0,0,0 06-16~1,0,0,0,0 2026-08~2,2,0,0,0 08-24~1,1,0,0,0 07-02~1,0,0,0,0 2026-05~10,4,4,0,0 07-17~1,0,0,0,0 06-05~2,0,0,0,0 06-21~1,0,0,0,0 2026-07~26,5,5,1,0 07-15~1,1,1,0,0 05-22~1,0,0,0,0 05-29~6,2,2,0,0 all~52,17,14,4,1 07-09~2,0,0,0,0 07-22~1,0,0,0,0 08-27~1,0,0,0,0 08-20~1,0,0,0,0 07-25~1,0,0,0,0 06-07~1,0,0,0,0 07-19~1,0,0,0,0 06-01~2,0,0,0,0 07-14~1,0,0,0,0 07-11~2,0,0,0,0 07-16~1,0,0,0,0 05-31~1,0,0,0,0 07-28~1,0,0,0,0 08-19~1,1,0,0,0 08-26~1,0,0,0,0 08-03~1,1,0,0,0 05-20~1,0,0,0,0 06-02~2,0,0,0,0 06-28~2,0,0,0,0 06-22~1,0,0,0,0 07-04~1,0,0,0,0 07-21~2,0,0,0,0 06-04~1,1,1,0,0 07-07~1,1,1,0,0 2026-07M~2,0,0,0,0 06-08~1,1,0,0,0 07-08~4,2,2,0,0 2026-06M~4,0,0,0,0 05-30~1,0,0,0,0 06-20~4,1,1,1,0 07-20~2,0,0,0,0
105400053_496850|08-28~11,0,0,0,0 05-14~8,0,0,0,0 08-13~10,0,0,0,0 07-02~16,0,0,0,0 06-04~24,3,3,0,0 06-06~24,4,1,1,0 08-31~14,0,0,0,0 07-16~17,0,0,0,0 05-05~8,0,0,0,0 05-06~9,1,0,0,0 05-18~8,0,0,0,0 08-15~13,0,0,0,0 05-31~11,1,1,0,0 05-11~9,0,0,0,0 05-21~6,0,0,0,0 05-22~11,0,0,0,0 09-02~11,0,0,0,0 05-19~7,0,0,0,0 05-30~8,0,0,0,0 07-12~16,0,0,0,0 07-29~12,0,0,0,0 07-23~12,0,0,0,0 07-11~13,0,0,0,0 06-09~43,2,1,0,0 05-01~10,0,0,0,0 05-27~12,1,1,1,0 08-10~13,0,0,0,0 06-26~19,0,0,0,0 05-24~12,0,0,0,0 07-14~16,0,0,0,0 08-11~13,0,0,0,0 06-15~31,3,3,2,0 08-04~13,0,0,0,0 06-13~21,0,0,0,0 07-24~10,1,1,1,0 08-18~13,0,0,0,0 07-08~12,1,1,0,0 06-10~126,40,35,21,1 05-09~11,0,0,0,0 2026-05M~14,0,0,0,0 08-09~10,0,0,0,0 05-20~7,0,0,0,0 05-23~9,0,0,0,0 08-29~13,0,0,0,0 08-30~12,0,0,0,0 08-05~15,0,0,0,0 08-26~10,0,0,0,0 05-04~10,0,0,0,0 2026-09M~14,1,0,0,0 08-20~15,0,0,0,0 08-07~14,0,0,0,0 08-25~10,0,0,0,0 05-03~10,0,0,0,0 all~255,94,72,43,7 05-13~8,0,0,0,0 08-23~13,1,0,0,0 07-07~15,0,0,0,0 08-02~11,0,0,0,0 06-12~28,2,2,1,0 06-28~18,0,0,0,0 07-30~15,0,0,0,0 06-21~18,0,0,0,0 06-23~21,0,0,0,0 05-15~9,0,0,0,0 07-15~14,0,0,0,0 05-10~5,0,0,0,0 07-18~14,0,0,0,0 08-06~15,0,0,0,0 09-01~13,1,0,0,0 08-19~10,0,0,0,0 07-13~16,0,0,0,0 08-14~11,0,0,0,0 2026-06~248,89,68,37,5 06-16~22,1,0,0,0 07-03~18,0,0,0,0 05-07~5,0,0,0,0 08-27~13,0,0,0,0 06-01~20,3,2,1,0 07-19~10,0,0,0,0 06-02~21,7,5,2,0 07-22~9,0,0,0,0 07-20~13,0,0,0,0 05-16~7,0,0,0,0 07-17~18,2,1,1,1 08-21~12,0,0,0,0 07-21~13,0,0,0,0 2026-07M~23,0,0,0,0 2026-05~43,4,2,1,0 06-25~21,1,1,1,0 07-06~14,0,0,0,0 05-17~8,0,0,0,0 2026-08~47,2,0,0,0 06-17~25,1,1,0,0 07-05~20,0,0,0,0 08-16~13,0,0,0,0 05-08~12,1,0,0,0 06-14~17,0,0,0,0 08-01~15,0,0,0,0 06-22~22,2,0,0,0 05-29~11,0,0,0,0 07-09~12,0,0,0,0 06-11~38,2,1,0,0 06-30~19,0,0,0,0 07-28~11,0,0,0,0 06-18~28,3,1,1,1 2026-08M~17,0,0,0,0 07-04~16,0,0,0,0 08-12~10,0,0,0,0 07-25~7,0,0,0,0 08-03~18,0,0,0,0 07-10~18,0,0,0,0 06-08~26,0,0,0,0 07-26~13,0,0,0,0 06-19~35,4,3,3,0 07-01~18,0,0,0,0 2026-07~60,4,3,2,1 06-20~36,7,3,0,0 05-02~8,0,0,0,0 08-17~12,0,0,0,0 06-24~20,0,0,0,0 05-26~5,0,0,0,0 05-28~12,0,0,0,0 06-27~18,1,1,0,0 2026-06M~34,9,7,3,0 05-25~9,0,0,0,0 05-12~9,0,0,0,0 07-27~12,0,0,0,0 06-03~26,5,4,1,0 06-07~28,5,3,0,0 06-29~19,2,0,0,0 07-31~12,0,0,0,0 06-05~33,1,1,0,0 08-08~9,0,0,0,0 08-22~9,0,0,0,0 08-24~11,1,0,0,0 2026-09~14,1,0,0,0
105400053_497199|08-04~7,0,0,0,0 05-03~3,0,0,0,0 06-21~7,1,0,0,0 08-25~7,0,0,0,0 06-13~9,0,0,0,0 2026-06~48,15,6,3,0 06-27~5,0,0,0,0 05-21~5,0,0,0,0 07-27~5,0,0,0,0 05-26~5,0,0,0,0 2026-09~16,0,0,0,0 08-15~11,0,0,0,0 08-16~4,0,0,0,0 06-17~11,1,0,0,0 08-08~5,0,0,0,0 05-05~3,0,0,0,0 08-21~9,0,0,0,0 08-26~9,1,0,0,0 06-05~7,1,0,0,0 08-01~8,0,0,0,0 08-31~8,0,0,0,0 08-09~7,0,0,0,0 2026-05~14,2,1,0,0 06-18~7,0,0,0,0 08-20~7,0,0,0,0 07-03~7,0,0,0,0 07-21~7,0,0,0,0 05-28~6,0,0,0,0 06-14~3,0,0,0,0 07-19~7,0,0,0,0 06-01~4,0,0,0,0 08-27~7,2,0,0,0 07-23~6,0,0,0,0 07-13~5,0,0,0,0 05-29~4,1,1,0,0 2026-08~36,6,1,0,0 08-11~5,0,0,0,0 08-22~8,0,0,0,0 05-22~5,0,0,0,0 06-22~16,5,2,1,0 05-25~4,0,0,0,0 2026-05M~3,0,0,0,0 06-03~4,0,0,0,0 05-01~2,0,0,0,0 05-14~4,0,0,0,0 07-16~4,0,0,0,0 07-31~6,0,0,0,0 06-29~9,1,0,0,0 05-27~2,0,0,0,0 2026-07M~8,0,0,0,0 07-07~10,0,0,0,0 08-29~6,0,0,0,0 05-08~4,0,0,0,0 07-24~7,0,0,0,0 2026-06M~9,2,2,1,0 08-19~7,0,0,0,0 09-01~15,0,0,0,0 05-19~4,0,0,0,0 08-30~5,0,0,0,0 05-20~6,0,0,0,0 07-04~5,0,0,0,0 09-02~9,0,0,0,0 05-15~6,0,0,0,0 06-09~10,1,0,0,0 07-11~6,0,0,0,0 07-17~8,0,0,0,0 06-02~7,2,2,1,0 06-07~5,1,1,0,0 08-14~9,0,0,0,0 05-30~4,0,0,0,0 05-17~6,0,0,0,0 08-10~7,0,0,0,0 08-13~6,0,0,0,0 08-23~7,0,0,0,0 06-25~8,0,0,0,0 07-18~4,0,0,0,0 08-03~10,0,0,0,0 06-10~12,0,0,0,0 07-08~7,0,0,0,0 07-28~5,0,0,0,0 06-30~8,0,0,0,0 05-12~3,0,0,0,0 07-26~6,0,0,0,0 07-22~9,0,0,0,0 08-05~5,1,0,0,0 05-16~4,0,0,0,0 05-09~4,0,0,0,0 2026-07~28,3,1,0,0 05-04~5,0,0,0,0 06-04~3,0,0,0,0 08-17~8,0,0,0,0 05-24~5,0,0,0,0 08-28~7,0,0,0,0 08-06~6,0,0,0,0 2026-09M~16,0,0,0,0 05-31~4,0,0,0,0 06-08~4,0,0,0,0 07-10~5,0,0,0,0 06-15~7,0,0,0,0 07-14~5,0,0,0,0 06-26~10,0,0,0,0 07-20~7,0,0,0,0 all~80,24,9,4,1 06-12~5,0,0,0,0 06-16~8,0,0,0,0 08-07~5,0,0,0,0 06-24~6,0,0,0,0 07-29~8,0,0,0,0 07-30~9,3,1,0,0 06-28~6,0,0,0,0 07-05~10,0,0,0,0 07-12~8,0,0,0,0 07-15~9,0,0,0,0 05-23~4,0,0,0,0 05-06~6,1,0,0,0 08-18~5,0,0,0,0 2026-08M~17,2,1,0,0 06-11~8,0,0,0,0 07-09~5,0,0,0,0 05-11~5,0,0,0,0 05-10~6,0,0,0,0 07-01~6,0,0,0,0 06-19~20,3,1,0,0 05-02~2,0,0,0,0 06-20~11,0,0,0,0 05-13~5,0,0,0,0 08-12~6,0,0,0,0 05-07~6,1,0,0,0 07-02~8,0,0,0,0 06-06~3,0,0,0,0 06-23~9,0,0,0,0 07-06~5,0,0,0,0 08-02~15,2,1,0,0 07-25~4,0,0,0,0 08-24~5,0,0,0,0 05-18~5,0,0,0,0
105400053_497203|06-11~2,1,1,1,0 08-27~2,1,1,0,0 2026-07M~1,1,0,0,0 08-23~1,0,0,0,0 06-15~1,0,0,0,0 2026-05M~1,0,0,0,0 08-31~2,1,1,1,0 06-05~1,1,0,0,0 07-06~1,1,1,0,0 08-20~8,7,4,0,0 06-18~2,0,0,0,0 06-13~2,1,0,0,0 2026-07~6,2,1,0,0 06-19~2,2,1,1,0 all~44,35,21,8,0 07-02~1,1,0,0,0 08-08~1,1,0,0,0 08-07~1,1,1,0,0 08-28~1,0,0,0,0 06-20~3,0,0,0,0 2026-09~2,1,0,0,0 08-24~1,0,0,0,0 08-04~1,1,0,0,0 05-29~1,0,0,0,0 07-31~1,0,0,0,0 2026-08~26,23,14,3,0 08-30~1,0,0,0,0 06-28~2,1,0,0,0 07-30~1,0,0,0,0 08-21~7,5,3,2,0 05-01~1,0,0,0,0 08-26~2,1,1,0,0 08-22~1,0,0,0,0 08-29~2,1,0,0,0 08-25~3,0,0,0,0 2026-06M~1,1,1,0,0 2026-09M~2,1,0,0,0 07-11~1,0,0,0,0 06-09~3,2,2,1,0 05-04~1,0,0,0,0 07-12~1,0,0,0,0 09-01~2,1,0,0,0 08-19~5,5,2,0,0 06-02~1,1,1,0,0 05-03~1,0,0,0,0 2026-08M~1,1,1,0,0 2026-06~16,10,7,4,0 07-08~1,0,0,0,0 06-10~3,2,2,0,0 2026-05~2,0,0,0,0 09-02~1,0,0,0,0 08-02~1,1,1,0,0
105400053_497222|07-12~1,0,0,0,0 06-16~2,0,0,0,0 08-28~1,0,0,0,0 07-08~1,0,0,0,0 06-10~4,0,0,0,0 2026-08~2,0,0,0,0 07-07~1,0,0,0,0 all~20,10,7,3,0 2026-06~20,10,7,3,0 05-01~1,0,0,0,0 2026-07~1,0,0,0,0 07-24~1,0,0,0,0 06-30~1,0,0,0,0 06-15~2,0,0,0,0 08-23~1,0,0,0,0 08-31~1,0,0,0,0 06-14~2,0,0,0,0 06-01~2,0,0,0,0 07-19~1,0,0,0,0 06-19~3,0,0,0,0 07-01~1,0,0,0,0 07-21~1,0,0,0,0 08-16~1,0,0,0,0 2026-07M~1,0,0,0,0 2026-09~1,0,0,0,0 07-05~1,0,0,0,0 05-29~1,0,0,0,0 08-15~1,0,0,0,0 08-30~1,0,0,0,0 07-14~1,0,0,0,0 07-13~1,0,0,0,0 07-18~1,0,0,0,0 06-02~10,4,3,1,0 06-20~1,0,0,0,0 07-06~1,0,0,0,0 05-30~1,0,0,0,0 09-02~1,0,0,0,0 06-07~2,0,0,0,0 07-03~1,0,0,0,0 08-24~1,0,0,0,0 08-26~1,0,0,0,0 06-03~2,0,0,0,0 2026-09M~1,0,0,0,0 07-04~1,0,0,0,0 07-09~1,0,0,0,0 2026-05M~1,0,0,0,0 06-11~2,0,0,0,0 06-22~3,0,0,0,0 08-29~1,0,0,0,0 06-29~3,2,2,0,0 06-24~1,0,0,0,0 07-02~1,0,0,0,0 08-20~1,0,0,0,0 05-31~1,0,0,0,0 07-11~1,0,0,0,0 06-09~4,0,0,0,0 06-18~2,0,0,0,0 08-18~1,0,0,0,0 05-18~1,0,0,0,0 2026-05~1,0,0,0,0 06-13~2,0,0,0,0 06-04~4,1,1,1,0 06-05~6,1,0,0,0 08-27~1,0,0,0,0 09-01~1,0,0,0,0 06-17~2,0,0,0,0 2026-06M~10,4,3,1,0 06-06~5,3,3,0,0 08-25~1,0,0,0,0 06-12~2,0,0,0,0 07-10~1,0,0,0,0 06-08~4,1,0,0,0 07-15~1,0,0,0,0 07-17~1,0,0,0,0 07-26~1,0,0,0,0 06-21~1,0,0,0,0
105400053_498263|2026-06~14,10,5,3,0 06-18~2,1,1,1,0 all~14,10,5,3,0 2026-08~1,1,0,0,0 08-02~1,1,0,0,0 06-22~3,2,1,1,0 06-15~9,6,2,1,0 06-09~2,2,1,0,0 2026-08M~1,1,0,0,0 06-19~1,0,0,0,0
105400053_498391|08-28~2,0,0,0,0 08-13~2,0,0,0,0 2026-06~33,4,3,3,1 07-02~6,0,0,0,0 06-04~3,0,0,0,0 06-06~4,0,0,0,0 08-31~4,0,0,0,0 07-16~6,0,0,0,0 05-05~2,0,0,0,0 05-06~1,0,0,0,0 05-18~3,0,0,0,0 08-15~5,0,0,0,0 05-31~2,0,0,0,0 05-11~2,0,0,0,0 05-21~1,0,0,0,0 05-22~1,0,0,0,0 09-02~5,0,0,0,0 05-19~2,0,0,0,0 05-30~4,0,0,0,0 07-12~6,0,0,0,0 07-29~6,0,0,0,0 07-23~6,0,0,0,0 06-09~3,0,0,0,0 07-11~7,1,0,0,0 05-01~2,0,0,0,0 05-27~2,0,0,0,0 08-10~4,0,0,0,0 06-26~6,0,0,0,0 05-24~3,0,0,0,0 07-14~7,0,0,0,0 08-11~5,0,0,0,0 06-15~10,0,0,0,0 08-04~5,0,0,0,0 2026-07M~9,0,0,0,0 06-13~7,0,0,0,0 07-24~8,0,0,0,0 08-18~4,0,0,0,0 06-10~11,1,1,1,1 07-08~9,0,0,0,0 05-09~2,0,0,0,0 08-09~5,0,0,0,0 05-20~3,0,0,0,0 05-23~2,0,0,0,0 2026-08M~8,0,0,0,0 08-29~4,0,0,0,0 08-30~4,0,0,0,0 08-05~5,0,0,0,0 08-26~3,0,0,0,0 05-04~2,0,0,0,0 08-20~4,0,0,0,0 08-07~4,0,0,0,0 08-25~4,0,0,0,0 2026-09~7,0,0,0,0 05-03~3,0,0,0,0 all~34,6,4,4,2 05-13~2,0,0,0,0 2026-06M~2,0,0,0,0 08-23~5,0,0,0,0 2026-09M~7,0,0,0,0 07-07~9,0,0,0,0 08-02~6,0,0,0,0 06-12~8,0,0,0,0 07-30~4,0,0,0,0 06-28~5,0,0,0,0 06-21~5,0,0,0,0 06-23~10,0,0,0,0 05-15~1,0,0,0,0 07-15~6,0,0,0,0 05-10~3,0,0,0,0 07-18~5,0,0,0,0 08-06~4,0,0,0,0 08-19~5,0,0,0,0 09-01~6,0,0,0,0 07-13~6,0,0,0,0 08-14~4,0,0,0,0 06-16~5,0,0,0,0 07-03~7,0,0,0,0 05-07~1,0,0,0,0 08-27~4,0,0,0,0 2026-05~8,0,0,0,0 07-19~6,0,0,0,0 06-02~2,0,0,0,0 07-22~4,0,0,0,0 07-20~7,0,0,0,0 05-16~3,0,0,0,0 07-17~7,0,0,0,0 08-21~7,0,0,0,0 07-21~5,1,0,0,0 2026-08~11,2,1,1,1 06-25~9,0,0,0,0 07-06~8,0,0,0,0 05-17~2,0,0,0,0 06-17~9,1,1,1,0 07-05~9,0,0,0,0 08-16~4,0,0,0,0 05-08~2,0,0,0,0 06-14~5,0,0,0,0 08-01~7,0,0,0,0 06-22~9,1,0,0,0 05-29~3,0,0,0,0 06-11~11,0,0,0,0 07-09~8,1,0,0,0 07-28~4,0,0,0,0 06-30~6,0,0,0,0 06-18~9,1,0,0,0 07-04~9,0,0,0,0 08-12~4,0,0,0,0 07-25~6,0,0,0,0 08-03~5,1,0,0,0 06-08~4,0,0,0,0 07-10~8,1,0,0,0 07-26~6,0,0,0,0 07-01~8,0,0,0,0 06-19~6,0,0,0,0 06-20~6,0,0,0,0 05-02~3,0,0,0,0 08-17~5,0,0,0,0 06-24~11,0,0,0,0 05-26~2,0,0,0,0 05-28~3,0,0,0,0 06-27~10,0,0,0,0 05-25~3,0,0,0,0 05-12~2,0,0,0,0 2026-05M~3,0,0,0,0 07-27~1,0,0,0,0 06-03~4,0,0,0,0 06-07~2,0,0,0,0 07-31~5,0,0,0,0 06-29~6,0,0,0,0 2026-07~15,1,0,0,0 06-05~2,0,0,0,0 08-08~6,0,0,0,0 08-22~6,1,1,1,1 08-24~5,0,0,0,0
105400053_498621|07-11~1,0,0,0,0 06-15~2,1,1,0,0 05-29~1,0,0,0,0 2026-05~1,1,1,1,1 06-13~1,1,1,1,1 2026-06M~1,0,0,0,0 07-04~1,0,0,0,0 2026-07M~1,0,0,0,0 06-16~1,0,0,0,0 06-17~1,0,0,0,0 06-02~1,0,0,0,0 07-10~1,0,0,0,0 06-03~1,0,0,0,0 06-20~1,0,0,0,0 06-01~1,0,0,0,0 07-05~1,0,0,0,0 all~5,4,4,2,1 2026-06~5,4,4,2,1 06-29~1,0,0,0,0 06-25~1,0,0,0,0 06-04~1,0,0,0,0 06-18~1,0,0,0,0 2026-07~1,0,0,0,0 06-12~3,3,3,2,1 06-27~1,0,0,0,0 07-01~1,0,0,0,0 06-19~1,0,0,0,0 05-30~1,0,0,0,0 05-27~1,1,1,0,0 07-03~1,0,0,0,0 06-10~1,0,0,0,0 07-08~1,0,0,0,0 06-06~1,0,0,0,0 06-14~1,0,0,0,0 06-11~1,0,0,0,0 07-09~1,0,0,0,0 06-24~1,0,0,0,0 06-22~1,0,0,0,0
105400053_499045|06-06~1,0,0,0,0 08-23~1,0,0,0,0 06-27~1,0,0,0,0 08-11~1,0,0,0,0 08-25~2,0,0,0,0 06-17~1,0,0,0,0 06-14~1,0,0,0,0 07-12~1,0,0,0,0 06-23~4,0,0,0,0 06-24~2,0,0,0,0 08-07~1,0,0,0,0 06-03~1,0,0,0,0 07-28~1,0,0,0,0 06-30~1,0,0,0,0 07-13~2,0,0,0,0 09-02~2,0,0,0,0 06-22~3,0,0,0,0 05-18~1,0,0,0,0 07-30~1,0,0,0,0 05-29~1,0,0,0,0 08-03~1,0,0,0,0 06-25~1,0,0,0,0 08-09~1,0,0,0,0 07-14~1,0,0,0,0 06-13~1,0,0,0,0 06-20~2,0,0,0,0 07-11~1,0,0,0,0 08-01~2,1,1,0,0 07-03~1,0,0,0,0 06-18~2,0,0,0,0 2026-07~4,0,0,0,0 08-05~2,0,0,0,0 2026-05~1,0,0,0,0 06-16~4,1,1,1,0 2026-07M~2,0,0,0,0 06-12~2,0,0,0,0 06-11~1,0,0,0,0 07-09~1,0,0,0,0 06-21~2,0,0,0,0 08-27~3,0,0,0,0 08-02~2,0,0,0,0 07-19~1,0,0,0,0 08-12~1,0,0,0,0 07-16~1,0,0,0,0 06-07~1,0,0,0,0 06-02~1,0,0,0,0 08-29~1,0,0,0,0 07-07~1,0,0,0,0 08-06~1,0,0,0,0 06-15~16,5,4,3,0 all~19,7,7,6,0 07-25~1,0,0,0,0 2026-09~2,0,0,0,0 07-21~1,0,0,0,0 07-04~2,0,0,0,0 07-17~1,0,0,0,0 07-06~1,0,0,0,0 06-19~6,1,1,1,0 2026-09M~2,0,0,0,0 08-17~2,0,0,0,0 08-10~3,0,0,0,0 2026-08M~3,1,1,0,0 08-14~2,0,0,0,0 06-05~2,0,0,0,0 08-26~1,0,0,0,0 07-20~2,0,0,0,0 08-08~3,0,0,0,0 07-02~2,0,0,0,0 08-13~1,0,0,0,0 07-23~2,0,0,0,0 07-26~2,0,0,0,0 05-22~1,0,0,0,0 07-10~1,0,0,0,0 06-29~3,0,0,0,0 08-28~1,0,0,0,0 07-27~2,0,0,0,0 07-08~2,0,0,0,0 08-04~1,0,0,0,0 07-22~1,0,0,0,0 08-21~2,0,0,0,0 07-15~1,0,0,0,0 06-26~2,1,1,0,0 2026-08~5,1,1,0,0 2026-06~19,7,7,6,0 2026-06M~1,0,0,0,0
105400053_499780|06-19~5,4,2,0,0 07-01~1,0,0,0,0 08-06~1,0,0,0,0 08-24~2,1,1,1,0 all~14,9,3,2,0 2026-08~6,2,1,1,0 07-26~2,1,0,0,0 08-23~5,1,0,0,0 07-08~1,0,0,0,0 2026-07~4,1,0,0,0 2026-06~7,6,2,0,0 07-17~1,0,0,0,0 08-07~1,0,0,0,0 06-23~2,1,0,0,0 06-25~2,1,0,0,0 07-07~1,0,0,0,0 2026-07M~1,0,0,0,0
105400053_499794|06-07~4,0,0,0,0 06-20~160,98,73,30,1 07-24~14,2,0,0,0 08-29~6,0,0,0,0 05-18~3,0,0,0,0 07-06~10,0,0,0,0 06-19~243,154,116,43,0 07-01~9,0,0,0,0 08-21~7,0,0,0,0 2026-09M~9,0,0,0,0 05-28~6,0,0,0,0 08-02~8,1,0,0,0 2026-06~428,288,222,90,1 07-22~9,2,1,0,0 2026-07~84,30,15,7,0 2026-05~12,1,1,0,0 05-27~1,0,0,0,0 05-24~2,0,0,0,0 08-25~5,0,0,0,0 05-06~3,0,0,0,0 06-17~5,0,0,0,0 08-14~10,0,0,0,0 08-26~6,0,0,0,0 08-01~6,1,0,0,0 05-04~6,0,0,0,0 06-16~7,0,0,0,0 07-05~15,1,0,0,0 07-02~13,0,0,0,0 07-27~8,1,1,0,0 05-10~3,0,0,0,0 08-09~7,1,1,0,0 08-23~6,1,1,0,0 07-26~11,1,0,0,0 05-31~6,0,0,0,0 06-13~7,0,0,0,0 05-16~2,0,0,0,0 06-18~8,0,0,0,0 08-04~11,1,1,0,0 05-20~3,0,0,0,0 08-13~11,3,1,0,0 05-03~3,0,0,0,0 09-02~4,0,0,0,0 06-26~17,3,3,2,0 06-12~10,1,1,0,0 06-06~5,0,0,0,0 06-21~31,8,6,2,0 07-07~10,1,1,0,0 05-23~2,0,0,0,0 2026-08M~11,2,0,0,0 05-30~5,0,0,0,0 07-11~9,1,1,0,0 06-09~6,0,0,0,0 06-02~4,0,0,0,0 07-17~14,2,1,0,0 06-28~10,0,0,0,0 07-30~13,1,0,0,0 07-12~12,0,0,0,0 07-18~12,0,0,0,0 07-14~12,1,0,0,0 08-30~7,1,0,0,0 05-01~3,0,0,0,0 2026-08~41,10,5,0,0 08-07~8,0,0,0,0 05-05~4,0,0,0,0 07-29~11,2,1,1,0 09-01~9,0,0,0,0 08-19~7,0,0,0,0 08-22~6,0,0,0,0 06-29~13,0,0,0,0 07-31~10,1,1,0,0 05-14~2,0,0,0,0 08-24~4,0,0,0,0 07-23~13,3,2,1,0 07-10~14,2,1,1,0 06-08~6,0,0,0,0 08-03~14,2,0,0,0 06-03~7,0,0,0,0 07-03~15,0,0,0,0 08-15~6,0,0,0,0 08-17~7,0,0,0,0 08-20~4,0,0,0,0 07-16~16,0,0,0,0 07-09~10,0,0,0,0 06-11~12,1,1,1,0 08-16~6,0,0,0,0 06-30~11,0,0,0,0 07-28~6,0,0,0,0 05-19~2,0,0,0,0 05-07~3,0,0,0,0 08-05~10,1,1,0,0 05-13~3,0,0,0,0 08-31~8,0,0,0,0 05-29~5,1,1,0,0 06-05~8,1,1,0,0 06-04~3,0,0,0,0 05-08~3,0,0,0,0 05-17~3,0,0,0,0 06-23~16,1,1,0,0 05-22~4,0,0,0,0 07-04~13,2,1,1,0 07-21~8,0,0,0,0 2026-07M~16,0,0,0,0 06-15~8,1,1,0,0 all~453,308,237,98,4 05-26~2,0,0,0,0 07-25~10,1,0,0,0 08-12~8,0,0,0,0 05-15~1,0,0,0,0 08-27~6,0,0,0,0 06-24~17,3,1,0,0 08-11~5,0,0,0,0 07-20~10,3,2,2,0 2026-05M~4,0,0,0,0 05-25~3,0,0,0,0 05-12~2,0,0,0,0 05-21~2,0,0,0,0 08-08~9,0,0,0,0 2026-09~9,0,0,0,0 06-22~24,9,6,2,0 06-01~4,0,0,0,0 07-19~10,0,0,0,0 08-10~5,0,0,0,0 07-08~10,2,1,0,0 06-10~11,0,0,0,0 08-28~6,0,0,0,0 05-02~4,0,0,0,0 08-06~10,0,0,0,0 05-11~3,0,0,0,0 05-09~3,0,0,0,0 08-18~5,0,0,0,0 06-27~13,3,3,1,0 06-25~24,9,8,1,0 06-14~10,2,2,1,0 07-15~10,3,2,0,0 07-13~14,1,0,0,0 2026-06M~5,0,0,0,0
105400053_500017|2026-08~13,4,3,1,0 08-21~1,0,0,0,0 08-11~1,0,0,0,0 08-22~1,0,0,0,0 07-19~1,0,0,0,0 07-04~4,2,1,0,0 08-24~3,1,1,1,0 07-07~1,0,0,0,0 07-25~1,1,1,0,0 07-08~1,0,0,0,0 08-28~1,0,0,0,0 08-23~3,1,1,0,0 08-15~1,0,0,0,0 07-03~25,14,5,0,0 06-30~2,0,0,0,0 2026-08M~1,0,0,0,0 07-20~2,2,1,0,0 07-13~1,0,0,0,0 08-14~1,1,1,0,0 08-27~1,0,0,0,0 07-22~2,1,1,0,0 07-26~1,0,0,0,0 08-08~1,1,0,0,0 all~56,31,18,6,2 08-04~1,0,0,0,0 08-19~1,0,0,0,0 07-18~4,1,1,1,1 08-02~1,0,0,0,0 2026-06~15,5,4,1,0 07-14~3,1,0,0,0 07-09~2,1,1,1,0 07-10~1,0,0,0,0 06-22~5,2,1,0,0 07-24~2,1,1,1,1 07-01~2,0,0,0,0 07-16~2,1,0,0,0 2026-07M~3,0,0,0,0 07-11~1,0,0,0,0 07-05~1,0,0,0,0 06-24~1,1,1,1,0 2026-07~40,25,12,3,2 07-06~1,0,0,0,0 06-29~9,3,2,0,0 07-02~1,0,0,0,0 08-06~1,0,0,0,0 07-21~3,1,0,0,0 08-20~1,0,0,0,0
105400053_500027|2026-06~6,3,3,2,0 06-24~4,2,2,1,0 06-23~1,0,0,0,0 all~6,3,3,2,0 06-26~1,1,1,1,0
105400053_500301|07-14~1,1,0,0,0 06-28~1,0,0,0,0 06-14~1,0,0,0,0 07-13~1,0,0,0,0 2026-06~5,3,3,2,0 06-29~1,0,0,0,0 08-06~1,1,1,0,0 06-25~2,1,1,0,0 06-17~1,0,0,0,0 2026-08~1,1,1,0,0 06-23~1,0,0,0,0 06-24~3,2,2,1,0 2026-07~2,1,0,0,0 06-22~1,0,0,0,0 all~6,4,4,3,0
105400053_500317|2026-07M~1,0,0,0,0 08-30~4,1,0,0,0 08-17~4,1,1,0,0 06-02~1,0,0,0,0 08-29~8,0,0,0,0 2026-06M~1,0,0,0,0 06-16~1,0,0,0,0 05-29~1,0,0,0,0 2026-09M~13,2,1,0,0 05-09~1,0,0,0,0 08-02~2,0,0,0,0 05-01~1,0,0,0,0 05-28~1,0,0,0,0 2026-08M~10,0,0,0,0 06-12~1,0,0,0,0 07-31~12,5,3,1,0 06-29~2,0,0,0,0 05-22~1,0,0,0,0 08-20~3,0,0,0,0 06-23~1,0,0,0,0 05-24~1,0,0,0,0 06-11~1,0,0,0,0 07-09~1,0,0,0,0 05-06~1,0,0,0,0 08-21~10,1,1,0,0 08-08~23,8,4,2,0 07-26~10,2,1,0,0 05-25~1,0,0,0,0 06-14~1,0,0,0,0 08-09~10,2,2,1,0 07-15~6,3,1,0,0 08-04~25,9,4,2,0 08-24~12,4,2,1,0 07-13~14,12,4,1,0 05-21~1,0,0,0,0 06-24~4,3,1,0,0 05-26~1,0,0,0,0 06-08~1,0,0,0,0 07-10~1,0,0,0,0 2026-09~13,2,1,0,0 05-11~1,0,0,0,0 08-11~10,0,0,0,0 08-25~7,1,0,0,0 08-31~4,1,1,0,0 08-16~6,0,0,0,0 08-28~13,6,6,1,0 05-12~1,0,0,0,0 2026-06~31,21,9,3,0 08-03~29,17,9,2,0 09-02~8,1,1,0,0 07-12~1,0,0,0,0 07-28~11,1,0,0,0 06-30~2,0,0,0,0 08-06~24,11,7,4,0 05-04~1,0,0,0,0 07-21~32,11,5,0,0 07-23~26,16,13,4,0 05-17~1,0,0,0,0 05-08~1,0,0,0,0 06-18~1,0,0,0,0 08-01~8,0,0,0,0 05-15~1,0,0,0,0 06-13~1,0,0,0,0 07-16~5,1,0,0,0 06-03~1,0,0,0,0 07-01~1,0,0,0,0 06-19~1,0,0,0,0 05-20~1,0,0,0,0 06-22~1,0,0,0,0 2026-08~157,91,60,31,5 06-20~1,0,0,0,0 08-26~18,6,3,0,0 06-21~3,2,0,0,0 05-14~1,0,0,0,0 05-13~1,0,0,0,0 08-07~32,12,7,4,1 2026-05M~1,0,0,0,0 07-25~22,12,4,1,0 06-06~1,0,0,0,0 07-17~1,0,0,0,0 08-14~12,2,2,0,0 2026-05~1,0,0,0,0 08-05~15,5,4,0,0 06-05~1,0,0,0,0 05-10~1,0,0,0,0 07-14~3,1,0,0,0 08-19~15,2,0,0,0 09-01~8,1,0,0,0 08-18~8,1,1,1,0 07-22~12,7,3,1,0 05-31~1,0,0,0,0 06-09~1,0,0,0,0 07-11~1,0,0,0,0 07-30~9,2,0,0,0 06-28~1,0,0,0,0 08-22~3,0,0,0,0 07-18~2,1,1,1,0 05-23~1,0,0,0,0 06-25~2,0,0,0,0 07-08~1,0,0,0,0 08-13~24,8,4,0,0 06-26~20,14,7,3,0 07-19~2,1,0,0,0 06-01~1,0,0,0,0 07-20~33,23,12,5,3 07-24~10,5,5,3,2 05-30~1,0,0,0,0 05-07~1,0,0,0,0 07-27~4,0,0,0,0 08-15~7,1,1,1,0 06-27~8,3,1,0,0 07-03~2,1,0,0,0 08-27~11,3,3,0,0 07-07~1,0,0,0,0 all~295,204,119,57,10 07-29~11,8,3,1,0 07-05~1,0,0,0,0 2026-07~150,104,54,19,5 08-10~5,1,1,0,0 08-12~18,2,0,0,0 08-23~5,1,0,0,0
105400053_500442|08-15~1,0,0,0,0 07-28~1,0,0,0,0 06-30~10,1,0,0,0 08-04~1,0,0,0,0 2026-07M~7,1,1,0,0 08-07~2,0,0,0,0 06-06~1,0,0,0,0 08-19~1,0,0,0,0 09-01~2,0,0,0,0 08-10~1,0,0,0,0 08-20~1,0,0,0,0 08-23~3,0,0,0,0 08-18~1,0,0,0,0 07-11~4,2,2,0,0 08-31~2,0,0,0,0 07-12~1,0,0,0,0 07-30~2,0,0,0,0 06-28~5,0,0,0,0 06-10~1,0,0,0,0 07-08~1,0,0,0,0 07-02~3,0,0,0,0 08-26~1,0,0,0,0 07-26~2,0,0,0,0 2026-08M~2,1,0,0,0 09-02~3,0,0,0,0 08-25~1,0,0,0,0 all~112,88,52,7,0 07-07~2,1,0,0,0 07-20~3,1,0,0,0 07-16~5,2,0,0,0 06-25~58,47,21,1,0 08-08~1,0,0,0,0 08-21~2,0,0,0,0 08-22~2,0,0,0,0 06-22~1,0,0,0,0 05-28~1,0,0,0,0 07-15~2,1,0,0,0 06-18~1,0,0,0,0 07-06~2,0,0,0,0 2026-08~9,3,2,1,0 08-05~1,0,0,0,0 08-01~1,0,0,0,0 08-02~1,1,0,0,0 07-09~1,0,0,0,0 08-12~3,1,1,0,0 07-19~3,0,0,0,0 06-21~1,0,0,0,0 08-14~3,0,0,0,0 08-11~1,0,0,0,0 07-22~2,0,0,0,0 08-06~3,1,0,0,0 2026-09M~3,0,0,0,0 08-17~3,0,0,0,0 07-01~5,1,1,0,0 2026-09~3,0,0,0,0 06-19~2,0,0,0,0 07-05~2,0,0,0,0 07-31~2,0,0,0,0 06-29~5,0,0,0,0 07-25~2,0,0,0,0 06-07~1,1,1,0,0 08-16~1,0,0,0,0 06-24~1,0,0,0,0 06-26~35,22,15,2,0 06-20~1,0,0,0,0 07-21~1,0,0,0,0 2026-06~111,86,46,4,0 07-14~4,1,0,0,0 07-03~5,1,1,0,0 07-04~4,0,0,0,0 08-09~2,0,0,0,0 07-18~1,0,0,0,0 08-28~1,0,0,0,0 07-10~6,2,1,0,0 07-29~1,0,0,0,0 07-23~2,1,0,0,0 08-03~1,0,0,0,0 07-13~4,1,0,0,0 06-17~1,0,0,0,0 07-24~1,0,0,0,0 08-27~3,0,0,0,0 08-29~1,0,0,0,0 07-17~2,0,0,0,0 2026-07~29,13,5,0,0 08-24~2,0,0,0,0 08-13~2,1,1,0,0 07-27~1,0,0,0,0 06-27~25,16,9,1,0 2026-05~1,0,0,0,0 06-23~1,0,0,0,0
105400053_500450|07-03~1,0,0,0,0 08-12~1,1,0,0,0 06-25~1,1,1,0,0 all~17,14,6,2,0 06-21~1,1,1,1,0 08-20~1,0,0,0,0 06-29~1,1,1,1,0 07-02~1,1,0,0,0 05-06~1,1,0,0,0 08-06~1,0,0,0,0 08-19~1,0,0,0,0 08-14~1,0,0,0,0 2026-06~14,11,5,2,0 2026-07M~4,3,1,0,0 2026-05~1,1,0,0,0 07-13~1,0,0,0,0 2026-08~1,1,0,0,0 2026-07~6,4,1,0,0 07-01~3,2,1,0,0 08-17~1,0,0,0,0 08-13~1,0,0,0,0 07-06~1,1,0,0,0 06-30~12,9,3,0,0
105400053_500667|07-01~4,1,0,0,0 08-23~1,0,0,0,0 07-17~1,0,0,0,0 08-22~1,0,0,0,0 07-15~10,3,2,0,0 all~19,8,5,1,0 06-29~1,0,0,0,0 2026-06~4,4,2,0,0 06-27~4,3,1,0,0 06-26~1,1,1,0,0 2026-07M~4,1,0,0,0 07-22~1,0,0,0,0 2026-08~1,0,0,0,0 07-28~1,1,0,0,0 07-13~1,1,0,0,0 07-25~1,0,0,0,0 07-16~2,1,1,0,0 2026-07~16,5,3,0,0 08-08~1,0,0,0,0 08-12~1,0,0,0,0 07-04~1,0,0,0,0 08-17~1,0,0,0,0
105400053_500786|06-23~7,0,0,0,0 06-04~3,0,0,0,0 06-18~3,0,0,0,0 08-11~5,0,0,0,0 05-08~2,0,0,0,0 07-22~6,0,0,0,0 05-24~3,0,0,0,0 07-25~4,0,0,0,0 08-05~6,0,0,0,0 08-26~3,0,0,0,0 07-06~7,0,0,0,0 2026-05~8,0,0,0,0 06-11~6,0,0,0,0 07-09~7,0,0,0,0 05-03~1,0,0,0,0 2026-08M~5,0,0,0,0 08-01~5,0,0,0,0 05-22~1,0,0,0,0 08-30~4,0,0,0,0 08-02~5,0,0,0,0 08-25~3,0,0,0,0 05-20~1,0,0,0,0 05-10~2,0,0,0,0 07-21~6,0,0,0,0 07-26~6,0,0,0,0 07-03~5,1,0,0,0 05-18~2,0,0,0,0 08-07~7,0,0,0,0 07-02~7,0,0,0,0 07-17~6,0,0,0,0 06-17~4,0,0,0,0 05-15~2,0,0,0,0 08-18~5,0,0,0,0 2026-07M~9,0,0,0,0 07-24~6,0,0,0,0 08-20~6,0,0,0,0 05-04~1,0,0,0,0 2026-06~27,1,1,1,0 all~36,6,3,3,0 06-13~5,0,0,0,0 05-27~2,0,0,0,0 06-02~1,0,0,0,0 2026-05M~3,0,0,0,0 05-28~2,0,0,0,0 06-22~5,0,0,0,0 2026-09~7,0,0,0,0 06-05~3,0,0,0,0 07-23~6,0,0,0,0 05-07~2,0,0,0,0 07-16~5,0,0,0,0 05-12~1,0,0,0,0 05-14~1,0,0,0,0 05-19~1,0,0,0,0 06-26~2,0,0,0,0 07-14~6,0,0,0,0 06-10~5,0,0,0,0 07-08~6,1,0,0,0 06-24~6,0,0,0,0 06-28~1,0,0,0,0 07-30~7,0,0,0,0 08-14~5,0,0,0,0 06-09~7,0,0,0,0 07-11~7,0,0,0,0 08-19~5,1,0,0,0 09-01~7,0,0,0,0 05-25~3,0,0,0,0 08-23~6,1,1,1,0 05-21~2,0,0,0,0 06-15~2,0,0,0,0 08-28~1,0,0,0,0 2026-06M~2,0,0,0,0 08-06~6,0,0,0,0 07-15~7,0,0,0,0 05-30~2,0,0,0,0 06-12~3,0,0,0,0 07-07~6,0,0,0,0 08-10~5,0,0,0,0 08-27~6,0,0,0,0 06-27~2,0,0,0,0 07-27~4,0,0,0,0 08-09~5,0,0,0,0 08-31~5,0,0,0,0 08-04~6,0,0,0,0 06-14~4,0,0,0,0 05-13~1,0,0,0,0 05-17~2,0,0,0,0 05-23~6,0,0,0,0 08-21~6,0,0,0,0 05-09~4,0,0,0,0 08-15~4,0,0,0,0 06-21~5,0,0,0,0 06-20~5,0,0,0,0 06-07~1,0,0,0,0 08-24~4,0,0,0,0 05-06~2,0,0,0,0 05-11~1,0,0,0,0 06-16~3,0,0,0,0 08-16~5,0,0,0,0 05-16~2,0,0,0,0 07-20~5,0,0,0,0 07-05~7,1,1,0,0 2026-08~10,2,1,1,0 07-12~6,0,0,0,0 07-13~6,1,0,0,0 08-29~4,0,0,0,0 09-02~3,0,0,0,0 07-29~8,0,0,0,0 08-13~4,0,0,0,0 08-17~4,0,0,0,0 05-02~3,0,0,0,0 07-01~4,0,0,0,0 06-19~5,0,0,0,0 05-31~1,0,0,0,0 06-08~1,0,0,0,0 07-10~4,0,0,0,0 08-03~5,0,0,0,0 2026-07~24,4,1,0,0 07-18~5,0,0,0,0 08-12~2,0,0,0,0 07-04~5,0,0,0,0 05-01~2,0,0,0,0 2026-09M~7,0,0,0,0 05-05~1,0,0,0,0 06-06~3,0,0,0,0 06-25~5,0,0,0,0 08-08~6,0,0,0,0 05-26~2,0,0,0,0 08-22~4,0,0,0,0 06-03~2,0,0,0,0 07-19~5,0,0,0,0 06-01~1,0,0,0,0 07-28~5,0,0,0,0 06-30~15,0,0,0,0 07-31~4,0,0,0,0 06-29~14,1,1,1,0 05-29~3,0,0,0,0
105400053_500818|08-13~1,0,0,0,0 2026-07M~43,27,8,3,0 05-04~1,0,0,0,0 07-12~1,1,1,0,0 07-05~1,0,0,0,0 2026-05~1,0,0,0,0 07-17~1,1,0,0,0 07-08~13,7,4,1,0 08-23~1,0,0,0,0 07-16~1,0,0,0,0 08-12~2,0,0,0,0 08-14~1,0,0,0,0 06-29~6,5,0,0,0 07-02~29,18,7,3,0 07-15~2,1,0,0,0 07-23~1,0,0,0,0 06-30~2,1,1,0,0 2026-08~5,1,1,0,0 07-22~1,0,0,0,0 07-21~1,0,0,0,0 07-11~2,2,0,0,0 07-06~1,0,0,0,0 2026-08M~1,0,0,0,0 06-26~1,1,0,0,0 07-01~14,9,1,0,0 2026-06~9,7,1,0,0 07-13~3,1,0,0,0 08-01~1,0,0,0,0 08-30~1,0,0,0,0 07-03~8,5,1,0,0 07-07~1,1,1,0,0 2026-07~71,46,16,5,1 all~78,52,18,5,1 07-04~4,1,1,0,0 08-15~1,1,1,0,0 07-24~1,0,0,0,0 07-14~1,0,0,0,0 08-31~1,0,0,0,0
105400053_501391|06-04~1,0,0,0,0 08-06~1,0,0,0,0 06-10~1,0,0,0,0 07-08~1,0,0,0,0 all~9,4,3,3,0 05-22~1,0,0,0,0 2026-07~9,4,2,2,0 2026-05~1,0,0,0,0 07-10~1,0,0,0,0 06-11~1,0,0,0,0 07-09~2,1,0,0,0 07-23~1,0,0,0,0 05-23~1,0,0,0,0 2026-08~4,1,1,1,0 07-24~1,0,0,0,0 07-06~6,2,1,1,0 05-30~1,0,0,0,0 07-25~1,0,0,0,0 08-05~2,1,1,1,0 08-09~1,0,0,0,0 07-03~1,0,0,0,0 07-05~1,1,1,1,0 07-07~1,0,0,0,0 2026-06~2,0,0,0,0 06-23~1,0,0,0,0 08-17~1,0,0,0,0
105400053_502263|08-31~1,1,0,0,0 08-16~1,1,0,0,0 07-05~1,0,0,0,0 07-07~1,0,0,0,0 08-13~1,0,0,0,0 06-06~1,1,1,0,0 07-13~17,11,4,1,0 07-15~12,5,3,0,0 06-18~1,0,0,0,0 08-14~1,1,0,0,0 07-20~1,1,0,0,0 2026-06~1,1,1,0,0 07-19~1,0,0,0,0 07-02~1,0,0,0,0 2026-07~45,25,13,3,0 08-21~1,1,0,0,0 07-17~3,1,1,0,0 2026-07M~1,0,0,0,0 all~45,25,14,3,0 07-29~1,0,0,0,0 07-04~1,0,0,0,0 07-14~14,4,2,1,0 07-16~8,5,3,0,0 2026-08~2,1,0,0,0 07-11~1,0,0,0,0 07-22~1,1,1,0,0
105400053_502463|08-05~6,1,1,1,0 08-29~1,0,0,0,0 07-18~1,0,0,0,0 07-21~13,10,3,3,0 08-01~10,7,3,0,0 07-28~5,0,0,0,0 08-13~12,4,0,0,0 07-24~13,10,4,4,0 2026-09M~5,1,0,0,0 08-02~21,18,11,3,0 07-22~9,5,2,2,0 08-17~2,0,0,0,0 07-29~2,1,0,0,0 2026-09~5,1,0,0,0 07-23~5,2,1,1,0 08-15~3,1,1,0,0 08-18~4,0,0,0,0 08-09~2,0,0,0,0 08-22~2,0,0,0,0 07-27~15,6,4,1,0 07-20~41,33,14,11,0 07-17~3,2,1,0,0 08-25~1,0,0,0,0 07-14~4,3,1,0,0 09-01~3,1,0,0,0 08-19~5,0,0,0,0 08-14~8,2,1,1,0 08-11~2,0,0,0,0 08-16~3,0,0,0,0 08-06~8,1,0,0,0 08-28~2,0,0,0,0 07-13~1,0,0,0,0 08-12~3,0,0,0,0 2026-08~58,36,22,7,2 07-31~45,38,21,4,0 07-26~9,3,1,1,0 07-10~1,1,1,0,0 07-12~1,0,0,0,0 07-15~4,4,1,0,0 08-03~10,4,2,0,0 09-02~3,0,0,0,0 08-30~1,0,0,0,0 2026-08M~30,25,14,3,0 08-04~5,0,0,0,0 08-23~2,0,0,0,0 08-21~2,0,0,0,0 08-27~3,2,2,0,0 all~151,138,77,41,6 07-16~6,6,3,0,0 08-07~6,0,0,0,0 07-25~17,7,3,1,0 08-10~2,0,0,0,0 07-30~7,5,1,0,0 2026-07~127,116,58,33,3 08-08~6,0,0,0,0 08-20~1,0,0,0,0 08-24~2,0,0,0,0
105400053_502806|08-29~3,0,0,0,0 05-15~1,0,0,0,0 08-12~5,0,0,0,0 07-03~4,0,0,0,0 06-05~1,0,0,0,0 06-07~1,0,0,0,0 08-30~4,1,1,1,0 07-17~89,54,37,13,0 05-04~1,0,0,0,0 05-07~1,0,0,0,0 05-19~1,0,0,0,0 08-14~4,0,0,0,0 05-30~1,0,0,0,0 05-10~1,0,0,0,0 05-20~1,0,0,0,0 05-23~1,0,0,0,0 05-18~1,0,0,0,0 05-31~1,0,0,0,0 07-13~5,1,0,0,0 07-28~4,1,0,0,0 06-30~2,0,0,0,0 07-22~8,4,3,1,0 06-08~2,1,0,0,0 07-10~2,0,0,0,0 08-11~5,0,0,0,0 06-27~2,0,0,0,0 05-25~1,0,0,0,0 07-15~4,0,0,0,0 08-10~2,0,0,0,0 06-14~2,0,0,0,0 08-05~4,1,0,0,0 06-12~2,0,0,0,0 07-25~7,1,1,1,0 08-19~3,0,0,0,0 09-01~3,0,0,0,0 06-11~3,0,0,0,0 07-09~2,0,0,0,0 05-08~1,0,0,0,0 08-08~4,0,0,0,0 05-21~1,0,0,0,0 05-22~1,0,0,0,0 2026-05M~1,0,0,0,0 08-28~3,0,0,0,0 08-31~3,1,0,0,0 2026-09M~4,0,0,0,0 08-04~4,0,0,0,0 08-27~3,0,0,0,0 05-05~1,0,0,0,0 08-21~3,0,0,0,0 08-06~7,1,1,0,0 08-24~3,0,0,0,0 05-01~1,0,0,0,0 09-02~4,0,0,0,0 05-02~1,0,0,0,0 05-12~1,0,0,0,0 08-22~4,0,0,0,0 07-06~4,0,0,0,0 08-03~5,0,0,0,0 06-13~2,0,0,0,0 07-31~3,0,0,0,0 06-29~3,0,0,0,0 06-20~1,0,0,0,0 06-22~1,0,0,0,0 05-14~1,0,0,0,0 07-14~4,0,0,0,0 2026-09~4,0,0,0,0 05-11~1,0,0,0,0 07-19~15,8,3,1,0 08-07~7,1,1,0,0 08-18~3,0,0,0,0 07-12~2,0,0,0,0 08-15~5,1,1,0,0 06-17~1,0,0,0,0 07-02~6,0,0,0,0 05-06~1,0,0,0,0 08-26~3,0,0,0,0 07-18~16,5,3,1,0 07-23~8,1,1,0,0 07-21~11,4,3,1,0 05-17~1,0,0,0,0 07-16~90,52,29,9,0 08-20~3,0,0,0,0 07-20~13,7,5,0,0 06-24~4,0,0,0,0 07-07~2,0,0,0,0 05-16~1,0,0,0,0 all~208,140,93,37,3 06-16~1,0,0,0,0 2026-07M~6,0,0,0,0 07-04~4,1,1,0,0 08-17~3,0,0,0,0 05-09~1,0,0,0,0 06-15~3,0,0,0,0 08-01~4,0,0,0,0 06-23~2,0,0,0,0 05-28~1,0,0,0,0 06-10~3,1,1,1,0 07-08~1,0,0,0,0 07-29~6,1,1,1,0 07-01~3,0,0,0,0 06-19~2,0,0,0,0 07-05~3,0,0,0,0 08-13~5,1,1,0,0 07-24~8,2,2,0,0 08-02~7,1,0,0,0 06-09~2,0,0,0,0 07-11~2,0,0,0,0 07-27~4,0,0,0,0 06-18~2,0,0,0,0 06-21~2,0,0,0,0 08-16~2,0,0,0,0 06-25~4,0,0,0,0 05-27~1,0,0,0,0 2026-08~20,9,5,1,0 06-26~3,1,1,0,0 05-24~1,0,0,0,0 05-13~1,0,0,0,0 2026-08M~7,1,0,0,0 07-26~6,0,0,0,0 2026-05~1,0,0,0,0 06-06~1,0,0,0,0 2026-07~207,136,89,31,1 07-30~4,1,0,0,0 06-28~2,0,0,0,0 08-09~3,0,0,0,0 08-23~4,1,0,0,0 08-25~2,0,0,0,0 2026-06~8,2,2,1,1
105400053_502897|08-30~3,0,0,0,0 08-17~3,2,1,1,0 06-02~3,0,0,0,0 07-04~2,0,0,0,0 07-06~3,0,0,0,0 08-29~2,0,0,0,0 06-16~2,0,0,0,0 05-27~4,0,0,0,0 05-29~2,0,0,0,0 05-09~2,0,0,0,0 2026-05M~2,0,0,0,0 08-02~4,0,0,0,0 05-01~2,0,0,0,0 05-28~4,0,0,0,0 06-12~2,0,0,0,0 2026-07~15,1,1,1,0 06-29~3,0,0,0,0 07-31~3,0,0,0,0 05-22~3,0,0,0,0 08-20~3,0,0,0,0 06-23~3,0,0,0,0 05-24~3,0,0,0,0 07-09~5,0,0,0,0 06-11~2,0,0,0,0 05-06~1,0,0,0,0 08-21~2,0,0,0,0 05-19~3,0,0,0,0 2026-08M~4,0,0,0,0 08-08~3,0,0,0,0 07-26~2,0,0,0,0 05-03~2,0,0,0,0 05-25~4,0,0,0,0 06-14~2,0,0,0,0 08-09~4,0,0,0,0 07-15~4,0,0,0,0 08-04~4,0,0,0,0 08-24~2,0,0,0,0 07-13~4,0,0,0,0 05-21~1,0,0,0,0 06-24~3,0,0,0,0 05-26~2,0,0,0,0 07-10~4,0,0,0,0 06-08~3,0,0,0,0 05-11~2,0,0,0,0 08-11~2,0,0,0,0 2026-05~6,1,1,1,1 08-25~3,0,0,0,0 08-31~3,0,0,0,0 08-16~2,0,0,0,0 08-28~2,0,0,0,0 05-12~1,0,0,0,0 05-18~3,1,1,0,0 08-03~3,0,0,0,0 06-07~2,0,0,0,0 09-02~3,0,0,0,0 07-12~3,0,0,0,0 06-30~4,0,0,0,0 07-28~1,0,0,0,0 08-06~5,0,0,0,0 05-04~2,0,0,0,0 07-21~4,0,0,0,0 07-23~4,0,0,0,0 05-17~2,0,0,0,0 06-15~1,0,0,0,0 05-08~2,0,0,0,0 06-18~3,0,0,0,0 08-01~3,0,0,0,0 05-15~3,0,0,0,0 06-13~3,0,0,0,0 07-16~4,0,0,0,0 06-03~2,0,0,0,0 06-19~4,0,0,0,0 07-01~4,0,0,0,0 07-02~4,0,0,0,0 05-20~2,0,0,0,0 06-22~1,0,0,0,0 06-20~1,0,0,0,0 05-16~1,0,0,0,0 2026-06M~4,0,0,0,0 06-17~3,0,0,0,0 05-05~1,0,0,0,0 08-26~2,0,0,0,0 06-21~1,0,0,0,0 05-14~2,0,0,0,0 05-13~3,0,0,0,0 08-07~1,0,0,0,0 07-25~2,0,0,0,0 06-06~2,0,0,0,0 07-17~12,0,0,0,0 2026-09~4,0,0,0,0 08-14~1,0,0,0,0 08-05~3,0,0,0,0 06-05~3,0,0,0,0 05-10~2,0,0,0,0 07-14~4,0,0,0,0 09-01~3,0,0,0,0 08-19~1,0,0,0,0 08-18~2,0,0,0,0 07-22~3,0,0,0,0 05-31~1,0,0,0,0 2026-07M~5,0,0,0,0 07-11~3,0,0,0,0 06-09~1,0,0,0,0 2026-09M~4,0,0,0,0 06-28~3,0,0,0,0 07-30~3,0,0,0,0 08-22~2,0,0,0,0 07-18~3,0,0,0,0 05-02~2,0,0,0,0 06-04~3,0,0,0,0 05-23~2,0,0,0,0 06-25~5,0,0,0,0 2026-08~9,2,2,2,1 07-08~4,0,0,0,0 06-10~2,0,0,0,0 08-13~2,0,0,0,0 06-26~4,1,1,1,0 2026-06~8,1,1,1,0 06-01~2,0,0,0,0 07-19~1,0,0,0,0 07-20~3,0,0,0,0 07-24~3,0,0,0,0 05-30~1,0,0,0,0 05-07~2,0,0,0,0 07-27~2,0,0,0,0 08-15~1,0,0,0,0 06-27~4,0,0,0,0 07-03~4,0,0,0,0 08-27~1,0,0,0,0 07-07~4,0,0,0,0 all~17,4,4,4,2 07-29~2,0,0,0,0 07-05~5,1,1,0,0 08-10~3,1,1,0,0 08-12~5,1,0,0,0 08-23~2,0,0,0,0
105400053_502900|07-25~2,0,0,0,0 08-05~5,1,1,1,0 08-17~2,1,1,1,0 06-13~1,0,0,0,0 06-23~1,0,0,0,0 07-20~53,0,0,0,0 08-06~6,1,1,1,0 07-26~2,0,0,0,0 08-13~1,0,0,0,0 08-29~1,0,0,0,0 08-19~1,1,1,1,0 06-25~1,0,0,0,0 07-28~3,1,1,1,0 2026-05~1,0,0,0,0 07-27~2,1,1,1,0 08-11~1,0,0,0,0 all~865,6,4,2,2 08-26~1,0,0,0,0 07-23~285,1,1,0,0 07-24~36,0,0,0,0 05-12~1,0,0,0,0 08-21~2,1,0,0,0 08-10~1,0,0,0,0 08-15~1,0,0,0,0 07-19~128,0,0,0,0 07-29~1,1,1,0,0 08-12~3,0,0,0,0 08-02~5,0,0,0,0 2026-08~20,1,1,1,0 06-12~1,0,0,0,0 07-17~41,5,3,1,0 07-22~137,0,0,0,0 06-14~1,0,0,0,0 07-31~1,1,1,1,1 06-09~1,0,0,0,0 09-02~1,0,0,0,0 08-07~3,0,0,0,0 2026-06~3,0,0,0,0 08-04~1,1,1,1,0 06-15~3,0,0,0,0 08-27~1,0,0,0,0 2026-07~849,6,4,2,2 08-23~1,0,0,0,0 07-30~3,1,1,1,0 08-18~2,0,0,0,0 08-03~1,1,1,0,0 2026-09M~1,0,0,0,0 2026-09~1,0,0,0,0 07-21~119,0,0,0,0 07-18~55,0,0,0,0 08-14~2,0,0,0,0 06-10~2,0,0,0,0 08-24~1,0,0,0,0 2026-08M~5,0,0,0,0 08-20~2,0,0,0,0
105400053_502976|07-25~2,0,0,0,0 08-02~1,0,0,0,0 2026-08M~1,0,0,0,0 08-21~1,0,0,0,0 07-21~1,0,0,0,0 all~67,33,14,5,3 2026-08~2,0,0,0,0 07-24~1,0,0,0,0 2026-07~66,33,14,5,3 07-18~11,8,5,0,0 07-17~35,15,3,1,0 07-19~22,12,5,3,2
105400053_503064|07-19~8,4,1,0,0 07-20~1,0,0,0,0 07-18~34,12,9,1,0 2026-08~1,0,0,0,0 07-21~2,1,0,0,0 2026-07~43,18,11,1,0 07-14~1,0,0,0,0 all~43,18,11,1,0 07-17~1,1,1,0,0 08-03~1,0,0,0,0
105400053_503431|07-21~11,3,2,0,0 05-08~2,0,0,0,0 08-23~6,1,0,0,0 07-12~2,0,0,0,0 06-14~1,0,0,0,0 05-21~1,0,0,0,0 07-25~3,0,0,0,0 09-01~2,0,0,0,0 08-19~4,1,0,0,0 07-05~2,0,0,0,0 08-04~3,0,0,0,0 07-24~5,0,0,0,0 08-07~4,0,0,0,0 05-06~1,0,0,0,0 08-25~2,0,0,0,0 08-08~4,0,0,0,0 07-28~3,0,0,0,0 05-05~1,0,0,0,0 07-23~4,1,1,0,0 08-27~1,0,0,0,0 08-17~6,4,3,1,0 all~56,23,15,5,1 07-15~3,0,0,0,0 07-26~3,0,0,0,0 2026-09M~2,0,0,0,0 2026-07M~2,0,0,0,0 06-17~1,0,0,0,0 07-30~2,0,0,0,0 07-29~2,0,0,0,0 08-12~6,1,1,0,0 2026-05M~1,0,0,0,0 05-27~1,0,0,0,0 08-03~1,0,0,0,0 08-28~3,1,1,0,0 08-20~7,1,0,0,0 06-05~1,0,0,0,0 06-06~1,0,0,0,0 08-15~2,0,0,0,0 08-13~5,2,1,0,0 07-10~1,0,0,0,0 07-14~1,0,0,0,0 07-17~3,1,1,0,0 07-27~3,0,0,0,0 07-07~1,0,0,0,0 08-22~6,1,1,0,0 08-26~1,0,0,0,0 07-08~1,0,0,0,0 06-19~1,1,1,0,0 05-01~1,0,0,0,0 07-04~2,0,0,0,0 07-19~2,0,0,0,0 05-07~1,0,0,0,0 08-18~8,0,0,0,0 07-13~1,0,0,0,0 2026-08M~4,0,0,0,0 07-02~2,0,0,0,0 05-03~2,0,0,0,0 07-09~2,0,0,0,0 06-11~1,0,0,0,0 07-18~2,0,0,0,0 08-14~6,1,1,0,0 08-09~3,0,0,0,0 08-10~1,0,0,0,0 08-24~4,0,0,0,0 08-30~2,0,0,0,0 2026-09~2,0,0,0,0 07-03~1,0,0,0,0 08-29~1,0,0,0,0 06-26~1,0,0,0,0 08-01~3,0,0,0,0 08-16~7,5,3,1,0 05-11~1,0,0,0,0 08-11~2,0,0,0,0 06-04~1,0,0,0,0 05-18~1,0,0,0,0 06-25~2,0,0,0,0 06-20~1,0,0,0,0 05-10~1,0,0,0,0 08-05~3,0,0,0,0 2026-08~43,18,11,4,0 2026-07~17,5,4,0,0 05-31~1,0,0,0,0 05-04~1,0,0,0,0 06-21~1,0,0,0,0 07-16~2,0,0,0,0 08-06~4,2,1,1,0 09-02~2,0,0,0,0 06-22~1,0,0,0,0 08-31~1,0,0,0,0 08-02~1,0,0,0,0 06-29~2,0,0,0,0 07-31~1,0,0,0,0 07-06~1,0,0,0,0 08-21~3,1,0,0,0 2026-05~2,0,0,0,0 07-20~2,0,0,0,0 2026-06~3,1,1,0,0 05-09~1,0,0,0,0
105400053_503435|07-07~1,0,0,0,0 07-26~2,1,1,1,0 05-11~1,0,0,0,0 08-24~1,0,0,0,0 05-05~1,0,0,0,0 07-15~1,0,0,0,0 06-13~1,0,0,0,0 05-26~2,0,0,0,0 2026-06M~2,0,0,0,0 07-22~3,0,0,0,0 07-25~2,1,0,0,0 07-02~2,0,0,0,0 06-12~1,0,0,0,0 08-03~2,1,1,0,0 07-23~3,1,1,0,0 05-01~1,0,0,0,0 08-22~1,0,0,0,0 07-29~1,0,0,0,0 05-30~1,0,0,0,0 05-02~1,0,0,0,0 09-02~1,0,0,0,0 05-25~2,0,0,0,0 07-24~2,0,0,0,0 08-20~1,0,0,0,0 08-10~1,0,0,0,0 06-15~2,0,0,0,0 07-12~1,0,0,0,0 07-21~4,0,0,0,0 06-10~2,0,0,0,0 07-08~2,0,0,0,0 08-18~1,0,0,0,0 05-07~1,0,0,0,0 08-15~1,1,0,0,0 2026-05~3,1,0,0,0 05-18~1,0,0,0,0 05-20~2,0,0,0,0 08-04~2,0,0,0,0 08-27~1,0,0,0,0 06-02~2,0,0,0,0 07-30~2,0,0,0,0 06-28~1,0,0,0,0 08-28~1,0,0,0,0 08-07~3,0,0,0,0 07-19~1,0,0,0,0 06-01~2,0,0,0,0 08-12~1,0,0,0,0 08-14~2,0,0,0,0 08-19~1,0,0,0,0 09-01~1,0,0,0,0 07-17~1,0,0,0,0 07-13~1,0,0,0,0 06-08~2,0,0,0,0 07-10~1,0,0,0,0 07-20~1,0,0,0,0 06-18~1,0,0,0,0 05-14~1,0,0,0,0 05-19~2,0,0,0,0 08-25~1,0,0,0,0 05-23~2,0,0,0,0 08-21~1,0,0,0,0 06-17~1,0,0,0,0 05-28~2,0,0,0,0 06-04~2,0,0,0,0 07-06~2,0,0,0,0 05-06~1,0,0,0,0 07-03~2,0,0,0,0 08-30~1,0,0,0,0 2026-05M~1,0,0,0,0 06-06~2,0,0,0,0 2026-09~1,0,0,0,0 05-10~1,0,0,0,0 07-14~1,0,0,0,0 05-27~2,0,0,0,0 06-24~1,0,0,0,0 05-09~1,0,0,0,0 05-31~1,0,0,0,0 07-05~2,0,0,0,0 06-20~1,0,0,0,0 06-05~1,0,0,0,0 05-04~1,0,0,0,0 06-16~1,0,0,0,0 all~12,6,4,2,1 06-07~2,0,0,0,0 07-18~1,0,0,0,0 08-13~1,0,0,0,0 08-17~1,0,0,0,0 2026-09M~1,0,0,0,0 2026-08M~2,0,0,0,0 08-23~1,0,0,0,0 05-21~1,0,0,0,0 05-15~2,0,0,0,0 07-04~1,0,0,0,0 2026-07~12,4,3,1,0 05-24~1,0,0,0,0 08-06~2,0,0,0,0 08-11~3,1,1,0,0 05-16~1,0,0,0,0 08-16~1,0,0,0,0 06-03~1,0,0,0,0 05-29~1,0,0,0,0 06-22~1,0,0,0,0 06-27~1,0,0,0,0 05-13~1,1,0,0,0 06-11~1,0,0,0,0 07-09~3,1,1,0,0 05-17~1,0,0,0,0 07-28~2,0,0,0,0 06-30~1,0,0,0,0 05-03~2,0,0,0,0 06-26~2,0,0,0,0 2026-07M~3,0,0,0,0 05-12~1,0,0,0,0 2026-08~8,3,2,0,0 06-09~1,0,0,0,0 07-11~1,0,0,0,0 08-01~2,0,0,0,0 06-25~1,0,0,0,0 06-23~1,0,0,0,0 08-05~2,0,0,0,0 06-14~1,0,0,0,0 07-01~1,0,0,0,0 06-19~1,0,0,0,0 05-08~1,0,0,0,0 05-22~2,0,0,0,0 07-27~1,0,0,0,0 2026-06~3,0,0,0,0 08-29~1,0,0,0,0
105400053_503522|09-02~2,0,0,0,0 all~6,5,3,2,2 08-27~1,0,0,0,0 08-28~1,0,0,0,0 08-29~1,0,0,0,0 08-30~3,1,1,1,1 08-26~2,2,1,1,1 2026-09M~3,1,0,0,0 09-01~3,1,0,0,0 08-31~2,0,0,0,0 07-22~1,1,1,0,0 08-25~1,1,0,0,0 2026-07~1,1,1,0,0 2026-08~4,3,2,2,2 2026-09~3,1,0,0,0
105400053_503784|08-24~1,0,0,0,0 08-26~1,0,0,0,0 07-22~1,0,0,0,0 08-11~1,0,0,0,0 2026-08~3,1,1,0,0 08-29~1,0,0,0,0 07-28~1,0,0,0,0 08-06~1,0,0,0,0 08-14~1,0,0,0,0 07-29~1,0,0,0,0 07-24~4,2,1,1,0 2026-09M~2,0,0,0,0 07-20~1,0,0,0,0 08-30~1,0,0,0,0 08-15~1,0,0,0,0 07-31~1,0,0,0,0 07-18~1,1,1,0,0 07-23~1,0,0,0,0 2026-08M~2,0,0,0,0 08-08~2,0,0,0,0 07-26~1,0,0,0,0 08-01~1,0,0,0,0 08-03~2,0,0,0,0 08-16~1,0,0,0,0 all~5,3,3,2,2 08-20~1,0,0,0,0 07-21~1,0,0,0,0 08-21~1,0,0,0,0 08-22~1,0,0,0,0 09-02~2,0,0,0,0 08-18~1,0,0,0,0 07-19~1,0,0,0,0 08-19~1,0,0,0,0 09-01~1,0,0,0,0 08-12~1,0,0,0,0 07-27~1,0,0,0,0 08-05~1,0,0,0,0 07-25~1,0,0,0,0 08-02~2,0,0,0,0 08-31~1,0,0,0,0 08-10~1,0,0,0,0 2026-07~5,3,2,2,1 08-28~1,0,0,0,0 08-13~1,0,0,0,0 2026-09~2,0,0,0,0 08-04~3,1,1,0,0 08-07~2,0,0,0,0 08-23~1,0,0,0,0 08-27~1,0,0,0,0 08-09~1,0,0,0,0 08-25~1,0,0,0,0 08-17~1,0,0,0,0 07-30~2,0,0,0,0
105400053_506119|08-21~1,0,0,0,0 08-04~1,0,0,0,0 all~16,5,5,1,0 08-27~1,0,0,0,0 08-22~1,0,0,0,0 08-23~1,0,0,0,0 08-14~3,1,1,0,0 08-17~1,0,0,0,0 08-26~1,0,0,0,0 2026-08~16,5,5,1,0 08-15~12,4,4,1,0 08-18~1,0,0,0,0 08-19~1,0,0,0,0 08-24~1,0,0,0,0 08-20~1,0,0,0,0 08-16~1,0,0,0,0
105400053_506316|08-03~1,1,1,0,0 07-31~1,0,0,0,0 07-25~1,0,0,0,0 07-16~1,0,0,0,0 08-27~2,1,1,0,0 08-28~2,0,0,0,0 08-07~3,0,0,0,0 2026-09~1,0,0,0,0 07-06~1,0,0,0,0 08-13~1,0,0,0,0 06-08~1,0,0,0,0 06-11~1,0,0,0,0 08-08~2,0,0,0,0 06-12~1,0,0,0,0 06-25~2,0,0,0,0 08-20~2,0,0,0,0 08-19~4,0,0,0,0 09-01~1,0,0,0,0 07-27~1,0,0,0,0 08-06~3,1,1,0,0 07-28~1,0,0,0,0 06-30~1,0,0,0,0 06-23~1,0,0,0,0 07-21~1,0,0,0,0 08-17~22,0,0,0,0 all~30,3,3,2,1 06-14~1,0,0,0,0 2026-08~30,3,3,2,1 06-22~1,0,0,0,0 2026-09M~1,0,0,0,0 07-29~1,0,0,0,0 06-20~1,0,0,0,0 09-02~1,0,0,0,0 08-04~1,0,0,0,0 2026-07~2,0,0,0,0 2026-06M~1,0,0,0,0 08-18~4,1,1,0,0 08-09~1,0,0,0,0 08-14~1,0,0,0,0 08-21~1,0,0,0,0 08-31~2,0,0,0,0 06-24~2,0,0,0,0 08-16~2,0,0,0,0 06-01~1,0,0,0,0 08-26~2,0,0,0,0 2026-06~5,0,0,0,0 07-26~1,0,0,0,0 2026-05~1,0,0,0,0 05-29~1,0,0,0,0
105400053_506840|05-16~1,0,0,0,0 06-28~1,0,0,0,0 07-02~1,0,0,0,0 05-28~1,0,0,0,0 07-06~1,0,0,0,0 08-01~1,0,0,0,0 08-28~1,0,0,0,0 07-14~1,0,0,0,0 08-08~1,0,0,0,0 05-03~1,0,0,0,0 06-11~1,0,0,0,0 07-09~1,0,0,0,0 08-29~1,0,0,0,0 06-12~1,0,0,0,0 07-28~1,0,0,0,0 06-30~1,0,0,0,0 08-23~2,0,0,0,0 05-21~1,0,0,0,0 2026-07~2,0,0,0,0 07-05~1,0,0,0,0 08-25~1,0,0,0,0 06-08~1,0,0,0,0 07-10~1,0,0,0,0 06-02~1,0,0,0,0 05-20~1,0,0,0,0 05-09~1,0,0,0,0 06-26~1,0,0,0,0 08-24~1,0,0,0,0 07-12~1,0,0,0,0 2026-06~2,0,0,0,0 05-05~1,0,0,0,0 06-07~1,0,0,0,0 06-16~2,0,0,0,0 07-25~1,0,0,0,0 08-20~2,0,0,0,0 05-01~2,0,0,0,0 08-10~1,0,0,0,0 2026-08~11,2,2,2,1 05-24~2,0,0,0,0 05-17~1,0,0,0,0 06-15~2,0,0,0,0 07-18~1,0,0,0,0 06-06~1,0,0,0,0 08-19~2,0,0,0,0 05-02~2,0,0,0,0 09-02~2,1,1,0,0 07-11~1,0,0,0,0 07-01~1,0,0,0,0 06-19~1,0,0,0,0 07-21~1,0,0,0,0 05-07~1,0,0,0,0 08-05~1,0,0,0,0 08-09~1,0,0,0,0 2026-09~2,1,1,0,0 06-22~1,0,0,0,0 08-14~1,0,0,0,0 07-15~1,0,0,0,0 2026-07M~1,0,0,0,0 all~12,3,3,2,1 2026-08M~1,0,0,0,0 08-21~8,0,0,0,0 2026-05M~2,0,0,0,0 08-17~1,0,0,0,0 05-27~1,0,0,0,0 08-15~1,0,0,0,0 05-06~1,0,0,0,0 07-19~1,0,0,0,0 06-01~1,0,0,0,0 07-04~1,0,0,0,0 06-05~1,0,0,0,0 07-29~2,0,0,0,0 06-25~1,0,0,0,0 07-03~1,0,0,0,0 07-24~1,0,0,0,0 07-26~1,0,0,0,0 07-20~1,0,0,0,0 06-21~1,0,0,0,0 05-15~2,0,0,0,0 06-14~2,0,0,0,0 06-03~1,0,0,0,0 05-04~2,0,0,0,0 06-04~1,0,0,0,0 06-18~2,0,0,0,0 05-18~1,0,0,0,0 05-19~1,0,0,0,0 2026-05~2,0,0,0,0 05-23~1,0,0,0,0 07-08~1,0,0,0,0 07-31~1,0,0,0,0 06-29~1,0,0,0,0 08-22~3,2,2,2,1 06-23~1,0,0,0,0 07-17~1,0,0,0,0 06-24~1,0,0,0,0 2026-09M~2,1,1,0,0 08-31~2,0,0,0,0 06-17~1,0,0,0,0 06-27~1,0,0,0,0 07-27~1,0,0,0,0 2026-06M~1,0,0,0,0 05-11~1,0,0,0,0 05-22~1,0,0,0,0 07-23~1,0,0,0,0
105400053_507085|08-31~2,0,0,0,0 2026-08~52,20,14,3,0 08-25~1,1,1,0,0 2026-09~5,2,0,0,0 08-30~6,4,3,1,0 08-27~34,11,7,2,0 08-28~11,3,3,0,0 2026-09M~5,2,0,0,0 all~54,22,14,4,0 08-29~1,0,0,0,0 09-01~2,1,0,0,0 09-02~4,2,0,0,0 08-26~1,1,0,0,0
105400053_507088|08-31~1,0,0,0,0 2026-08~19,10,6,4,4 09-02~8,4,2,2,1 08-26~8,2,2,2,2 2026-09~8,4,2,2,1 08-27~10,4,0,0,0 all~26,14,8,6,5 08-25~3,3,3,2,2 2026-09M~8,4,2,2,1 08-30~1,0,0,0,0 08-29~2,0,0,0,0 08-28~3,1,1,0,0 09-01~1,0,0,0,0
105434351_493288|06-29~3,1,1,0,0 07-31~1,0,0,0,0 07-10~2,0,0,0,0 06-08~2,1,0,0,0 05-27~5,2,0,0,0 07-20~3,1,1,0,0 07-23~2,0,0,0,0 06-02~4,1,1,1,0 06-25~3,1,0,0,0 05-10~34,26,0,0,0 07-14~2,0,0,0,0 07-13~3,1,1,0,0 08-28~1,0,0,0,0 2026-06M~5,2,1,1,0 07-04~4,1,0,0,0 07-07~3,1,1,0,0 06-24~2,0,0,0,0 07-15~2,0,0,0,0 08-14~1,0,0,0,0 06-07~2,1,0,0,0 05-06~4,2,0,0,0 06-01~2,1,0,0,0 07-19~1,0,0,0,0 05-13~14,1,0,0,0 08-16~1,1,0,0,0 08-26~1,0,0,0,0 06-23~2,0,0,0,0 07-24~2,0,0,0,0 07-02~2,0,0,0,0 07-17~2,0,0,0,0 06-26~5,0,0,0,0 06-19~3,1,0,0,0 07-01~2,0,0,0,0 07-18~1,0,0,0,0 05-09~12,10,0,0,0 05-31~2,1,0,0,0 05-28~3,1,0,0,0 08-23~1,0,0,0,0 05-16~68,58,44,32,16 09-01~1,0,0,0,0 08-19~2,0,0,0,0 06-04~3,0,0,0,0 05-01~2,0,0,0,0 06-03~2,0,0,0,0 05-08~3,1,0,0,0 07-05~1,0,0,0,0 2026-06~25,16,8,2,0 07-06~1,0,0,0,0 08-31~1,0,0,0,0 08-24~1,0,0,0,0 08-22~2,0,0,0,0 2026-09~2,0,0,0,0 07-21~3,1,1,0,0 07-25~1,0,0,0,0 07-16~3,0,0,0,0 05-22~2,0,0,0,0 05-15~28,18,14,11,8 08-17~1,0,0,0,0 06-21~3,1,0,0,0 2026-07M~2,0,0,0,0 06-28~1,0,0,0,0 07-30~2,0,0,0,0 05-30~1,0,0,0,0 08-06~2,0,0,0,0 06-30~2,1,0,0,0 07-28~2,0,0,0,0 08-29~1,0,0,0,0 05-26~2,0,0,0,0 07-22~2,0,0,0,0 05-11~12,2,0,0,0 2026-08M~1,0,0,0,0 2026-07~13,10,8,0,0 06-12~3,0,0,0,0 06-05~2,1,0,0,0 05-07~3,2,0,0,0 05-05~1,0,0,0,0 06-16~2,0,0,0,0 06-20~2,1,0,0,0 05-04~2,0,0,0,0 07-29~1,0,0,0,0 2026-09M~2,0,0,0,0 08-25~1,0,0,0,0 08-21~1,0,0,0,0 08-15~1,0,0,0,0 05-17~17,9,5,2,2 05-18~21,7,7,6,1 08-01~1,0,0,0,0 05-23~4,0,0,0,0 08-18~1,0,0,0,0 09-02~2,0,0,0,0 08-05~1,0,0,0,0 05-12~37,23,0,0,0 06-17~3,1,1,1,0 08-30~1,0,0,0,0 08-27~1,0,0,0,0 05-20~4,1,0,0,0 08-20~1,1,0,0,0 2026-08~5,1,0,0,0 05-29~5,3,1,1,0 06-14~2,0,0,0,0 07-09~4,1,1,0,0 06-11~4,2,1,0,0 05-25~3,0,0,0,0 06-27~2,0,0,0,0 05-21~4,0,0,0,0 2026-05~153,149,71,58,40 07-08~5,3,2,0,0 06-10~7,1,0,0,0 05-24~1,0,0,0,0 07-27~3,0,0,0,0 06-13~8,6,4,0,0 05-19~9,1,0,0,0 07-03~4,1,1,0,0 06-15~4,0,0,0,0 06-22~3,1,0,0,0 06-18~2,0,0,0,0 05-02~1,0,0,0,0 2026-05M~2,0,0,0,0 05-14~6,2,2,0,0 07-11~3,0,0,0,0 06-09~1,0,0,0,0 08-03~2,0,0,0,0 all~154,151,85,70,49
105471191_493857|07-06~1,0,0,0,0 05-12~5,2,0,0,0 05-11~6,5,0,0,0 05-09~1,0,0,0,0 07-10~1,0,0,0,0 07-05~2,0,0,0,0 05-14~2,2,2,1,0 05-17~1,0,0,0,0 06-20~1,0,0,0,0 05-13~2,2,0,0,0 05-10~20,19,0,0,0 2026-06~4,1,0,0,0 07-03~1,0,0,0,0 07-08~1,1,1,0,0 06-10~1,0,0,0,0 05-23~1,0,0,0,0 06-25~1,0,0,0,0 07-11~2,1,0,0,0 2026-08~1,0,0,0,0 06-09~1,0,0,0,0 all~29,29,3,1,0 08-19~1,0,0,0,0 06-24~1,0,0,0,0 07-04~1,0,0,0,0 2026-05~29,29,2,1,0 06-22~1,1,0,0,0 06-03~1,0,0,0,0 05-08~3,3,0,0,0 05-16~1,0,0,0,0 06-04~1,0,0,0,0 2026-07~5,2,1,0,0
105472725_493908|08-26~3,0,0,0,0 05-21~6,2,0,0,0 06-03~6,2,1,1,1 08-07~3,0,0,0,0 07-29~3,0,0,0,0 06-05~4,1,0,0,0 07-05~5,0,0,0,0 05-04~1,0,0,0,0 05-27~6,1,0,0,0 08-03~2,0,0,0,0 08-04~3,0,0,0,0 06-27~7,0,0,0,0 08-23~3,0,0,0,0 08-13~4,0,0,0,0 08-10~3,0,0,0,0 05-28~6,3,2,2,0 07-22~4,0,0,0,0 08-02~4,0,0,0,0 07-21~3,0,0,0,0 07-03~3,0,0,0,0 08-08~2,0,0,0,0 06-23~4,1,0,0,0 08-05~4,0,0,0,0 06-19~5,0,0,0,0 07-01~6,1,0,0,0 06-29~7,0,0,0,0 07-31~3,0,0,0,0 08-15~3,0,0,0,0 07-18~4,0,0,0,0 05-07~1,1,0,0,0 05-22~6,1,1,1,1 07-15~3,0,0,0,0 2026-07~12,2,0,0,0 08-29~2,0,0,0,0 08-16~3,0,0,0,0 06-21~1,0,0,0,0 05-23~2,0,0,0,0 2026-08M~4,0,0,0,0 07-13~4,0,0,0,0 07-25~3,0,0,0,0 06-16~4,0,0,0,0 07-06~5,1,0,0,0 08-12~4,0,0,0,0 08-11~2,0,0,0,0 07-09~4,0,0,0,0 06-11~7,0,0,0,0 07-26~4,0,0,0,0 2026-07M~8,1,0,0,0 05-14~10,3,2,1,0 06-20~4,0,0,0,0 06-25~4,1,0,0,0 2026-05~55,55,17,13,2 05-12~16,13,0,0,0 05-17~5,3,3,2,0 05-29~5,0,0,0,0 08-31~3,0,0,0,0 08-01~2,0,0,0,0 06-07~5,0,0,0,0 06-22~3,0,0,0,0 08-21~3,0,0,0,0 05-11~23,23,0,0,0 06-12~5,0,0,0,0 05-30~4,0,0,0,0 07-04~6,0,0,0,0 06-18~5,0,0,0,0 08-27~3,0,0,0,0 08-22~3,0,0,0,0 07-11~3,0,0,0,0 06-09~6,0,0,0,0 2026-08~7,1,0,0,0 05-26~5,1,1,0,0 06-26~6,0,0,0,0 05-15~4,0,0,0,0 08-24~2,0,0,0,0 09-01~3,0,0,0,0 08-19~4,1,0,0,0 05-13~12,5,3,2,0 06-04~11,1,0,0,0 07-02~5,0,0,0,0 07-16~5,0,0,0,0 06-30~4,0,0,0,0 07-28~3,0,0,0,0 08-25~3,0,0,0,0 05-18~6,1,0,0,0 05-19~9,5,3,3,0 06-06~4,1,0,0,0 06-17~5,0,0,0,0 06-15~4,1,0,0,0 06-13~7,0,0,0,0 07-12~3,0,0,0,0 08-18~3,0,0,0,0 07-27~2,0,0,0,0 06-28~4,0,0,0,0 07-30~3,0,0,0,0 05-24~5,2,0,0,0 2026-06M~7,2,1,1,0 05-08~3,3,0,0,0 08-28~2,0,0,0,0 07-23~4,0,0,0,0 05-20~4,2,2,2,1 2026-06~22,9,2,2,2 06-02~5,1,1,1,0 08-09~3,0,0,0,0 07-10~4,0,0,0,0 06-08~7,0,0,0,0 05-31~4,0,0,0,0 2026-09~3,0,0,0,0 08-30~3,0,0,0,0 05-25~4,0,0,0,0 07-20~3,0,0,0,0 06-24~4,0,0,0,0 07-17~2,0,0,0,0 08-14~3,0,0,0,0 09-02~3,0,0,0,0 06-01~5,1,0,0,0 07-19~4,0,0,0,0 07-24~3,0,0,0,0 08-17~3,0,0,0,0 08-20~3,0,0,0,0 all~59,59,19,16,4 07-07~4,0,0,0,0 08-06~4,0,0,0,0 07-14~3,0,0,0,0 06-14~5,0,0,0,0 05-09~1,1,0,0,0 2026-09M~3,0,0,0,0 05-16~4,0,0,0,0 07-08~3,0,0,0,0 06-10~7,0,0,0,0
105472725_497399|07-27~4,0,0,0,0 06-18~6,1,1,0,0 06-04~15,7,4,2,0 05-26~1,0,0,0,0 05-14~1,0,0,0,0 08-13~2,0,0,0,0 08-11~2,0,0,0,0 05-20~1,0,0,0,0 06-26~2,0,0,0,0 06-21~7,1,1,0,0 09-01~2,0,0,0,0 08-19~3,0,0,0,0 05-10~1,0,0,0,0 06-02~2,0,0,0,0 05-02~2,0,0,0,0 all~57,51,26,16,5 07-15~3,0,0,0,0 08-26~2,0,0,0,0 2026-05M~2,0,0,0,0 05-13~2,0,0,0,0 05-06~2,0,0,0,0 06-25~7,0,0,0,0 05-25~1,0,0,0,0 06-22~5,0,0,0,0 06-07~5,1,0,0,0 05-28~4,0,0,0,0 2026-08~5,0,0,0,0 08-31~2,0,0,0,0 05-04~2,0,0,0,0 08-23~1,0,0,0,0 06-06~4,2,2,1,1 08-02~4,0,0,0,0 06-13~7,1,0,0,0 07-13~2,0,0,0,0 05-09~1,0,0,0,0 08-04~3,0,0,0,0 06-20~3,1,1,0,0 05-18~1,0,0,0,0 07-17~3,0,0,0,0 08-07~3,0,0,0,0 08-22~3,0,0,0,0 07-06~4,0,0,0,0 07-26~2,0,0,0,0 06-19~6,1,0,0,0 07-01~3,0,0,0,0 06-27~5,0,0,0,0 06-12~5,1,1,1,0 05-08~1,0,0,0,0 07-29~4,0,0,0,0 05-05~1,0,0,0,0 2026-08M~5,0,0,0,0 07-22~2,0,0,0,0 07-08~9,3,0,0,0 06-10~7,3,2,1,0 2026-06~46,41,24,15,5 07-14~4,1,1,1,0 05-22~2,0,0,0,0 07-20~2,0,0,0,0 05-17~2,0,0,0,0 08-08~3,0,0,0,0 06-15~5,0,0,0,0 08-05~3,0,0,0,0 07-11~4,1,0,0,0 06-09~9,6,2,2,1 08-21~2,0,0,0,0 09-02~2,0,0,0,0 08-17~2,0,0,0,0 07-09~2,0,0,0,0 06-11~6,1,0,0,0 07-16~3,0,0,0,0 06-03~15,11,6,4,1 2026-07~22,11,2,1,0 08-01~4,0,0,0,0 05-03~2,0,0,0,0 06-30~6,2,2,1,0 07-28~4,0,0,0,0 07-23~2,0,0,0,0 2026-07M~5,1,0,0,0 06-23~4,0,0,0,0 08-16~2,0,0,0,0 08-15~2,0,0,0,0 08-18~2,0,0,0,0 06-29~4,0,0,0,0 07-31~3,0,0,0,0 08-25~2,0,0,0,0 07-10~8,5,1,0,0 06-08~7,3,1,0,0 05-12~2,0,0,0,0 05-21~2,0,0,0,0 05-15~1,0,0,0,0 08-09~2,0,0,0,0 2026-05~6,0,0,0,0 05-11~1,0,0,0,0 07-25~4,0,0,0,0 2026-06M~2,0,0,0,0 07-24~3,0,0,0,0 05-23~1,0,0,0,0 07-03~4,0,0,0,0 07-12~3,0,0,0,0 06-24~5,2,1,0,0 06-01~1,0,0,0,0 07-19~2,0,0,0,0 08-03~3,0,0,0,0 05-16~1,0,0,0,0 06-16~7,0,0,0,0 06-17~4,1,0,0,0 08-06~2,0,0,0,0 08-27~2,0,0,0,0 2026-09M~2,0,0,0,0 06-05~4,1,1,1,0 05-27~2,0,0,0,0 06-14~7,0,0,0,0 08-24~1,0,0,0,0 07-04~5,1,0,0,0 08-29~2,0,0,0,0 07-18~2,0,0,0,0 05-01~2,0,0,0,0 05-24~1,0,0,0,0 05-19~2,0,0,0,0 08-30~2,0,0,0,0 07-02~5,1,0,0,0 07-21~3,0,0,0,0 08-28~2,0,0,0,0 08-14~2,0,0,0,0 06-28~2,0,0,0,0 07-30~4,0,0,0,0 08-10~2,0,0,0,0 2026-09~2,0,0,0,0 05-29~2,0,0,0,0 05-31~2,0,0,0,0 08-12~2,0,0,0,0 08-20~2,0,0,0,0 07-07~3,0,0,0,0 07-05~1,0,0,0,0
105474798_493973|05-21~9,1,1,0,0 08-26~1,0,0,0,0 07-29~1,0,0,0,0 08-04~1,0,0,0,0 07-23~1,0,0,0,0 05-30~6,2,2,1,0 06-18~1,0,0,0,0 08-20~1,0,0,0,0 05-24~10,4,2,1,0 2026-07M~1,0,0,0,0 06-04~3,2,2,2,0 07-16~1,0,0,0,0 07-24~1,0,0,0,0 07-03~1,0,0,0,0 08-07~1,0,0,0,0 2026-06~40,10,7,5,1 08-25~1,0,0,0,0 06-13~1,0,0,0,0 07-19~1,0,0,0,0 06-01~11,3,2,1,0 07-21~1,0,0,0,0 08-24~2,0,0,0,0 06-20~1,0,0,0,0 08-31~1,0,0,0,0 2026-06M~11,3,3,1,0 08-29~1,0,0,0,0 08-09~1,0,0,0,0 2026-08M~1,0,0,0,0 06-26~2,0,0,0,0 08-02~1,0,0,0,0 07-06~1,0,0,0,0 06-09~6,1,0,0,0 07-11~1,0,0,0,0 06-25~1,0,0,0,0 07-18~1,0,0,0,0 05-15~2,0,0,0,0 05-16~1,0,0,0,0 08-08~1,0,0,0,0 08-05~1,0,0,0,0 08-30~1,0,0,0,0 08-13~1,0,0,0,0 08-18~1,0,0,0,0 05-31~3,1,1,1,0 08-15~1,0,0,0,0 08-10~1,0,0,0,0 05-26~9,3,1,1,0 09-02~1,0,0,0,0 all~115,28,19,13,1 08-16~1,0,0,0,0 06-27~1,0,0,0,0 07-05~1,0,0,0,0 05-29~2,0,0,0,0 06-14~1,0,0,0,0 06-16~1,0,0,0,0 06-03~5,0,0,0,0 05-20~11,0,0,0,0 07-20~1,0,0,0,0 05-25~3,1,0,0,0 08-21~1,0,0,0,0 08-12~1,0,0,0,0 07-01~1,0,0,0,0 06-19~2,0,0,0,0 08-19~1,0,0,0,0 09-01~1,0,0,0,0 08-01~1,0,0,0,0 07-17~1,0,0,0,0 07-15~1,0,0,0,0 05-23~3,1,1,0,0 07-22~1,0,0,0,0 08-14~1,0,0,0,0 05-28~4,2,1,1,0 07-14~2,0,0,0,0 06-07~6,2,1,1,0 2026-05~82,18,11,7,0 06-10~2,0,0,0,0 07-08~1,0,0,0,0 05-22~9,3,2,1,0 2026-09M~1,0,0,0,0 07-02~1,0,0,0,0 08-28~1,0,0,0,0 08-06~1,0,0,0,0 08-23~1,0,0,0,0 06-17~2,0,0,0,0 06-24~1,0,0,0,0 05-19~2,0,0,0,0 06-05~9,1,1,1,1 2026-07~2,0,0,0,0 06-29~3,0,0,0,0 08-27~1,0,0,0,0 06-08~4,1,0,0,0 07-10~1,0,0,0,0 2026-08~2,0,0,0,0 07-25~1,0,0,0,0 05-18~10,0,0,0,0 06-06~3,0,0,0,0 06-15~1,0,0,0,0 08-22~1,0,0,0,0 06-11~2,0,0,0,0 07-09~1,0,0,0,0 06-12~2,0,0,0,0 05-27~1,0,0,0,0 07-12~1,0,0,0,0 2026-09~1,0,0,0,0 07-04~1,0,0,0,0 06-30~1,0,0,0,0 06-02~1,1,1,0,0 08-17~1,0,0,0,0 08-11~1,0,0,0,0
105546111_494708|05-31~2,1,1,1,1 2026-08~1,1,0,0,0 06-09~3,2,0,0,0 07-11~1,1,0,0,0 06-11~1,1,0,0,0 05-24~1,0,0,0,0 06-17~1,0,0,0,0 08-04~1,1,0,0,0 05-06~1,0,0,0,0 06-15~1,0,0,0,0 06-01~3,0,0,0,0 2026-06M~5,2,0,0,0 05-22~5,4,3,3,3 06-07~1,1,1,1,0 05-26~12,8,4,2,1 05-18~4,3,1,1,1 06-29~1,0,0,0,0 05-25~9,4,4,4,3 2026-07~1,1,0,0,0 06-10~1,0,0,0,0 05-20~5,4,4,4,4 06-05~1,0,0,0,0 05-27~3,1,0,0,0 all~35,31,24,20,17 05-19~2,1,1,1,1 2026-06~6,4,1,1,1 05-21~2,2,2,1,1 06-26~1,1,0,0,0 06-16~1,0,0,0,0 06-02~4,2,0,0,0 05-14~3,3,2,0,0 05-15~1,1,1,0,0 07-12~1,1,0,0,0 06-06~1,0,0,0,0 05-23~2,0,0,0,0 06-23~2,1,0,0,0 05-28~1,0,0,0,0 2026-05~34,30,23,19,16 06-04~2,1,0,0,0 05-29~3,1,0,0,0 06-03~2,0,0,0,0 06-30~1,1,0,0,0 06-13~1,0,0,0,0 06-18~2,1,0,0,0
105546155_494711|06-07~3,0,0,0,0 07-24~2,1,0,0,0 08-29~1,0,0,0,0 05-18~24,23,18,14,6 07-06~1,0,0,0,0 07-01~1,0,0,0,0 06-19~1,0,0,0,0 05-28~4,0,0,0,0 07-22~2,1,1,0,0 05-27~2,0,0,0,0 05-24~8,0,0,0,0 06-17~1,0,0,0,0 2026-06M~2,0,0,0,0 06-16~2,0,0,0,0 07-05~1,0,0,0,0 07-02~2,0,0,0,0 07-27~2,0,0,0,0 08-09~2,0,0,0,0 07-26~2,0,0,0,0 05-31~2,0,0,0,0 06-13~1,0,0,0,0 06-18~2,0,0,0,0 08-04~2,1,1,0,0 05-20~3,0,0,0,0 08-13~1,0,0,0,0 06-12~1,0,0,0,0 06-06~2,0,0,0,0 06-21~1,0,0,0,0 07-07~2,1,0,0,0 05-23~5,0,0,0,0 2026-08~5,1,1,0,0 05-30~2,0,0,0,0 06-09~3,0,0,0,0 07-11~1,0,0,0,0 06-02~2,0,0,0,0 07-17~1,0,0,0,0 07-30~3,1,0,0,0 07-12~1,0,0,0,0 07-18~1,0,0,0,0 07-14~2,0,0,0,0 08-07~1,0,0,0,0 07-31~1,0,0,0,0 06-29~1,0,0,0,0 05-14~1,1,1,0,0 07-23~1,0,0,0,0 06-08~3,0,0,0,0 07-10~1,0,0,0,0 08-03~1,0,0,0,0 06-03~3,0,0,0,0 07-03~2,0,0,0,0 2026-06~8,0,0,0,0 06-11~2,0,0,0,0 07-09~2,1,0,0,0 07-28~2,0,0,0,0 06-30~1,0,0,0,0 05-19~7,5,3,3,2 05-29~2,0,0,0,0 06-05~4,0,0,0,0 06-04~2,0,0,0,0 2026-07M~3,0,0,0,0 06-23~1,0,0,0,0 05-22~7,1,1,1,0 07-21~2,0,0,0,0 06-15~2,0,0,0,0 all~52,52,41,35,24 05-26~13,7,6,4,2 07-20~1,0,0,0,0 05-25~3,0,0,0,0 05-21~26,17,12,6,2 2026-05~52,52,41,35,24 06-22~2,0,0,0,0 07-19~1,0,0,0,0 06-01~2,0,0,0,0 06-10~3,0,0,0,0 07-08~1,0,0,0,0 2026-07~7,4,1,1,0 06-27~2,0,0,0,0 06-14~1,0,0,0,0 07-15~1,0,0,0,0 07-13~1,0,0,0,0
105574795_494832|2026-05~7,7,4,0,0 all~7,7,4,0,0 05-15~7,7,4,0,0
105574795_498152|08-27~1,1,0,0,0 08-05~1,1,0,0,0 08-02~12,12,0,0,0 07-22~1,1,0,0,0 06-19~4,3,0,0,0 07-01~2,2,0,0,0 2026-08M~17,16,0,0,0 07-26~3,3,1,0,0 07-17~4,4,0,0,0 07-02~1,1,1,1,0 08-06~3,3,0,0,0 08-01~5,4,0,0,0 08-24~1,1,0,0,0 06-12~6,6,0,0,0 07-18~4,3,1,1,0 07-20~3,3,0,0,0 08-25~1,1,0,0,0 2026-07M~3,3,1,1,0 06-21~2,2,0,0,0 08-30~1,1,0,0,0 08-28~3,3,0,0,0 08-08~1,1,1,1,0 06-27~6,6,0,0,0 08-03~7,4,0,0,0 07-07~2,2,1,1,0 07-10~1,1,0,0,0 06-24~4,4,1,1,0 2026-07~67,60,11,5,0 07-19~2,2,0,0,0 08-04~4,3,0,0,0 08-31~1,1,0,0,0 09-01~35,27,0,0,0 08-19~1,1,1,0,0 08-14~2,2,0,0,0 2026-08~61,56,4,2,0 08-11~1,1,0,0,0 07-04~3,0,0,0,0 06-15~9,8,1,0,0 06-17~2,2,0,0,0 07-21~5,5,0,0,0 07-27~1,1,0,0,0 08-20~2,2,0,0,0 06-22~3,3,2,0,0 08-13~3,3,0,0,0 06-18~5,5,0,0,0 08-18~2,2,0,0,0 07-16~5,4,2,1,0 2026-06~87,84,6,2,0 07-15~2,2,0,0,0 07-06~5,5,3,1,0 07-09~1,1,0,0,0 06-11~13,13,0,0,0 06-23~2,2,0,0,0 07-03~5,4,0,0,0 08-29~1,1,0,0,0 06-29~4,4,0,0,0 07-31~3,2,0,0,0 08-07~4,4,0,0,0 08-22~1,1,0,0,0 06-20~1,1,0,0,0 all~247,224,21,9,0 06-16~4,4,0,0,0 06-25~3,3,0,0,0 06-28~5,5,0,0,0 07-30~2,2,0,0,0 07-11~3,3,1,0,0 06-09~2,2,1,1,0 07-24~1,1,0,0,0 07-12~2,2,0,0,0 06-14~4,3,0,0,0 08-23~2,2,1,0,0 07-08~1,1,0,0,0 06-10~8,8,1,0,0 2026-09M~35,27,0,0,0 06-13~4,4,0,0,0 07-13~3,3,1,0,0 07-05~5,4,0,0,0 07-29~1,1,0,0,0 2026-09~35,27,0,0,0 08-10~1,1,1,1,0
105658066_505184|05-29~1,0,0,0,0 05-08~1,0,0,0,0 07-21~1,0,0,0,0 07-23~1,0,0,0,0 2026-06~1,1,0,0,0 07-08~1,0,0,0,0 06-10~1,0,0,0,0 08-27~1,0,0,0,0 05-24~1,0,0,0,0 all~4,4,3,1,1 05-07~1,0,0,0,0 08-05~1,0,0,0,0 08-04~1,0,0,0,0 07-03~1,0,0,0,0 05-26~1,0,0,0,0 05-19~1,0,0,0,0 07-11~1,0,0,0,0 06-09~1,0,0,0,0 2026-08~4,4,2,0,0 07-29~1,0,0,0,0 07-30~1,0,0,0,0 08-21~1,0,0,0,0 06-16~1,0,0,0,0 06-01~1,0,0,0,0 08-25~1,0,0,0,0 2026-05~1,1,1,1,1 07-10~1,0,0,0,0 2026-09M~1,0,0,0,0 08-10~2,1,1,0,0 08-18~1,0,0,0,0 08-26~1,0,0,0,0 08-12~1,0,0,0,0 06-22~1,1,0,0,0 06-15~1,0,0,0,0 2026-07M~1,0,0,0,0 05-21~1,0,0,0,0 07-06~1,0,0,0,0 07-13~1,0,0,0,0 05-28~1,1,1,0,0 06-30~1,0,0,0,0 07-28~1,0,0,0,0 08-24~1,0,0,0,0 05-30~1,0,0,0,0 06-26~1,0,0,0,0 09-02~1,0,0,0,0 07-09~1,1,0,0,0 06-11~1,0,0,0,0 08-11~1,0,0,0,0 05-12~1,0,0,0,0 07-24~1,0,0,0,0 07-27~1,0,0,0,0 06-05~1,0,0,0,0 05-16~1,0,0,0,0 05-20~1,0,0,0,0 2026-07~1,1,0,0,0 08-03~1,1,0,0,0 05-31~1,0,0,0,0 07-17~1,0,0,0,0 06-18~1,0,0,0,0 06-23~1,0,0,0,0 08-17~1,0,0,0,0 08-31~1,0,0,0,0 05-17~1,0,0,0,0 08-20~1,0,0,0,0 06-29~1,0,0,0,0 07-31~1,0,0,0,0 2026-06M~1,0,0,0,0 07-07~1,0,0,0,0 05-14~1,0,0,0,0 05-11~1,1,0,0,0 07-15~1,0,0,0,0 08-07~3,2,1,0,0 06-25~1,0,0,0,0 05-27~1,0,0,0,0 07-18~1,0,0,0,0 05-10~1,0,0,0,0 07-16~1,0,0,0,0 06-24~1,0,0,0,0 07-05~1,0,0,0,0 05-13~1,0,0,0,0 06-19~1,0,0,0,0 07-01~1,0,0,0,0 2026-08M~1,0,0,0,0 05-15~1,0,0,0,0 05-22~1,0,0,0,0 07-02~1,0,0,0,0 05-18~1,0,0,0,0 08-13~1,0,0,0,0 06-02~1,0,0,0,0 07-26~1,0,0,0,0 2026-09~1,0,0,0,0 08-02~1,0,0,0,0 07-22~1,0,0,0,0 05-09~1,0,0,0,0 07-20~1,0,0,0,0 08-06~1,0,0,0,0 09-01~1,0,0,0,0 08-19~1,0,0,0,0
105661272_497658|06-16~2,0,0,0,0 08-24~1,0,0,0,0 07-17~2,1,1,0,0 06-08~3,3,3,0,0 2026-07M~1,0,0,0,0 06-24~2,1,1,0,0 05-25~1,0,0,0,0 07-14~5,3,1,1,0 07-13~2,0,0,0,0 07-22~3,2,0,0,0 06-22~3,0,0,0,0 06-09~2,2,1,1,0 08-02~1,1,0,0,0 06-26~3,1,1,1,1 06-17~12,9,1,0,0 06-30~2,0,0,0,0 07-28~1,1,0,0,0 2026-09~1,0,0,0,0 07-16~1,0,0,0,0 07-23~2,1,0,0,0 06-18~7,4,3,1,0 06-13~3,1,1,0,0 07-06~1,0,0,0,0 07-21~1,0,0,0,0 07-03~1,0,0,0,0 06-25~2,0,0,0,0 07-09~1,0,0,0,0 06-11~8,6,4,3,2 07-05~1,0,0,0,0 08-21~4,3,2,2,0 07-24~1,0,0,0,0 08-16~2,2,0,0,0 06-20~2,0,0,0,0 2026-07~21,17,5,2,0 2026-09M~1,0,0,0,0 07-20~2,2,0,0,0 06-27~3,0,0,0,0 08-28~1,1,0,0,0 06-19~3,1,0,0,0 07-01~1,0,0,0,0 06-12~5,2,2,2,1 07-12~3,2,1,0,0 2026-06~34,32,17,8,4 08-04~1,1,0,0,0 2026-08M~3,2,0,0,0 07-07~1,0,0,0,0 07-18~3,2,0,0,0 all~59,57,25,13,4 06-21~2,0,0,0,0 06-15~4,2,0,0,0 05-19~1,0,0,0,0 06-23~2,0,0,0,0 07-15~6,5,1,0,0 06-28~3,0,0,0,0 07-26~1,0,0,0,0 08-22~2,0,0,0,0 07-25~2,1,1,0,0 09-02~1,0,0,0,0 2026-05~2,0,0,0,0 07-08~1,0,0,0,0 06-10~2,1,0,0,0 08-01~2,1,0,0,0 2026-08~13,11,3,3,0 07-19~1,0,0,0,0 08-17~2,2,1,1,0 07-04~2,0,0,0,0 07-02~1,0,0,0,0
105675843_495694|07-27~1,1,1,1,0 07-02~1,0,0,0,0 08-01~2,0,0,0,0 all~23,9,4,1,0 05-24~2,0,0,0,0 05-27~1,1,1,0,0 2026-07~10,4,2,1,0 2026-08M~2,0,0,0,0 08-18~1,0,0,0,0 08-20~1,1,0,0,0 06-28~1,1,0,0,0 07-28~1,0,0,0,0 06-10~1,0,0,0,0 08-07~2,1,0,0,0 06-11~1,0,0,0,0 2026-07M~1,0,0,0,0 07-31~1,1,1,0,0 06-09~1,0,0,0,0 05-19~1,1,0,0,0 06-03~1,1,0,0,0 07-17~1,1,0,0,0 08-04~1,0,0,0,0 07-20~1,0,0,0,0 06-12~1,0,0,0,0 2026-06~5,2,0,0,0 2026-05~5,3,2,0,0 08-03~1,0,0,0,0 05-21~1,1,1,0,0 07-29~2,1,0,0,0 07-07~1,0,0,0,0 2026-08~7,2,0,0,0 06-16~1,0,0,0,0 07-26~1,0,0,0,0 08-12~1,0,0,0,0 05-22~3,2,0,0,0 06-02~1,1,0,0,0 2026-06M~1,1,0,0,0
105761479_496175|all~11,10,7,6,5 05-27~4,4,1,1,1 05-17~1,0,0,0,0 2026-05~11,10,7,6,5 05-28~5,4,1,1,1 06-10~1,0,0,0,0 05-25~1,1,1,1,0 05-26~3,2,2,1,1 05-31~1,1,0,0,0 05-19~1,0,0,0,0 2026-06~1,0,0,0,0 05-29~6,6,2,1,1 05-13~1,0,0,0,0
105761479_496176|05-28~3,2,2,2,2 05-25~2,2,2,2,2 all~7,6,6,6,6 2026-05~7,6,6,6,6 05-29~1,0,0,0,0 05-27~5,2,2,2,2
105761479_496177|05-29~1,0,0,0,0 2026-06~4,0,0,0,0 2026-05~8,8,8,8,8 06-02~2,0,0,0,0 05-25~1,1,1,0,0 06-03~1,0,0,0,0 06-01~3,0,0,0,0 all~8,8,8,8,8 05-26~1,1,1,1,1 05-28~7,4,4,4,4 05-27~3,2,2,1,1 2026-06M~4,0,0,0,0
105763050_496672|2026-09M~13,8,3,0,0 08-10~5,4,1,0,0 06-14~11,8,6,4,0 08-22~9,6,5,3,0 08-16~7,4,3,2,0 06-24~5,2,1,1,0 06-27~11,7,1,1,0 07-06~7,5,0,0,0 08-26~6,1,1,1,0 07-21~11,6,2,0,0 06-10~12,9,2,1,0 07-08~7,3,0,0,0 06-17~7,6,2,1,0 07-28~10,6,3,0,0 06-30~8,5,1,1,0 07-18~8,4,3,1,1 06-03~5,4,1,0,0 07-20~4,2,1,0,0 08-29~8,2,0,0,0 06-11~4,4,3,0,0 07-09~9,7,6,3,0 08-08~2,1,0,0,0 07-03~5,1,1,1,0 08-25~8,5,2,1,0 07-05~5,4,1,0,0 08-30~8,8,5,3,1 06-16~8,7,1,0,0 07-27~2,1,1,1,0 06-20~6,5,4,1,0 06-06~10,5,4,3,0 06-13~4,3,2,1,0 2026-07M~11,4,2,1,0 08-13~8,6,3,0,0 07-22~6,3,2,0,0 06-05~12,8,2,0,0 07-04~5,3,2,2,0 2026-08M~16,9,4,3,0 08-18~10,7,2,1,0 08-05~9,7,5,2,0 06-18~10,8,6,3,0 07-07~11,8,2,2,0 2026-06M~2,1,0,0,0 07-30~5,5,4,3,0 06-28~6,5,1,0,0 07-19~10,8,6,4,0 2026-08~198,130,70,41,2 06-02~2,1,0,0,0 08-02~12,6,3,2,0 2026-07~164,112,59,32,1 06-25~14,12,6,3,0 06-21~9,3,0,0,0 06-22~5,2,1,1,0 06-12~9,6,3,0,0 08-14~7,5,4,2,0 08-31~5,2,0,0,0 08-21~8,4,3,2,0 08-01~4,3,1,1,0 07-25~2,1,0,0,0 07-29~14,7,3,2,0 05-21~1,0,0,0,0 09-02~9,6,3,0,0 all~567,399,209,116,5 06-26~12,7,3,2,0 07-16~5,3,1,1,0 2026-09~13,8,3,0,0 07-01~4,1,0,0,0 06-19~7,5,4,4,1 07-12~8,7,1,0,0 07-24~6,4,2,1,0 08-24~11,6,4,2,0 08-17~7,5,5,1,0 08-09~8,4,2,0,0 08-23~6,5,1,0,0 08-27~8,4,0,0,0 08-15~6,3,1,1,0 08-04~3,3,1,0,0 08-06~12,9,6,5,0 08-19~5,2,1,1,1 09-01~4,2,0,0,0 07-13~4,3,2,1,0 2026-06~213,160,78,43,2 07-31~3,2,2,1,0 06-29~5,1,0,0,0 08-20~8,7,2,1,0 2026-05~1,0,0,0,0 06-08~6,4,2,1,0 07-10~5,4,2,1,0 07-15~6,3,2,1,0 07-23~9,5,4,3,0 08-28~9,7,2,2,0 08-11~8,6,2,1,0 07-02~8,3,2,1,0 07-14~4,2,0,0,0 06-23~17,11,6,4,0 07-17~5,3,1,0,0 06-07~7,5,4,3,0 06-09~6,2,1,1,0 07-11~6,4,2,1,0 08-12~2,2,2,1,0 07-26~3,1,1,0,0 06-04~10,7,3,2,0 06-15~20,14,8,3,0 08-07~7,2,1,1,0 08-03~5,2,1,0,0
105798291_496525|05-30~1,0,0,0,0 06-29~1,1,1,0,0 2026-09M~1,0,0,0,0 07-03~1,1,1,0,0 08-27~1,1,0,0,0 all~30,21,6,3,0 08-09~1,1,1,1,0 06-10~2,1,0,0,0 06-13~1,0,0,0,0 06-09~1,1,1,0,0 06-03~2,1,0,0,0 08-06~1,1,0,0,0 08-19~3,2,0,0,0 2026-07M~1,0,0,0,0 06-27~1,0,0,0,0 08-03~1,1,0,0,0 2026-05~3,1,1,0,0 06-06~2,1,0,0,0 06-21~1,0,0,0,0 06-17~2,1,0,0,0 08-21~1,1,0,0,0 2026-06M~2,0,0,0,0 07-23~1,0,0,0,0 05-31~1,0,0,0,0 06-14~1,0,0,0,0 08-12~1,0,0,0,0 07-19~1,1,0,0,0 06-01~2,0,0,0,0 07-17~2,1,0,0,0 2026-08~9,7,1,1,0 06-08~5,2,1,1,0 06-18~2,1,0,0,0 2026-07~7,6,2,0,0 08-14~1,0,0,0,0 08-13~1,0,0,0,0 06-04~1,0,0,0,0 06-30~2,0,0,0,0 06-24~2,1,0,0,0 07-02~1,0,0,0,0 07-06~1,1,0,0,0 06-20~2,1,0,0,0 06-15~2,1,0,0,0 06-05~1,1,0,0,0 2026-06~18,10,3,2,0 07-01~1,0,0,0,0 06-11~3,1,1,0,0 07-30~1,1,1,0,0 06-22~3,0,0,0,0 2026-09~1,0,0,0,0 09-02~1,0,0,0,0 06-12~2,1,1,1,0 06-16~1,1,1,1,0 08-07~1,0,0,0,0 05-27~2,1,1,0,0 07-26~1,1,0,0,0 07-22~1,0,0,0,0
105815643_496643|07-02~1,1,0,0,0 06-21~1,0,0,0,0 08-28~2,2,0,0,0 06-03~3,3,1,1,0 06-04~2,2,0,0,0 06-27~1,0,0,0,0 07-13~1,0,0,0,0 06-22~1,1,0,0,0 2026-06M~2,2,0,0,0 06-05~1,1,0,0,0 07-17~1,1,1,0,0 07-03~1,1,0,0,0 06-02~2,2,0,0,0 07-07~2,0,0,0,0 06-12~1,1,1,0,0 06-17~1,0,0,0,0 07-31~1,1,0,0,0 07-05~1,1,0,0,0 06-30~1,1,0,0,0 08-20~1,1,0,0,0 06-26~1,0,0,0,0 all~38,26,6,3,2 06-06~2,2,2,2,2 08-30~1,0,0,0,0 08-17~2,1,0,0,0 06-18~1,0,0,0,0 08-25~2,2,1,0,0 07-26~1,0,0,0,0 2026-07M~1,1,0,0,0 06-01~1,1,0,0,0 08-26~1,1,0,0,0 06-08~2,0,0,0,0 07-21~2,2,0,0,0 2026-08~7,6,1,0,0 2026-07~13,8,1,0,0 07-22~1,1,0,0,0 07-08~1,0,0,0,0 06-10~3,2,0,0,0 06-16~2,0,0,0,0 2026-06~19,13,4,3,2
105833794_496803|2026-09M~1,0,0,0,0 06-03~1,0,0,0,0 06-19~1,0,0,0,0 06-23~1,0,0,0,0 06-16~1,0,0,0,0 2026-06M~3,2,0,0,0 06-24~1,0,0,0,0 08-28~1,0,0,0,0 2026-08~2,1,1,1,0 06-04~1,0,0,0,0 06-11~1,0,0,0,0 2026-07~1,0,0,0,0 07-07~1,0,0,0,0 06-18~1,0,0,0,0 06-08~1,0,0,0,0 07-10~1,0,0,0,0 06-26~1,0,0,0,0 08-18~1,0,0,0,0 08-05~1,0,0,0,0 2026-09~1,0,0,0,0 05-29~10,8,8,0,0 08-04~1,0,0,0,0 08-03~1,0,0,0,0 06-10~1,0,0,0,0 07-08~1,0,0,0,0 07-15~1,0,0,0,0 07-16~1,0,0,0,0 07-24~1,0,0,0,0 06-29~1,0,0,0,0 06-05~1,0,0,0,0 06-12~1,0,0,0,0 06-15~1,0,0,0,0 2026-06~3,2,0,0,0 06-09~1,0,0,0,0 2026-05~10,8,8,0,0 08-12~1,0,0,0,0 06-01~3,2,0,0,0 all~12,11,9,1,0 06-02~1,0,0,0,0 07-06~1,0,0,0,0 08-17~1,1,1,1,0 09-02~1,0,0,0,0 06-25~1,0,0,0,0
105834233_497110|06-07~1,1,0,0,0 2026-06M~29,8,6,5,3 06-02~28,7,5,5,3 06-04~2,0,0,0,0 06-05~3,2,1,1,1 06-01~1,1,1,0,0 2026-05~1,0,0,0,0 05-29~1,0,0,0,0 06-22~1,1,0,0,0 06-03~12,7,1,1,0 2026-06~39,16,8,7,4 06-10~1,0,0,0,0 all~39,16,8,7,4
105894784_497318|06-16~7,4,3,3,0 07-29~1,0,0,0,0 07-17~1,0,0,0,0 06-08~4,3,3,3,0 08-13~1,0,0,0,0 06-24~2,1,0,0,0 08-05~1,0,0,0,0 08-10~1,0,0,0,0 06-07~1,1,0,0,0 2026-08M~1,0,0,0,0 07-14~2,0,0,0,0 07-13~2,0,0,0,0 08-18~1,0,0,0,0 07-22~1,0,0,0,0 06-22~4,1,1,1,0 07-11~2,1,1,1,0 06-09~2,1,0,0,0 08-15~1,0,0,0,0 08-02~1,0,0,0,0 06-26~1,1,1,1,0 06-17~1,0,0,0,0 06-30~1,0,0,0,0 07-28~1,0,0,0,0 07-16~1,0,0,0,0 07-23~1,0,0,0,0 06-18~3,0,0,0,0 06-13~3,0,0,0,0 07-06~2,0,0,0,0 07-21~1,0,0,0,0 07-03~1,0,0,0,0 06-25~2,0,0,0,0 2026-06~34,25,22,21,4 07-09~1,0,0,0,0 06-11~6,3,3,2,1 07-05~1,0,0,0,0 08-16~1,0,0,0,0 06-20~2,0,0,0,0 08-08~1,0,0,0,0 07-20~1,0,0,0,0 06-27~1,0,0,0,0 06-19~2,0,0,0,0 07-01~1,0,0,0,0 08-12~1,0,0,0,0 06-12~9,6,5,5,1 08-04~2,0,0,0,0 08-06~1,0,0,0,0 07-07~1,0,0,0,0 07-18~1,0,0,0,0 08-07~1,0,0,0,0 all~39,28,25,23,4 06-21~2,1,1,1,0 08-14~1,0,0,0,0 06-14~3,1,1,1,0 06-15~4,1,1,1,0 2026-07M~1,0,0,0,0 06-23~2,1,1,1,0 07-15~1,0,0,0,0 07-30~1,0,0,0,0 2026-08~3,1,1,1,0 07-27~1,0,0,0,0 07-26~2,1,1,0,0 08-26~1,1,1,1,0 08-03~1,0,0,0,0 2026-07~7,2,2,1,0 07-25~1,0,0,0,0 07-31~2,0,0,0,0 08-19~1,0,0,0,0 07-08~1,0,0,0,0 06-10~2,2,2,2,1 08-01~1,0,0,0,0 07-19~1,0,0,0,0 08-17~1,0,0,0,0 06-05~1,1,0,0,0 07-04~1,0,0,0,0
105896019_497277|all~23,23,23,22,22 06-02~1,1,1,0,0 06-10~1,0,0,0,0 06-05~3,3,3,3,3 06-07~9,9,8,8,8 2026-06~23,23,23,22,22 2026-07~1,1,0,0,0 06-06~1,0,0,0,0 06-04~8,8,7,7,7 2026-06M~1,1,1,0,0 06-03~4,4,4,4,4 07-15~1,1,0,0,0
105928799_498162|08-14~1,0,0,0,0 2026-08~1,0,0,0,0 07-01~1,0,0,0,0 07-25~1,1,1,1,0 07-14~1,1,1,1,0 2026-06~4,3,2,0,0 all~9,6,4,2,1 2026-07~4,3,2,2,1 06-09~1,1,1,0,0 2026-07M~1,0,0,0,0 06-11~2,2,1,0,0 07-16~2,1,0,0,0 06-28~1,0,0,0,0
105928799_498163|all~23,13,4,3,1 07-03~2,1,0,0,0 08-13~1,1,0,0,0 08-11~1,0,0,0,0 07-23~1,0,0,0,0 07-05~1,0,0,0,0 07-06~2,1,0,0,0 08-24~1,1,1,0,0 07-02~3,2,0,0,0 07-01~1,1,1,1,0 08-19~1,0,0,0,0 07-28~1,0,0,0,0 2026-08~3,2,1,0,0 07-22~2,2,1,1,0 06-09~1,1,1,0,0 06-29~1,0,0,0,0 07-31~1,1,0,0,0 09-02~1,0,0,0,0 08-14~1,1,0,0,0 06-26~2,0,0,0,0 2026-06~11,5,1,0,0 07-09~1,0,0,0,0 06-27~1,0,0,0,0 07-29~1,0,0,0,0 08-26~1,0,0,0,0 2026-07M~3,3,1,1,0 2026-09M~1,0,0,0,0 07-08~3,2,1,0,0 08-20~1,1,0,0,0 07-20~1,1,0,0,0 08-07~1,1,0,0,0 07-04~1,0,0,0,0 06-25~6,4,0,0,0 07-07~3,2,0,0,0 06-28~1,0,0,0,0 2026-07~11,8,3,3,1 2026-09~1,0,0,0,0
105928990_497460|06-09~4,2,2,1,0 08-07~1,1,1,0,0 2026-08~3,2,1,0,0 06-30~1,1,0,0,0 06-11~1,0,0,0,0 06-29~1,1,0,0,0 06-23~1,1,0,0,0 06-07~1,0,0,0,0 2026-07~2,2,0,0,0 07-20~1,1,0,0,0 06-16~1,1,0,0,0 all~24,22,14,8,3 06-03~2,2,2,0,0 08-17~2,1,0,0,0 2026-06~24,22,13,7,3 06-10~5,2,0,0,0 06-04~9,9,5,2,1 07-22~1,1,0,0,0 2026-05~1,0,0,0,0 06-08~10,6,3,1,0 06-05~6,3,2,0,0 05-07~1,0,0,0,0 06-06~2,0,0,0,0
105931793_497478|06-26~1,0,0,0,0 08-10~1,0,0,0,0 05-15~1,0,0,0,0 08-24~1,0,0,0,0 06-16~1,0,0,0,0 08-14~1,0,0,0,0 07-13~1,1,0,0,0 2026-07~2,2,1,1,0 06-22~1,0,0,0,0 08-06~1,0,0,0,0 06-02~1,0,0,0,0 07-29~1,0,0,0,0 06-23~1,0,0,0,0 08-18~2,0,0,0,0 2026-05~2,1,1,1,1 05-19~1,1,1,1,1 05-22~2,0,0,0,0 06-29~1,0,0,0,0 07-31~1,0,0,0,0 05-28~2,0,0,0,0 08-17~2,0,0,0,0 06-24~1,1,1,0,0 07-15~1,0,0,0,0 06-12~1,0,0,0,0 07-10~1,1,1,1,0 06-08~1,0,0,0,0 05-27~1,0,0,0,0 05-06~1,0,0,0,0 05-03~1,1,0,0,0 05-26~1,0,0,0,0 07-02~1,0,0,0,0 06-30~2,0,0,0,0 07-28~1,1,1,0,0 06-19~1,0,0,0,0 07-01~1,1,0,0,0 all~5,5,3,1,1 08-01~1,0,0,0,0 08-04~1,0,0,0,0 06-17~1,0,0,0,0 06-13~1,0,0,0,0 07-08~1,0,0,0,0 06-10~1,0,0,0,0 08-26~1,0,0,0,0 08-03~1,1,1,1,0 08-13~1,1,1,1,0 05-01~1,1,0,0,0 2026-08~2,1,1,1,0 07-17~2,0,0,0,0 05-30~1,0,0,0,0 05-25~1,0,0,0,0 06-03~4,3,2,0,0 05-13~1,0,0,0,0 07-06~2,0,0,0,0 05-05~1,0,0,0,0 08-07~2,1,1,0,0 2026-08M~1,0,0,0,0 05-08~1,0,0,0,0 07-24~1,0,0,0,0 05-11~1,0,0,0,0 2026-07M~1,1,0,0,0 05-29~1,0,0,0,0 06-05~1,0,0,0,0 07-20~1,0,0,0,0 07-16~1,0,0,0,0 07-07~1,0,0,0,0 05-21~1,0,0,0,0 06-18~1,0,0,0,0 08-25~1,0,0,0,0 08-11~2,0,0,0,0 2026-06~5,5,3,1,0 06-04~2,1,0,0,0 05-04~1,0,0,0,0 2026-09~1,1,1,1,0 08-12~1,0,0,0,0 07-22~1,1,1,0,0 07-27~1,0,0,0,0 06-09~2,1,1,0,0 09-02~1,1,1,0,0 07-30~1,0,0,0,0 2026-05M~1,1,0,0,0 05-20~1,0,0,0,0 07-09~1,0,0,0,0 06-11~2,0,0,0,0 09-01~1,0,0,0,0 08-19~1,1,1,1,0 08-05~2,0,0,0,0 2026-06M~2,0,0,0,0 07-23~1,0,0,0,0 08-20~1,0,0,0,0 07-14~1,0,0,0,0 06-01~2,0,0,0,0 05-14~2,0,0,0,0 2026-09M~1,1,1,1,0
105931793_500846|2026-08~7,7,4,2,0 07-05~3,1,0,0,0 07-06~3,1,0,0,0 07-18~2,0,0,0,0 07-31~1,1,0,0,0 07-11~2,0,0,0,0 2026-05~2,0,0,0,0 06-09~1,0,0,0,0 07-21~1,0,0,0,0 07-22~1,0,0,0,0 06-28~1,0,0,0,0 07-30~2,1,0,0,0 08-13~2,1,1,0,0 08-31~1,0,0,0,0 06-22~1,0,0,0,0 06-24~1,0,0,0,0 08-09~1,0,0,0,0 06-06~1,0,0,0,0 2026-09M~2,0,0,0,0 06-19~1,0,0,0,0 07-01~8,7,1,0,0 07-27~1,0,0,0,0 08-27~1,1,0,0,0 06-03~1,0,0,0,0 06-25~1,0,0,0,0 2026-06~7,3,3,1,1 08-06~1,0,0,0,0 08-21~1,0,0,0,0 08-17~1,0,0,0,0 06-21~1,0,0,0,0 06-26~1,0,0,0,0 07-09~2,0,0,0,0 06-11~2,0,0,0,0 07-20~1,0,0,0,0 07-23~1,1,0,0,0 08-14~1,0,0,0,0 06-12~1,0,0,0,0 08-01~2,1,0,0,0 08-07~1,0,0,0,0 all~25,24,9,5,1 07-04~3,2,1,0,0 06-18~2,0,0,0,0 2026-08M~2,1,0,0,0 07-03~2,0,0,0,0 08-08~3,1,1,0,0 07-13~1,1,0,0,0 08-18~1,0,0,0,0 05-30~1,0,0,0,0 06-04~1,0,0,0,0 2026-07M~9,7,1,0,0 07-15~1,0,0,0,0 07-10~2,1,0,0,0 06-08~1,0,0,0,0 08-23~1,0,0,0,0 06-15~1,0,0,0,0 07-07~1,0,0,0,0 06-20~1,0,0,0,0 07-16~1,0,0,0,0 06-16~3,1,1,0,0 06-05~1,0,0,0,0 2026-09~2,0,0,0,0 06-14~1,0,0,0,0 06-13~1,0,0,0,0 08-04~1,0,0,0,0 08-30~1,0,0,0,0 08-24~1,0,0,0,0 09-02~1,0,0,0,0 08-20~1,0,0,0,0 08-15~1,1,1,0,0 08-05~1,1,1,1,0 07-08~1,0,0,0,0 06-10~1,0,0,0,0 09-01~2,0,0,0,0 08-19~2,1,0,0,0 07-29~1,1,0,0,0 05-28~1,0,0,0,0 06-02~1,1,1,1,0 06-23~3,0,0,0,0 2026-06M~1,1,1,1,0 08-22~1,0,0,0,0 07-02~3,1,0,0,0 08-12~1,0,0,0,0 06-30~2,1,1,0,0 07-28~3,1,0,0,0 08-16~1,0,0,0,0 06-07~1,0,0,0,0 07-25~1,0,0,0,0 07-12~1,0,0,0,0 2026-07~20,17,2,0,0 08-26~1,0,0,0,0
105932402_497515|06-06~1,1,1,1,1 all~19,19,19,18,18 06-08~11,11,11,11,11 06-07~6,6,6,6,6 06-04~1,1,1,0,0 06-09~1,0,0,0,0 2026-06~19,19,19,18,18
105947394_497546|06-16~3,1,0,0,0 06-28~2,0,0,0,0 2026-09M~2,1,1,1,0 08-17~2,1,0,0,0 08-28~1,0,0,0,0 06-21~2,1,1,1,0 06-20~5,2,2,2,0 06-09~2,0,0,0,0 06-08~1,0,0,0,0 06-05~1,0,0,0,0 07-19~1,0,0,0,0 2026-08M~1,0,0,0,0 06-10~4,0,0,0,0 06-24~1,0,0,0,0 06-30~2,0,0,0,0 06-17~4,3,2,2,0 06-29~1,1,1,1,0 2026-07~4,0,0,0,0 07-03~1,0,0,0,0 2026-09~2,1,1,1,0 06-07~2,0,0,0,0 2026-06~46,14,11,11,0 08-14~1,0,0,0,0 09-01~1,1,1,1,0 08-18~4,1,1,1,0 06-27~1,0,0,0,0 2026-08~12,3,1,1,0 06-15~5,2,1,1,0 06-04~1,0,0,0,0 07-17~1,0,0,0,0 06-18~1,0,0,0,0 06-19~2,1,1,1,0 all~63,18,13,13,0 06-23~1,0,0,0,0 08-01~1,0,0,0,0 08-24~2,0,0,0,0 06-12~3,1,1,1,0 08-27~1,1,0,0,0 06-14~3,0,0,0,0 09-02~1,0,0,0,0 06-26~1,0,0,0,0 08-30~1,0,0,0,0 06-11~1,0,0,0,0 07-09~1,0,0,0,0 06-13~2,1,1,1,0 06-22~1,1,1,1,0
105947394_497550|06-20~2,1,1,1,0 06-15~1,0,0,0,0 06-04~1,1,1,0,0 06-12~1,1,1,1,0 08-17~1,1,0,0,0 2026-08~1,1,0,0,0 06-17~3,1,0,0,0 06-16~2,0,0,0,0 2026-06~11,4,3,2,0 all~11,5,3,2,0 06-05~1,0,0,0,0
105947394_497552|06-04~1,1,1,0,0 06-23~12,6,5,2,0 07-02~3,1,0,0,0 07-01~1,0,0,0,0 06-19~9,4,3,2,0 06-22~16,5,4,2,0 2026-06~201,76,65,30,0 06-25~11,5,4,3,0 06-09~1,0,0,0,0 07-11~1,1,1,0,0 06-20~11,5,4,3,0 07-07~1,0,0,0,0 2026-07~7,3,1,0,0 07-03~2,1,0,0,0 06-18~8,1,1,0,0 all~201,79,68,31,0 06-28~12,2,2,0,0 06-27~8,4,4,0,0 06-14~11,5,4,2,0 06-10~2,1,1,0,0 06-26~6,2,2,1,0 06-11~9,3,3,1,0 08-21~1,1,1,0,0 2026-08M~1,0,0,0,0 06-12~14,5,3,2,0 06-17~12,6,5,3,0 2026-08~3,1,1,0,0 06-21~13,5,4,1,0 07-18~1,0,0,0,0 08-01~1,0,0,0,0 06-16~9,4,3,1,0 06-15~14,5,4,1,0 08-06~1,0,0,0,0 07-05~1,0,0,0,0 06-13~19,4,4,2,0 06-24~9,2,2,1,0 07-06~1,0,0,0,0 06-29~8,2,2,1,0 2026-07M~4,1,0,0,0
105947394_499111|06-23~1,1,0,0,0 06-29~2,2,1,0,0 07-12~1,1,0,0,0 2026-08~1,0,0,0,0 07-11~2,2,1,0,0 07-19~1,0,0,0,0 2026-08M~1,0,0,0,0 07-03~1,1,1,0,0 all~13,13,5,2,0 08-02~1,0,0,0,0 2026-06~4,4,1,0,0 07-09~1,1,0,0,0 07-07~1,1,1,1,0 08-19~1,0,0,0,0 07-02~1,1,0,0,0 07-18~2,2,1,1,0 2026-07~10,9,4,2,0 06-24~1,1,0,0,0 2026-07M~1,1,0,0,0
105965840_499027|all~6,6,4,3,1 2026-06~6,6,4,3,1 05-27~1,0,0,0,0 06-23~1,1,1,1,1 06-16~4,4,3,2,0 06-17~1,1,0,0,0 2026-05~1,0,0,0,0
106038685_498220|08-03~2,0,0,0,0 07-29~1,0,0,0,0 2026-07M~1,1,0,0,0 2026-05~3,0,0,0,0 2026-08~3,2,1,0,0 08-31~1,0,0,0,0 07-02~1,1,0,0,0 07-08~1,1,1,0,0 06-10~3,2,2,0,0 05-17~1,0,0,0,0 06-22~1,0,0,0,0 05-19~1,0,0,0,0 all~23,20,17,13,5 05-12~1,0,0,0,0 06-17~2,0,0,0,0 2026-06~23,20,17,12,4 07-06~1,1,0,0,0 2026-07~6,4,2,0,0 08-06~1,1,0,0,0 05-28~1,0,0,0,0 08-08~1,1,1,0,0 07-21~1,0,0,0,0 07-10~1,1,0,0,0 06-08~1,1,1,1,0 06-26~1,0,0,0,0 06-20~2,1,1,0,0 08-07~1,0,0,0,0 05-04~1,0,0,0,0 07-09~1,0,0,0,0 06-11~13,11,9,7,1 06-13~3,2,2,0,0 06-12~9,6,4,4,1 06-19~3,0,0,0,0 07-16~1,0,0,0,0 06-09~3,0,0,0,0 06-16~1,1,1,0,0 06-23~2,0,0,0,0 06-18~3,0,0,0,0 07-13~1,1,0,0,0 05-29~1,0,0,0,0 07-17~1,0,0,0,0 07-14~3,2,1,0,0 06-14~1,0,0,0,0 07-30~1,1,0,0,0
106054549_499145|07-23~1,1,0,0,0 07-04~1,0,0,0,0 07-18~3,2,1,1,0 08-09~2,2,1,1,0 08-17~6,3,1,0,0 08-15~16,11,5,4,0 06-22~1,0,0,0,0 06-25~1,1,0,0,0 2026-08~112,102,38,17,2 07-11~3,2,2,1,0 2026-06~11,4,2,1,0 09-01~2,1,1,1,0 08-19~2,0,0,0,0 08-28~16,14,5,2,1 2026-07~27,26,12,8,0 09-02~1,0,0,0,0 06-26~1,0,0,0,0 08-27~18,17,4,2,0 08-06~3,3,1,0,0 07-17~2,2,1,0,0 2026-07M~2,1,0,0,0 2026-09~3,1,1,1,0 07-13~2,1,1,0,0 08-03~4,4,2,0,0 08-26~2,1,0,0,0 07-02~1,1,0,0,0 07-22~3,3,1,1,0 07-05~1,1,0,0,0 06-23~3,0,0,0,0 06-16~2,1,1,0,0 2026-08M~2,1,1,0,0 07-10~1,1,1,0,0 06-30~3,1,0,0,0 06-11~3,0,0,0,0 08-01~1,1,0,0,0 08-30~6,6,2,2,0 08-13~3,1,1,1,0 06-15~2,0,0,0,0 05-28~1,0,0,0,0 2026-09M~3,1,1,1,0 08-18~4,3,2,0,0 08-05~1,1,1,0,0 08-08~1,1,0,0,0 07-27~1,1,0,0,0 08-12~1,1,0,0,0 08-11~1,0,0,0,0 08-29~7,5,2,1,0 08-21~1,1,0,0,0 07-14~2,0,0,0,0 07-21~1,1,1,1,0 07-20~1,1,0,0,0 07-07~7,5,2,1,0 07-16~1,1,0,0,0 2026-05~1,0,0,0,0 08-31~2,1,0,0,0 08-02~2,1,1,0,0 08-23~3,1,0,0,0 06-29~2,1,1,1,0 07-31~2,2,1,0,0 06-01~1,0,0,0,0 07-19~1,0,0,0,0 2026-06M~1,0,0,0,0 all~134,125,53,29,2 07-25~1,1,1,1,0 08-10~4,4,1,0,0 08-14~21,18,8,2,1 08-16~7,4,0,0,0 08-24~2,1,1,0,0 06-19~1,0,0,0,0 07-01~1,0,0,0,0 07-30~1,1,0,0,0 07-29~1,0,0,0,0
106057565_498539|08-03~1,1,0,0,0 2026-08~1,1,0,0,0 06-29~1,1,0,0,0 06-20~2,2,1,1,0 06-11~7,6,4,2,0 06-15~3,2,2,1,0 06-18~1,1,0,0,0 06-17~4,3,2,1,0 2026-06~36,35,16,7,0 06-21~2,1,1,1,0 all~36,35,16,7,0 06-14~4,4,0,0,0 06-19~1,1,1,1,0 06-27~1,1,0,0,0 06-12~8,8,3,0,0 06-13~2,2,1,0,0 06-25~2,2,0,0,0 06-16~4,4,1,0,0
106057702_498454|2026-07~1,1,0,0,0 06-14~1,1,1,0,0 06-15~5,3,2,1,0 07-27~1,1,0,0,0 2026-06~9,7,4,2,0 all~10,8,4,2,0 06-10~3,3,1,0,0
106094650_498811|05-13~1,0,0,0,0 08-08~2,1,1,0,0 08-14~1,0,0,0,0 2026-05~6,2,1,1,1 07-05~1,1,1,0,0 07-19~4,0,0,0,0 07-11~2,0,0,0,0 08-12~1,0,0,0,0 07-15~2,0,0,0,0 07-16~2,0,0,0,0 06-29~4,0,0,0,0 07-31~1,0,0,0,0 05-19~1,0,0,0,0 all~105,95,83,74,52 08-17~1,0,0,0,0 06-21~19,5,2,2,2 07-13~2,0,0,0,0 08-16~1,0,0,0,0 06-12~2,1,0,0,0 08-03~2,0,0,0,0 06-14~27,11,7,6,2 08-30~1,0,0,0,0 07-23~2,0,0,0,0 06-17~28,7,3,2,0 08-09~1,0,0,0,0 08-02~1,0,0,0,0 08-21~1,0,0,0,0 05-03~1,0,0,0,0 08-22~2,0,0,0,0 05-07~1,0,0,0,0 05-14~1,1,1,1,1 08-24~1,0,0,0,0 2026-07~24,13,9,1,0 06-18~18,4,1,1,1 2026-08M~1,0,0,0,0 08-05~1,1,1,0,0 06-15~24,9,5,3,0 09-01~1,0,0,0,0 08-19~1,0,0,0,0 06-24~5,0,0,0,0 07-29~1,0,0,0,0 05-12~1,0,0,0,0 07-12~1,0,0,0,0 05-17~1,0,0,0,0 07-14~7,3,2,0,0 08-13~1,0,0,0,0 07-09~1,1,1,0,0 07-04~1,0,0,0,0 08-20~1,0,0,0,0 2026-06~105,94,80,63,46 07-25~1,0,0,0,0 07-27~4,0,0,0,0 05-11~1,0,0,0,0 07-10~2,1,0,0,0 07-26~1,0,0,0,0 08-18~1,0,0,0,0 06-22~15,3,1,1,1 06-19~17,5,1,1,1 2026-09~1,0,0,0,0 07-01~3,1,0,0,0 05-10~1,1,0,0,0 07-08~4,3,2,0,0 06-28~2,0,0,0,0 07-30~5,0,0,0,0 09-02~1,0,0,0,0 07-02~6,2,1,0,0 08-11~1,1,1,0,0 06-13~53,48,47,35,8 08-06~1,0,0,0,0 08-07~2,0,0,0,0 06-25~3,0,0,0,0 2026-08~9,3,3,1,0 06-16~21,9,7,5,3 07-07~2,0,0,0,0 08-15~1,0,0,0,0 07-22~2,0,0,0,0 2026-07M~8,3,1,0,0 07-17~2,0,0,0,0 07-21~4,1,1,0,0 07-06~2,2,1,0,0 06-27~3,1,1,0,0 08-10~1,0,0,0,0 06-23~7,0,0,0,0 05-18~1,0,0,0,0 06-20~28,8,6,4,3 08-29~1,0,0,0,0 07-20~2,0,0,0,0 07-18~2,0,0,0,0 2026-09M~1,0,0,0,0 06-30~3,0,0,0,0 08-25~1,0,0,0,0 08-23~1,0,0,0,0
106162973_499187|2026-07~4,2,0,0,0 2026-05M~1,0,0,0,0 06-20~2,2,1,1,1 06-23~2,2,1,0,0 08-13~1,0,0,0,0 06-26~4,3,1,0,0 2026-06~25,24,11,2,1 07-19~1,1,0,0,0 06-16~3,2,2,0,0 all~25,25,11,2,1 08-07~1,0,0,0,0 2026-08~1,0,0,0,0 07-11~1,1,0,0,0 06-27~2,1,1,0,0 06-21~1,0,0,0,0 07-29~1,0,0,0,0 07-08~1,0,0,0,0 05-01~1,0,0,0,0 06-25~3,3,1,1,0 08-14~1,0,0,0,0 06-18~8,8,2,0,0 2026-07M~1,0,0,0,0 05-22~1,0,0,0,0 2026-05~1,0,0,0,0 07-02~1,0,0,0,0 06-17~1,0,0,0,0 06-22~3,2,1,0,0 06-14~1,0,0,0,0 06-29~3,3,1,0,0 07-31~1,0,0,0,0 08-15~1,0,0,0,0
106163691_499430|08-18~1,1,0,0,0 07-06~1,1,0,0,0 07-12~1,0,0,0,0 08-10~2,2,1,1,0 06-21~1,1,0,0,0 08-08~1,0,0,0,0 06-22~4,3,1,1,0 06-25~1,1,1,1,0 08-02~1,1,0,0,0 07-07~1,1,0,0,0 06-18~2,2,1,0,0 06-28~3,2,1,1,0 07-10~1,0,0,0,0 06-23~1,1,0,0,0 06-30~1,1,1,0,0 2026-06~16,14,6,4,0 06-17~2,2,1,0,0 07-08~2,2,0,0,0 08-16~1,1,0,0,0 07-19~1,1,0,0,0 2026-08~6,5,1,1,0 06-19~2,2,1,1,0 all~26,22,7,5,0 2026-07~7,5,0,0,0 2026-08M~1,1,0,0,0
106163691_507573|2026-08~1,1,1,0,0 2026-09M~6,6,2,2,0 2026-09~6,6,2,2,0 all~7,7,3,2,0 09-02~5,5,1,1,0 09-01~2,2,1,1,0 08-31~1,1,1,0,0
106168459_499364|07-31~4,0,0,0,0 08-12~1,0,0,0,0 07-20~34,17,13,10,9 07-23~7,0,0,0,0 07-14~33,20,15,11,10 07-13~36,24,16,10,9 2026-08M~5,1,0,0,0 08-28~2,0,0,0,0 07-07~3,3,1,0,0 07-15~37,22,16,10,9 07-19~42,22,14,10,9 07-12~42,38,31,19,13 06-23~1,0,0,0,0 07-24~4,0,0,0,0 07-17~31,20,13,11,10 08-02~3,1,0,0,0 06-26~1,0,0,0,0 06-19~49,31,11,5,4 07-18~36,21,15,11,9 08-23~1,0,0,0,0 08-11~1,0,0,0,0 07-05~2,2,2,0,0 07-06~1,0,0,0,0 08-31~1,0,0,0,0 08-24~3,1,0,0,0 08-22~1,0,0,0,0 07-21~35,19,12,10,8 07-25~2,0,0,0,0 07-26~3,1,0,0,0 07-16~36,27,13,8,8 08-13~2,0,0,0,0 06-21~1,0,0,0,0 07-30~3,0,0,0,0 2026-06~70,67,45,24,22 07-28~1,0,0,0,0 08-29~1,0,0,0,0 07-22~14,2,0,0,0 06-20~4,1,0,0,0 07-29~5,0,0,0,0 08-25~1,0,0,0,0 08-21~1,0,0,0,0 08-15~1,0,0,0,0 08-01~3,0,0,0,0 06-17~1,1,1,0,0 08-30~3,0,0,0,0 08-20~2,0,0,0,0 2026-07~216,206,156,123,111 07-08~1,0,0,0,0 07-27~5,3,2,2,0 2026-08~15,2,0,0,0 07-03~1,0,0,0,0 06-22~2,0,0,0,0 06-18~48,45,33,17,16 08-10~1,0,0,0,0 all~268,260,198,151,137
106201041_499646|06-17~1,0,0,0,0 06-18~1,1,1,1,0 06-25~1,0,0,0,0 all~10,9,8,6,5 06-24~3,0,0,0,0 08-13~2,1,1,0,0 06-30~1,1,0,0,0 07-04~1,0,0,0,0 07-02~1,1,1,0,0 06-29~1,0,0,0,0 2026-07~2,1,1,0,0 06-28~2,0,0,0,0 06-23~5,4,2,2,2 08-11~1,1,0,0,0 2026-07M~1,1,1,0,0 06-19~1,0,0,0,0 07-01~1,1,0,0,0 06-22~7,6,4,3,3 2026-06~9,9,7,6,5 2026-08~2,1,1,0,0
106202176_499680|06-01~1,0,0,0,0 08-14~1,0,0,0,0 08-08~1,0,0,0,0 07-27~1,0,0,0,0 07-20~1,1,0,0,0 2026-09~1,0,0,0,0 07-03~1,0,0,0,0 05-06~1,1,0,0,0 05-05~1,0,0,0,0 08-04~1,0,0,0,0 05-27~1,1,0,0,0 2026-09M~1,0,0,0,0 08-07~1,0,0,0,0 05-25~1,0,0,0,0 2026-06M~1,0,0,0,0 05-15~1,0,0,0,0 07-24~1,0,0,0,0 2026-05M~1,0,0,0,0 07-23~1,0,0,0,0 07-06~1,1,0,0,0 08-28~1,0,0,0,0 07-07~1,1,1,1,0 06-12~1,1,1,1,0 2026-05~1,1,0,0,0 07-21~1,0,0,0,0 08-25~1,1,0,0,0 05-01~1,0,0,0,0 07-13~1,1,0,0,0 05-11~1,0,0,0,0 05-19~1,0,0,0,0 06-23~1,0,0,0,0 08-11~1,1,0,0,0 07-14~1,0,0,0,0 08-26~1,0,0,0,0 2026-06~4,4,4,2,0 07-08~1,0,0,0,0 08-03~1,1,0,0,0 06-08~1,0,0,0,0 07-10~1,1,0,0,0 06-17~1,0,0,0,0 08-05~1,0,0,0,0 08-15~1,0,0,0,0 07-31~1,0,0,0,0 06-29~1,1,1,0,0 08-22~1,0,0,0,0 07-22~1,0,0,0,0 07-28~1,0,0,0,0 06-30~1,1,1,0,0 06-11~1,0,0,0,0 07-09~1,0,0,0,0 2026-07M~1,1,1,1,0 08-24~1,1,1,1,0 08-10~1,0,0,0,0 2026-08~1,1,1,1,0 06-24~2,2,1,0,0 09-01~1,0,0,0,0 2026-07~1,1,1,1,0 05-29~1,1,0,0,0 06-02~1,0,0,0,0 05-14~1,0,0,0,0 08-13~1,0,0,0,0 05-13~1,0,0,0,0 06-18~2,1,0,0,0 09-02~1,0,0,0,0 07-17~1,1,1,1,0 07-16~1,1,0,0,0 08-16~1,0,0,0,0 08-12~1,0,0,0,0 05-07~1,0,0,0,0 all~4,4,4,2,0 07-15~1,1,0,0,0 08-06~1,0,0,0,0 06-05~1,0,0,0,0 08-17~1,0,0,0,0 07-01~1,1,1,1,0 06-19~3,2,2,1,0 05-04~1,0,0,0,0 05-18~1,0,0,0,0 08-29~1,0,0,0,0 06-03~1,0,0,0,0 06-20~1,0,0,0,0 08-31~1,0,0,0,0 07-29~1,0,0,0,0 08-09~1,0,0,0,0 08-27~1,1,0,0,0 05-28~1,0,0,0,0 06-06~1,0,0,0,0 06-04~1,0,0,0,0
106202321_500101|07-23~1,0,0,0,0 06-27~4,2,1,0,0 09-01~1,0,0,0,0 08-19~2,0,0,0,0 08-05~11,7,7,3,2 07-14~20,7,6,5,1 09-02~1,0,0,0,0 07-15~1,0,0,0,0 all~71,67,60,49,33 08-12~1,1,0,0,0 2026-07~45,42,32,25,11 06-25~1,1,1,1,1 08-21~2,0,0,0,0 07-28~1,1,0,0,0 07-10~10,1,0,0,0 08-27~1,0,0,0,0 08-24~1,0,0,0,0 07-25~4,0,0,0,0 07-11~20,4,2,2,1 07-05~12,11,2,0,0 07-22~3,0,0,0,0 2026-09~2,0,0,0,0 2026-07M~1,1,0,0,0 07-09~7,0,0,0,0 07-03~4,4,0,0,0 08-26~13,2,0,0,0 08-15~2,0,0,0,0 08-17~9,0,0,0,0 08-02~15,13,12,11,10 2026-05~1,0,0,0,0 08-22~1,0,0,0,0 08-18~8,0,0,0,0 07-18~5,0,0,0,0 2026-06~4,3,2,1,1 07-12~9,0,0,0,0 2026-09M~2,0,0,0,0 08-06~1,0,0,0,0 05-28~1,0,0,0,0 08-11~1,0,0,0,0 07-06~18,16,11,8,7 07-07~18,1,0,0,0 08-23~1,0,0,0,0 07-20~11,4,1,0,0 07-31~1,1,0,0,0 08-29~5,1,0,0,0 08-20~2,0,0,0,0 08-16~1,0,0,0,0 08-25~1,0,0,0,0 08-04~13,0,0,0,0 07-16~2,0,0,0,0 06-26~1,0,0,0,0 08-09~7,0,0,0,0 08-07~10,0,0,0,0 08-14~1,0,0,0,0 2026-08~33,26,25,20,18 08-10~10,1,1,1,0 2026-08M~15,13,12,11,10 08-13~1,0,0,0,0 07-21~4,0,0,0,0 07-02~1,1,0,0,0 07-13~20,2,1,1,1 08-31~14,2,0,0,0 08-03~17,8,5,5,5 07-26~2,0,0,0,0 07-17~8,0,0,0,0 07-08~9,6,6,5,0
106216576_499994|07-15~11,2,1,1,0 08-21~1,0,0,0,0 2026-07~35,25,21,20,9 05-22~1,1,0,0,0 08-08~1,0,0,0,0 07-28~1,0,0,0,0 06-30~13,9,9,9,8 07-27~3,0,0,0,0 08-14~3,0,0,0,0 07-05~4,1,0,0,0 07-04~2,0,0,0,0 07-08~10,6,3,3,0 08-03~2,0,0,0,0 08-11~1,0,0,0,0 07-21~2,0,0,0,0 07-01~3,0,0,0,0 2026-07M~5,0,0,0,0 08-19~1,0,0,0,0 07-25~3,0,0,0,0 08-10~2,0,0,0,0 2026-05~1,1,0,0,0 06-18~1,0,0,0,0 07-14~6,3,3,3,0 07-10~6,0,0,0,0 07-18~5,1,0,0,0 07-26~3,1,1,0,0 07-12~8,2,0,0,0 2026-06~80,79,75,69,62 06-27~22,16,15,14,13 07-23~2,0,0,0,0 08-04~1,0,0,0,0 08-06~1,0,0,0,0 08-13~1,0,0,0,0 all~101,101,95,89,73 07-24~2,0,0,0,0 07-29~3,0,0,0,0 08-09~1,0,0,0,0 2026-08M~2,0,0,0,0 07-11~7,3,2,2,1 07-09~14,5,5,5,1 08-27~1,0,0,0,0 2026-08~6,0,0,0,0 07-03~8,2,2,2,0 07-22~2,0,0,0,0 07-17~12,3,1,1,0 07-16~3,0,0,0,0 07-31~2,0,0,0,0 06-29~28,19,19,19,19 07-20~6,1,0,0,0 08-31~1,0,0,0,0 06-25~23,23,18,15,10 08-07~1,0,0,0,0 07-07~4,3,2,2,0 08-18~1,0,0,0,0 06-26~17,12,12,12,12 08-01~1,0,0,0,0 08-02~1,0,0,0,0 07-30~1,0,0,0,0 06-28~7,2,2,0,0 07-13~8,0,0,0,0 07-02~4,0,0,0,0 08-12~1,0,0,0,0 07-06~4,1,1,1,0 07-19~3,0,0,0,0
106218052_499980|2026-08~2,2,0,0,0 07-20~1,1,0,0,0 2026-07M~4,2,1,0,0 06-19~1,1,1,0,0 07-02~4,2,1,0,0 07-21~1,1,0,0,0 07-22~1,1,0,0,0 2026-07~4,3,1,0,0 all~4,4,3,0,0 08-23~1,1,0,0,0 06-23~2,1,1,0,0 07-23~1,0,0,0,0 08-04~1,1,0,0,0 06-26~1,0,0,0,0 2026-06~2,2,2,0,0 08-07~1,0,0,0,0
106219720_499983|09-02~1,0,0,0,0 2026-09M~1,1,0,0,0 08-31~1,1,0,0,0 2026-08~2,2,0,0,0 all~24,23,21,17,16 2026-07~1,0,0,0,0 06-25~7,3,3,1,1 2026-06~23,22,21,17,16 08-30~1,1,0,0,0 06-22~4,4,3,2,2 06-17~1,0,0,0,0 06-19~1,1,1,0,0 06-24~14,13,12,11,11 08-21~1,0,0,0,0 2026-09~1,1,0,0,0 08-18~1,0,0,0,0 07-13~1,0,0,0,0 06-26~2,2,2,2,2 09-01~1,1,0,0,0 08-20~1,0,0,0,0 06-23~1,0,0,0,0
106219968_499981|08-05~3,0,0,0,0 06-26~3,1,1,1,0 07-26~4,2,1,0,0 08-14~1,0,0,0,0 08-09~3,0,0,0,0 08-20~1,0,0,0,0 08-30~1,0,0,0,0 08-08~3,1,1,1,0 06-19~1,1,1,0,0 07-01~3,1,0,0,0 08-21~1,0,0,0,0 07-02~5,2,2,2,1 07-20~5,2,1,0,0 07-18~3,0,0,0,0 08-26~1,0,0,0,0 2026-07~25,20,12,9,4 07-22~2,0,0,0,0 07-12~3,1,1,1,1 08-10~4,1,1,1,0 08-23~2,0,0,0,0 06-23~6,5,4,2,1 2026-08M~3,1,0,0,0 07-17~5,2,1,1,1 06-28~1,0,0,0,0 07-30~2,1,0,0,0 07-06~5,1,0,0,0 08-28~1,0,0,0,0 07-25~2,0,0,0,0 08-31~1,0,0,0,0 07-05~1,0,0,0,0 07-10~3,1,1,1,0 07-16~8,4,2,0,0 08-11~3,0,0,0,0 08-12~4,0,0,0,0 06-24~5,1,0,0,0 07-19~3,1,0,0,0 08-02~3,1,0,0,0 07-09~4,2,0,0,0 07-29~2,0,0,0,0 07-27~2,0,0,0,0 07-23~2,0,0,0,0 08-04~3,1,0,0,0 08-01~2,0,0,0,0 2026-06~12,12,9,5,2 08-07~1,0,0,0,0 07-11~1,0,0,0,0 2026-08~11,6,2,2,1 07-15~2,0,0,0,0 06-27~2,1,1,0,0 07-21~4,1,1,1,1 08-06~3,1,0,0,0 2026-07M~6,3,2,2,1 06-25~3,0,0,0,0 06-30~2,0,0,0,0 07-28~3,1,1,0,0 06-29~3,0,0,0,0 07-31~2,0,0,0,0 07-04~5,1,1,1,0 07-13~3,1,0,0,0 07-14~3,0,0,0,0 08-19~2,0,0,0,0 07-08~4,0,0,0,0 06-21~1,1,0,0,0 08-13~2,0,0,0,0 07-03~3,0,0,0,0 all~39,37,23,16,8 06-22~4,3,2,1,0 07-07~5,1,1,1,0 08-03~3,1,0,0,0 07-24~4,0,0,0,0
106274090_500909|all~17,17,14,5,0 07-20~1,1,0,0,0 07-02~2,2,2,0,0 2026-07~17,17,14,5,0 07-31~1,1,0,0,0 07-12~1,0,0,0,0 07-10~6,6,5,3,0 07-09~9,9,7,1,0 2026-07M~2,2,2,0,0
106280969_501377|07-25~1,0,0,0,0 2026-08~6,4,4,0,0 08-13~1,0,0,0,0 07-17~1,0,0,0,0 08-21~3,3,3,0,0 06-11~1,0,0,0,0 07-11~38,36,19,14,3 07-31~1,0,0,0,0 2026-08M~1,0,0,0,0 07-15~3,0,0,0,0 08-05~1,0,0,0,0 all~96,92,40,29,9 07-30~4,2,1,1,0 07-24~3,1,0,0,0 07-28~1,0,0,0,0 07-16~27,20,4,3,1 07-13~15,10,4,3,2 08-15~1,1,0,0,0 07-14~4,1,0,0,0 2026-06~1,0,0,0,0 07-12~2,0,0,0,0 07-27~3,1,1,1,0 07-26~2,1,0,0,0 08-02~1,0,0,0,0 08-01~1,0,0,0,0 08-04~1,0,0,0,0 08-25~2,1,1,0,0 2026-07~96,91,39,27,8 07-23~27,25,11,5,0 07-29~3,2,0,0,0
106291122_500315|07-18~1,0,0,0,0 06-24~1,1,1,0,0 2026-07~26,26,25,25,25 07-17~1,0,0,0,0 06-25~1,1,1,0,0 07-14~1,1,1,1,1 07-11~4,4,3,3,3 07-13~5,5,4,4,4 2026-06~1,1,1,0,0 07-12~5,5,5,5,5 07-15~13,13,12,12,12 all~27,27,26,25,25 07-16~3,2,0,0,0
106323207_502223|07-26~5,0,0,0,0 07-14~4,2,2,2,1 07-20~11,5,4,3,0 2026-06~2,2,2,2,0 08-09~8,2,1,1,1 08-30~9,1,1,1,0 08-17~14,4,1,1,0 07-02~1,0,0,0,0 08-16~14,5,3,3,1 07-13~1,0,0,0,0 08-11~9,1,0,0,0 08-28~8,0,0,0,0 07-25~5,2,2,2,0 07-28~6,2,2,2,2 08-14~6,0,0,0,0 07-04~1,0,0,0,0 2026-09~12,1,1,1,0 07-18~2,0,0,0,0 08-31~6,0,0,0,0 08-06~10,1,1,1,1 08-05~9,2,1,1,0 07-22~7,4,1,1,0 07-17~3,0,0,0,0 06-25~1,1,1,1,0 2026-09M~12,1,1,1,0 08-13~7,1,0,0,0 2026-07M~1,0,0,0,0 09-02~8,0,0,0,0 08-02~13,5,2,2,0 08-08~8,1,0,0,0 08-20~11,2,1,1,0 2026-07~40,38,30,27,12 all~82,82,59,56,24 08-19~11,0,0,0,0 09-01~8,1,1,1,0 08-24~7,0,0,0,0 08-01~8,2,2,2,0 08-12~6,0,0,0,0 08-03~15,10,7,5,1 08-04~9,0,0,0,0 07-21~15,11,6,4,1 07-15~2,1,1,1,1 08-18~16,4,1,1,0 07-23~5,0,0,0,0 07-30~8,0,0,0,0 08-25~6,0,0,0,0 06-15~1,1,1,1,0 2026-08~63,47,26,24,10 08-07~12,3,1,1,0 07-16~4,2,1,1,0 08-26~8,1,0,0,0 08-23~9,1,0,0,0 08-15~10,3,2,2,0 07-27~12,3,1,1,0 08-22~10,3,1,1,1 2026-08M~18,7,4,4,0 08-21~12,2,1,0,0 08-29~7,0,0,0,0 08-27~8,0,0,0,0 07-24~8,2,1,0,0 07-19~7,3,3,3,0 08-10~8,1,0,0,0 07-29~13,7,5,5,3 07-31~11,2,1,1,0
106323583_500453|07-02~4,3,2,2,1 2026-06~2,2,0,0,0 all~8,8,5,4,3 06-27~1,0,0,0,0 06-29~2,2,0,0,0 07-04~1,0,0,0,0 08-10~1,1,1,0,0 2026-07~6,5,4,4,3 2026-07M~4,3,2,2,1 2026-08~1,1,1,0,0 07-03~2,2,2,2,2
106338910_500878|08-05~1,1,0,0,0 07-03~1,1,0,0,0 07-04~3,2,2,0,0 07-10~1,0,0,0,0 07-02~1,1,1,0,0 2026-07~77,66,42,5,0 07-05~1,0,0,0,0 2026-06~72,70,52,8,0 2026-08~1,1,0,0,0 07-11~2,2,1,1,0 07-01~63,54,34,3,0 07-21~2,1,1,0,0 2026-07M~64,55,35,3,0 all~140,134,93,13,0 06-30~72,70,52,8,0 07-09~1,1,1,0,0 07-17~1,1,1,0,0 07-20~1,1,0,0,0 07-06~2,2,1,1,0
106339238_500627|07-12~1,0,0,0,0 08-03~1,0,0,0,0 07-30~5,2,0,0,0 2026-07M~10,10,10,9,7 07-14~2,1,0,0,0 05-08~1,0,0,0,0 06-20~1,0,0,0,0 07-11~1,0,0,0,0 2026-08M~1,0,0,0,0 07-10~12,9,5,5,5 07-05~10,9,7,4,1 07-19~2,1,1,0,0 07-08~9,5,2,2,1 06-30~2,2,1,1,1 06-29~2,0,0,0,0 07-31~1,0,0,0,0 05-15~1,0,0,0,0 07-04~1,0,0,0,0 05-06~1,0,0,0,0 2026-08~3,1,1,0,0 07-21~13,6,5,4,4 07-06~6,5,4,3,0 07-24~1,0,0,0,0 07-22~2,0,0,0,0 07-03~3,3,0,0,0 07-07~5,3,1,1,1 07-15~1,0,0,0,0 07-20~12,8,6,4,3 06-27~1,1,1,1,1 05-05~1,0,0,0,0 06-15~1,0,0,0,0 2026-06~10,5,2,2,2 05-04~2,1,0,0,0 07-17~8,6,6,5,4 06-18~1,0,0,0,0 06-19~1,0,0,0,0 07-01~8,8,8,7,6 08-08~1,1,1,0,0 all~72,67,48,47,37 08-01~1,0,0,0,0 07-13~2,0,0,0,0 07-02~3,2,2,2,1 07-16~1,0,0,0,0 2026-07~69,62,45,39,32 06-14~2,0,0,0,0 06-26~1,1,0,0,0 2026-05~2,1,0,0,0 07-09~7,2,1,0,0 07-23~3,0,0,0,0
106414591_501025|08-19~1,0,0,0,0 07-03~13,13,11,4,3 2026-08~1,0,0,0,0 07-14~1,1,0,0,0 07-01~1,1,1,0,0 2026-07~14,14,12,5,3 07-18~1,0,0,0,0 all~14,14,12,5,3 2026-07M~1,1,1,0,0 07-13~1,1,1,0,0
106443772_501126|08-08~16,12,3,2,0 05-15~1,0,0,0,0 07-22~2,0,0,0,0 06-24~1,0,0,0,0 06-26~1,0,0,0,0 08-11~23,15,5,5,0 08-16~32,25,14,5,0 2026-06~3,1,0,0,0 05-25~1,0,0,0,0 07-15~8,2,1,0,0 all~344,333,166,99,30 07-09~34,26,13,6,0 06-11~2,0,0,0,0 08-18~34,28,13,5,0 07-03~3,1,0,0,0 06-29~1,1,0,0,0 07-31~2,0,0,0,0 07-16~7,1,1,1,1 09-01~4,0,0,0,0 08-19~10,5,0,0,0 05-21~1,1,0,0,0 08-12~39,29,11,10,4 08-15~23,12,7,5,1 08-30~3,1,0,0,0 08-31~5,2,0,0,0 08-24~16,8,3,0,0 2026-09~8,3,1,0,0 08-17~21,10,4,4,1 07-13~14,2,2,2,1 06-30~1,0,0,0,0 07-28~3,1,0,0,0 05-29~1,0,0,0,0 08-29~4,1,1,0,0 08-09~9,4,1,1,0 08-10~21,14,4,2,2 08-25~7,1,1,1,0 08-06~6,2,0,0,0 08-27~7,2,1,0,0 08-05~17,13,6,1,0 05-20~1,0,0,0,0 05-13~1,0,0,0,0 2026-05~1,1,0,0,0 08-03~5,0,0,0,0 07-27~5,0,0,0,0 08-22~19,10,5,4,0 07-10~30,18,6,4,1 2026-09M~8,3,1,0,0 2026-07M~5,2,2,0,0 07-19~3,1,1,1,1 06-03~1,0,0,0,0 08-26~6,3,1,1,0 07-23~4,0,0,0,0 05-27~1,0,0,0,0 08-07~13,8,1,1,0 07-14~7,3,1,0,0 08-14~21,14,6,2,2 2026-07~91,90,48,29,13 07-02~5,2,2,0,0 08-01~2,0,0,0,0 07-01~2,0,0,0,0 06-12~2,0,0,0,0 07-12~15,5,1,1,1 07-26~3,1,0,0,0 07-17~5,1,1,0,0 07-25~4,0,0,0,0 2026-08~270,253,119,70,16 08-13~22,13,5,3,3 05-28~1,1,0,0,0 08-21~15,5,2,1,0 08-20~16,12,6,4,1 06-02~1,0,0,0,0 07-29~2,0,0,0,0 07-08~26,22,14,8,2 09-02~5,3,1,0,0 07-20~4,0,0,0,0 07-24~4,0,0,0,0 07-05~1,0,0,0,0 08-23~39,32,19,9,1 07-30~3,0,0,0,0 07-06~1,0,0,0,0 07-21~4,3,1,0,0 07-18~3,0,0,0,0 2026-08M~4,1,0,0,0 05-22~1,0,0,0,0 06-04~1,0,0,0,0 05-06~1,0,0,0,0 05-08~1,0,0,0,0 05-05~1,0,0,0,0 2026-06M~1,0,0,0,0 07-07~10,8,4,2,1 07-11~15,3,1,1,1 06-09~1,0,0,0,0 05-14~1,0,0,0,0 08-28~5,1,0,0,0 08-02~3,1,0,0,0 08-04~2,0,0,0,0
106447375_501207|07-08~12,11,1,1,0 06-10~1,0,0,0,0 08-22~5,4,0,0,0 07-11~5,4,2,0,0 07-16~6,5,1,1,0 08-15~1,0,0,0,0 08-09~3,2,0,0,0 07-18~9,7,4,0,0 08-03~13,12,2,2,0 08-31~10,8,3,1,1 08-16~2,2,0,0,0 07-19~9,8,5,3,1 2026-08M~13,11,1,0,0 07-12~6,6,0,0,0 07-15~13,11,2,2,1 07-30~16,15,4,3,0 06-29~1,0,0,0,0 07-31~8,8,4,2,1 07-24~13,12,5,3,1 07-17~6,5,3,2,1 08-13~5,3,0,0,0 08-04~7,6,1,1,0 08-28~8,7,1,0,0 07-29~12,7,3,2,1 07-09~13,12,8,6,2 07-10~10,10,2,0,0 07-25~9,7,4,0,0 07-06~4,3,3,0,0 07-27~11,9,5,5,2 2026-06~2,0,0,0,0 07-03~3,3,3,3,0 08-27~5,5,3,2,1 07-22~12,12,3,3,2 08-10~6,5,3,2,0 09-01~6,5,2,1,0 08-19~2,1,0,0,0 07-26~8,5,2,2,1 all~327,319,126,73,21 08-23~2,2,2,1,1 2026-09~13,12,2,1,0 07-07~8,6,2,2,0 2026-09M~13,12,2,1,0 08-14~5,4,0,0,0 07-14~13,12,4,3,0 08-02~7,5,0,0,0 08-01~6,6,1,0,0 06-27~1,0,0,0,0 08-12~4,4,1,1,1 08-26~7,7,4,1,0 08-17~6,5,1,0,0 08-25~3,2,0,0,0 07-13~7,7,5,4,1 2026-08~129,121,36,16,5 07-21~9,6,2,1,0 07-20~11,8,3,1,0 09-02~8,7,0,0,0 08-29~7,6,3,0,0 08-08~4,2,1,0,0 08-20~3,3,0,0,0 08-24~4,3,1,1,0 08-05~6,4,0,0,0 2026-07~203,200,89,56,15 07-23~15,14,7,4,0 08-30~6,6,2,0,0 08-06~5,3,2,1,1 08-21~4,3,1,0,0 08-18~9,8,2,0,0 08-07~8,6,2,2,0 08-11~6,1,1,1,0 07-28~12,11,3,1,0
106449179_501141|07-13~2,2,2,1,1 07-04~1,0,0,0,0 07-11~2,1,0,0,0 07-02~13,12,9,8,5 2026-05~1,0,0,0,0 07-05~1,1,1,0,0 07-09~2,1,1,0,0 05-06~1,0,0,0,0 2026-07M~13,12,9,8,5 all~15,13,10,9,6 2026-07~15,13,10,9,6 07-08~2,0,0,0,0 07-03~4,1,0,0,0 07-12~1,1,1,0,0
106449861_501147|07-06~1,1,0,0,0 2026-08~1,0,0,0,0 08-09~1,0,0,0,0 07-10~1,1,1,1,0 08-28~1,0,0,0,0 07-12~1,1,1,1,1 2026-07~14,14,10,4,2 07-16~1,1,0,0,0 07-14~1,1,0,0,0 07-08~3,3,2,1,0 07-07~3,3,1,1,1 all~14,14,10,4,2 07-05~6,6,5,0,0
106449869_501149|all~45,43,34,24,18 08-26~1,0,0,0,0 08-20~1,0,0,0,0 07-28~2,0,0,0,0 07-08~12,10,9,8,8 08-07~2,1,0,0,0 08-19~1,0,0,0,0 07-09~11,6,4,1,1 07-31~1,0,0,0,0 07-19~1,0,0,0,0 07-14~3,2,1,1,1 07-11~3,2,2,2,2 07-17~1,0,0,0,0 08-04~1,0,0,0,0 08-27~1,0,0,0,0 07-20~1,0,0,0,0 07-13~3,1,1,1,1 07-18~1,0,0,0,0 2026-08~6,1,0,0,0 08-14~1,0,0,0,0 08-06~1,0,0,0,0 2026-07~45,43,34,23,17 07-07~24,23,17,8,3 07-22~1,0,0,0,0 08-12~1,0,0,0,0 08-08~1,0,0,0,0 07-16~2,1,1,1,1 07-10~2,0,0,0,0
106465095_501433|08-23~6,2,2,0,0 08-11~15,9,4,4,1 08-25~5,3,3,2,1 08-15~13,8,3,2,2 2026-09M~17,7,3,3,3 08-07~15,13,7,6,2 07-28~5,2,2,2,2 07-13~1,1,1,1,1 09-02~15,6,3,3,3 08-19~5,1,1,0,0 09-01~4,1,0,0,0 07-30~6,3,3,2,2 08-16~15,9,2,1,1 08-03~9,9,1,1,0 08-09~11,7,5,2,0 08-20~4,1,1,0,0 08-01~1,0,0,0,0 2026-07~10,10,9,7,7 07-29~2,0,0,0,0 08-31~9,5,4,3,3 08-05~15,13,5,1,1 08-27~9,6,4,4,3 08-02~10,8,1,0,0 08-12~18,12,6,2,0 07-16~1,0,0,0,0 08-29~8,3,3,3,3 2026-08~201,191,102,65,33 08-06~13,12,3,0,0 all~211,205,113,75,43 07-25~1,0,0,0,0 08-17~6,3,2,2,2 08-24~5,3,3,1,1 08-10~16,11,7,4,1 08-14~10,8,2,1,1 08-26~9,6,5,0,0 08-08~22,18,12,6,2 2026-09~17,7,3,3,3 08-13~12,7,3,3,1 07-23~1,1,1,0,0 08-22~9,4,2,0,0 07-31~3,1,0,0,0 08-28~10,5,3,3,3 07-27~2,1,1,1,1 07-08~2,2,1,0,0 08-18~9,5,2,1,1 08-04~12,12,4,4,1 2026-08M~10,8,1,0,0 08-21~7,4,4,3,2 08-30~9,2,0,0,0
106514925_501542|2026-09M~1,0,0,0,0 09-01~1,0,0,0,0 all~39,38,28,19,14 07-15~3,0,0,0,0 07-13~3,2,2,1,1 07-17~2,0,0,0,0 07-06~1,1,1,0,0 07-08~28,26,20,14,10 07-14~5,1,1,1,1 07-11~8,3,2,0,0 07-09~13,2,1,1,1 07-16~5,2,0,0,0 07-10~9,3,0,0,0 2026-07~39,38,28,19,14 2026-09~1,0,0,0,0 07-12~7,2,1,1,0 07-19~1,0,0,0,0 08-27~1,0,0,0,0 2026-08~1,0,0,0,0 07-18~1,0,0,0,0 07-07~2,1,1,0,0
106515843_501681|08-03~1,1,0,0,0 07-29~7,5,0,0,0 2026-07~34,29,12,6,2 07-08~2,2,2,0,0 2026-08~5,5,1,0,0 07-15~4,4,2,0,0 all~38,33,13,6,2 07-18~3,3,1,1,0 07-23~1,1,0,0,0 07-12~3,2,2,2,0 07-10~7,7,3,1,1 07-25~1,1,0,0,0 07-19~1,0,0,0,0 07-16~1,1,0,0,0 08-01~3,3,1,0,0 2026-08M~3,3,1,0,0 07-11~3,2,0,0,0 07-13~8,3,0,0,0 07-17~3,3,2,2,0 08-23~1,1,0,0,0
106527686_501538|07-11~3,0,0,0,0 07-15~3,1,0,0,0 08-12~2,0,0,0,0 07-07~2,1,1,0,0 08-28~1,0,0,0,0 2026-08~3,1,0,0,0 07-09~23,22,19,17,3 07-20~2,1,0,0,0 08-11~2,0,0,0,0 07-31~1,0,0,0,0 07-12~2,0,0,0,0 2026-07~35,34,26,22,6 08-05~1,1,0,0,0 07-06~1,1,1,0,0 07-17~1,1,0,0,0 07-24~1,0,0,0,0 07-10~6,3,3,2,2 07-14~8,4,2,2,0 08-20~1,0,0,0,0 07-08~1,0,0,0,0 07-13~1,1,0,0,0 08-10~1,0,0,0,0 08-31~1,0,0,0,0 07-28~2,1,0,0,0 08-27~1,0,0,0,0 07-18~1,0,0,0,0 all~35,34,26,22,6
106528924_501549|05-16~1,0,0,0,0 08-03~1,0,0,0,0 07-15~3,2,2,1,0 2026-07~33,29,26,23,16 07-19~1,0,0,0,0 05-15~1,0,0,0,0 07-12~7,2,2,1,1 2026-08~3,0,0,0,0 07-11~17,6,4,3,1 07-09~12,11,9,7,0 08-18~2,0,0,0,0 07-18~2,1,1,1,0 07-21~1,1,0,0,0 07-10~10,8,6,4,3 05-18~1,0,0,0,0 2026-05~1,0,0,0,0 all~33,29,26,24,18 07-14~8,6,5,2,0 07-13~7,1,0,0,0 07-30~1,0,0,0,0 07-23~1,0,0,0,0
106529519_501559|08-27~3,0,0,0,0 all~38,35,32,12,8 08-29~1,0,0,0,0 07-15~3,0,0,0,0 08-09~1,0,0,0,0 07-08~28,26,26,5,0 07-04~1,0,0,0,0 07-11~2,0,0,0,0 2026-07~38,33,29,9,6 06-27~1,0,0,0,0 2026-06~1,1,1,0,0 07-13~3,0,0,0,0 07-24~1,0,0,0,0 08-11~1,1,0,0,0 07-17~2,0,0,0,0 08-18~1,0,0,0,0 07-10~3,1,0,0,0 2026-08~5,4,3,2,2 07-20~1,0,0,0,0 08-17~1,0,0,0,0 08-08~1,0,0,0,0 06-23~1,0,0,0,0 08-15~1,0,0,0,0 07-14~1,0,0,0,0 08-16~1,0,0,0,0 08-13~1,1,1,1,1 07-18~1,0,0,0,0 07-05~1,0,0,0,0 07-02~1,0,0,0,0 07-06~1,0,0,0,0 07-27~3,2,0,0,0 07-21~1,0,0,0,0 08-10~2,2,1,0,0 07-01~1,0,0,0,0 07-09~13,6,3,3,3 07-30~1,1,0,0,0 06-22~1,1,1,0,0 07-16~1,0,0,0,0 06-25~1,0,0,0,0 08-07~3,2,1,1,1 2026-07M~1,0,0,0,0 06-26~1,0,0,0,0 07-22~2,0,0,0,0
106529566_501571|07-10~5,5,5,5,5 2026-07~12,12,12,11,11 07-11~5,5,5,5,5 07-07~1,1,1,0,0 all~12,12,12,11,11 07-09~1,1,1,1,1
106543882_501637|07-15~1,1,0,0,0 07-09~1,1,0,0,0 05-28~1,0,0,0,0 2026-05~1,0,0,0,0 2026-07~11,11,8,6,5 08-02~1,0,0,0,0 07-29~1,0,0,0,0 07-24~1,0,0,0,0 08-31~1,0,0,0,0 07-27~4,3,2,1,1 07-19~1,0,0,0,0 07-23~1,0,0,0,0 07-25~1,1,1,1,1 07-18~1,0,0,0,0 07-12~1,1,0,0,0 07-17~3,1,0,0,0 07-16~4,4,3,2,2 2026-08M~1,0,0,0,0 07-28~5,2,2,2,1 2026-08~2,0,0,0,0 07-30~1,0,0,0,0 07-26~1,0,0,0,0 all~11,11,8,6,5
106543882_502508|07-14~1,1,1,0,0 07-26~9,3,3,2,2 07-22~1,1,1,1,1 07-21~2,0,0,0,0 07-17~3,0,0,0,0 07-29~3,2,1,1,1 07-25~6,2,2,2,2 08-05~2,0,0,0,0 2026-07~15,15,14,12,12 07-27~7,0,0,0,0 07-23~2,0,0,0,0 07-28~7,3,3,3,3 07-24~1,0,0,0,0 07-15~3,3,3,3,3 08-06~1,1,1,1,1 all~16,16,15,13,13 2026-08~3,1,1,1,1 07-16~3,0,0,0,0
106543882_503430|all~6,5,4,0,0 07-22~3,2,1,0,0 07-27~1,0,0,0,0 07-21~3,3,3,0,0 07-25~1,0,0,0,0 2026-07~6,5,4,0,0
106544975_501688|08-26~1,0,0,0,0 06-30~1,0,0,0,0 07-10~8,8,7,7,7 08-19~1,0,0,0,0 07-08~2,1,1,0,0 2026-06~1,0,0,0,0 07-12~1,1,1,1,1 2026-07~19,19,17,16,16 2026-08~1,0,0,0,0 07-14~5,5,4,4,4 07-13~4,4,4,4,4 all~19,19,17,16,16
106545402_501939|07-14~1,0,0,0,0 07-21~1,0,0,0,0 07-12~5,3,1,1,0 07-15~3,2,2,0,0 07-08~2,1,1,0,0 07-22~3,1,0,0,0 2026-07~11,10,5,2,0 07-16~3,3,1,0,0 all~11,10,5,2,0 07-25~1,0,0,0,0 07-26~1,0,0,0,0
106545741_501695|08-08~2,0,0,0,0 08-29~1,0,0,0,0 08-04~1,0,0,0,0 07-11~1,1,0,0,0 07-15~1,1,0,0,0 08-02~2,1,0,0,0 07-20~4,4,2,2,1 08-25~2,1,0,0,0 07-28~3,3,0,0,0 07-27~3,3,1,1,0 2026-07~28,28,8,6,3 07-16~1,1,0,0,0 07-13~3,1,0,0,0 07-31~1,0,0,0,0 07-14~2,1,0,0,0 08-09~1,0,0,0,0 07-10~14,14,4,2,1 08-24~1,1,0,0,0 08-01~2,2,0,0,0 08-10~1,0,0,0,0 08-17~1,1,0,0,0 07-30~4,3,0,0,0 2026-08M~4,3,0,0,0 07-21~1,1,0,0,0 07-09~1,1,0,0,0 2026-08~6,5,0,0,0 08-06~2,2,0,0,0 07-12~3,3,1,1,1 08-03~2,1,0,0,0 all~29,29,8,7,3 07-22~2,2,0,0,0
106545748_501694|08-17~1,0,0,0,0 all~20,19,10,7,4 07-18~1,0,0,0,0 07-12~2,1,1,0,0 2026-08M~1,0,0,0,0 07-31~1,0,0,0,0 08-11~1,0,0,0,0 07-16~3,1,0,0,0 07-27~1,0,0,0,0 07-15~1,0,0,0,0 2026-08~6,1,0,0,0 07-28~1,0,0,0,0 08-18~1,0,0,0,0 07-20~3,1,0,0,0 07-29~3,0,0,0,0 08-03~1,0,0,0,0 08-21~1,1,0,0,0 08-06~1,0,0,0,0 07-11~1,1,1,1,1 08-02~1,0,0,0,0 2026-07~19,18,10,7,4 07-17~1,0,0,0,0 08-10~1,0,0,0,0 07-30~5,2,0,0,0 07-26~3,1,1,0,0 07-24~2,0,0,0,0 07-13~5,4,3,0,0 07-25~1,0,0,0,0 08-05~1,0,0,0,0 08-04~1,0,0,0,0 07-21~4,2,0,0,0 08-07~1,0,0,0,0 07-14~4,2,0,0,0 07-22~2,1,1,1,1 08-09~1,0,0,0,0 07-23~3,1,1,1,0 07-19~5,3,2,0,0 08-26~1,0,0,0,0
106545753_501693|07-23~3,0,0,0,0 08-30~1,0,0,0,0 08-05~2,0,0,0,0 07-14~7,3,2,1,1 09-02~2,0,0,0,0 07-15~2,0,0,0,0 all~39,37,31,18,10 07-19~2,0,0,0,0 08-12~1,0,0,0,0 08-21~1,0,0,0,0 07-28~8,3,2,0,0 07-30~10,3,3,2,1 07-10~7,6,3,1,0 08-27~1,0,0,0,0 08-08~2,0,0,0,0 08-24~1,0,0,0,0 08-01~7,0,0,0,0 07-25~5,1,1,1,0 07-11~11,9,6,4,2 07-22~5,2,1,1,0 07-29~6,0,0,0,0 07-09~2,1,1,0,0 2026-08~10,1,0,0,0 08-02~2,0,0,0,0 08-18~1,0,0,0,0 2026-09~2,0,0,0,0 07-18~3,1,1,0,0 07-12~5,4,3,1,0 2026-09M~2,0,0,0,0 08-06~2,1,0,0,0 07-20~10,5,3,0,0 07-31~5,0,0,0,0 08-16~1,0,0,0,0 2026-07~38,37,31,17,10 08-04~1,0,0,0,0 07-16~6,1,1,1,1 08-28~1,0,0,0,0 08-09~3,0,0,0,0 08-07~2,0,0,0,0 07-27~6,0,0,0,0 08-10~2,0,0,0,0 08-13~1,0,0,0,0 07-21~2,0,0,0,0 2026-08M~7,0,0,0,0 07-13~6,2,2,1,0 08-03~2,0,0,0,0 07-26~5,0,0,0,0 07-17~10,2,2,0,0
106545778_501692|09-01~5,0,0,0,0 08-19~5,0,0,0,0 08-22~6,1,1,0,0 08-07~6,0,0,0,0 07-27~6,1,0,0,0 07-04~1,0,0,0,0 08-24~4,1,0,0,0 05-20~1,0,0,0,0 2026-08M~7,1,0,0,0 07-23~8,5,1,1,0 07-18~5,0,0,0,0 08-09~6,2,0,0,0 07-12~29,21,12,3,0 all~147,144,96,49,23 07-20~6,1,1,1,1 07-07~1,0,0,0,0 08-08~4,1,1,0,0 08-03~4,1,1,0,0 08-04~4,1,0,0,0 08-21~10,3,0,0,0 07-25~2,0,0,0,0 08-20~6,1,0,0,0 06-24~2,1,1,1,1 06-22~2,0,0,0,0 08-06~7,2,1,0,0 07-02~2,0,0,0,0 07-15~9,4,2,1,1 08-29~4,0,0,0,0 06-21~1,0,0,0,0 08-18~4,0,0,0,0 08-01~5,1,0,0,0 08-17~3,0,0,0,0 08-11~2,1,1,1,0 2026-08~37,22,9,4,0 08-14~7,1,0,0,0 2026-05~1,0,0,0,0 2026-09~5,0,0,0,0 08-12~4,0,0,0,0 2026-07~134,131,89,41,21 06-23~1,0,0,0,0 06-19~2,0,0,0,0 07-01~1,1,1,1,0 07-08~7,6,5,4,2 06-10~1,0,0,0,0 2026-09M~5,0,0,0,0 07-24~4,0,0,0,0 07-29~6,0,0,0,0 08-28~5,0,0,0,0 07-22~5,2,1,1,0 08-25~7,0,0,0,0 06-27~1,0,0,0,0 08-16~4,1,0,0,0 08-05~5,2,1,1,0 07-28~5,0,0,0,0 07-13~14,3,1,1,1 07-11~18,11,6,2,0 07-26~4,0,0,0,0 08-10~5,0,0,0,0 07-10~31,17,10,5,0 2026-07M~3,1,1,1,0 07-03~1,0,0,0,0 06-14~2,0,0,0,0 09-02~3,0,0,0,0 06-26~2,1,1,0,0 07-06~1,0,0,0,0 2026-06~7,2,2,1,1 08-02~4,0,0,0,0 08-27~4,1,1,0,0 06-25~1,0,0,0,0 08-30~6,0,0,0,0 08-31~6,2,1,1,0 06-20~1,0,0,0,0 07-19~4,0,0,0,0 06-29~1,0,0,0,0 07-31~2,0,0,0,0 08-23~7,2,1,1,0 07-14~8,0,0,0,0 07-21~3,1,0,0,0 07-17~8,1,0,0,0 07-30~2,0,0,0,0 07-09~64,60,45,13,8 06-11~1,0,0,0,0 08-26~8,0,0,0,0 05-14~1,0,0,0,0 07-16~13,5,5,5,4 08-13~5,0,0,0,0 08-15~3,0,0,0,0
106545782_501691|07-30~8,3,2,1,0 2026-08~13,10,6,4,0 07-27~2,1,1,1,1 08-10~1,1,1,1,0 08-07~3,3,1,0,0 07-26~7,6,4,3,0 07-24~6,5,4,3,1 07-25~12,11,10,6,0 all~51,50,36,23,3 2026-07~41,40,30,19,3 07-22~7,6,2,2,1 07-23~5,5,2,1,0 07-31~2,2,1,1,0 08-06~3,1,1,0,0 08-08~2,2,1,1,0 07-28~5,5,5,1,0 08-05~3,2,1,0,0 08-04~3,1,1,1,0 08-12~1,0,0,0,0
106547886_501932|07-11~7,7,2,0,0 07-13~1,0,0,0,0 07-15~1,1,0,0,0 2026-07~11,10,4,2,0 07-12~2,2,2,2,0 all~11,10,4,2,0
106549394_501765|08-15~4,0,0,0,0 08-04~2,1,0,0,0 08-07~14,9,7,5,5 2026-08M~1,1,1,0,0 08-10~1,1,1,0,0 08-20~3,0,0,0,0 08-23~1,0,0,0,0 07-11~7,4,3,1,0 07-12~2,1,0,0,0 07-08~1,1,1,0,0 08-25~1,0,0,0,0 2026-08~33,26,21,13,12 all~45,40,35,29,26 07-20~2,0,0,0,0 07-16~1,1,0,0,0 08-08~9,7,6,3,3 08-21~1,0,0,0,0 08-22~2,0,0,0,0 07-15~2,1,0,0,0 08-05~6,5,5,2,0 08-02~1,1,1,0,0 07-09~3,2,2,1,1 08-12~4,2,1,1,1 07-19~1,0,0,0,0 08-14~2,0,0,0,0 08-11~5,2,1,0,0 08-06~3,1,1,1,1 08-16~2,0,0,0,0 07-21~1,0,0,0,0 07-14~6,2,1,1,0 07-18~7,4,1,0,0 07-10~12,10,10,9,8 07-13~4,1,0,0,0 2026-07~21,20,19,15,13 07-17~3,1,1,1,1 08-13~3,1,0,0,0
106552167_501937|07-14~3,2,1,0,0 07-29~1,0,0,0,0 all~16,16,13,11,9 07-09~1,0,0,0,0 08-02~1,0,0,0,0 07-20~1,0,0,0,0 07-15~1,0,0,0,0 07-11~9,4,3,3,2 07-19~1,0,0,0,0 07-13~6,3,3,3,3 07-25~1,0,0,0,0 07-10~7,6,6,3,1 07-08~1,1,1,0,0 07-23~1,0,0,0,0 07-16~1,0,0,0,0 07-17~1,0,0,0,0 07-21~2,1,0,0,0 2026-08M~1,0,0,0,0 08-03~1,1,0,0,0 2026-07~15,15,13,11,9 07-12~2,0,0,0,0 2026-08~2,1,0,0,0 07-18~1,0,0,0,0
106553886_502210|2026-08~3,2,1,0,0 08-11~1,0,0,0,0 08-13~1,0,0,0,0 2026-07~35,32,23,16,7 07-18~14,12,9,4,0 07-17~5,3,2,1,1 2026-06~1,0,0,0,0 08-24~1,0,0,0,0 08-21~1,0,0,0,0 2026-08M~1,1,0,0,0 08-06~1,1,1,0,0 07-15~2,1,0,0,0 all~35,32,23,16,7 07-20~1,0,0,0,0 07-28~1,0,0,0,0 07-16~3,1,0,0,0 07-13~15,13,8,6,0 08-23~1,0,0,0,0 07-14~14,9,7,4,4 07-19~1,0,0,0,0 07-21~1,0,0,0,0 06-21~1,0,0,0,0 08-14~1,0,0,0,0 08-02~1,1,0,0,0 2026-07M~1,1,0,0,0 07-01~1,1,0,0,0 08-16~1,0,0,0,0
106561307_501794|2026-07M~2,0,0,0,0 08-08~4,1,0,0,0 08-16~1,0,0,0,0 07-24~4,2,1,0,0 07-27~2,0,0,0,0 07-17~10,9,5,1,0 07-30~2,1,1,0,0 06-28~1,0,0,0,0 06-20~1,0,0,0,0 08-31~2,2,1,1,0 06-09~1,0,0,0,0 08-10~2,2,1,1,0 07-16~5,5,4,1,0 08-12~1,0,0,0,0 08-22~1,0,0,0,0 06-27~1,1,0,0,0 07-20~7,6,5,1,0 2026-09M~4,1,0,0,0 08-06~2,1,0,0,0 07-05~1,0,0,0,0 07-18~14,14,7,3,0 06-07~1,0,0,0,0 08-15~1,0,0,0,0 2026-08M~7,5,4,1,0 07-28~4,3,1,0,0 06-30~1,0,0,0,0 07-01~1,0,0,0,0 07-02~1,0,0,0,0 09-02~2,1,0,0,0 08-20~1,0,0,0,0 08-26~4,2,2,0,0 07-25~4,1,1,1,0 2026-06~6,2,0,0,0 07-21~3,1,0,0,0 07-22~1,1,0,0,0 2026-07~57,55,37,14,0 08-19~1,0,0,0,0 09-01~2,0,0,0,0 2026-09~4,1,0,0,0 08-17~1,1,1,0,0 08-13~3,2,1,0,0 07-31~2,0,0,0,0 08-02~2,1,0,0,0 07-26~6,3,2,0,0 07-19~7,4,2,0,0 06-12~1,0,0,0,0 08-21~2,1,0,0,0 08-25~2,0,0,0,0 08-11~3,2,1,0,0 08-05~3,1,1,1,0 08-18~4,2,2,2,0 08-01~6,4,4,1,0 all~84,83,54,24,2 08-23~1,1,0,0,0 2026-08~34,28,18,8,1 08-24~1,1,1,1,1 07-29~8,6,5,0,0 05-28~1,0,0,0,0 08-30~1,0,0,0,0 08-09~3,2,1,0,0 08-03~3,2,2,1,0 06-14~1,1,0,0,0 07-23~3,1,0,0,0 06-17~1,0,0,0,0 08-04~2,0,0,0,0 2026-05~1,0,0,0,0 07-09~2,1,1,0,0 07-04~1,0,0,0,0 08-14~1,0,0,0,0 07-15~4,4,4,4,0 08-07~1,0,0,0,0
106561336_501828|08-09~3,0,0,0,0 08-30~1,0,0,0,0 08-17~3,0,0,0,0 2026-08M~2,1,1,1,1 08-16~1,0,0,0,0 2026-09M~1,0,0,0,0 08-11~2,0,0,0,0 08-28~1,0,0,0,0 08-14~1,0,0,0,0 2026-09~1,0,0,0,0 07-18~1,1,1,1,0 08-31~1,0,0,0,0 08-05~2,1,1,1,1 09-02~1,0,0,0,0 08-02~1,0,0,0,0 08-20~1,0,0,0,0 all~11,11,10,10,8 09-01~1,0,0,0,0 08-19~2,0,0,0,0 08-24~1,0,0,0,0 08-01~2,1,1,0,0 08-12~1,0,0,0,0 08-03~3,2,2,2,2 08-04~2,1,1,1,1 07-15~1,1,0,0,0 08-18~3,0,0,0,0 07-30~1,1,1,1,1 2026-07~4,4,4,3,1 08-07~2,0,0,0,0 08-26~1,0,0,0,0 08-23~2,0,0,0,0 08-15~5,2,1,1,1 07-27~2,1,1,0,0 08-22~2,0,0,0,0 08-21~1,0,0,0,0 2026-08~9,7,6,6,6 08-29~1,0,0,0,0 08-27~1,0,0,0,0 08-10~1,0,0,0,0 07-29~1,0,0,0,0 07-31~2,1,1,1,0
106561338_501832|08-21~1,0,0,0,0 08-13~2,0,0,0,0 08-27~1,0,0,0,0 08-17~3,1,1,1,1 07-29~2,1,1,1,0 08-18~3,1,0,0,0 2026-07~16,14,6,6,4 08-14~2,0,0,0,0 08-01~1,0,0,0,0 2026-08M~1,0,0,0,0 08-22~1,0,0,0,0 08-03~1,0,0,0,0 08-29~1,0,0,0,0 07-31~2,1,0,0,0 07-28~1,1,0,0,0 08-09~1,0,0,0,0 08-07~1,0,0,0,0 all~23,22,11,11,9 07-08~1,0,0,0,0 08-10~1,1,1,0,0 07-18~3,2,2,1,1 08-04~1,0,0,0,0 07-27~3,2,1,1,0 07-30~1,0,0,0,0 07-23~1,0,0,0,0 07-15~1,0,0,0,0 08-08~2,1,1,1,1 08-15~1,0,0,0,0 08-26~1,0,0,0,0 08-12~4,1,0,0,0 08-16~3,2,1,1,1 08-24~1,0,0,0,0 08-31~1,0,0,0,0 08-28~1,0,0,0,0 07-22~6,4,0,0,0 08-11~6,4,2,2,2 07-24~2,1,1,1,1 08-19~2,1,0,0,0 08-20~2,0,0,0,0 2026-08~11,10,6,5,5 07-25~1,0,0,0,0 07-20~3,2,0,0,0 08-23~1,0,0,0,0 07-17~1,1,1,0,0
106562375_502013|2026-08~3,2,0,0,0 07-13~1,0,0,0,0 08-06~3,1,0,0,0 07-08~1,1,1,1,0 2026-08M~1,0,0,0,0 07-15~6,4,4,3,2 07-25~1,0,0,0,0 08-26~1,0,0,0,0 08-20~1,1,0,0,0 07-14~1,1,1,0,0 07-22~3,1,0,0,0 08-02~1,0,0,0,0 2026-07~9,8,7,6,4 08-11~1,0,0,0,0 all~9,8,7,6,4 07-17~2,0,0,0,0 08-07~1,0,0,0,0 07-09~1,1,1,1,0 07-18~4,2,1,0,0 08-12~1,0,0,0,0
106562686_501833|08-07~1,1,0,0,0 07-11~4,4,3,0,0 2026-07~8,8,6,0,0 07-12~3,3,1,0,0 07-14~1,0,0,0,0 2026-08~1,1,0,0,0 07-13~2,2,1,0,0 all~8,8,6,0,0 07-10~1,1,1,0,0
106631458_502249|08-30~2,0,0,0,0 08-17~2,0,0,0,0 07-04~1,0,0,0,0 07-06~1,0,0,0,0 08-29~2,0,0,0,0 08-02~4,0,0,0,0 2026-08M~6,0,0,0,0 07-31~2,0,0,0,0 08-20~3,0,0,0,0 08-21~1,0,0,0,0 08-08~2,0,0,0,0 07-26~3,0,0,0,0 08-09~2,1,0,0,0 07-15~12,6,1,1,0 08-04~6,0,0,0,0 08-24~2,0,0,0,0 07-13~2,2,1,0,0 07-10~2,1,0,0,0 2026-07~97,95,66,44,23 08-11~3,0,0,0,0 08-25~4,1,0,0,0 08-31~1,0,0,0,0 08-28~3,0,0,0,0 08-03~3,0,0,0,0 09-02~3,0,0,0,0 07-28~26,14,10,9,4 08-06~2,1,1,0,0 05-04~1,0,0,0,0 07-21~1,0,0,0,0 07-23~8,0,0,0,0 05-08~1,0,0,0,0 2026-08~17,5,2,1,1 08-01~2,0,0,0,0 07-16~18,12,12,5,2 2026-05~1,0,0,0,0 07-02~1,0,0,0,0 08-26~2,0,0,0,0 08-07~5,0,0,0,0 07-25~11,2,1,0,0 2026-09~5,1,0,0,0 07-17~10,4,3,2,1 08-14~1,0,0,0,0 08-05~4,1,0,0,0 05-10~1,0,0,0,0 07-14~39,38,25,15,7 2026-09M~5,1,0,0,0 09-01~2,1,0,0,0 08-19~2,0,0,0,0 08-18~4,0,0,0,0 07-22~23,16,9,5,3 2026-07M~1,0,0,0,0 07-30~3,0,0,0,0 08-22~1,0,0,0,0 07-18~4,0,0,0,0 08-13~5,1,1,1,1 07-19~3,0,0,0,0 07-20~3,0,0,0,0 07-24~4,0,0,0,0 07-27~31,22,8,1,0 08-15~2,0,0,0,0 07-03~1,0,0,0,0 07-07~1,0,0,0,0 all~99,97,67,46,24 07-29~4,2,1,1,1 08-10~2,0,0,0,0 08-12~1,0,0,0,0 08-23~1,0,0,0,0
106650788_502556|08-29~3,0,0,0,0 2026-08~7,5,3,2,2 07-18~1,0,0,0,0 07-31~1,0,0,0,0 07-21~1,0,0,0,0 07-22~1,0,0,0,0 07-19~1,0,0,0,0 08-10~1,0,0,0,0 07-30~1,0,0,0,0 08-13~2,0,0,0,0 08-31~5,2,2,1,1 08-09~2,0,0,0,0 07-27~1,0,0,0,0 08-27~3,0,0,0,0 07-24~1,0,0,0,0 08-06~2,0,0,0,0 08-21~2,0,0,0,0 08-17~1,0,0,0,0 07-20~1,0,0,0,0 07-23~1,0,0,0,0 08-14~1,0,0,0,0 08-01~1,0,0,0,0 08-07~2,0,0,0,0 all~15,15,12,5,5 08-08~2,0,0,0,0 08-18~2,0,0,0,0 2026-09~5,0,0,0,0 07-15~7,7,6,3,2 2026-09M~5,0,0,0,0 08-23~2,0,0,0,0 07-16~4,3,3,0,0 2026-07~10,10,9,3,3 08-04~2,0,0,0,0 08-30~4,1,0,0,0 08-24~4,2,1,1,1 09-02~4,0,0,0,0 2026-08M~1,0,0,0,0 07-17~1,0,0,0,0 08-20~2,0,0,0,0 08-15~1,0,0,0,0 08-02~1,0,0,0,0 08-05~2,0,0,0,0 08-19~2,0,0,0,0 09-01~5,0,0,0,0 07-29~1,0,0,0,0 08-11~2,0,0,0,0 08-28~3,0,0,0,0 08-22~2,0,0,0,0 08-12~2,0,0,0,0 08-25~3,0,0,0,0 07-26~1,0,0,0,0 07-28~1,0,0,0,0 08-16~1,0,0,0,0 07-25~1,0,0,0,0 08-26~3,0,0,0,0
106650916_502564|07-09~1,0,0,0,0 08-15~8,2,0,0,0 07-17~7,7,6,1,0 08-25~14,11,7,5,2 08-26~7,2,0,0,0 2026-09~10,5,2,1,1 08-11~11,5,2,0,0 08-16~8,3,1,1,1 08-31~5,2,0,0,0 08-01~8,1,1,1,1 08-02~9,3,2,2,1 07-30~4,0,0,0,0 2026-08~50,40,25,17,8 08-10~5,1,0,0,0 2026-07~27,25,23,12,11 09-02~7,3,2,1,1 07-29~5,1,1,1,1 08-17~6,1,1,1,0 07-23~2,1,0,0,0 08-21~5,1,0,0,0 08-07~8,1,0,0,0 08-12~3,0,0,0,0 08-04~11,1,0,0,0 all~63,62,48,34,23 07-26~3,0,0,0,0 08-19~5,1,1,1,0 09-01~4,2,0,0,0 07-14~1,0,0,0,0 08-29~3,0,0,0,0 08-03~11,4,3,2,0 07-21~5,2,2,0,0 07-27~9,7,5,2,2 08-24~4,1,0,0,0 08-20~10,4,1,1,0 08-23~3,0,0,0,0 08-13~11,4,2,2,0 07-28~3,1,0,0,0 07-18~3,3,3,2,2 07-16~1,1,1,0,0 08-30~3,1,0,0,0 08-27~10,5,3,0,0 08-18~4,0,0,0,0 2026-08M~12,4,3,3,2 07-20~2,0,0,0,0 07-24~2,0,0,0,0 07-19~3,0,0,0,0 07-22~2,1,1,1,1 07-25~4,3,2,1,0 08-28~7,0,0,0,0 08-09~5,1,0,0,0 07-31~8,4,2,0,0 08-22~2,1,1,0,0 08-06~5,0,0,0,0 08-08~3,0,0,0,0 2026-09M~10,5,2,1,1 08-05~3,0,0,0,0 08-14~8,2,0,0,0
106651867_502562|07-19~1,1,0,0,0 08-27~1,0,0,0,0 08-20~1,0,0,0,0 08-07~2,2,0,0,0 2026-08~4,2,0,0,0 07-21~2,0,0,0,0 2026-09~1,0,0,0,0 07-20~1,1,0,0,0 07-18~30,22,16,16,15 07-17~11,10,7,6,2 07-14~2,0,0,0,0 2026-07~37,31,24,24,21 all~38,32,24,24,22 08-24~1,0,0,0,0 08-29~1,0,0,0,0 07-16~2,1,1,0,0 2026-09M~1,0,0,0,0 07-31~1,1,0,0,0 09-01~1,0,0,0,0 08-31~1,0,0,0,0 08-30~1,0,0,0,0 07-13~2,0,0,0,0 07-15~1,0,0,0,0
106665501_507015|08-27~3,2,2,1,0 08-24~4,4,1,1,0 08-29~8,8,4,3,1 09-01~8,5,5,3,0 2026-09M~19,16,12,8,0 2026-09~19,16,12,8,0 09-02~11,11,7,5,0 2026-08~45,41,30,19,2 all~64,57,42,27,2 08-31~5,5,4,3,0 08-26~10,8,8,5,1 08-25~4,4,4,3,0 08-28~4,4,2,1,0 08-30~7,6,5,2,0
106672995_502892|2026-08~1,0,0,0,0 07-28~1,0,0,0,0 07-16~1,0,0,0,0 07-19~2,0,0,0,0 all~5,5,4,1,0 08-05~1,0,0,0,0 07-31~1,0,0,0,0 07-24~1,0,0,0,0 07-17~3,2,2,0,0 07-25~1,0,0,0,0 07-21~1,0,0,0,0 07-15~1,1,1,0,0 07-18~2,1,1,1,0 07-30~1,1,1,0,0 07-20~3,1,0,0,0 2026-07~5,5,4,1,0
106685348_502890|07-17~9,9,9,7,7 07-20~18,7,7,4,3 07-23~27,1,0,0,0 07-29~12,1,0,0,0 07-25~3,0,0,0,0 07-18~22,18,17,9,9 07-21~31,20,18,14,14 all~56,55,51,46,46 07-27~6,0,0,0,0 07-19~2,0,0,0,0 2026-07~56,55,51,46,46 07-24~5,0,0,0,0 07-22~10,0,0,0,0
106686283_502847|08-18~1,0,0,0,0 08-26~1,0,0,0,0 07-22~2,0,0,0,0 08-02~1,0,0,0,0 07-21~4,3,1,0,0 2026-08~1,0,0,0,0 08-22~1,0,0,0,0 07-24~1,0,0,0,0 08-19~1,0,0,0,0 2026-08M~1,0,0,0,0 07-27~1,0,0,0,0 08-11~1,0,0,0,0 08-03~1,0,0,0,0 07-19~6,5,5,0,0 07-23~1,0,0,0,0 08-23~1,0,0,0,0 07-25~1,0,0,0,0 07-18~47,42,28,10,9 07-20~2,2,1,1,0 08-16~1,0,0,0,0 08-17~1,0,0,0,0 07-17~1,1,1,0,0 07-28~2,1,0,0,0 07-30~1,0,0,0,0 2026-07~57,52,36,12,9 07-26~1,0,0,0,0 all~57,52,36,12,9
106752094_503292|07-22~3,3,2,1,1 08-29~1,0,0,0,0 08-30~1,0,0,0,0 all~9,9,9,6,6 08-26~1,0,0,0,0 2026-08~2,2,2,2,2 07-21~4,4,4,2,2 08-27~1,0,0,0,0 08-24~1,0,0,0,0 08-21~1,0,0,0,0 07-25~1,1,1,1,1 08-20~2,2,2,2,2 08-23~2,0,0,0,0 2026-07~7,7,7,4,4 08-25~1,0,0,0,0 08-28~1,0,0,0,0
106765045_504269|2026-08~94,78,63,30,4 07-31~3,3,2,2,1 08-09~6,1,1,0,0 2026-08M~22,15,13,7,2 08-17~2,0,0,0,0 08-18~3,0,0,0,0 2026-09M~1,1,0,0,0 2026-06~1,0,0,0,0 08-07~31,26,21,8,1 2026-09~1,1,0,0,0 08-02~10,7,6,3,1 08-25~2,0,0,0,0 08-13~1,0,0,0,0 08-30~1,0,0,0,0 all~95,80,65,32,5 08-10~4,0,0,0,0 08-05~7,4,4,2,0 08-03~11,7,5,3,0 2026-07~4,3,2,2,1 08-08~24,14,10,4,0 08-04~6,5,3,0,0 08-19~1,0,0,0,0 09-02~1,1,0,0,0 08-11~5,0,0,0,0 08-06~11,7,6,4,0 08-01~14,8,7,4,1 06-30~1,0,0,0,0 08-15~1,0,0,0,0 08-26~1,0,0,0,0 07-06~1,0,0,0,0 08-16~1,0,0,0,0 08-12~1,0,0,0,0 07-30~1,1,0,0,0
106765045_504271|08-06~1,0,0,0,0 08-11~4,0,0,0,0 08-03~5,1,0,0,0 2026-08M~14,4,2,2,0 08-02~5,0,0,0,0 07-31~23,9,2,2,0 08-14~1,0,0,0,0 08-01~11,4,2,2,0 07-29~1,1,0,0,0 08-05~3,0,0,0,0 07-30~55,25,13,8,0 08-12~2,1,0,0,0 08-15~2,0,0,0,0 08-07~1,0,0,0,0 2026-07~69,35,15,10,0 2026-08~21,7,2,2,0 08-04~5,1,0,0,0 08-09~3,0,0,0,0 all~77,41,17,12,0 08-13~2,0,0,0,0 08-10~5,0,0,0,0 08-08~2,0,0,0,0
106765045_504296|08-11~3,2,0,0,0 08-23~2,1,0,0,0 08-17~1,0,0,0,0 08-27~2,1,0,0,0 2026-09M~2,1,0,0,0 all~118,114,55,39,3 2026-07~11,11,4,4,0 08-28~4,3,0,0,0 08-09~10,7,0,0,0 08-24~2,1,0,0,0 08-31~1,0,0,0,0 08-12~2,1,0,0,0 09-01~2,1,0,0,0 08-19~2,1,0,0,0 08-04~4,2,0,0,0 07-31~11,11,4,4,0 08-03~5,3,3,1,0 2026-08M~71,69,37,25,1 08-15~4,1,0,0,0 08-30~2,1,0,0,0 08-20~3,1,0,0,0 2026-08~108,104,51,35,3 08-25~2,1,0,0,0 08-16~4,1,0,0,0 08-08~5,1,0,0,0 08-22~2,1,0,0,0 08-26~2,1,0,0,0 08-14~1,0,0,0,0 08-05~4,1,0,0,0 08-07~19,18,9,6,0 08-01~65,63,34,23,1 08-18~2,1,0,0,0 08-21~1,0,0,0,0 08-29~2,1,0,0,0 08-10~6,4,1,0,0 09-02~2,1,0,0,0 08-13~2,0,0,0,0 2026-09~2,1,0,0,0 08-06~6,4,1,1,0 08-02~16,10,3,2,0
106766412_503427|08-31~7,2,1,1,0 09-02~6,5,2,2,1 08-06~13,6,3,2,1 09-01~4,2,1,1,0 08-11~1,0,0,0,0 05-24~1,1,0,0,0 08-03~7,7,6,5,1 08-24~1,0,0,0,0 08-27~1,1,0,0,0 07-21~2,2,2,1,0 2026-09~9,7,3,3,1 07-28~1,1,0,0,0 08-28~2,2,1,0,0 08-25~1,0,0,0,0 07-31~1,1,0,0,0 08-16~1,0,0,0,0 08-14~2,1,0,0,0 2026-07~13,12,7,2,0 2026-09M~9,7,3,3,1 08-21~1,0,0,0,0 08-05~4,1,0,0,0 07-30~1,1,0,0,0 08-12~1,0,0,0,0 08-29~1,0,0,0,0 08-20~1,0,0,0,0 07-23~3,3,1,0,0 08-23~1,0,0,0,0 08-15~1,0,0,0,0 08-26~1,0,0,0,0 08-07~5,3,2,1,0 07-15~1,0,0,0,0 08-04~10,9,4,4,2 07-24~2,1,1,0,0 08-09~1,0,0,0,0 08-17~1,0,0,0,0 all~54,49,30,21,5 2026-05~1,1,0,0,0 08-10~1,0,0,0,0 07-22~8,7,3,1,0 08-08~3,2,1,1,0 2026-08~36,32,20,15,4 08-30~5,4,1,1,0
106798136_503814|2026-07~15,15,14,13,10 all~15,15,14,13,10 07-24~2,1,1,0,0 07-26~7,5,5,5,5 07-25~9,8,7,7,5 07-23~1,1,1,1,0
106798527_505269|08-21~2,1,1,0,0 08-09~8,6,0,0,0 08-27~5,3,2,1,1 08-25~3,1,0,0,0 08-15~3,1,1,0,0 08-31~6,2,2,2,2 08-10~2,1,0,0,0 08-22~2,0,0,0,0 08-11~2,2,0,0,0 08-19~1,1,0,0,0 09-01~2,0,0,0,0 08-20~2,1,1,1,0 08-24~2,0,0,0,0 2026-09M~5,0,0,0,0 09-02~5,0,0,0,0 08-16~1,0,0,0,0 08-12~1,0,0,0,0 08-26~1,0,0,0,0 08-08~4,3,1,1,1 08-29~1,0,0,0,0 08-14~5,5,3,1,0 08-13~3,2,0,0,0 2026-09~5,0,0,0,0 08-07~3,3,1,1,1 08-18~1,1,0,0,0 2026-08~37,36,15,8,7 08-23~3,3,1,1,1 08-30~3,2,2,0,0 08-28~1,0,0,0,0 all~37,36,15,8,7
106814578_504240|08-20~1,0,0,0,0 05-01~1,0,0,0,0 08-08~3,0,0,0,0 08-07~12,10,7,2,0 08-04~3,1,1,1,1 08-26~1,0,0,0,0 07-20~1,0,0,0,0 08-24~1,0,0,0,0 08-14~4,0,0,0,0 08-11~5,0,0,0,0 07-29~4,3,3,1,0 08-23~1,0,0,0,0 2026-07~4,4,3,1,0 08-03~3,2,2,2,1 08-10~6,1,0,0,0 08-18~2,1,0,0,0 07-24~1,1,0,0,0 2026-05M~1,0,0,0,0 08-21~1,0,0,0,0 08-25~1,0,0,0,0 2026-08~20,18,13,9,7 08-17~1,0,0,0,0 08-13~4,1,0,0,0 08-27~1,0,0,0,0 08-09~2,1,1,1,1 08-15~3,0,0,0,0 08-12~4,1,1,0,0 all~23,22,16,10,7 08-06~1,0,0,0,0 08-05~7,3,2,2,1 08-19~1,1,0,0,0 08-22~1,0,0,0,0 2026-05~1,0,0,0,0
106814999_503816|2026-05~1,0,0,0,0 07-31~1,1,0,0,0 08-11~1,1,1,0,0 07-29~6,2,1,1,0 08-29~1,1,1,1,0 08-05~2,2,0,0,0 08-19~1,1,0,0,0 07-30~1,1,0,0,0 2026-08~12,9,2,1,0 08-06~1,1,0,0,0 all~20,14,4,2,0 2026-07~8,5,2,1,0 07-24~1,1,1,0,0 08-26~2,2,0,0,0 08-25~1,0,0,0,0 08-18~3,2,0,0,0 08-28~1,0,0,0,0 05-21~1,0,0,0,0
106814999_505023|08-06~18,0,0,0,0 06-02~1,0,0,0,0 08-18~26,0,0,0,0 07-29~1,1,1,1,0 08-30~1,0,0,0,0 06-06~1,0,0,0,0 08-22~1,0,0,0,0 06-16~1,0,0,0,0 06-15~1,0,0,0,0 07-13~1,0,0,0,0 08-26~1,0,0,0,0 07-18~1,0,0,0,0 2026-06M~1,0,0,0,0 06-29~1,0,0,0,0 07-08~1,0,0,0,0 06-05~1,0,0,0,0 08-05~103,0,0,0,0 08-08~30,1,1,0,0 07-12~1,0,0,0,0 08-24~1,0,0,0,0 08-13~119,12,0,0,0 07-26~1,0,0,0,0 2026-07~3,1,1,1,0 06-14~1,0,0,0,0 08-14~48,5,0,0,0 07-25~1,0,0,0,0 2026-08~948,49,8,3,0 08-25~2,0,0,0,0 08-20~3,0,0,0,0 2026-07M~1,0,0,0,0 06-04~1,0,0,0,0 08-02~1,0,0,0,0 08-27~1,0,0,0,0 08-17~82,10,1,0,0 all~948,50,9,4,0 2026-08M~2,0,0,0,0 07-22~1,0,0,0,0 08-23~2,0,0,0,0 07-28~2,0,0,0,0 2026-06~2,0,0,0,0 05-05~1,0,0,0,0 2026-05~2,0,0,0,0 07-24~1,0,0,0,0 08-01~2,0,0,0,0 08-03~1,0,0,0,0 08-12~120,5,1,0,0 08-10~32,0,0,0,0 08-16~94,14,1,1,0 07-27~1,0,0,0,0 07-06~1,0,0,0,0 07-03~1,0,0,0,0 08-07~23,0,0,0,0 07-14~1,0,0,0,0 07-02~1,0,0,0,0 05-09~1,0,0,0,0 08-21~1,0,0,0,0 07-07~1,0,0,0,0 08-04~1,0,0,0,0 06-25~1,0,0,0,0 06-03~1,0,0,0,0 08-09~26,0,0,0,0 08-11~270,8,2,1,0 08-15~125,12,2,1,0
106880023_504161|08-09~1,0,0,0,0 06-02~1,0,0,0,0 2026-06~1,0,0,0,0 08-19~1,1,1,1,1 2026-08M~1,0,0,0,0 08-08~1,0,0,0,0 2026-06M~1,0,0,0,0 08-04~2,2,2,1,1 08-27~1,1,1,0,0 08-20~1,0,0,0,0 07-31~1,1,1,1,0 all~16,15,12,8,6 2026-08~14,12,9,6,5 07-29~2,2,2,1,0 08-02~1,0,0,0,0 08-07~1,0,0,0,0 08-06~2,1,0,0,0 2026-07~3,3,3,2,0 08-05~10,8,6,4,3
106881426_504162|08-05~1,1,1,1,0 2026-05~1,0,0,0,0 08-24~3,2,1,0,0 06-12~1,0,0,0,0 06-26~1,0,0,0,0 08-14~4,0,0,0,0 08-17~4,0,0,0,0 08-09~3,1,0,0,0 05-04~1,0,0,0,0 08-20~8,4,1,1,0 08-27~11,7,6,3,0 08-30~4,1,0,0,0 08-08~8,2,2,2,2 08-21~3,0,0,0,0 07-02~1,0,0,0,0 08-26~5,3,2,0,0 07-22~1,0,0,0,0 07-12~1,0,0,0,0 08-10~11,7,6,3,1 08-23~7,2,2,2,1 06-23~1,0,0,0,0 07-17~1,0,0,0,0 07-30~2,1,1,1,0 06-28~1,0,0,0,0 08-28~3,0,0,0,0 08-18~10,7,4,4,4 08-31~4,0,0,0,0 2026-09~10,1,1,1,0 07-10~1,0,0,0,0 2026-06~2,0,0,0,0 08-15~12,7,6,4,1 08-11~16,8,8,5,0 08-12~19,9,6,5,0 08-22~3,2,1,0,0 06-24~1,0,0,0,0 07-19~1,0,0,0,0 08-02~1,0,0,0,0 06-11~1,0,0,0,0 07-29~4,3,3,3,1 07-27~1,0,0,0,0 07-23~1,0,0,0,0 2026-08M~1,0,0,0,0 08-04~2,1,1,0,0 08-01~1,0,0,0,0 08-16~7,2,1,1,0 2026-08~77,75,58,46,23 08-29~5,0,0,0,0 08-07~11,9,8,5,3 09-02~8,1,1,1,0 06-14~1,0,0,0,0 08-06~2,0,0,0,0 06-25~1,0,0,0,0 07-28~2,0,0,0,0 07-31~2,0,0,0,0 06-29~1,0,0,0,0 07-04~1,0,0,0,0 07-13~1,0,0,0,0 2026-07~7,4,4,4,1 08-19~3,1,1,1,0 09-01~7,0,0,0,0 06-10~1,0,0,0,0 2026-09M~10,1,1,1,0 08-13~19,10,5,4,3 07-03~1,0,0,0,0 all~80,79,63,51,25 2026-07M~1,0,0,0,0 06-22~1,0,0,0,0 07-07~1,0,0,0,0 08-03~1,0,0,0,0 07-24~1,0,0,0,0 08-25~4,1,0,0,0
106894663_504241|08-14~16,15,10,4,0 08-23~1,1,0,0,0 2026-08~91,89,41,18,0 2026-07~2,2,2,0,0 08-28~1,1,0,0,0 08-11~19,19,9,5,0 08-18~2,1,0,0,0 08-15~12,11,2,1,0 08-22~1,1,0,0,0 2026-09M~1,0,0,0,0 08-19~1,1,0,0,0 09-01~1,0,0,0,0 2026-09~1,0,0,0,0 08-13~12,11,5,1,0 08-16~13,12,6,2,0 08-12~21,17,7,3,0 all~93,91,43,18,0 08-30~3,2,1,0,0 08-17~7,5,2,2,0 07-29~2,2,2,0,0 08-27~1,1,0,0,0
106897956_505262|2026-08~26,26,21,20,20 all~26,26,21,20,20 08-09~5,4,0,0,0 08-10~3,3,2,2,2 08-08~21,21,18,18,18 08-13~1,0,0,0,0 08-07~1,1,1,0,0 08-18~1,0,0,0,0
106912749_504353|07-30~2,2,1,1,0 2026-07~4,4,2,2,1 08-13~1,1,1,0,0 08-14~1,0,0,0,0 2026-08~7,5,2,1,1 08-07~1,1,0,0,0 08-01~3,2,1,1,1 all~10,9,4,3,2 2026-08M~3,2,1,1,1 07-31~2,2,1,1,1 08-03~1,1,0,0,0
106916629_504413|2026-07~1,1,1,0,0 07-30~1,1,1,0,0 all~111,111,4,2,2 2026-08~110,110,3,2,2 08-05~110,110,3,2,2
107001578_504987|all~45,41,29,22,16 2026-08~45,41,29,22,16 09-02~1,0,0,0,0 08-04~3,1,1,0,0 08-06~10,5,1,1,1 05-07~1,1,0,0,0 08-31~1,0,0,0,0 08-09~1,0,0,0,0 2026-09~2,0,0,0,0 08-15~4,0,0,0,0 08-13~8,2,2,2,2 08-10~6,3,2,1,1 2026-09M~2,0,0,0,0 08-12~9,3,3,2,2 08-21~4,0,0,0,0 08-23~3,1,0,0,0 08-16~5,1,0,0,0 08-25~1,0,0,0,0 08-17~9,5,3,1,0 08-14~2,0,0,0,0 08-22~3,0,0,0,0 08-11~9,5,2,2,1 08-18~6,2,2,1,0 2026-05~1,1,0,0,0 08-08~9,5,4,3,3 08-19~5,1,1,1,0 09-01~2,0,0,0,0 08-20~3,1,0,0,0 08-24~2,0,0,0,0 08-07~7,2,2,1,1 08-05~8,7,6,6,4
107031670_505175|08-04~1,1,0,0,0 08-10~1,1,1,0,0 2026-07~1,0,0,0,0 2026-08~3,3,3,1,0 07-31~1,0,0,0,0 08-08~1,1,1,0,0 08-05~1,1,1,1,0 all~3,3,3,1,0 08-11~1,0,0,0,0 08-06~2,2,1,0,0 08-07~1,0,0,0,0
107031733_505199|08-07~1,1,1,1,0 08-16~1,1,1,1,1 08-15~22,10,2,2,1 08-22~1,0,0,0,0 08-25~1,0,0,0,0 08-31~1,0,0,0,0 08-23~1,0,0,0,0 08-24~1,0,0,0,0 08-12~12,7,4,4,0 all~29,29,24,24,18 09-02~1,0,0,0,0 09-01~1,0,0,0,0 2026-07~1,0,0,0,0 08-17~3,1,1,1,0 08-13~1,0,0,0,0 08-06~1,0,0,0,0 07-30~1,0,0,0,0 08-14~2,1,0,0,0 2026-09~1,0,0,0,0 08-05~1,0,0,0,0 2026-09M~1,0,0,0,0 08-09~1,0,0,0,0 08-11~17,16,15,13,0 2026-08~29,29,24,24,18
107032737_505202|08-09~3,0,0,0,0 08-13~2,0,0,0,0 2026-08~45,41,32,21,6 08-10~5,1,0,0,0 08-19~1,0,0,0,0 all~45,41,32,21,6 08-14~1,1,1,1,0 08-25~1,0,0,0,0 08-08~19,12,11,6,1 08-20~3,1,1,0,0 08-24~1,0,0,0,0 08-30~1,0,0,0,0 08-06~16,15,10,9,1 08-21~1,0,0,0,0 08-07~16,11,9,5,1 08-11~2,0,0,0,0
107033248_505275|all~38,37,33,33,30 08-11~29,25,22,22,20 08-12~5,0,0,0,0 08-10~13,12,11,11,9 2026-08~38,37,33,33,30 08-13~1,0,0,0,0
107046575_505277|08-27~14,5,0,0,0 08-21~2,0,0,0,0 2026-09M~3,0,0,0,0 05-02~1,1,0,0,0 2026-05M~1,1,0,0,0 05-03~1,0,0,0,0 08-24~5,1,1,0,0 08-25~3,1,0,0,0 2026-09~3,0,0,0,0 08-30~1,0,0,0,0 08-28~2,0,0,0,0 08-08~3,1,0,0,0 2026-05~1,1,0,0,0 08-09~1,0,0,0,0 08-31~4,1,1,1,0 08-12~4,1,0,0,0 09-01~2,0,0,0,0 08-19~4,1,0,0,0 08-14~7,3,1,1,0 08-11~11,5,3,2,2 08-17~19,15,11,0,0 2026-08~66,62,46,29,24 2026-06~2,1,1,1,0 08-20~5,0,0,0,0 08-13~23,18,16,15,15 08-18~3,1,0,0,0 08-15~3,0,0,0,0 08-29~3,0,0,0,0 08-07~21,18,13,6,4 08-22~6,1,0,0,0 all~66,62,46,30,25 06-25~2,1,1,1,0 08-26~3,0,0,0,0 08-23~6,0,0,0,0 09-02~3,0,0,0,0 08-16~2,0,0,0,0 08-10~9,6,3,1,1
107046658_505299|08-13~3,3,3,3,3 08-26~1,0,0,0,0 08-07~1,1,1,0,0 all~4,4,4,3,3 2026-08~4,4,4,3,3
107048985_505324|2026-08~17,12,9,8,3 08-12~2,0,0,0,0 08-07~2,1,0,0,0 all~17,12,9,9,3 08-08~10,7,6,5,2 08-13~5,2,1,0,0 08-11~5,3,2,1,1 08-10~2,0,0,0,0 08-14~1,0,0,0,0 08-09~2,0,0,0,0
107049798_505482|08-18~2,0,0,0,0 08-20~3,1,0,0,0 08-24~1,0,0,0,0 08-14~2,1,0,0,0 08-17~4,1,1,1,0 all~36,35,30,28,22 08-12~3,2,0,0,0 08-08~1,0,0,0,0 08-10~18,17,13,11,6 08-25~1,0,0,0,0 08-13~2,0,0,0,0 08-11~17,15,15,15,15 08-07~1,1,1,0,0 08-26~1,0,0,0,0 2026-08~36,35,30,28,22
107089546_505564|2026-08~11,11,3,1,0 08-24~1,1,1,0,0 2026-06~1,0,0,0,0 08-12~1,1,0,0,0 08-16~1,1,0,0,0 08-17~2,2,1,0,0 08-14~3,3,0,0,0 all~11,11,3,1,0 08-13~1,1,0,0,0 08-15~2,2,1,1,0 06-10~1,0,0,0,0
107089546_505569|08-24~1,1,1,1,1 08-13~1,1,1,1,0 08-12~1,1,0,0,0 all~10,10,6,3,1 08-17~1,1,0,0,0 08-22~1,1,1,0,0 2026-05~1,0,0,0,0 08-16~3,3,2,0,0 05-28~1,0,0,0,0 08-15~2,2,1,0,0 08-28~1,1,0,0,0 2026-08~10,10,6,3,1
107092112_505592|08-19~5,3,1,0,0 2026-08~35,34,27,25,22 08-15~6,2,2,2,2 08-14~1,0,0,0,0 08-13~13,10,9,9,7 08-16~2,0,0,0,0 08-29~1,0,0,0,0 08-11~3,3,2,2,1 08-18~2,1,1,0,0 08-22~1,1,0,0,0 all~35,34,27,25,22 08-26~5,1,0,0,0 08-27~1,0,0,0,0 08-24~4,3,2,2,2 08-17~1,0,0,0,0 08-23~3,2,2,2,1 08-25~3,0,0,0,0 08-12~12,10,8,7,7 08-28~2,0,0,0,0
107107614_505828|07-10~1,0,0,0,0 08-17~3,1,0,0,0 07-11~1,0,0,0,0 08-15~5,1,1,1,0 2026-08~39,38,26,13,0 08-01~1,0,0,0,0 2026-09M~6,1,0,0,0 08-20~2,1,1,0,0 08-31~4,0,0,0,0 09-02~2,1,0,0,0 08-12~5,4,2,1,0 08-27~3,1,0,0,0 08-21~2,1,1,1,0 08-29~6,3,1,1,0 07-22~1,0,0,0,0 07-15~1,0,0,0,0 08-14~4,3,3,1,0 07-29~1,0,0,0,0 2026-09~6,1,0,0,0 08-26~3,1,0,0,0 08-22~3,1,1,0,0 08-08~1,0,0,0,0 08-16~3,0,0,0,0 2026-08M~1,0,0,0,0 07-31~1,0,0,0,0 09-01~5,0,0,0,0 08-19~9,8,4,3,0 08-24~1,1,1,1,0 08-23~1,0,0,0,0 2026-07~1,1,1,1,1 08-04~1,0,0,0,0 all~39,39,27,14,1 08-28~3,0,0,0,0 07-08~1,1,1,1,1 08-30~3,2,1,1,0 08-13~14,12,9,0,0 07-12~1,0,0,0,0 08-18~1,1,1,0,0
1071078_492126|06-23~1,0,0,0,0 08-06~1,0,0,0,0 06-02~2,1,0,0,0 2026-07~7,5,2,2,0 05-31~2,1,1,1,0 08-18~1,0,0,0,0 07-29~1,0,0,0,0 06-08~1,0,0,0,0 07-10~2,1,0,0,0 08-30~1,0,0,0,0 06-06~1,0,0,0,0 07-19~1,0,0,0,0 06-01~2,1,0,0,0 06-26~1,0,0,0,0 06-16~1,0,0,0,0 06-15~1,0,0,0,0 06-07~2,1,0,0,0 05-06~1,0,0,0,0 07-15~2,1,1,1,0 07-13~1,0,0,0,0 08-26~1,0,0,0,0 05-19~1,0,0,0,0 07-18~1,0,0,0,0 07-31~1,0,0,0,0 06-29~1,0,0,0,0 06-10~1,0,0,0,0 07-08~1,0,0,0,0 06-05~2,1,0,0,0 08-05~1,0,0,0,0 08-08~1,0,0,0,0 05-11~1,0,0,0,0 06-13~1,0,0,0,0 07-12~1,0,0,0,0 08-24~1,1,0,0,0 05-03~1,0,0,0,0 05-22~2,1,0,0,0 2026-08~6,4,0,0,0 05-24~4,3,2,1,0 07-16~1,0,0,0,0 06-09~1,0,0,0,0 07-11~2,1,0,0,0 05-27~3,2,0,0,0 05-02~3,2,0,0,0 07-26~1,0,0,0,0 06-17~1,0,0,0,0 06-14~1,0,0,0,0 07-25~1,0,0,0,0 2026-08M~2,0,0,0,0 08-28~2,0,0,0,0 08-20~2,0,0,0,0 06-04~1,1,0,0,0 08-02~2,0,0,0,0 08-27~1,0,0,0,0 06-24~2,1,0,0,0 05-28~1,0,0,0,0 all~44,42,8,7,1 08-17~1,0,0,0,0 05-25~1,0,0,0,0 08-19~2,1,0,0,0 09-01~1,0,0,0,0 05-16~3,2,1,0,0 05-14~1,0,0,0,0 05-01~1,0,0,0,0 07-20~1,0,0,0,0 06-22~1,0,0,0,0 06-27~1,0,0,0,0 07-22~2,0,0,0,0 05-21~2,1,0,0,0 08-23~2,1,0,0,0 2026-06~9,8,1,1,0 07-28~1,0,0,0,0 06-30~1,0,0,0,0 06-18~1,0,0,0,0 07-17~2,0,0,0,0 07-04~2,0,0,0,0 07-21~2,1,0,0,0 07-23~2,1,1,1,0 05-05~2,1,0,0,0 07-24~2,0,0,0,0 08-01~1,0,0,0,0 05-29~2,1,1,1,0 08-31~1,1,0,0,0 06-20~1,0,0,0,0 08-03~1,0,0,0,0 2026-06M~3,2,0,0,0 05-20~1,0,0,0,0 08-12~2,0,0,0,0 08-10~2,0,0,0,0 08-16~1,0,0,0,0 05-18~1,0,0,0,0 07-05~2,0,0,0,0 07-27~1,0,0,0,0 2026-09~1,0,0,0,0 05-23~2,1,0,0,0 05-15~3,2,0,0,0 07-06~1,0,0,0,0 05-26~1,1,0,0,0 07-03~2,0,0,0,0 05-07~2,2,0,0,0 2026-05~28,26,5,3,0 2026-09M~1,0,0,0,0 08-07~1,0,0,0,0 07-14~2,0,0,0,0 07-02~2,0,0,0,0 05-04~1,0,0,0,0 05-09~2,1,0,0,0 05-17~4,3,0,0,0 08-21~1,0,0,0,0 07-01~1,0,0,0,0 06-19~1,0,0,0,0 05-13~4,2,0,0,0 06-11~1,0,0,0,0 07-09~1,0,0,0,0 07-07~1,0,0,0,0 08-04~1,0,0,0,0 07-30~2,1,1,0,0 06-28~1,0,0,0,0 05-10~1,0,0,0,0 2026-05M~3,2,0,0,0 06-12~1,0,0,0,0 06-25~1,0,0,0,0 05-08~1,0,0,0,0 05-30~1,0,0,0,0 2026-07M~2,0,0,0,0 09-02~1,0,0,0,0 06-03~3,2,1,1,0 08-09~1,0,0,0,0 08-11~2,0,0,0,0 08-15~1,0,0,0,0
107118226_505812|08-17~2,1,0,0,0 2026-08~68,67,60,40,39 08-28~1,0,0,0,0 08-22~2,0,0,0,0 08-15~14,13,11,10,9 2026-09M~1,0,0,0,0 08-25~3,0,0,0,0 08-31~3,0,0,0,0 08-19~17,12,11,11,11 08-18~7,5,5,5,5 08-23~8,6,5,5,5 08-21~21,16,15,5,5 08-16~3,1,0,0,0 08-20~25,17,13,4,4 all~68,67,60,40,39 08-29~3,0,0,0,0 08-27~1,0,0,0,0 2026-09~1,0,0,0,0 08-26~2,0,0,0,0 09-02~1,0,0,0,0
107131104_506299|08-22~4,4,3,3,3 08-21~4,4,3,2,1 08-17~1,1,1,0,0 all~8,8,8,5,4 2026-08~8,8,8,5,4 08-20~1,0,0,0,0 08-13~1,1,1,0,0
107147238_506301|08-25~4,2,1,1,1 all~4,4,3,3,2 2026-08~4,4,3,3,2 08-29~2,0,0,0,0 08-20~1,0,0,0,0 08-13~1,1,1,0,0 08-28~2,0,0,0,0 08-30~2,0,0,0,0 08-16~1,0,0,0,0 08-15~1,0,0,0,0 2026-09M~1,0,0,0,0 08-31~1,0,0,0,0 08-22~1,0,0,0,0 08-24~1,0,0,0,0 08-21~1,0,0,0,0 08-27~3,0,0,0,0 09-02~1,0,0,0,0 2026-09~1,0,0,0,0 08-26~2,0,0,0,0 08-18~1,0,0,0,0 08-17~1,0,0,0,0 08-19~2,1,1,1,0 09-01~1,0,0,0,0 08-14~1,0,0,0,0 08-23~1,0,0,0,0
107226450_506730|08-30~2,1,1,0,0 07-29~1,0,0,0,0 06-12~1,0,0,0,0 08-25~15,12,9,1,1 07-16~2,0,0,0,0 06-04~1,0,0,0,0 06-11~1,0,0,0,0 07-09~1,0,0,0,0 07-13~1,0,0,0,0 08-23~2,1,0,0,0 06-14~1,0,0,0,0 08-27~18,8,7,2,2 08-31~2,1,1,0,0 2026-09M~4,0,0,0,0 09-01~3,0,0,0,0 09-02~2,0,0,0,0 08-24~1,0,0,0,0 2026-05~1,0,0,0,0 2026-07~2,0,0,0,0 08-21~34,34,25,7,4 06-09~1,0,0,0,0 05-30~1,0,0,0,0 08-26~2,0,0,0,0 07-26~1,0,0,0,0 07-25~1,0,0,0,0 05-31~1,0,0,0,0 07-15~2,0,0,0,0 06-15~1,0,0,0,0 05-28~1,0,0,0,0 08-15~1,0,0,0,0 06-10~2,0,0,0,0 07-08~1,0,0,0,0 08-29~1,0,0,0,0 2026-08~56,55,43,15,12 07-17~1,0,0,0,0 08-05~1,0,0,0,0 07-19~1,0,0,0,0 08-28~4,0,0,0,0 all~56,55,43,16,13 06-18~1,0,0,0,0 2026-06~2,0,0,0,0 2026-09~4,0,0,0,0 07-18~1,0,0,0,0 06-16~1,0,0,0,0
107242478_507635|08-31~4,3,3,0,0 all~4,3,3,0,0 2026-08~4,3,3,0,0
107408133_507586|09-01~6,6,1,1,0 2026-09~16,16,8,4,0 2026-09M~16,16,8,4,0 all~16,16,8,4,0 09-02~10,10,7,3,0
1079226_352565|05-19~1,0,0,0,0 05-07~1,0,0,0,0 06-18~1,0,0,0,0 05-09~1,0,0,0,0 06-20~1,0,0,0,0 06-03~1,1,1,0,0 05-21~1,0,0,0,0 05-20~1,0,0,0,0 2026-06M~1,0,0,0,0 2026-07~5,3,2,1,1 07-10~1,1,1,0,0 07-05~1,0,0,0,0 05-12~1,0,0,0,0 2026-05~6,1,0,0,0 2026-09M~1,0,0,0,0 05-25~1,1,0,0,0 09-02~1,0,0,0,0 06-05~1,0,0,0,0 06-16~1,0,0,0,0 07-11~1,0,0,0,0 2026-06~4,1,1,0,0 05-30~1,0,0,0,0 05-31~1,0,0,0,0 07-20~1,1,1,1,1 2026-09~1,0,0,0,0 07-13~1,0,0,0,0 all~15,5,3,1,1 06-02~1,0,0,0,0 07-04~1,1,0,0,0
1101901_492309|05-05~1,1,0,0,0 05-31~1,1,1,1,0 08-08~1,0,0,0,0 05-13~1,1,0,0,0 2026-05~4,4,1,1,0 07-26~1,0,0,0,0 2026-07~2,2,1,1,0 06-16~1,1,0,0,0 08-13~1,0,0,0,0 06-02~1,1,0,0,0 08-15~1,0,0,0,0 2026-08~3,3,1,0,0 08-16~1,0,0,0,0 07-17~1,1,0,0,0 06-20~1,1,1,1,0 05-14~1,0,0,0,0 06-26~1,1,0,0,0 08-19~1,0,0,0,0 08-14~1,0,0,0,0 2026-06~4,4,1,1,0 08-27~1,0,0,0,0 08-25~1,1,0,0,0 07-18~1,1,0,0,0 08-10~1,0,0,0,0 05-12~1,1,0,0,0 08-04~1,1,0,0,0 07-20~1,0,0,0,0 08-23~1,1,0,0,0 08-18~1,0,0,0,0 08-11~1,0,0,0,0 08-12~1,0,0,0,0 08-24~1,1,1,0,0 all~10,10,4,3,0 08-22~1,0,0,0,0 08-21~1,0,0,0,0 08-05~1,0,0,0,0 2026-06M~1,1,0,0,0 07-16~1,1,1,1,0
1101901_507025|08-29~1,1,1,0,0 08-08~1,0,0,0,0 08-25~1,1,0,0,0 08-24~2,2,1,0,0 2026-07~1,0,0,0,0 08-26~1,1,1,0,0 08-05~1,0,0,0,0 08-31~1,0,0,0,0 2026-08~5,5,3,0,0 all~5,5,3,0,0 07-28~1,0,0,0,0 07-24~1,0,0,0,0
123|07-21~2,0,0,0,0 06-11~1,1,1,1,0 06-30~1,0,0,0,0 05-15~7,4,1,0,0 06-15~2,0,0,0,0 09-02~1,0,0,0,0 06-12~1,0,0,0,0 07-24~1,1,0,0,0 05-05~1,0,0,0,0 05-06~2,1,0,0,0 06-08~1,0,0,0,0 05-30~1,0,0,0,0 08-07~1,0,0,0,0 07-10~1,0,0,0,0 06-18~1,0,0,0,0 2026-05~12,10,5,1,0 05-03~1,0,0,0,0 06-16~1,0,0,0,0 05-18~1,1,0,0,0 09-01~1,0,0,0,0 07-03~1,0,0,0,0 06-19~1,0,0,0,0 05-21~1,1,0,0,0 05-27~5,4,3,1,0 06-29~1,1,1,0,0 08-19~1,0,0,0,0 05-13~2,0,0,0,0 07-17~1,0,0,0,0 05-14~2,0,0,0,0 05-04~2,0,0,0,0 05-07~2,1,0,0,0 06-09~2,1,1,1,0 all~12,10,6,2,0 2026-07~2,2,1,1,0 2026-09~2,0,0,0,0 06-17~1,1,1,1,0 05-19~1,0,0,0,0 08-31~1,0,0,0,0 06-25~1,0,0,0,0 06-28~1,0,0,0,0 2026-09M~2,0,0,0,0 07-04~1,0,0,0,0 07-06~1,0,0,0,0 08-11~1,1,0,0,0 07-20~1,0,0,0,0 08-21~1,0,0,0,0 05-22~2,2,0,0,0 06-05~1,0,0,0,0 08-06~1,0,0,0,0 08-04~1,0,0,0,0 07-23~1,0,0,0,0 06-01~2,2,1,1,0 08-05~1,0,0,0,0 07-19~1,0,0,0,0 2026-06~2,2,2,2,0 2026-06M~2,2,2,1,0 08-18~1,0,0,0,0 08-17~1,1,1,1,0 06-24~2,1,1,1,0 2026-05M~2,0,0,0,0 07-22~2,0,0,0,0 06-27~1,0,0,0,0 05-29~3,2,1,0,0 05-20~1,1,0,0,0 07-07~1,0,0,0,0 08-10~1,1,1,1,0 06-03~1,1,1,1,0 05-25~1,0,0,0,0 06-22~1,0,0,0,0 06-26~1,0,0,0,0 05-28~1,0,0,0,0 05-11~1,0,0,0,0 07-16~1,0,0,0,0 07-18~1,0,0,0,0 06-23~1,1,1,0,0 07-05~1,0,0,0,0 2026-08~2,1,1,1,0 06-04~1,1,1,1,0 07-01~1,0,0,0,0 05-02~1,0,0,0,0 06-02~2,1,1,0,0 07-02~2,0,0,0,0 05-01~2,0,0,0,0 07-27~1,0,0,0,0 08-03~1,0,0,0,0 06-10~1,0,0,0,0 2026-07M~2,0,0,0,0
123456789|2026-09M~21,21,21,17,0 2026-09~21,21,21,17,0 08-31~8,7,7,2,0 all~28,28,28,20,0 2026-08~8,7,7,2,0 09-01~16,15,15,11,0 09-02~6,6,6,6,0
2015583_113361|05-29~6,3,3,0,0 05-08~5,3,0,0,0 05-02~7,2,0,0,0 05-25~1,0,0,0,0 06-10~2,0,0,0,0 2026-06~44,11,10,2,0 05-24~3,1,1,0,0 05-07~4,1,0,0,0 06-06~3,2,2,1,0 05-01~1,0,0,0,0 06-13~4,0,0,0,0 05-23~4,0,0,0,0 05-26~1,0,0,0,0 05-19~2,0,0,0,0 06-09~3,0,0,0,0 05-04~3,1,0,0,0 06-01~2,1,0,0,0 08-26~2,0,0,0,0 06-22~1,0,0,0,0 06-15~2,0,0,0,0 08-23~1,0,0,0,0 05-21~1,0,0,0,0 07-04~1,1,0,0,0 05-28~2,0,0,0,0 2026-07~1,1,0,0,0 06-26~2,1,1,0,0 06-11~2,1,1,0,0 05-12~1,0,0,0,0 05-05~1,0,0,0,0 06-07~1,0,0,0,0 06-05~2,0,0,0,0 05-16~1,1,1,1,0 2026-06M~6,2,1,0,0 05-20~2,2,2,0,0 06-17~1,0,0,0,0 06-18~1,0,0,0,0 06-23~5,2,2,0,0 all~97,31,22,5,0 06-12~3,1,1,0,0 06-20~3,0,0,0,0 05-14~3,2,2,1,0 05-11~1,0,0,0,0 08-07~1,1,1,0,0 06-25~2,0,0,0,0 05-27~3,1,1,0,0 06-21~1,0,0,0,0 05-10~1,1,0,0,0 2026-05M~8,2,0,0,0 06-24~2,1,1,0,0 05-15~1,0,0,0,0 2026-08~4,1,1,0,0 05-18~2,1,1,0,0 2026-05~54,19,11,2,0 06-02~4,1,1,0,0 06-14~2,1,1,1,0 05-09~1,0,0,0,0
2015583_87338|06-18~1,1,1,0,0 05-06~1,0,0,0,0 06-15~1,0,0,0,0 05-16~3,1,1,1,0 06-08~1,0,0,0,0 05-14~1,1,1,0,0 05-30~1,0,0,0,0 05-11~1,1,0,0,0 05-27~1,1,1,1,0 all~13,6,4,2,0 2026-05~7,4,3,2,0 06-26~1,0,0,0,0 2026-06~6,2,1,0,0 05-20~1,0,0,0,0 06-06~2,1,0,0,0
2116156_271373|06-02~5,2,2,2,0 08-27~6,4,3,0,0 06-23~11,1,1,1,1 08-15~11,6,2,0,0 05-12~3,2,0,0,0 05-10~3,3,0,0,0 08-21~10,5,3,1,0 05-18~3,3,1,0,0 06-13~8,3,2,1,0 06-10~17,8,6,1,0 07-08~7,1,0,0,0 07-31~6,1,0,0,0 06-29~9,3,3,2,0 08-11~14,6,2,0,0 07-16~7,4,4,2,0 06-27~11,6,2,1,0 06-20~5,1,0,0,0 08-03~9,4,3,0,0 06-07~8,6,5,2,0 07-17~5,4,4,0,0 06-26~11,5,3,2,1 05-27~3,2,1,0,0 2026-07~122,98,58,26,5 08-12~6,1,1,0,0 08-07~10,6,4,1,0 06-21~7,4,2,1,0 06-08~9,6,4,2,0 07-10~11,5,3,1,0 06-17~9,5,3,2,0 07-29~9,4,2,0,0 06-24~9,5,2,1,0 08-24~13,7,5,2,0 08-29~8,5,2,1,0 2026-07M~15,5,2,2,1 05-30~8,4,2,0,0 07-15~8,4,2,1,0 08-05~10,3,2,0,0 2026-08~136,123,71,21,3 05-22~3,2,2,1,0 08-08~7,3,1,0,0 05-05~1,0,0,0,0 08-19~5,4,1,0,0 09-01~10,4,2,1,0 07-30~7,1,0,0,0 06-28~7,3,2,1,0 05-06~1,1,0,0,0 05-23~7,5,3,2,0 2026-09~17,11,4,1,0 07-07~10,6,4,2,0 09-02~9,7,2,0,0 07-04~12,3,1,1,1 08-09~6,3,3,1,0 08-04~7,0,0,0,0 08-01~6,3,1,0,0 06-12~13,7,6,1,1 06-16~11,4,3,2,0 06-15~7,3,1,0,0 06-25~6,2,1,0,0 08-23~10,7,2,2,0 08-06~8,2,0,0,0 06-05~4,1,1,1,0 08-16~7,3,2,0,0 05-09~2,2,0,0,0 05-04~2,1,0,0,0 07-12~6,2,1,1,0 05-20~4,3,1,1,0 2026-06M~7,3,3,2,0 07-01~10,3,1,1,1 06-19~8,2,2,0,0 06-03~6,3,2,1,0 06-06~6,3,3,2,0 05-16~2,1,0,0,0 07-03~10,5,3,0,0 08-02~7,6,2,1,1 06-11~6,0,0,0,0 07-09~6,2,0,0,0 07-21~8,5,4,3,0 05-17~4,2,2,2,0 05-14~4,4,2,0,0 2026-06~112,97,65,32,5 07-18~7,3,2,0,0 07-25~6,3,0,0,0 06-18~7,2,0,0,0 05-19~5,3,2,0,0 07-13~8,4,3,0,0 2026-05~63,55,29,13,3 07-02~10,2,1,1,0 05-24~3,1,1,0,0 07-05~13,4,2,2,1 08-13~6,2,1,0,0 08-20~8,6,5,1,0 2026-09M~17,11,4,1,0 08-14~10,4,3,1,0 05-08~4,4,0,0,0 08-10~7,2,1,0,0 07-19~6,1,0,0,0 06-01~3,1,1,0,0 08-22~10,8,5,1,0 08-31~8,4,1,0,0 2026-08M~12,9,3,1,1 07-24~7,4,4,2,1 07-06~9,3,1,1,0 all~376,366,222,99,18 08-17~9,4,1,1,0 07-27~4,2,1,0,0 07-22~5,3,1,1,1 05-26~3,1,1,0,0 07-14~11,8,8,4,0 08-26~6,2,2,1,0 07-23~5,0,0,0,0 05-25~3,3,3,2,2 05-28~4,1,1,0,0 06-14~6,3,1,1,0 07-20~6,3,1,1,0 07-28~3,3,1,0,0 06-30~15,7,3,0,0 07-26~4,2,1,1,0 08-25~9,4,3,1,0 08-18~7,4,2,0,0 06-09~7,2,2,1,0 07-11~7,4,3,1,0 05-31~4,2,1,1,1 06-04~5,1,0,0,0 05-29~4,2,2,1,0 05-15~3,3,2,1,0 06-22~9,3,2,1,1 08-28~11,8,5,3,1 08-30~8,4,3,1,0 05-13~1,0,0,0,0 05-21~4,2,2,1,0
2394347_489462|08-14~5,1,0,0,0 05-28~6,1,0,0,0 05-09~3,0,0,0,0 06-26~5,0,0,0,0 07-20~1,0,0,0,0 07-22~5,1,0,0,0 05-03~2,0,0,0,0 05-24~3,0,0,0,0 06-11~2,0,0,0,0 07-09~2,0,0,0,0 08-29~1,0,0,0,0 2026-07~29,8,5,3,1 08-26~6,2,1,1,1 05-25~2,0,0,0,0 07-15~2,0,0,0,0 05-06~1,0,0,0,0 08-04~2,1,0,0,0 06-07~7,2,0,0,0 06-12~5,0,0,0,0 05-22~3,0,0,0,0 2026-08~41,13,8,6,4 08-05~5,1,0,0,0 08-09~3,0,0,0,0 07-02~3,0,0,0,0 05-27~2,0,0,0,0 05-18~2,0,0,0,0 05-01~5,1,0,0,0 06-08~5,0,0,0,0 07-10~2,0,0,0,0 07-28~4,0,0,0,0 06-30~4,0,0,0,0 07-31~2,1,1,0,0 06-29~5,0,0,0,0 08-20~3,0,0,0,0 06-17~4,1,1,1,1 05-05~4,2,0,0,0 07-18~1,0,0,0,0 08-24~5,1,1,1,1 06-09~5,0,0,0,0 07-11~3,0,0,0,0 08-01~3,1,1,0,0 08-15~5,0,0,0,0 09-02~2,1,0,0,0 08-11~3,0,0,0,0 08-19~10,1,1,1,0 09-01~2,0,0,0,0 08-27~5,0,0,0,0 2026-05~44,14,6,6,1 08-13~4,0,0,0,0 06-23~5,0,0,0,0 2026-09M~3,1,0,0,0 06-14~2,0,0,0,0 08-22~4,0,0,0,0 2026-06M~6,1,1,1,1 05-20~2,0,0,0,0 07-05~3,0,0,0,0 07-07~4,1,1,0,0 07-12~2,0,0,0,0 05-29~3,0,0,0,0 07-29~2,0,0,0,0 2026-06~34,9,7,6,5 07-24~1,0,0,0,0 08-25~4,1,1,1,1 05-31~4,0,0,0,0 08-28~3,1,0,0,0 06-27~4,1,1,1,0 06-10~2,1,1,1,1 07-08~2,0,0,0,0 08-10~3,0,0,0,0 05-13~4,1,0,0,0 08-08~1,0,0,0,0 07-25~1,0,0,0,0 07-26~4,0,0,0,0 05-04~4,1,0,0,0 06-06~2,0,0,0,0 06-04~5,2,2,1,1 05-17~3,1,1,1,0 05-21~3,1,1,0,0 08-02~2,0,0,0,0 06-05~1,0,0,0,0 05-30~4,1,0,0,0 2026-07M~5,0,0,0,0 07-16~3,1,1,1,1 08-23~5,2,1,1,1 06-16~3,0,0,0,0 07-01~4,0,0,0,0 06-19~5,1,1,1,1 06-22~3,0,0,0,0 08-16~5,1,1,0,0 08-17~5,0,0,0,0 all~118,41,26,22,11 08-30~5,0,0,0,0 06-13~2,0,0,0,0 05-16~4,2,2,2,1 08-21~7,2,1,0,0 06-21~3,0,0,0,0 07-30~2,0,0,0,0 06-28~3,0,0,0,0 07-06~4,0,0,0,0 05-15~3,0,0,0,0 05-10~1,0,0,0,0 2026-05M~5,1,0,0,0 07-14~5,2,1,1,0 08-06~3,0,0,0,0 06-24~4,0,0,0,0 05-26~3,1,0,0,0 06-20~5,0,0,0,0 2026-08M~4,1,1,0,0 05-07~2,0,0,0,0 07-19~1,0,0,0,0 06-01~4,1,1,1,1 05-11~6,1,0,0,0 07-17~2,0,0,0,0 06-02~5,0,0,0,0 06-25~7,0,0,0,0 07-04~4,0,0,0,0 05-12~2,0,0,0,0 06-18~5,0,0,0,0 05-14~5,2,2,2,0 2026-09~3,1,0,0,0 05-23~3,0,0,0,0 07-03~4,0,0,0,0 05-19~2,0,0,0,0 08-31~2,1,0,0,0 08-12~3,0,0,0,0 06-03~4,0,0,0,0 07-27~2,1,1,1,0 08-03~2,0,0,0,0 07-23~5,2,0,0,0 06-15~3,0,0,0,0 05-08~3,1,0,0,0 07-21~1,0,0,0,0 07-13~4,0,0,0,0 08-07~3,0,0,0,0 08-18~5,0,0,0,0
2595863_501102|08-31~4,3,0,0,0 08-03~1,0,0,0,0 07-27~4,2,1,1,0 2026-07~46,45,21,11,7 07-29~5,3,2,0,0 08-15~1,1,0,0,0 07-09~1,0,0,0,0 07-01~1,0,0,0,0 07-28~3,0,0,0,0 08-29~2,1,0,0,0 07-22~2,0,0,0,0 07-24~6,5,1,0,0 08-11~1,1,0,0,0 07-19~2,1,0,0,0 07-03~1,1,1,0,0 07-25~5,3,0,0,0 08-13~1,0,0,0,0 08-24~2,0,0,0,0 07-21~1,0,0,0,0 07-26~3,3,1,0,0 07-11~2,1,0,0,0 07-12~5,4,1,0,0 09-01~4,3,2,1,0 08-19~2,1,0,0,0 08-12~4,3,1,1,0 all~73,71,28,16,8 08-17~1,1,1,1,0 07-18~4,2,2,1,1 08-10~2,1,0,0,0 08-20~2,1,1,1,0 2026-08M~4,3,1,1,1 07-04~1,1,0,0,0 2026-09~6,5,2,1,0 07-17~4,2,1,1,0 06-15~1,0,0,0,0 07-08~3,3,2,2,0 07-15~2,1,0,0,0 08-14~3,1,0,0,0 2026-06~1,0,0,0,0 07-20~2,0,0,0,0 07-16~5,3,3,1,1 07-05~1,1,1,1,1 07-14~2,2,1,1,1 07-13~1,1,0,0,0 08-18~1,1,0,0,0 08-05~3,2,1,0,0 08-02~3,3,1,1,1 08-06~4,2,0,0,0 08-27~1,1,0,0,0 08-21~1,0,0,0,0 09-02~2,2,0,0,0 07-10~2,2,1,1,1 08-01~1,0,0,0,0 2026-08~27,23,5,4,1 07-31~4,2,0,0,0 2026-07M~1,0,0,0,0 08-30~2,2,0,0,0 07-23~3,2,1,1,1 07-30~4,2,1,0,0 07-07~3,3,1,0,0 2026-09M~6,5,2,1,0 08-26~1,0,0,0,0 08-22~1,1,0,0,0
2595863_70364|07-06~1,0,0,0,0 08-11~4,0,0,0,0 06-16~3,0,0,0,0 05-08~1,0,0,0,0 2026-08~47,10,3,2,0 07-30~1,0,0,0,0 06-26~1,1,0,0,0 08-15~2,0,0,0,0 2026-06~6,2,1,1,0 08-07~5,1,0,0,0 07-22~3,1,0,0,0 2026-07~31,5,3,2,1 08-19~2,0,0,0,0 08-16~4,1,1,0,0 08-03~2,1,0,0,0 07-26~1,0,0,0,0 2026-05M~1,0,0,0,0 05-14~1,1,0,0,0 08-09~4,1,1,1,0 2026-05~9,3,1,1,0 08-20~1,0,0,0,0 08-01~3,0,0,0,0 07-24~3,0,0,0,0 07-29~2,0,0,0,0 05-21~1,0,0,0,0 06-18~2,0,0,0,0 05-06~2,0,0,0,0 07-13~5,1,0,0,0 2026-09~5,1,0,0,0 2026-08M~6,0,0,0,0 05-26~1,0,0,0,0 07-28~3,0,0,0,0 07-25~1,0,0,0,0 08-05~1,0,0,0,0 07-20~3,1,1,1,1 07-02~1,0,0,0,0 08-27~3,1,0,0,0 08-02~4,0,0,0,0 07-27~2,0,0,0,0 08-12~1,0,0,0,0 07-17~3,1,1,0,0 all~95,21,8,6,1 2026-09M~5,1,0,0,0 08-06~1,0,0,0,0 07-23~2,0,0,0,0 09-01~5,1,0,0,0 08-17~1,0,0,0,0 05-09~1,0,0,0,0 08-24~2,0,0,0,0 08-10~2,1,0,0,0 07-31~2,1,1,1,0 08-14~2,0,0,0,0 2026-07M~1,0,0,0,0 08-26~1,0,0,0,0 05-18~1,1,0,0,0 07-10~2,0,0,0,0 07-16~1,0,0,0,0 08-08~3,0,0,0,0 08-13~2,0,0,0,0 08-22~1,1,0,0,0 08-18~6,1,1,0,0 08-04~3,1,0,0,0 07-21~2,0,0,0,0 05-31~1,1,1,1,0 05-01~1,0,0,0,0 07-09~1,0,0,0,0 07-11~1,0,0,0,0 06-03~1,1,1,1,0 08-30~2,1,0,0,0 07-15~3,0,0,0,0
26630718_480411|05-31~4,1,1,0,0 all~62,16,15,6,1 06-28~2,0,0,0,0 07-30~2,0,0,0,0 07-02~1,0,0,0,0 07-14~1,0,0,0,0 06-11~2,0,0,0,0 2026-06M~3,1,1,0,0 05-21~1,0,0,0,0 06-02~3,1,1,0,0 05-09~3,0,0,0,0 06-26~1,0,0,0,0 08-02~1,1,1,0,0 08-24~1,0,0,0,0 07-12~1,0,0,0,0 2026-05~22,5,4,1,0 06-07~2,0,0,0,0 05-25~1,0,0,0,0 06-20~3,2,2,2,0 08-20~1,0,0,0,0 05-01~1,0,0,0,0 2026-08M~1,1,1,0,0 05-10~1,0,0,0,0 05-24~3,1,1,0,0 05-17~1,0,0,0,0 2026-05M~2,0,0,0,0 07-18~1,0,0,0,0 07-13~1,0,0,0,0 08-19~1,0,0,0,0 05-02~1,0,0,0,0 06-09~1,0,0,0,0 06-19~2,2,2,2,0 05-07~1,0,0,0,0 2026-07~14,2,2,0,0 07-15~1,0,0,0,0 08-21~2,1,1,1,1 2026-08~9,3,3,1,1 08-15~1,0,0,0,0 05-06~1,1,0,0,0 07-04~1,0,0,0,0 06-25~1,0,0,0,0 07-03~1,1,1,0,0 07-07~1,0,0,0,0 07-24~1,1,1,0,0 07-26~1,0,0,0,0 07-20~1,0,0,0,0 06-21~1,1,1,0,0 06-18~1,0,0,0,0 05-18~3,1,1,0,0 05-19~1,1,1,1,0 08-30~2,1,1,0,0 2026-07M~1,0,0,0,0 06-10~2,0,0,0,0 06-23~1,0,0,0,0 05-12~1,0,0,0,0 06-13~1,0,0,0,0 07-17~1,0,0,0,0 05-14~1,0,0,0,0 05-26~1,0,0,0,0 06-27~1,0,0,0,0 2026-06~22,6,6,4,0 05-11~1,0,0,0,0 05-22~1,0,0,0,0
2728374_467046|08-03~1,0,0,0,0 05-25~9,7,1,0,0 06-14~3,0,0,0,0 06-16~2,0,0,0,0 08-21~1,0,0,0,0 07-06~2,0,0,0,0 05-15~6,4,2,1,0 2026-05~85,79,28,12,1 05-08~3,0,0,0,0 08-05~1,0,0,0,0 05-21~4,2,0,0,0 05-26~3,1,1,0,0 05-01~3,2,0,0,0 05-31~8,4,3,0,0 05-09~4,2,0,0,0 2026-06M~10,5,5,2,0 05-20~5,3,3,1,0 07-02~5,0,0,0,0 06-21~3,0,0,0,0 2026-06~39,21,16,5,1 07-01~3,0,0,0,0 06-19~5,0,0,0,0 07-26~1,0,0,0,0 05-27~7,6,4,2,0 05-11~6,4,0,0,0 05-22~4,2,2,2,1 2026-08~4,1,0,0,0 2026-07~14,2,1,1,0 06-24~4,0,0,0,0 07-04~4,0,0,0,0 08-01~1,0,0,0,0 06-05~2,0,0,0,0 06-03~6,1,1,1,0 05-29~12,3,3,2,0 06-25~2,0,0,0,0 05-19~7,6,3,2,0 08-19~1,0,0,0,0 05-30~5,0,0,0,0 2026-07M~6,0,0,0,0 08-20~1,0,0,0,0 05-14~5,3,2,0,0 08-30~1,0,0,0,0 all~107,97,45,18,4 05-10~6,3,0,0,0 2026-05M~4,3,0,0,0 05-13~2,1,0,0,0 05-23~7,3,1,0,0 05-03~2,2,0,0,0 08-12~1,0,0,0,0 06-02~7,4,4,2,0 07-20~1,0,0,0,0 07-29~2,0,0,0,0 06-26~2,0,0,0,0 05-05~4,2,0,0,0 07-05~1,0,0,0,0 06-10~7,2,2,0,0 07-08~2,1,0,0,0 07-03~2,0,0,0,0 06-06~9,6,5,2,0 05-17~3,1,0,0,0 06-11~6,1,0,0,0 07-09~1,0,0,0,0 06-12~3,0,0,0,0 05-28~12,5,1,1,0 07-30~1,0,0,0,0 06-28~2,0,0,0,0 05-06~6,5,0,0,0 07-07~1,0,0,0,0 2026-08M~2,0,0,0,0 06-29~3,0,0,0,0 06-22~4,0,0,0,0 07-16~1,0,0,0,0 05-07~8,5,0,0,0 06-07~6,2,1,0,0 07-27~1,1,1,1,0 07-15~2,0,0,0,0 08-23~1,0,0,0,0 05-18~4,2,2,1,0 06-04~4,1,1,0,0 08-11~1,1,0,0,0 06-01~5,1,1,0,0 06-20~3,0,0,0,0 06-08~7,2,1,0,0 07-14~1,0,0,0,0 08-02~1,0,0,0,0 06-18~5,0,0,0,0 06-23~4,1,1,0,0 06-09~5,1,0,0,0 06-30~4,0,0,0,0 05-12~5,1,0,0,0 05-02~1,1,0,0,0 06-13~2,0,0,0,0 06-17~3,0,0,0,0 05-24~5,1,0,0,0 06-15~2,0,0,0,0 06-27~4,0,0,0,0 08-18~1,0,0,0,0
2728374_493008|06-24~2,1,1,1,0 08-01~2,0,0,0,0 06-05~1,1,1,0,0 08-07~2,1,1,0,0 07-17~1,0,0,0,0 07-30~2,1,0,0,0 06-28~1,1,0,0,0 07-19~1,0,0,0,0 06-01~1,1,0,0,0 06-06~5,4,1,0,0 06-11~2,1,0,0,0 07-09~6,4,3,2,0 06-12~1,0,0,0,0 07-31~1,0,0,0,0 06-29~3,0,0,0,0 07-18~2,1,0,0,0 08-19~3,1,0,0,0 07-12~1,0,0,0,0 07-14~2,0,0,0,0 06-07~3,2,2,2,0 07-29~1,0,0,0,0 06-17~1,0,0,0,0 06-02~2,1,0,0,0 08-02~3,1,1,1,0 06-14~3,1,0,0,0 07-15~2,1,0,0,0 08-23~1,0,0,0,0 05-25~4,3,1,1,0 2026-08M~4,1,1,1,0 08-09~1,0,0,0,0 2026-09~3,0,0,0,0 05-23~1,1,1,1,1 08-14~2,0,0,0,0 06-09~5,4,2,0,0 07-11~2,0,0,0,0 07-16~1,0,0,0,0 2026-06M~3,2,0,0,0 05-20~1,1,0,0,0 05-05~1,0,0,0,0 07-21~4,0,0,0,0 06-10~4,4,1,1,0 07-08~2,0,0,0,0 06-13~2,1,0,0,0 08-13~1,0,0,0,0 07-22~2,1,1,0,0 08-29~1,0,0,0,0 08-22~1,0,0,0,0 08-27~2,0,0,0,0 07-28~3,1,0,0,0 06-30~2,0,0,0,0 08-05~2,0,0,0,0 08-20~3,1,0,0,0 06-23~1,0,0,0,0 08-30~2,1,1,1,0 2026-05~32,30,8,4,1 08-10~1,0,0,0,0 05-22~2,1,0,0,0 2026-08~9,6,3,2,0 05-18~1,0,0,0,0 09-02~3,0,0,0,0 05-06~1,0,0,0,0 07-27~1,1,0,0,0 06-25~1,0,0,0,0 05-30~2,2,1,0,0 2026-07M~3,0,0,0,0 05-26~3,2,0,0,0 08-24~1,0,0,0,0 07-07~1,0,0,0,0 05-31~2,2,0,0,0 06-08~4,3,1,1,1 07-10~2,1,0,0,0 05-08~1,0,0,0,0 06-26~3,1,0,0,0 07-03~2,0,0,0,0 07-26~1,0,0,0,0 07-24~2,1,0,0,0 07-23~1,0,0,0,0 08-28~1,0,0,0,0 08-06~1,1,0,0,0 08-18~1,0,0,0,0 06-27~1,0,0,0,0 08-04~2,0,0,0,0 05-27~4,4,1,0,0 08-15~2,0,0,0,0 08-17~1,0,0,0,0 all~69,68,26,15,6 08-11~3,0,0,0,0 08-08~1,0,0,0,0 07-02~2,0,0,0,0 2026-07~14,12,6,3,2 07-20~1,0,0,0,0 05-24~6,5,2,1,0 08-31~1,0,0,0,0 07-01~1,0,0,0,0 06-19~1,0,0,0,0 05-21~2,2,1,1,0 07-04~2,0,0,0,0 05-28~3,1,0,0,0 2026-06~30,26,10,6,3 07-13~3,1,1,1,1 07-05~3,1,1,0,0 05-29~7,5,1,0,0 07-06~1,0,0,0,0 06-16~3,1,0,0,0 06-18~2,1,1,1,1 08-03~3,0,0,0,0 2026-09M~3,0,0,0,0 06-15~1,1,0,0,0 05-19~1,0,0,0,0 08-16~1,0,0,0,0 05-07~1,1,0,0,0 08-12~2,0,0,0,0
3047183_274515|2026-07~3,0,0,0,0 2026-05~2,2,0,0,0 08-22~2,0,0,0,0 07-18~1,0,0,0,0 all~12,5,3,2,0 2026-06M~1,0,0,0,0 06-01~1,0,0,0,0 07-07~1,0,0,0,0 05-31~1,0,0,0,0 05-04~1,0,0,0,0 06-23~1,0,0,0,0 07-30~1,0,0,0,0 2026-09M~1,1,1,1,0 2026-06~3,0,0,0,0 08-21~2,2,2,1,0 09-02~1,0,0,0,0 05-30~1,1,0,0,0 2026-09~1,1,1,1,0 05-09~1,1,0,0,0 09-01~1,1,1,1,0 06-12~1,0,0,0,0 06-05~1,0,0,0,0 06-04~1,0,0,0,0 06-13~1,0,0,0,0 05-29~1,0,0,0,0 2026-08~4,2,2,1,0
3047183_500901|08-05~11,7,0,0,0 08-22~12,8,2,2,0 2026-09M~20,14,3,1,0 06-29~1,0,0,0,0 07-31~11,9,0,0,0 06-23~1,0,0,0,0 07-18~8,5,1,0,0 06-27~1,0,0,0,0 07-04~4,3,1,0,0 08-15~8,4,0,0,0 06-03~1,0,0,0,0 08-14~4,3,2,1,1 2026-06~4,1,1,1,0 08-18~14,11,2,2,0 07-13~6,4,1,1,0 07-01~3,1,0,0,0 06-21~1,0,0,0,0 07-20~7,4,1,0,0 08-29~8,4,0,0,0 08-31~13,8,1,1,0 08-11~8,4,1,1,0 07-26~5,3,2,2,0 09-02~12,8,1,0,0 06-06~1,0,0,0,0 07-09~6,4,2,2,0 06-11~1,0,0,0,0 07-25~6,4,0,0,0 06-18~1,0,0,0,0 08-24~12,8,0,0,0 08-10~9,6,0,0,0 08-04~10,4,0,0,0 08-23~8,5,3,2,1 08-28~9,5,1,1,0 08-08~6,4,1,0,0 2026-07~177,170,47,32,5 08-02~8,6,0,0,0 07-27~6,5,3,3,1 07-14~18,14,3,3,0 07-16~9,5,2,1,0 07-03~6,5,0,0,0 2026-08~190,180,33,23,4 05-20~1,0,0,0,0 2026-06M~1,0,0,0,0 06-26~1,0,0,0,0 07-23~11,8,4,3,1 06-01~1,0,0,0,0 07-19~10,10,4,3,1 08-01~8,6,1,1,0 09-01~10,6,2,1,0 08-19~9,5,0,0,0 2026-09~20,14,3,1,0 2026-07M~5,3,2,1,0 08-13~6,5,1,0,0 06-14~1,1,1,1,0 05-21~2,0,0,0,0 07-07~9,7,0,0,0 05-26~1,0,0,0,0 07-10~10,7,3,2,0 06-08~1,0,0,0,0 08-07~8,5,1,1,0 08-06~9,7,2,1,0 07-22~16,10,3,0,0 08-21~9,7,2,1,0 05-07~1,0,0,0,0 08-30~9,7,2,1,0 06-30~2,0,0,0,0 07-28~8,5,2,1,0 07-21~6,5,0,0,0 07-17~5,3,0,0,0 05-04~1,0,0,0,0 07-24~9,7,0,0,0 07-05~5,4,1,1,0 08-17~10,6,1,0,0 all~365,360,84,57,9 07-29~13,8,2,1,0 07-08~3,2,1,0,0 06-10~1,0,0,0,0 2026-08M~15,12,1,1,0 07-06~9,7,2,1,1 08-26~13,4,2,2,0 07-15~14,11,3,3,0 2026-05~2,1,0,0,0 05-03~1,0,0,0,0 07-11~8,5,2,1,0 05-05~1,0,0,0,0 07-12~6,4,1,1,0 05-08~1,0,0,0,0 08-20~7,5,0,0,0 08-03~11,6,0,0,0 06-12~1,0,0,0,0 08-12~7,2,0,0,0 06-04~1,0,0,0,0 05-19~1,0,0,0,0 07-30~8,6,1,0,0 07-02~3,3,2,1,0 08-25~12,8,1,1,1 08-27~15,10,1,1,0 08-16~15,12,4,1,0 08-09~9,6,1,1,0
3061114_403385|05-19~1,1,1,1,0 06-19~1,1,0,0,0 08-26~19,10,0,0,0 2026-05~8,8,1,1,0 2026-09~1,1,0,0,0 08-22~36,14,0,0,0 09-01~1,1,0,0,0 2026-06~7,6,1,0,0 08-21~48,16,0,0,0 05-03~1,0,0,0,0 07-09~1,1,0,0,0 07-05~1,1,1,0,0 07-20~1,1,1,1,0 05-17~2,2,0,0,0 08-24~33,16,0,0,0 07-21~1,1,1,1,0 07-28~1,1,0,0,0 05-31~1,0,0,0,0 07-16~1,0,0,0,0 07-10~1,1,1,1,0 07-15~2,0,0,0,0 07-13~2,2,1,1,0 05-02~1,1,0,0,0 08-25~25,6,0,0,0 08-23~27,14,0,0,0 07-24~1,1,0,0,0 2026-09M~1,1,0,0,0 07-17~1,1,1,0,0 06-04~1,0,0,0,0 08-27~4,1,0,0,0 06-09~2,1,0,0,0 07-11~1,1,1,1,0 06-16~1,1,0,0,0 08-11~1,1,0,0,0 05-30~2,2,0,0,0 2026-07~12,12,9,6,0 2026-05M~1,1,0,0,0 06-24~1,1,1,0,0 07-03~1,1,1,0,0 06-29~1,1,0,0,0 08-18~1,1,0,0,0 05-21~1,1,0,0,0 07-22~1,1,1,0,0 08-15~2,2,0,0,0 08-20~25,9,1,1,0 08-16~2,2,0,0,0 05-22~1,0,0,0,0 2026-08~222,92,1,1,1 all~247,117,12,8,1 06-17~1,1,0,0,0 05-05~1,1,0,0,0 07-12~1,1,1,1,0
3061114_498156|2026-07~2,1,1,1,0 all~5,3,3,3,0 06-25~2,1,1,1,0 2026-06~3,1,1,1,0 07-23~1,1,1,1,0 07-11~1,0,0,0,0 06-12~1,0,0,0,0 08-11~1,1,1,0,0 08-12~1,0,0,0,0 2026-08~1,1,1,1,0
3130140_432851|06-07~2,1,0,0,0 08-22~1,0,0,0,0 06-26~1,0,0,0,0 05-09~2,2,0,0,0 05-17~1,0,0,0,0 08-24~1,0,0,0,0 06-16~1,0,0,0,0 06-15~1,0,0,0,0 08-14~1,0,0,0,0 06-25~1,0,0,0,0 07-12~1,0,0,0,0 06-23~1,0,0,0,0 08-18~1,0,0,0,0 05-19~2,1,0,0,0 2026-08~1,0,0,0,0 07-31~1,0,0,0,0 all~25,23,6,4,0 06-24~1,0,0,0,0 06-12~1,0,0,0,0 06-21~1,0,0,0,0 08-21~1,0,0,0,0 06-08~3,0,0,0,0 05-06~2,2,0,0,0 2026-05~15,14,1,1,0 05-03~2,1,0,0,0 07-02~1,0,0,0,0 08-30~1,0,0,0,0 06-19~1,0,0,0,0 07-01~1,0,0,0,0 06-13~1,0,0,0,0 07-08~1,0,0,0,0 2026-07M~2,0,0,0,0 05-30~3,2,1,1,0 05-25~1,1,0,0,0 06-06~2,1,1,0,0 06-03~2,1,0,0,0 05-13~2,1,0,0,0 08-28~1,0,0,0,0 07-06~1,0,0,0,0 06-14~1,0,0,0,0 05-12~1,1,0,0,0 06-05~3,3,2,2,0 07-20~1,0,0,0,0 07-05~1,0,0,0,0 07-16~1,0,0,0,0 08-25~1,0,0,0,0 08-15~1,0,0,0,0 06-04~2,2,0,0,0 08-27~1,0,0,0,0 05-04~2,2,0,0,0 08-12~1,0,0,0,0 2026-09~1,0,0,0,0 07-11~1,0,0,0,0 06-09~1,0,0,0,0 09-02~1,0,0,0,0 08-23~1,0,0,0,0 06-28~1,0,0,0,0 07-30~1,0,0,0,0 08-29~1,0,0,0,0 07-26~1,0,0,0,0 05-20~2,1,0,0,0 2026-06M~1,1,1,0,0 2026-07~2,0,0,0,0 06-11~1,0,0,0,0 09-01~1,0,0,0,0 08-19~1,0,0,0,0 08-05~1,0,0,0,0 07-14~1,0,0,0,0 06-01~1,1,1,0,0 07-19~1,0,0,0,0 2026-06~11,9,5,3,0 05-10~1,0,0,0,0 2026-09M~1,0,0,0,0 06-27~1,0,0,0,0 08-31~1,0,0,0,0
3173166_177039|2026-05M~1,0,0,0,0 06-11~1,0,0,0,0 2026-05~5,3,2,1,0 2026-06~7,3,2,0,0 07-07~1,1,1,0,0 2026-08M~1,1,1,0,0 06-23~2,0,0,0,0 05-30~1,0,0,0,0 05-12~1,1,0,0,0 05-27~2,1,1,1,0 07-13~1,1,1,0,0 06-06~1,1,0,0,0 2026-08~1,1,1,0,0 08-02~1,1,1,0,0 05-21~1,1,1,0,0 07-15~1,0,0,0,0 07-14~1,0,0,0,0 05-13~1,0,0,0,0 all~14,9,7,1,0 2026-07~2,2,2,0,0 06-09~1,0,0,0,0 05-01~1,0,0,0,0 06-05~1,1,1,0,0 06-03~1,1,1,0,0
3173166_269591|06-22~2,1,1,0,0 2026-06~6,4,3,2,0 05-30~2,0,0,0,0 07-28~1,0,0,0,0 07-11~1,0,0,0,0 2026-09M~1,1,1,1,0 05-07~1,0,0,0,0 07-14~3,2,2,1,0 07-12~1,0,0,0,0 05-18~1,0,0,0,0 07-19~1,0,0,0,0 06-01~1,0,0,0,0 06-28~2,0,0,0,0 07-09~3,2,2,1,0 05-10~2,1,0,0,0 07-13~1,0,0,0,0 2026-09~1,1,1,1,0 09-02~1,1,1,1,0 05-03~1,1,0,0,0 06-16~1,1,1,0,0 06-15~1,0,0,0,0 08-15~1,0,0,0,0 08-21~1,1,1,0,0 06-25~1,1,0,0,0 05-29~1,0,0,0,0 08-16~2,2,2,1,0 05-17~1,0,0,0,0 05-15~1,0,0,0,0 07-21~1,0,0,0,0 06-23~2,0,0,0,0 06-26~1,0,0,0,0 2026-06M~2,0,0,0,0 2026-07~15,11,11,3,0 07-29~3,1,1,0,0 07-16~1,0,0,0,0 07-05~3,3,3,0,0 07-20~1,0,0,0,0 05-04~2,0,0,0,0 05-13~1,1,0,0,0 05-28~2,0,0,0,0 06-21~2,1,1,1,0 all~29,23,18,7,0 05-19~1,0,0,0,0 07-04~1,0,0,0,0 2026-08~3,3,3,1,0 05-14~1,0,0,0,0 07-07~1,1,1,0,0 05-27~1,1,0,0,0 05-06~1,1,0,0,0 07-15~3,2,2,1,0 05-05~2,1,0,0,0 2026-05~9,6,0,0,0 05-16~1,0,0,0,0 06-18~1,0,0,0,0 07-08~1,1,1,0,0 07-06~1,0,0,0,0 05-11~1,0,0,0,0 05-09~1,0,0,0,0 05-31~1,0,0,0,0 06-02~1,0,0,0,0
3173166_269592|06-29~1,0,0,0,0 07-31~1,1,1,0,0 07-13~1,0,0,0,0 08-17~1,0,0,0,0 all~40,24,15,6,0 2026-05~14,8,1,1,0 06-02~1,1,1,0,0 08-01~1,0,0,0,0 05-21~1,1,0,0,0 06-03~1,0,0,0,0 06-08~1,0,0,0,0 05-08~2,0,0,0,0 05-05~2,1,0,0,0 07-26~1,1,1,0,0 05-03~2,1,0,0,0 08-06~1,1,1,1,0 06-07~1,1,1,1,0 07-12~1,0,0,0,0 05-28~1,0,0,0,0 2026-07~8,7,6,1,0 07-20~1,0,0,0,0 08-28~2,1,1,0,0 2026-05M~3,3,0,0,0 08-19~2,1,1,0,0 05-01~1,1,0,0,0 06-23~2,0,0,0,0 08-16~2,1,1,0,0 07-16~1,0,0,0,0 2026-08~10,6,5,2,0 08-10~1,1,0,0,0 05-06~1,0,0,0,0 07-08~1,1,0,0,0 06-10~1,1,1,1,0 07-09~2,2,2,1,0 05-02~2,2,0,0,0 2026-06M~1,1,1,0,0 2026-08M~1,0,0,0,0 07-22~1,1,1,0,0 08-09~1,1,1,0,0 05-30~1,0,0,0,0 2026-06~8,3,3,2,0 05-09~2,0,0,0,0 08-05~2,1,0,0,0 05-17~1,1,1,1,0 05-04~1,1,0,0,0 07-06~1,1,1,0,0
3173166_269593|05-14~1,1,1,0,0 05-08~1,0,0,0,0 08-21~1,1,1,0,0 06-08~5,1,1,1,0 06-16~3,0,0,0,0 06-17~3,1,1,0,0 05-07~2,2,0,0,0 2026-06M~2,0,0,0,0 06-10~3,0,0,0,0 05-28~4,1,1,0,0 06-15~2,0,0,0,0 05-02~1,0,0,0,0 05-25~1,0,0,0,0 06-30~1,0,0,0,0 06-07~1,0,0,0,0 06-04~2,1,1,0,0 08-17~1,0,0,0,0 all~51,21,16,7,1 05-11~1,0,0,0,0 08-20~2,0,0,0,0 05-26~1,1,1,0,0 06-12~4,0,0,0,0 2026-05~26,9,6,2,0 06-01~1,0,0,0,0 05-03~1,0,0,0,0 06-03~2,0,0,0,0 05-18~1,0,0,0,0 05-15~1,0,0,0,0 06-09~3,2,2,0,0 2026-08~3,1,1,0,0 05-22~5,2,2,2,0 06-18~1,0,0,0,0 05-01~1,1,0,0,0 06-13~2,0,0,0,0 06-02~1,0,0,0,0 06-05~3,1,1,0,0 05-24~1,0,0,0,0 2026-05M~2,1,0,0,0 06-19~2,0,0,0,0 05-19~2,0,0,0,0 05-21~1,0,0,0,0 05-13~2,0,0,0,0 06-06~3,2,1,1,0 2026-06~29,11,9,3,1 05-16~1,0,0,0,0 06-14~2,2,2,0,0 05-12~1,0,0,0,0 05-06~1,0,0,0,0 05-30~1,0,0,0,0 05-17~1,0,0,0,0 06-20~2,1,0,0,0 06-11~2,0,0,0,0 05-31~2,1,0,0,0 05-09~2,0,0,0,0 05-27~4,1,1,0,0
3173166_282578|2026-07~3,0,0,0,0 06-13~1,1,1,0,0 08-28~1,1,1,0,0 07-01~1,0,0,0,0 07-07~1,0,0,0,0 2026-05~4,2,1,0,0 2026-07M~1,0,0,0,0 05-08~2,1,0,0,0 07-05~1,0,0,0,0 06-29~1,0,0,0,0 08-09~1,0,0,0,0 2026-08~2,1,1,0,0 2026-06~2,1,1,0,0 05-06~1,0,0,0,0 all~10,4,3,0,0 08-06~1,0,0,0,0 07-11~1,0,0,0,0 05-20~1,1,1,0,0
3173166_282592|07-26~1,1,1,1,0 07-16~1,1,0,0,0 08-18~1,1,1,0,0 08-28~2,0,0,0,0 06-02~2,2,2,0,0 05-31~1,0,0,0,0 2026-09M~2,2,2,0,0 06-22~1,1,1,0,0 06-12~1,1,1,0,0 all~28,20,15,4,0 05-30~1,0,0,0,0 08-30~1,0,0,0,0 06-25~2,1,1,0,0 08-29~1,1,1,0,0 2026-06M~2,2,2,0,0 05-07~1,0,0,0,0 08-03~1,1,0,0,0 06-10~2,1,1,0,0 2026-05~7,3,0,0,0 2026-06~13,10,9,3,0 06-09~2,1,1,1,0 07-31~1,0,0,0,0 06-27~1,1,1,1,0 09-01~2,2,2,0,0 05-10~1,1,0,0,0 2026-05M~1,1,0,0,0 06-15~1,1,0,0,0 2026-09~2,2,2,0,0 2026-08~7,4,3,0,0 08-23~1,0,0,0,0 06-13~1,1,1,1,0 06-14~1,0,0,0,0 05-08~2,1,0,0,0 08-27~1,0,0,0,0 08-21~1,1,1,0,0 06-07~2,2,1,0,0 05-01~1,1,0,0,0 05-03~1,1,0,0,0 2026-07~3,2,1,1,0
3173166_293760|06-20~1,1,1,0,0 06-01~1,1,1,0,0 2026-07M~1,0,0,0,0 05-30~1,1,0,0,0 07-13~1,0,0,0,0 06-05~2,1,0,0,0 06-15~1,0,0,0,0 08-25~1,0,0,0,0 06-13~1,0,0,0,0 07-08~2,1,0,0,0 05-21~1,0,0,0,0 05-08~1,1,0,0,0 07-12~2,1,1,0,0 05-01~1,1,0,0,0 all~27,16,10,4,0 06-30~2,2,2,0,0 08-01~2,1,1,0,0 05-26~1,1,1,0,0 09-02~1,1,1,0,0 06-21~1,1,1,1,0 06-24~3,1,1,0,0 07-21~1,0,0,0,0 2026-08~4,2,1,0,0 2026-05~10,5,1,1,0 07-14~1,0,0,0,0 06-22~1,0,0,0,0 06-29~1,0,0,0,0 05-06~1,0,0,0,0 05-11~1,1,0,0,0 06-23~3,1,1,0,0 2026-09~1,1,1,0,0 07-06~1,0,0,0,0 2026-08M~2,1,1,0,0 2026-06M~1,1,1,0,0 05-04~1,0,0,0,0 2026-06~14,9,8,3,0 07-17~1,0,0,0,0 05-09~1,0,0,0,0 07-01~1,0,0,0,0 2026-07~6,2,1,0,0 2026-09M~1,1,1,0,0 2026-05M~1,1,0,0,0 06-12~2,2,1,0,0 06-11~1,1,1,1,0 06-26~1,0,0,0,0 05-31~2,0,0,0,0 05-03~1,1,0,0,0 08-16~1,1,0,0,0
3173166_386190|2026-05~4,4,3,3,0 2026-06~3,3,3,3,0 05-10~1,1,0,0,0 06-11~1,1,1,1,0 06-15~1,1,1,1,0 05-16~1,1,1,1,0 06-06~1,1,1,1,0 05-21~2,2,2,2,0 05-18~1,0,0,0,0 all~7,7,6,6,0
3173166_465448|06-18~1,1,1,0,0 05-08~1,0,0,0,0 2026-08~7,6,3,1,0 08-30~1,1,1,0,0 05-10~1,1,0,0,0 05-18~1,0,0,0,0 07-02~1,0,0,0,0 07-24~1,1,1,0,0 08-20~1,1,1,1,0 2026-05~6,6,3,1,0 05-27~2,1,0,0,0 2026-09M~2,1,1,0,0 06-22~1,1,1,1,0 05-07~2,2,0,0,0 05-14~2,2,2,1,0 06-26~1,1,1,0,0 09-01~1,1,1,0,0 06-15~1,0,0,0,0 2026-07M~1,0,0,0,0 05-30~1,0,0,0,0 06-12~1,0,0,0,0 07-07~1,1,1,1,0 08-31~2,2,0,0,0 2026-09~2,1,1,0,0 08-15~2,1,1,0,0 2026-06~7,5,4,1,0 08-24~1,1,0,0,0 05-11~1,0,0,0,0 09-02~1,0,0,0,0 all~20,19,13,4,0 06-19~1,1,1,0,0 05-26~1,1,1,0,0 2026-07~3,2,2,1,0 06-03~1,1,0,0,0
3173166_484043|07-17~1,0,0,0,0 2026-06M~11,9,3,2,0 05-20~5,2,0,0,0 06-05~7,6,5,3,0 06-22~2,0,0,0,0 05-17~2,0,0,0,0 07-14~1,0,0,0,0 06-18~4,1,1,1,0 05-30~7,5,4,4,0 2026-07M~2,0,0,0,0 07-18~1,0,0,0,0 05-01~3,3,0,0,0 2026-09M~1,0,0,0,0 06-06~9,5,4,4,0 05-14~5,1,0,0,0 06-08~8,4,2,2,0 08-05~1,0,0,0,0 06-21~1,0,0,0,0 06-07~5,3,2,1,0 08-29~2,2,2,2,0 2026-05~101,63,27,21,0 05-29~11,7,5,4,0 05-11~5,2,0,0,0 06-03~2,1,0,0,0 05-06~1,1,0,0,0 06-04~5,3,1,1,0 07-02~1,0,0,0,0 07-01~1,0,0,0,0 08-19~1,1,1,1,0 06-30~1,0,0,0,0 08-25~1,1,1,0,0 07-22~1,0,0,0,0 07-21~1,0,0,0,0 06-09~2,1,1,1,0 07-11~1,1,0,0,0 05-25~4,3,2,2,0 09-02~1,0,0,0,0 05-28~9,7,3,3,0 05-12~5,3,0,0,0 06-26~1,0,0,0,0 05-19~7,3,1,1,0 05-31~7,6,2,1,0 2026-06~81,53,27,22,0 05-21~6,2,1,0,0 05-16~1,0,0,0,0 06-02~5,4,2,1,0 06-11~13,10,1,1,0 05-03~1,1,0,0,0 05-08~6,3,0,0,0 08-22~1,1,0,0,0 05-10~5,3,0,0,0 2026-05M~3,3,0,0,0 08-06~1,0,0,0,0 05-24~2,2,1,1,0 2026-07~5,3,0,0,0 05-15~3,2,1,1,0 06-10~4,1,1,1,0 05-27~6,3,2,1,0 05-18~4,3,1,0,0 06-13~2,0,0,0,0 06-16~5,4,2,1,0 05-22~6,4,3,2,0 2026-08~6,6,5,4,0 06-20~2,2,2,1,0 05-26~1,0,0,0,0 07-19~1,0,0,0,0 06-01~6,5,1,1,0 05-07~2,1,0,0,0 06-17~2,1,1,1,0 05-09~4,2,0,0,0 05-04~4,1,0,0,0 2026-09~1,0,0,0,0 06-14~1,0,0,0,0 08-07~1,1,1,1,0 07-04~1,1,0,0,0 06-12~3,2,2,2,0 06-25~2,1,0,0,0 07-07~1,1,0,0,0 06-28~1,0,0,0,0 05-05~4,2,0,0,0 all~184,123,59,47,0 05-13~2,1,1,1,0 07-16~1,1,0,0,0
3173166_498523|07-10~3,3,2,2,0 06-16~3,3,0,0,0 2026-06~16,15,8,7,0 06-22~2,2,2,2,0 07-13~2,2,1,1,0 06-27~1,1,1,1,0 07-05~1,1,1,1,0 2026-07M~1,1,0,0,0 06-26~2,1,1,1,0 07-14~1,1,0,0,0 06-19~3,3,1,1,0 07-01~1,1,0,0,0 2026-07~19,18,11,11,0 06-25~1,1,0,0,0 07-09~2,1,1,1,0 06-11~2,2,1,0,0 07-04~1,1,1,1,0 06-23~1,0,0,0,0 06-30~2,2,2,2,0 07-11~5,5,4,4,0 all~34,32,19,18,0 07-12~3,1,1,1,0 07-07~1,1,0,0,0 07-03~1,1,0,0,0
3173166_89238|05-12~5,2,0,0,0 05-03~8,3,0,0,0 07-08~3,0,0,0,0 06-27~2,0,0,0,0 08-14~2,1,0,0,0 07-31~1,1,1,0,0 09-02~2,1,0,0,0 2026-09~3,1,0,0,0 07-16~6,3,2,0,0 06-29~2,1,1,0,0 05-30~13,4,3,1,0 06-09~5,3,2,1,0 05-17~4,2,1,1,0 05-27~3,1,0,0,0 08-09~1,0,0,0,0 05-24~5,1,1,0,0 07-17~2,1,1,0,0 06-01~3,0,0,0,0 2026-06~67,28,16,4,0 06-28~2,1,1,0,0 2026-05~80,47,13,7,1 08-11~2,2,2,0,0 06-24~1,0,0,0,0 09-01~1,0,0,0,0 05-31~3,1,1,0,0 07-10~1,1,1,0,0 05-18~3,2,2,1,0 06-06~4,3,2,0,0 05-07~7,4,0,0,0 06-19~4,2,1,0,0 05-21~5,0,0,0,0 07-29~5,1,1,0,0 08-19~1,1,1,1,0 07-15~5,2,2,2,0 08-30~1,1,1,0,0 06-03~4,0,0,0,0 05-22~3,1,0,0,0 08-16~2,1,0,0,0 06-25~2,0,0,0,0 06-21~1,1,0,0,0 08-15~2,1,1,0,0 06-26~1,0,0,0,0 07-30~5,3,3,2,0 all~237,132,83,34,1 08-22~1,1,1,0,0 06-11~6,1,0,0,0 07-07~9,2,1,0,0 05-26~1,0,0,0,0 05-25~5,1,1,1,0 08-08~2,2,2,0,0 08-21~1,0,0,0,0 06-12~1,0,0,0,0 07-04~8,2,0,0,0 05-02~3,2,0,0,0 06-18~3,2,2,0,0 05-06~9,2,0,0,0 05-05~2,2,0,0,0 08-28~2,1,1,0,0 08-18~2,1,1,0,0 2026-07M~8,2,2,2,0 07-12~2,1,1,1,0 06-04~3,0,0,0,0 08-24~1,0,0,0,0 05-09~4,2,0,0,0 06-17~2,0,0,0,0 07-01~3,2,2,2,0 05-13~4,2,1,1,0 05-16~5,0,0,0,0 06-08~5,2,2,1,0 06-15~4,0,0,0,0 08-26~2,1,1,0,0 07-03~6,1,1,0,0 07-09~5,1,1,1,0 05-01~6,1,0,0,0 07-21~3,1,1,0,0 08-04~2,2,1,0,0 05-29~5,0,0,0,0 08-13~1,1,1,1,0 06-20~4,1,0,0,0 05-10~7,4,0,0,0 07-18~2,1,0,0,0 07-25~3,0,0,0,0 06-16~2,0,0,0,0 05-08~8,5,0,0,0 08-25~1,1,1,0,0 07-13~2,1,1,0,0 06-05~7,4,1,0,0 08-27~4,0,0,0,0 06-14~3,0,0,0,0 07-02~5,0,0,0,0 06-13~2,1,1,1,0 08-20~6,1,1,1,0 07-05~5,2,2,1,0 2026-08~44,24,21,4,0 05-11~5,2,0,0,0 07-19~4,3,2,2,0 07-24~1,0,0,0,0 06-10~6,2,1,0,0 08-23~4,1,0,0,0 07-06~5,2,2,2,0 07-27~2,2,2,1,0 08-02~2,2,2,0,0 07-22~1,0,0,0,0 08-07~1,0,0,0,0 2026-08M~2,2,2,0,0 07-14~3,0,0,0,0 06-02~5,0,0,0,0 08-31~3,1,1,0,0 2026-07~86,40,34,17,0 08-10~2,1,1,0,0 06-23~5,1,0,0,0 07-23~2,1,1,0,0 2026-09M~3,1,0,0,0 08-29~2,1,1,0,0 05-04~5,2,0,0,0 07-20~5,3,3,0,0 05-28~10,2,1,0,0 08-05~2,0,0,0,0 05-20~2,1,0,0,0 07-28~2,2,1,0,0 07-26~3,1,1,1,0 06-30~3,1,1,0,0 08-03~3,1,1,0,0 2026-05M~9,3,0,0,0 07-11~3,1,1,0,0 06-07~6,2,1,0,0 05-19~2,1,0,0,0 05-23~4,1,1,0,0 05-14~7,2,2,0,0 2026-06M~8,0,0,0,0
3667766_85215|2026-08~2,0,0,0,0 07-06~1,0,0,0,0 06-13~1,1,1,1,0 07-27~1,1,0,0,0 06-17~1,0,0,0,0 2026-07~3,1,0,0,0 07-02~2,0,0,0,0 2026-05~1,0,0,0,0 05-03~1,0,0,0,0 2026-06~5,3,3,1,0 all~10,4,3,2,0 08-22~1,0,0,0,0 06-28~1,1,1,0,0 2026-07M~2,0,0,0,0 08-25~1,0,0,0,0 06-26~2,1,1,0,0
3849227_279402|06-24~6,1,0,0,0 06-03~2,0,0,0,0 07-07~5,0,0,0,0 08-16~6,0,0,0,0 08-08~5,1,1,0,0 07-25~4,0,0,0,0 2026-09~7,0,0,0,0 05-23~1,0,0,0,0 07-22~6,0,0,0,0 08-02~4,0,0,0,0 08-21~4,0,0,0,0 07-01~6,0,0,0,0 06-19~5,0,0,0,0 05-19~2,0,0,0,0 06-16~6,0,0,0,0 05-04~3,0,0,0,0 05-07~3,0,0,0,0 08-06~5,0,0,0,0 05-25~3,1,0,0,0 05-08~5,1,0,0,0 08-05~6,0,0,0,0 08-22~5,0,0,0,0 05-27~3,1,0,0,0 05-17~1,0,0,0,0 07-26~6,0,0,0,0 07-21~6,0,0,0,0 07-04~4,0,0,0,0 07-05~4,0,0,0,0 08-19~6,0,0,0,0 09-01~5,0,0,0,0 06-08~3,0,0,0,0 07-10~5,0,0,0,0 06-10~6,0,0,0,0 07-08~5,0,0,0,0 05-12~2,0,0,0,0 07-28~4,0,0,0,0 06-30~6,0,0,0,0 07-23~5,0,0,0,0 08-27~3,0,0,0,0 05-03~1,0,0,0,0 05-28~2,0,0,0,0 08-30~5,0,0,0,0 06-14~4,1,0,0,0 2026-06M~3,0,0,0,0 05-20~3,0,0,0,0 06-05~5,0,0,0,0 2026-05~8,1,0,0,0 07-29~5,0,0,0,0 06-25~6,0,0,0,0 06-02~3,0,0,0,0 07-24~5,0,0,0,0 06-09~3,0,0,0,0 07-11~5,0,0,0,0 05-15~4,0,0,0,0 05-13~3,0,0,0,0 06-21~5,0,0,0,0 07-13~5,1,0,0,0 07-31~5,0,0,0,0 06-29~5,0,0,0,0 06-17~5,1,1,1,1 06-23~6,0,0,0,0 08-13~5,1,0,0,0 2026-06~13,2,2,2,2 07-16~8,1,0,0,0 05-22~3,0,0,0,0 2026-08~7,3,2,1,0 08-24~5,0,0,0,0 05-26~3,0,0,0,0 06-12~4,1,0,0,0 08-01~4,0,0,0,0 07-12~6,0,0,0,0 06-15~3,1,0,0,0 08-07~7,1,0,0,0 06-18~5,1,1,1,1 09-02~7,0,0,0,0 05-18~3,0,0,0,0 all~22,5,4,4,4 08-17~5,1,1,0,0 08-20~5,0,0,0,0 06-20~6,0,0,0,0 07-20~8,1,0,0,0 08-03~6,1,1,0,0 2026-09M~7,0,0,0,0 06-13~4,0,0,0,0 05-14~2,0,0,0,0 05-09~3,0,0,0,0 05-10~3,0,0,0,0 2026-05M~2,1,0,0,0 05-24~2,0,0,0,0 08-26~5,0,0,0,0 08-29~4,0,0,0,0 05-30~3,0,0,0,0 2026-07M~6,0,0,0,0 08-12~6,0,0,0,0 06-26~5,0,0,0,0 06-27~4,0,0,0,0 05-29~2,0,0,0,0 2026-07~11,3,1,1,1 07-18~5,0,0,0,0 08-23~6,1,0,0,0 05-01~2,1,0,0,0 05-16~2,0,0,0,0 06-11~4,0,0,0,0 07-09~5,0,0,0,0 08-11~4,0,0,0,0 05-11~3,0,0,0,0 07-27~5,0,0,0,0 07-02~4,0,0,0,0 08-18~6,0,0,0,0 07-15~6,0,0,0,0 07-14~6,0,0,0,0 2026-08M~4,0,0,0,0 08-14~6,0,0,0,0 08-10~5,0,0,0,0 05-05~2,0,0,0,0 07-06~4,0,0,0,0 08-31~6,0,0,0,0 07-17~6,0,0,0,0 08-04~6,1,1,0,0 06-07~2,0,0,0,0 08-15~4,0,0,0,0 07-03~5,0,0,0,0 05-06~3,0,0,0,0 08-28~5,0,0,0,0 05-31~1,0,0,0,0 05-02~2,0,0,0,0 07-19~6,2,1,1,1 06-01~3,0,0,0,0 06-22~6,0,0,0,0 05-21~3,0,0,0,0 08-25~5,0,0,0,0 08-09~5,0,0,0,0 06-04~3,0,0,0,0 06-06~4,0,0,0,0 07-30~5,0,0,0,0 06-28~4,0,0,0,0
3933097_274726|08-30~1,0,0,0,0 05-01~1,0,0,0,0 06-23~1,0,0,0,0 2026-09~1,0,0,0,0 08-18~1,0,0,0,0 2026-07~3,0,0,0,0 06-04~1,0,0,0,0 08-02~1,0,0,0,0 08-25~1,0,0,0,0 08-26~1,0,0,0,0 08-03~1,0,0,0,0 07-27~1,0,0,0,0 07-20~1,0,0,0,0 2026-05~1,0,0,0,0 05-29~1,0,0,0,0 06-10~1,0,0,0,0 07-08~2,0,0,0,0 06-16~1,0,0,0,0 07-29~1,0,0,0,0 06-13~1,0,0,0,0 06-15~1,0,0,0,0 07-30~1,0,0,0,0 all~6,4,3,1,0 08-17~1,0,0,0,0 08-15~1,0,0,0,0 08-20~1,0,0,0,0 2026-08~2,1,1,0,0 06-11~1,0,0,0,0 07-09~1,0,0,0,0 09-02~1,0,0,0,0 08-04~1,0,0,0,0 07-31~1,0,0,0,0 06-29~2,1,1,1,0 08-13~1,0,0,0,0 08-28~1,0,0,0,0 07-05~1,0,0,0,0 07-22~1,0,0,0,0 2026-06~4,3,2,1,0 06-20~1,1,1,0,0 08-14~1,0,0,0,0 2026-08M~1,0,0,0,0 06-24~1,1,0,0,0 2026-09M~1,0,0,0,0 08-05~2,1,1,0,0 08-08~1,0,0,0,0 08-12~1,0,0,0,0 06-18~1,0,0,0,0 07-11~1,0,0,0,0 05-10~1,0,0,0,0 2026-05M~1,0,0,0,0 07-24~1,0,0,0,0 06-14~1,0,0,0,0 06-12~1,0,0,0,0
3933097_372799|07-07~1,0,0,0,0 2026-07M~1,1,1,1,0 2026-06~3,1,1,1,0 07-04~1,0,0,0,0 07-10~1,0,0,0,0 2026-06M~1,0,0,0,0 05-20~1,1,1,1,0 07-05~1,0,0,0,0 05-26~1,0,0,0,0 06-13~1,0,0,0,0 06-23~1,0,0,0,0 07-12~1,1,0,0,0 07-01~1,1,1,1,0 05-31~1,0,0,0,0 06-05~1,1,1,0,0 all~6,3,3,3,0 06-02~1,0,0,0,0 2026-07~4,2,1,1,0 2026-05~1,1,1,1,0
3933097_397337|08-05~1,0,0,0,0 05-02~2,0,0,0,0 06-20~3,0,0,0,0 06-12~4,0,0,0,0 06-26~1,0,0,0,0 2026-06M~4,0,0,0,0 05-20~4,3,1,0,0 07-26~2,1,1,0,0 05-27~3,1,1,1,0 08-14~2,0,0,0,0 08-17~2,0,0,0,0 all~60,48,36,18,1 2026-08M~4,1,1,1,0 06-16~3,1,0,0,0 08-09~4,0,0,0,0 08-20~3,0,0,0,0 08-27~3,0,0,0,0 06-04~1,0,0,0,0 08-30~3,0,0,0,0 08-08~1,0,0,0,0 07-01~5,2,2,1,0 06-19~1,0,0,0,0 08-21~2,0,0,0,0 07-02~2,0,0,0,0 07-20~2,0,0,0,0 05-29~3,2,0,0,0 06-15~4,1,1,1,0 07-18~4,1,1,0,0 08-26~3,0,0,0,0 07-22~1,0,0,0,0 07-12~3,0,0,0,0 05-28~1,0,0,0,0 08-10~2,0,0,0,0 08-23~5,2,1,1,0 2026-09~4,0,0,0,0 05-23~2,1,1,0,0 06-23~3,0,0,0,0 05-24~3,0,0,0,0 06-02~4,0,0,0,0 05-15~1,0,0,0,0 07-17~2,0,0,0,0 2026-07~27,19,17,8,1 07-30~4,2,2,1,0 06-28~3,1,1,1,0 05-26~2,0,0,0,0 07-06~5,1,1,1,0 08-28~3,0,0,0,0 07-25~3,1,0,0,0 08-18~2,1,0,0,0 05-18~2,0,0,0,0 08-31~2,0,0,0,0 2026-06~22,12,8,4,0 05-21~1,0,0,0,0 07-05~2,0,0,0,0 05-14~2,0,0,0,0 06-08~2,0,0,0,0 07-10~2,1,1,1,0 07-16~1,0,0,0,0 06-03~2,0,0,0,0 06-06~2,0,0,0,0 08-15~4,1,1,1,0 05-31~2,0,0,0,0 08-11~2,0,0,0,0 08-12~3,0,0,0,0 08-22~3,1,1,1,0 06-24~2,0,0,0,0 07-19~3,1,1,0,0 06-01~2,0,0,0,0 08-02~3,0,0,0,0 06-11~2,0,0,0,0 07-09~2,1,1,0,0 07-29~3,1,1,0,0 05-13~1,0,0,0,0 07-27~2,0,0,0,0 07-23~2,0,0,0,0 08-04~4,1,1,0,0 08-01~2,1,1,1,0 05-17~1,0,0,0,0 05-08~1,0,0,0,0 06-05~1,0,0,0,0 08-16~2,0,0,0,0 2026-09M~4,0,0,0,0 05-25~2,0,0,0,0 08-29~4,1,1,0,0 08-07~3,0,0,0,0 05-30~3,0,0,0,0 2026-07M~5,2,2,1,0 2026-05~13,7,3,1,0 09-02~4,0,0,0,0 06-09~2,0,0,0,0 07-11~3,1,1,1,0 06-14~6,3,2,0,0 07-15~2,0,0,0,0 06-27~2,0,0,0,0 07-21~2,0,0,0,0 06-13~4,0,0,0,0 06-17~3,1,1,0,0 08-06~4,0,0,0,0 06-25~2,0,0,0,0 07-28~2,1,1,0,0 06-30~2,0,0,0,0 07-31~2,0,0,0,0 06-29~3,0,0,0,0 07-04~5,2,2,2,0 07-13~2,0,0,0,0 07-14~3,2,2,0,0 05-22~2,0,0,0,0 2026-08~17,10,8,5,0 05-07~2,0,0,0,0 08-19~1,0,0,0,0 09-01~1,0,0,0,0 06-10~4,1,1,0,0 07-08~2,0,0,0,0 05-10~1,0,0,0,0 2026-05M~2,0,0,0,0 05-11~1,0,0,0,0 06-18~4,3,2,1,0 06-21~2,0,0,0,0 05-12~1,0,0,0,0 08-13~3,0,0,0,0 05-06~1,0,0,0,0 07-03~3,0,0,0,0 06-07~2,0,0,0,0 06-22~3,1,0,0,0 07-07~5,0,0,0,0 08-03~5,2,2,1,0 07-24~3,1,0,0,0 08-25~2,0,0,0,0
3933097_401223|08-08~21,0,0,0,0 05-15~16,3,2,1,0 07-22~20,0,0,0,0 06-24~30,4,0,0,0 06-26~22,0,0,0,0 08-11~20,1,0,0,0 08-16~16,1,0,0,0 05-25~10,0,0,0,0 05-26~9,0,0,0,0 07-15~24,0,0,0,0 05-11~11,0,0,0,0 05-16~11,0,0,0,0 05-31~19,0,0,0,0 05-01~8,0,0,0,0 05-02~7,0,0,0,0 05-10~9,0,0,0,0 2026-05M~9,0,0,0,0 06-11~31,1,0,0,0 07-09~25,0,0,0,0 08-18~21,3,2,2,0 07-03~22,0,0,0,0 07-31~19,0,0,0,0 06-29~26,3,2,0,0 07-16~18,1,1,1,0 05-17~13,0,0,0,0 08-19~19,0,0,0,0 09-01~19,1,1,1,0 05-21~8,0,0,0,0 05-07~10,2,0,0,0 05-12~6,2,0,0,0 08-12~19,1,0,0,0 08-15~20,0,0,0,0 08-30~18,0,0,0,0 06-06~15,0,0,0,0 05-04~7,0,0,0,0 06-14~22,2,2,1,0 08-31~21,2,1,0,0 08-24~20,3,1,0,0 all~183,107,57,28,5 08-17~19,1,1,1,0 07-13~22,1,0,0,0 05-19~12,0,0,0,0 07-04~29,0,0,0,0 07-28~17,0,0,0,0 06-30~33,5,1,1,0 06-15~33,3,2,1,0 05-29~19,1,1,0,0 08-29~22,1,1,0,0 05-03~11,1,0,0,0 08-09~21,2,2,0,0 2026-08M~30,1,0,0,0 08-10~17,0,0,0,0 08-25~22,2,1,0,0 08-06~19,1,0,0,0 05-24~12,0,0,0,0 08-27~23,3,2,1,0 08-05~19,1,0,0,0 2026-06M~31,4,0,0,0 05-20~8,0,0,0,0 2026-09~25,2,1,1,0 05-23~10,0,0,0,0 05-13~10,0,0,0,0 08-03~18,1,1,0,0 07-27~20,1,1,0,0 08-22~19,1,0,0,0 06-08~15,0,0,0,0 07-10~33,3,2,0,0 2026-09M~25,2,1,1,0 07-19~24,1,1,0,0 06-01~18,0,0,0,0 06-03~14,0,0,0,0 06-16~32,3,1,1,0 2026-05~56,16,5,2,0 05-30~17,1,0,0,0 2026-07M~30,0,0,0,0 06-20~15,2,2,2,1 08-26~25,1,0,0,0 2026-07~89,25,16,7,1 07-23~20,1,1,0,0 05-27~11,1,0,0,0 08-07~20,0,0,0,0 07-14~20,0,0,0,0 08-14~17,0,0,0,0 06-21~15,2,2,2,0 06-22~23,0,0,0,0 05-18~10,2,1,0,0 07-02~22,0,0,0,0 06-18~20,0,0,0,0 08-01~24,1,0,0,0 07-01~25,0,0,0,0 06-19~24,1,1,0,0 2026-06~106,40,19,11,1 06-12~26,0,0,0,0 07-12~24,0,0,0,0 06-05~19,0,0,0,0 07-26~18,0,0,0,0 07-17~25,1,0,0,0 07-25~17,0,0,0,0 08-13~15,0,0,0,0 05-28~21,3,2,0,0 08-21~22,0,0,0,0 08-20~20,1,1,0,0 06-02~26,4,0,0,0 05-09~8,1,0,0,0 07-29~18,1,1,1,0 06-10~31,1,0,0,0 07-08~26,2,2,1,0 09-02~22,1,0,0,0 07-20~21,1,0,0,0 07-24~19,1,1,0,0 07-05~26,2,2,2,0 08-23~17,1,0,0,0 07-30~22,2,0,0,0 06-28~18,2,0,0,0 06-13~26,3,3,2,0 07-06~32,2,1,1,0 07-21~18,1,0,0,0 07-18~24,1,1,0,0 05-22~13,1,0,0,0 2026-08~73,27,15,5,1 06-04~16,0,0,0,0 05-06~10,0,0,0,0 05-08~15,0,0,0,0 06-07~13,0,0,0,0 05-05~10,1,0,0,0 07-07~31,3,2,0,0 06-23~20,0,0,0,0 06-27~14,2,2,1,0 06-09~18,1,1,0,0 07-11~22,0,0,0,0 05-14~8,0,0,0,0 06-25~25,1,0,0,0 06-17~23,0,0,0,0 08-28~12,0,0,0,0 08-02~16,0,0,0,0 08-04~20,2,2,1,0
3933097_401935|08-06~4,2,1,1,0 05-01~2,2,0,0,0 06-23~6,1,0,0,0 08-27~8,5,4,0,0 07-09~4,1,0,0,0 06-11~7,4,2,1,0 06-25~6,3,3,1,0 2026-09~11,7,2,0,0 05-23~5,4,3,1,0 07-25~7,3,2,0,0 05-24~6,5,3,1,0 08-17~4,3,0,0,0 all~334,317,196,63,1 08-14~2,0,0,0,0 06-15~8,3,3,0,0 05-07~1,1,0,0,0 08-23~5,3,2,1,0 08-24~7,4,2,0,0 06-07~7,6,5,1,0 08-03~4,2,2,0,0 08-30~8,6,2,0,0 05-08~2,2,0,0,0 07-02~5,1,0,0,0 08-22~6,3,1,1,0 06-19~4,2,1,0,0 07-01~4,1,0,0,0 07-23~4,0,0,0,0 08-28~2,2,1,0,0 06-16~1,1,1,1,0 2026-08M~7,2,1,0,0 06-03~4,4,1,0,0 08-25~7,6,4,1,0 07-21~5,3,2,0,0 07-11~1,1,0,0,0 06-09~8,4,3,2,0 08-13~8,5,3,1,0 08-20~4,2,0,0,0 2026-06M~18,10,7,1,0 05-20~2,2,1,0,0 06-20~4,3,3,1,0 05-27~2,1,0,0,0 05-02~5,4,0,0,0 08-09~5,2,0,0,0 06-01~6,2,1,0,0 07-19~6,1,1,0,0 05-03~5,5,0,0,0 05-16~1,1,1,1,0 07-14~6,2,1,0,0 05-25~7,4,4,1,0 07-05~6,5,4,1,0 07-26~7,3,3,2,0 08-31~6,3,1,0,0 07-29~8,4,3,1,0 2026-05~95,86,35,12,0 05-22~6,2,0,0,0 2026-08~99,81,43,10,0 07-06~9,2,2,2,0 08-18~6,6,1,0,0 05-17~1,1,1,0,0 07-13~3,1,0,0,0 07-15~4,2,2,0,0 07-18~4,3,3,1,0 06-05~7,5,3,1,0 08-16~7,5,3,0,0 05-15~5,5,3,1,0 08-12~4,3,1,0,0 05-09~5,5,0,0,0 08-11~3,1,0,0,0 08-21~4,2,2,0,0 06-02~13,8,6,1,0 08-01~5,2,1,0,0 06-12~18,7,4,1,0 05-31~6,4,4,2,0 05-10~2,1,0,0,0 2026-05M~7,6,0,0,0 07-24~6,5,5,0,0 07-20~3,1,1,0,0 08-07~2,0,0,0,0 08-02~3,0,0,0,0 05-14~4,2,1,0,0 06-29~4,1,0,0,0 07-31~3,2,1,0,0 05-06~4,2,0,0,0 06-06~2,1,1,0,0 08-15~7,4,1,0,0 05-26~1,1,1,0,0 08-04~2,1,1,1,0 2026-06~117,93,72,23,0 09-01~6,3,0,0,0 08-19~4,2,1,1,0 07-12~6,4,2,1,0 06-17~8,7,6,1,0 07-16~6,3,2,0,0 06-24~7,3,3,0,0 07-22~5,4,3,1,0 07-08~6,2,1,0,0 06-10~10,3,3,1,0 06-14~3,2,2,0,0 08-05~4,3,2,0,0 06-26~7,6,5,2,0 07-07~10,1,1,0,0 07-10~5,3,2,1,0 06-08~6,4,4,1,0 07-17~3,1,1,0,0 05-21~2,2,1,1,0 05-04~6,6,0,0,0 09-02~7,4,2,0,0 06-13~8,1,1,1,0 05-13~2,2,0,0,0 05-12~4,3,0,0,0 2026-09M~11,7,2,0,0 05-28~11,5,2,2,0 08-08~5,1,1,0,0 07-03~6,1,1,0,0 06-22~10,5,5,1,0 08-29~5,3,2,0,0 06-28~2,1,0,0,0 07-30~4,0,0,0,0 05-11~6,6,0,0,0 05-19~2,2,1,0,0 08-10~7,4,4,0,0 05-05~1,1,0,0,0 06-18~6,2,2,0,0 06-04~3,2,1,0,0 06-21~6,3,2,0,0 07-04~3,1,1,0,0 2026-07~89,65,48,15,0 07-27~4,1,1,1,0 08-26~3,0,0,0,0 05-18~3,3,2,1,0 05-29~8,4,3,0,0 05-30~9,4,4,1,0 2026-07M~8,2,0,0,0 06-30~6,3,1,0,0 07-28~6,5,4,1,0
3933097_401936|06-04~2,0,0,0,0 07-02~7,3,2,0,0 06-18~9,6,5,3,0 08-28~1,0,0,0,0 06-10~3,2,0,0,0 07-08~8,5,4,4,0 05-18~2,1,1,1,0 05-21~3,1,1,0,0 05-06~3,1,0,0,0 2026-05~53,42,17,9,0 05-28~5,2,0,0,0 08-04~3,0,0,0,0 05-07~4,4,0,0,0 06-14~13,11,10,5,0 05-24~7,4,3,2,0 08-26~1,0,0,0,0 06-25~14,6,3,2,0 2026-08~9,0,0,0,0 05-22~1,0,0,0,0 06-17~16,12,9,3,0 07-28~7,4,3,0,0 06-30~6,1,1,1,0 05-29~4,1,1,0,0 08-27~2,0,0,0,0 2026-06~186,166,127,54,0 07-20~7,5,4,2,0 05-05~2,1,0,0,0 05-23~2,0,0,0,0 2026-09~1,0,0,0,0 06-12~14,11,8,3,0 07-13~9,4,4,2,0 09-02~1,0,0,0,0 08-02~4,0,0,0,0 07-15~15,12,8,3,0 05-27~5,2,1,1,0 06-22~10,7,4,0,0 05-20~6,4,2,0,0 2026-06M~9,5,4,0,0 08-06~3,0,0,0,0 07-16~10,8,5,3,0 05-17~3,2,1,0,0 all~384,355,253,109,1 08-17~1,0,0,0,0 08-23~1,0,0,0,0 2026-08M~4,0,0,0,0 05-14~3,1,1,1,0 2026-09M~1,0,0,0,0 08-19~2,0,0,0,0 08-05~1,0,0,0,0 2026-07~187,155,111,42,1 08-31~1,0,0,0,0 07-19~9,7,4,1,0 06-01~6,4,4,0,0 07-14~13,8,4,1,0 05-02~1,0,0,0,0 07-27~8,6,4,3,0 07-25~10,9,5,1,1 07-30~3,2,0,0,0 06-28~10,8,5,2,0 05-11~2,1,0,0,0 06-13~5,4,4,2,0 07-06~11,4,4,0,0 08-18~1,0,0,0,0 08-07~1,0,0,0,0 05-13~2,2,2,0,0 06-15~9,6,4,3,0 06-08~5,2,1,1,0 07-10~8,5,5,2,0 06-05~2,0,0,0,0 05-19~5,3,3,3,0 05-31~6,1,1,0,0 07-07~10,5,2,1,0 07-04~10,4,1,0,0 05-26~1,0,0,0,0 06-24~15,10,8,4,0 06-26~13,10,9,3,0 05-08~4,1,0,0,0 2026-05M~3,1,0,0,0 05-10~1,0,0,0,0 06-11~18,13,9,5,0 07-09~6,4,4,2,0 05-03~3,2,0,0,0 06-27~12,7,3,1,0 05-12~4,1,0,0,0 05-15~2,0,0,0,0 08-01~2,0,0,0,0 07-23~1,0,0,0,0 07-18~15,9,6,1,0 05-09~5,3,0,0,0 06-09~7,4,3,0,0 07-11~12,7,5,3,0 08-12~1,0,0,0,0 07-29~3,1,0,0,0 08-03~2,0,0,0,0 06-03~6,4,3,0,0 08-08~3,0,0,0,0 05-16~5,4,0,0,0 07-12~5,4,4,0,0 07-24~4,2,1,0,0 07-17~9,7,5,3,0 08-24~2,0,0,0,0 06-06~2,1,1,1,0 05-04~3,1,0,0,0 06-02~3,1,0,0,0 05-25~2,0,0,0,0 06-23~17,11,6,3,0 06-16~7,5,5,1,0 08-15~1,0,0,0,0 06-20~10,8,5,3,0 06-07~2,0,0,0,0 07-26~13,8,6,0,0 08-09~1,0,0,0,0 2026-07M~19,13,8,4,0 05-30~3,0,0,0,0 07-22~5,3,2,1,0 05-01~3,1,0,0,0 07-21~12,9,8,0,0 08-13~1,0,0,0,0 08-30~1,0,0,0,0 06-21~8,5,3,1,0 07-05~6,2,2,0,0 07-01~13,10,6,4,0 06-19~16,13,11,5,0 07-03~15,6,4,2,0 07-31~7,1,0,0,0 06-29~11,8,4,1,0 08-25~2,0,0,0,0
3933097_491951|06-13~1,0,0,0,0 07-30~1,0,0,0,0 05-14~1,1,1,0,0 07-15~2,1,0,0,0 06-21~1,0,0,0,0 2026-07M~1,0,0,0,0 05-12~5,5,0,0,0 2026-06M~5,5,0,0,0 06-02~5,5,0,0,0 06-09~1,1,1,0,0 07-16~1,0,0,0,0 05-04~1,1,0,0,0 05-28~1,0,0,0,0 07-27~2,1,0,0,0 06-27~1,0,0,0,0 08-28~1,1,1,0,0 07-14~1,1,1,1,0 08-10~1,0,0,0,0 06-12~1,0,0,0,0 07-13~1,0,0,0,0 2026-08~5,3,2,1,0 05-24~1,0,0,0,0 2026-06~9,6,1,0,0 07-03~1,0,0,0,0 07-24~2,1,1,0,0 07-06~1,0,0,0,0 06-14~1,0,0,0,0 06-18~1,0,0,0,0 08-13~1,0,0,0,0 05-11~1,1,0,0,0 06-25~1,0,0,0,0 08-18~1,1,1,1,0 06-22~2,0,0,0,0 2026-05~15,11,1,0,0 all~31,25,7,2,0 08-03~1,0,0,0,0 07-02~1,0,0,0,0 2026-09~1,0,0,0,0 05-23~1,0,0,0,0 08-11~1,0,0,0,0 06-11~1,0,0,0,0 08-14~1,0,0,0,0 08-26~2,1,0,0,0 05-26~1,0,0,0,0 07-23~1,1,1,0,0 09-01~1,0,0,0,0 06-29~2,0,0,0,0 07-28~1,0,0,0,0 2026-07~8,5,3,1,0 05-06~3,3,0,0,0 06-15~1,0,0,0,0 08-04~1,0,0,0,0 05-05~1,0,0,0,0 2026-09M~1,0,0,0,0 06-19~1,0,0,0,0 07-07~1,0,0,0,0
3933097_492161|05-20~1,0,0,0,0 2026-06M~2,2,0,0,0 06-02~2,2,0,0,0 06-30~1,0,0,0,0 05-05~2,2,0,0,0 06-26~1,1,1,0,0 05-29~1,0,0,0,0 07-23~1,1,0,0,0 06-18~1,0,0,0,0 08-14~1,0,0,0,0 05-01~3,1,0,0,0 05-06~2,0,0,0,0 2026-09~1,1,0,0,0 all~33,18,5,2,0 2026-08~7,1,0,0,0 2026-05~17,9,1,0,0 05-04~1,0,0,0,0 08-13~1,0,0,0,0 06-10~2,0,0,0,0 05-03~1,0,0,0,0 07-27~2,1,1,1,0 08-30~1,0,0,0,0 06-23~1,0,0,0,0 2026-05M~3,1,0,0,0 05-10~2,1,0,0,0 2026-07~10,4,2,1,0 06-08~1,0,0,0,0 2026-09M~1,1,0,0,0 05-27~2,2,1,0,0 05-07~2,1,0,0,0 08-18~1,0,0,0,0 05-12~1,1,0,0,0 2026-06~7,4,2,1,0 07-03~1,0,0,0,0 08-24~2,0,0,0,0 06-14~1,1,1,1,0 09-01~1,1,0,0,0 05-25~1,0,0,0,0 05-09~1,0,0,0,0 08-08~1,0,0,0,0 07-11~1,0,0,0,0 08-31~1,0,0,0,0 07-16~1,0,0,0,0 08-07~2,1,0,0,0 07-15~4,2,0,0,0 06-15~1,0,0,0,0 05-11~2,2,0,0,0 07-09~1,1,1,0,0 06-11~2,0,0,0,0
3933097_492163|05-23~4,0,0,0,0 2026-09~8,0,0,0,0 05-04~5,1,0,0,0 05-18~5,1,0,0,0 07-22~9,0,0,0,0 2026-09M~8,0,0,0,0 06-08~4,1,1,1,0 07-10~6,0,0,0,0 07-24~9,2,1,1,0 06-24~9,0,0,0,0 07-14~9,0,0,0,0 08-13~8,1,1,1,0 07-06~10,2,1,1,0 09-02~8,0,0,0,0 08-29~6,0,0,0,0 05-11~2,0,0,0,0 08-12~9,0,0,0,0 06-03~6,3,2,1,0 07-18~6,1,1,1,1 06-22~4,0,0,0,0 08-31~6,1,1,0,0 07-17~7,0,0,0,0 07-02~9,2,1,1,1 06-20~8,1,1,1,0 06-10~5,1,0,0,0 07-08~6,0,0,0,0 08-15~7,0,0,0,0 07-21~7,0,0,0,0 08-10~6,1,0,0,0 06-18~8,0,0,0,0 05-17~5,1,0,0,0 06-15~7,1,0,0,0 06-04~4,0,0,0,0 05-13~4,1,0,0,0 06-27~5,0,0,0,0 08-02~8,1,1,1,1 05-02~5,1,0,0,0 08-28~6,0,0,0,0 07-30~10,2,2,1,0 06-28~5,0,0,0,0 2026-08~54,32,23,14,3 05-22~7,1,1,0,0 05-05~3,1,0,0,0 06-07~6,2,2,1,1 08-01~12,3,3,1,0 06-12~7,1,1,0,0 06-14~6,0,0,0,0 2026-07~52,26,16,12,2 07-01~12,4,1,1,0 06-19~9,1,0,0,0 07-04~8,0,0,0,0 05-26~4,0,0,0,0 2026-05M~7,2,0,0,0 05-10~4,1,0,0,0 08-08~7,0,0,0,0 07-26~8,0,0,0,0 07-03~7,0,0,0,0 08-18~9,0,0,0,0 05-24~5,0,0,0,0 07-13~7,1,1,1,0 05-28~6,0,0,0,0 05-09~2,0,0,0,0 06-25~10,3,1,1,0 06-21~6,1,1,1,0 05-15~3,0,0,0,0 08-17~8,1,0,0,0 all~140,97,59,41,7 08-04~14,3,3,1,0 07-28~8,2,2,1,0 06-30~8,1,1,1,0 05-12~4,1,0,0,0 08-06~10,1,1,0,0 07-07~9,1,0,0,0 2026-06~39,21,13,9,1 05-27~4,0,0,0,0 08-24~6,0,0,0,0 08-20~6,1,1,1,0 08-05~9,1,0,0,0 08-16~9,3,2,1,0 08-07~10,2,1,0,0 05-14~2,0,0,0,0 06-13~7,0,0,0,0 07-16~7,1,0,0,0 06-17~6,0,0,0,0 07-25~6,0,0,0,0 06-23~7,0,0,0,0 06-09~6,0,0,0,0 07-11~9,2,2,1,0 07-15~9,1,0,0,0 05-21~3,0,0,0,0 05-20~4,0,0,0,0 2026-06M~7,1,1,1,0 07-27~6,0,0,0,0 05-07~3,1,0,0,0 08-21~7,1,0,0,0 06-06~6,1,1,1,0 06-11~6,0,0,0,0 07-09~7,0,0,0,0 05-16~3,0,0,0,0 06-16~8,1,0,0,0 08-03~7,0,0,0,0 07-12~7,1,0,0,0 08-22~8,2,2,1,0 08-27~8,2,1,1,1 05-31~7,1,1,1,0 08-11~8,1,0,0,0 06-02~5,1,1,1,0 05-19~7,4,2,2,0 07-23~10,3,2,1,0 08-30~6,2,2,2,0 07-29~8,1,0,0,0 05-08~4,0,0,0,0 08-26~5,1,1,0,0 08-09~8,1,0,0,0 07-19~10,1,1,1,0 06-01~6,0,0,0,0 07-05~6,0,0,0,0 08-25~8,1,1,1,0 08-23~7,1,1,1,0 07-20~7,0,0,0,0 06-05~2,0,0,0,0 08-14~7,1,1,1,0 2026-08M~13,4,4,2,1 05-06~5,0,0,0,0 08-19~7,1,0,0,0 09-01~5,0,0,0,0 05-25~3,0,0,0,0 06-26~8,2,1,0,0 05-03~4,0,0,0,0 05-01~5,1,0,0,0 2026-07M~14,6,2,2,1 05-30~7,0,0,0,0 05-29~10,3,3,2,1 2026-05~32,19,7,5,1 07-31~7,1,1,1,0 06-29~10,0,0,0,0
3933097_492350|08-14~64,4,3,1,0 05-28~68,7,6,0,0 05-09~38,2,0,0,0 06-26~61,6,3,2,0 07-20~54,4,2,1,0 07-22~58,3,1,1,0 05-03~35,3,0,0,0 05-24~37,4,4,2,1 06-11~81,9,4,2,0 07-09~66,4,4,1,0 08-29~58,1,1,0,0 2026-07~291,90,58,32,3 08-26~62,2,2,1,0 05-25~43,3,2,0,0 07-15~53,1,0,0,0 05-06~34,2,0,0,0 08-04~75,2,1,0,0 06-07~51,6,3,3,0 06-12~63,2,1,1,0 05-22~34,3,1,1,0 2026-08~270,95,65,35,6 08-05~57,3,1,0,0 08-09~61,5,4,1,0 07-02~79,5,2,1,0 05-27~42,1,0,0,0 05-18~30,1,0,0,0 05-01~35,3,0,0,0 06-08~44,6,3,1,0 07-10~55,3,2,0,0 07-28~51,1,0,0,0 06-30~83,12,7,4,3 07-31~53,2,1,1,1 06-29~61,0,0,0,0 08-20~61,4,3,2,0 06-17~51,3,1,0,0 05-05~33,5,0,0,0 07-18~55,2,2,1,0 05-02~37,2,0,0,0 08-24~57,6,2,1,0 06-09~61,10,6,3,0 07-11~63,4,2,1,0 08-01~63,3,1,1,0 08-15~73,5,3,1,0 09-02~68,3,2,1,0 08-11~61,5,4,0,0 08-19~61,4,3,1,0 09-01~59,4,3,3,1 08-27~54,4,2,2,1 2026-05~214,75,34,15,4 08-13~59,5,4,2,0 06-23~85,7,3,3,1 2026-09M~80,7,5,4,1 06-14~66,5,2,1,0 08-22~66,2,2,1,0 2026-06M~62,7,4,1,0 05-20~31,0,0,0,0 07-05~62,2,2,1,0 07-07~72,5,3,1,0 07-12~51,4,4,3,1 05-29~50,4,4,1,0 07-29~68,4,1,0,0 2026-06~359,144,88,52,8 07-24~58,3,2,2,0 08-25~58,1,0,0,0 05-31~57,5,4,1,0 08-28~61,1,0,0,0 06-27~60,3,2,1,0 06-10~82,9,6,0,0 07-08~60,3,2,0,0 08-10~63,2,1,1,0 05-13~33,3,2,2,0 08-08~58,1,0,0,0 07-25~60,5,4,1,0 07-26~60,5,3,2,0 05-04~35,1,0,0,0 06-06~53,7,5,4,0 06-04~47,2,1,0,0 05-17~37,2,1,0,0 05-21~31,2,1,0,0 08-02~63,0,0,0,0 06-05~46,4,4,3,1 05-30~55,1,1,1,0 2026-07M~104,11,8,5,1 07-16~52,1,0,0,0 08-23~64,4,3,2,0 06-16~67,5,3,0,0 07-01~77,6,6,4,1 06-19~61,2,1,1,0 06-22~60,3,3,3,0 08-16~64,3,2,0,0 08-17~68,6,5,2,1 all~732,393,249,144,29 08-30~63,4,2,2,0 06-13~69,10,6,4,1 05-16~35,2,1,1,0 08-21~62,2,2,2,1 06-21~63,4,1,0,0 07-30~59,1,0,0,0 06-28~75,3,3,2,1 07-06~71,7,6,2,0 05-15~39,4,2,1,1 05-10~43,5,0,0,0 2026-05M~47,5,0,0,0 07-14~55,2,2,0,0 08-06~67,4,3,2,1 06-24~67,8,6,2,0 05-26~35,2,2,2,0 06-20~59,1,1,0,0 2026-08M~78,3,1,1,0 05-07~27,3,0,0,0 07-19~47,0,0,0,0 06-01~49,4,3,1,0 05-11~33,4,0,0,0 07-17~62,0,0,0,0 06-02~46,3,1,0,0 06-25~70,5,4,0,0 07-04~61,1,0,0,0 05-12~33,4,0,0,0 06-18~62,3,1,1,0 05-14~33,0,0,0,0 2026-09~80,7,5,4,1 05-23~37,3,3,1,1 07-03~74,4,2,2,0 05-19~33,1,0,0,0 08-31~63,3,1,0,0 08-12~49,1,1,1,0 06-03~44,3,3,1,0 07-27~61,4,2,0,0 08-03~62,4,3,2,0 07-23~57,1,0,0,0 06-15~70,5,4,2,0 05-08~34,1,0,0,0 07-21~48,3,1,1,0 07-13~67,3,1,0,0 08-07~65,3,2,1,0 08-18~62,4,4,2,0
3933097_492353|2026-09~1,0,0,0,0 07-19~1,0,0,0,0 08-05~1,0,0,0,0 05-06~1,1,0,0,0 08-28~1,0,0,0,0 08-06~2,0,0,0,0 08-21~2,0,0,0,0 08-11~1,0,0,0,0 08-12~1,0,0,0,0 08-29~1,0,0,0,0 07-23~1,1,1,0,0 08-07~1,1,1,1,1 2026-08M~1,0,0,0,0 08-31~1,0,0,0,0 all~24,16,7,4,1 08-17~1,0,0,0,0 08-02~1,0,0,0,0 05-02~1,1,0,0,0 06-02~1,1,0,0,0 2026-06M~1,1,0,0,0 07-17~1,0,0,0,0 08-14~1,0,0,0,0 2026-06~3,3,1,0,0 08-09~2,1,1,1,0 05-28~1,0,0,0,0 08-10~1,0,0,0,0 08-13~1,0,0,0,0 2026-05M~1,1,0,0,0 08-30~1,0,0,0,0 08-03~1,0,0,0,0 08-23~1,0,0,0,0 05-13~1,0,0,0,0 08-25~1,0,0,0,0 08-20~2,1,1,0,0 06-24~1,1,1,0,0 08-08~1,0,0,0,0 08-26~1,0,0,0,0 2026-09M~1,0,0,0,0 05-11~1,0,0,0,0 2026-05~8,5,0,0,0 07-30~1,1,1,0,0 08-27~1,0,0,0,0 09-02~1,0,0,0,0 07-25~1,0,0,0,0 2026-07~8,5,3,1,0 07-29~2,1,0,0,0 05-31~1,1,0,0,0 09-01~1,0,0,0,0 08-19~1,0,0,0,0 2026-08~7,3,3,3,1 07-18~3,0,0,0,0 06-26~1,1,0,0,0 07-15~1,1,0,0,0 08-16~1,0,0,0,0 08-18~1,0,0,0,0 08-15~2,0,0,0,0 08-22~1,0,0,0,0 07-05~1,1,1,0,0 08-04~1,0,0,0,0 05-12~2,2,0,0,0 05-14~1,0,0,0,0
3933097_492362|07-08~2,0,0,0,0 06-10~6,0,0,0,0 07-14~1,0,0,0,0 08-05~3,0,0,0,0 09-01~2,0,0,0,0 05-28~5,1,0,0,0 2026-07M~4,0,0,0,0 05-30~3,0,0,0,0 06-29~3,0,0,0,0 07-31~3,0,0,0,0 08-11~1,0,0,0,0 05-18~2,0,0,0,0 07-12~1,0,0,0,0 06-05~2,1,1,0,0 05-17~2,0,0,0,0 05-14~2,0,0,0,0 08-15~2,0,0,0,0 2026-08M~2,0,0,0,0 06-27~3,0,0,0,0 08-24~4,0,0,0,0 08-16~3,0,0,0,0 08-31~3,0,0,0,0 05-04~3,0,0,0,0 06-26~2,1,0,0,0 2026-07~15,4,2,1,0 05-20~3,0,0,0,0 2026-06M~6,2,0,0,0 08-13~1,0,0,0,0 07-16~3,0,0,0,0 07-03~1,0,0,0,0 06-03~3,0,0,0,0 05-01~1,0,0,0,0 06-23~4,0,0,0,0 05-26~4,0,0,0,0 06-28~1,0,0,0,0 07-30~1,1,0,0,0 2026-05M~2,0,0,0,0 05-10~3,0,0,0,0 08-23~1,0,0,0,0 06-07~1,0,0,0,0 06-16~5,1,1,1,0 06-22~2,0,0,0,0 07-09~6,1,0,0,0 06-11~2,0,0,0,0 05-13~2,0,0,0,0 07-02~2,0,0,0,0 05-06~2,0,0,0,0 07-21~3,0,0,0,0 05-08~3,0,0,0,0 07-27~1,0,0,0,0 06-18~2,1,1,0,0 07-22~1,0,0,0,0 06-04~3,0,0,0,0 06-30~1,0,0,0,0 07-28~2,1,1,0,0 07-24~2,0,0,0,0 07-05~3,0,0,0,0 05-31~2,0,0,0,0 06-01~3,1,0,0,0 07-19~3,0,0,0,0 2026-09M~5,0,0,0,0 08-29~1,0,0,0,0 08-12~2,0,0,0,0 06-19~4,1,1,0,0 07-01~2,0,0,0,0 05-24~5,1,1,1,1 08-14~1,0,0,0,0 07-13~2,0,0,0,0 08-09~2,0,0,0,0 08-04~3,0,0,0,0 07-20~1,0,0,0,0 08-25~3,1,1,0,0 08-27~1,0,0,0,0 08-10~1,0,0,0,0 07-26~1,0,0,0,0 06-21~4,0,0,0,0 08-26~2,0,0,0,0 07-18~2,0,0,0,0 05-07~1,0,0,0,0 05-03~3,1,0,0,0 05-29~3,0,0,0,0 05-23~3,0,0,0,0 2026-09~5,0,0,0,0 08-01~1,0,0,0,0 05-19~2,0,0,0,0 05-27~6,0,0,0,0 06-13~4,0,0,0,0 05-12~5,1,0,0,0 05-05~4,1,0,0,0 06-02~5,1,0,0,0 08-02~1,0,0,0,0 05-02~1,0,0,0,0 07-11~2,0,0,0,0 06-09~3,0,0,0,0 07-06~3,0,0,0,0 07-07~2,0,0,0,0 06-25~3,1,0,0,0 08-07~2,0,0,0,0 08-03~2,0,0,0,0 05-16~2,0,0,0,0 07-15~2,0,0,0,0 2026-05~20,8,2,1,1 08-22~2,0,0,0,0 05-25~5,0,0,0,0 07-04~2,0,0,0,0 all~43,24,12,5,1 08-17~2,1,1,0,0 06-14~6,0,0,0,0 08-21~1,0,0,0,0 08-06~2,0,0,0,0 07-10~2,0,0,0,0 06-08~2,0,0,0,0 05-15~4,2,1,0,0 05-09~4,1,0,0,0 2026-08~11,2,2,1,0 05-22~3,0,0,0,0 2026-06~26,11,6,2,0 05-11~3,0,0,0,0 06-12~3,0,0,0,0 07-29~5,1,1,0,0 06-20~3,0,0,0,0 08-18~2,0,0,0,0 05-21~3,0,0,0,0 09-02~4,0,0,0,0 06-17~4,2,1,0,0 06-15~2,0,0,0,0 06-24~3,1,1,0,0 07-25~1,0,0,0,0 07-23~2,1,0,0,0
4062440_502845|08-12~1,1,0,0,0 2026-08~8,8,2,0,0 08-08~1,1,0,0,0 2026-07~7,7,2,0,0 08-28~1,1,0,0,0 08-01~1,1,0,0,0 08-21~2,2,1,0,0 2026-09~1,1,0,0,0 09-02~1,1,0,0,0 2026-09M~1,1,0,0,0 07-24~1,1,1,0,0 07-26~1,1,1,0,0 07-20~1,1,0,0,0 2026-08M~1,1,0,0,0 08-16~2,2,0,0,0 07-25~3,3,0,0,0 07-22~1,1,0,0,0 08-10~1,1,1,0,0 08-22~1,1,0,0,0 all~16,16,4,0,0
4062440_506640|2026-08~8,8,3,2,0 08-29~1,1,0,0,0 08-26~2,2,0,0,0 08-25~2,2,2,1,0 08-19~2,2,1,1,0 all~8,8,3,2,0 08-24~1,1,0,0,0
44075378_454611|05-27~1,0,0,0,0 2026-06~20,9,6,4,0 05-19~1,0,0,0,0 06-07~1,1,1,0,0 2026-06M~3,1,1,1,0 07-19~1,1,1,0,0 06-01~1,0,0,0,0 06-03~2,1,1,1,0 06-17~3,1,1,1,0 05-14~1,1,0,0,0 06-11~1,1,1,0,0 06-04~1,1,0,0,0 05-21~2,2,1,0,0 05-01~3,2,0,0,0 05-26~1,0,0,0,0 05-05~3,1,0,0,0 06-08~1,1,0,0,0 06-02~2,1,1,1,0 05-31~1,1,1,1,0 05-04~3,1,0,0,0 05-16~3,2,1,1,0 all~59,29,18,13,0 05-02~1,0,0,0,0 06-09~2,0,0,0,0 06-10~2,1,1,1,0 05-24~1,1,1,1,0 05-29~3,0,0,0,0 05-28~1,1,1,1,0 06-21~1,0,0,0,0 2026-05M~3,2,0,0,0 08-13~1,0,0,0,0 2026-08~1,0,0,0,0 05-23~1,0,0,0,0 06-15~1,0,0,0,0 05-25~6,4,3,2,0 05-17~2,1,1,0,0 2026-07~1,1,1,0,0 06-05~1,0,0,0,0 06-16~1,1,0,0,0 2026-05~38,19,11,8,0 05-20~2,1,1,1,0 05-22~1,1,1,1,0 05-13~3,0,0,0,0
44316114_491904|06-21~1,1,1,0,0 08-17~1,0,0,0,0 05-10~1,0,0,0,0 08-23~3,1,1,0,0 07-09~2,0,0,0,0 06-11~1,1,0,0,0 2026-09M~3,1,0,0,0 08-13~1,0,0,0,0 07-14~1,0,0,0,0 06-25~5,1,0,0,0 06-22~1,0,0,0,0 08-01~1,0,0,0,0 06-05~1,0,0,0,0 07-15~1,0,0,0,0 06-24~2,0,0,0,0 06-28~2,0,0,0,0 07-30~1,0,0,0,0 08-05~1,0,0,0,0 06-23~2,0,0,0,0 07-12~2,1,0,0,0 2026-05~27,23,7,5,0 06-15~1,0,0,0,0 06-26~2,1,0,0,0 2026-05M~3,2,0,0,0 2026-09~3,1,0,0,0 06-30~2,1,0,0,0 06-29~4,0,0,0,0 07-31~2,0,0,0,0 08-07~2,0,0,0,0 05-20~2,1,0,0,0 05-01~2,1,0,0,0 05-07~1,1,0,0,0 08-30~3,2,1,0,0 05-28~1,0,0,0,0 07-05~2,0,0,0,0 08-18~1,0,0,0,0 07-06~2,0,0,0,0 08-06~1,0,0,0,0 08-03~2,1,1,0,0 06-10~2,1,1,0,0 07-08~1,0,0,0,0 06-17~2,1,0,0,0 06-27~2,1,0,0,0 08-21~2,1,1,1,1 08-04~1,0,0,0,0 08-14~3,1,0,0,0 07-10~1,0,0,0,0 2026-07M~4,1,0,0,0 06-08~2,1,0,0,0 07-03~2,0,0,0,0 06-01~1,0,0,0,0 06-04~3,0,0,0,0 05-14~2,2,1,1,0 06-19~2,1,1,0,0 07-01~1,0,0,0,0 05-02~1,1,0,0,0 06-13~2,1,1,1,0 07-23~2,1,0,0,0 2026-08~13,9,5,1,1 05-15~1,1,0,0,0 all~52,44,19,9,2 05-16~1,0,0,0,0 2026-06M~2,0,0,0,0 06-02~1,0,0,0,0 07-27~1,0,0,0,0 07-02~4,1,0,0,0 07-11~2,0,0,0,0 06-18~2,0,0,0,0 05-26~1,1,0,0,0 07-07~2,0,0,0,0 08-08~1,0,0,0,0 08-22~1,0,0,0,0 05-31~2,1,1,1,0 08-28~1,0,0,0,0 08-12~2,1,0,0,0 06-03~1,1,1,0,0 08-20~1,0,0,0,0 05-03~1,1,0,0,0 08-31~2,1,0,0,0 07-26~1,0,0,0,0 09-01~2,0,0,0,0 08-19~2,0,0,0,0 05-09~3,1,0,0,0 07-04~2,0,0,0,0 08-15~2,0,0,0,0 07-25~3,1,0,0,0 05-05~5,4,0,0,0 2026-06~19,12,6,2,1 07-16~2,1,0,0,0 05-08~1,1,0,0,0 08-24~2,0,0,0,0 05-29~2,1,1,0,0 07-21~1,0,0,0,0 2026-08M~2,0,0,0,0 06-16~2,0,0,0,0 08-02~1,0,0,0,0 07-22~1,1,1,1,0 05-30~4,3,2,2,0 08-29~1,0,0,0,0 07-24~2,0,0,0,0 08-27~1,1,1,0,0 09-02~2,1,0,0,0 07-13~1,0,0,0,0 07-29~4,0,0,0,0 06-06~2,1,1,0,0 05-13~1,1,1,0,0 05-11~1,1,0,0,0 05-23~2,2,1,1,0 2026-07~11,6,1,1,0
4808720_507024|2026-09~2,2,1,0,0 08-29~1,1,1,0,0 all~5,5,3,0,0 08-26~1,1,0,0,0 2026-09M~2,2,1,0,0 08-27~1,1,1,0,0 09-02~2,2,1,0,0 2026-08~3,3,2,0,0
5014718_98815|07-11~1,0,0,0,0 05-07~1,0,0,0,0 08-12~1,1,1,0,0 2026-07~4,1,1,1,0 07-12~1,1,1,1,0 05-11~1,1,0,0,0 2026-05~5,4,1,1,0 06-26~1,0,0,0,0 all~14,7,4,2,0 05-26~2,2,1,1,0 05-25~1,0,0,0,0 08-08~1,0,0,0,0 08-18~1,0,0,0,0 06-24~1,1,1,0,0 2026-09M~1,0,0,0,0 05-28~1,0,0,0,0 06-25~1,0,0,0,0 2026-06~2,1,1,0,0 2026-09~1,0,0,0,0 06-12~1,0,0,0,0 07-07~1,0,0,0,0 07-31~1,0,0,0,0 09-02~1,0,0,0,0 08-14~1,0,0,0,0 05-03~1,1,0,0,0 2026-08~3,1,1,0,0
5046570_493854|05-29~2,1,0,0,0 06-04~1,0,0,0,0 2026-07~1,1,0,0,0 06-01~2,1,0,0,0 07-23~1,1,0,0,0 08-16~1,0,0,0,0 05-22~1,0,0,0,0 2026-08~1,1,1,1,0 05-11~1,1,0,0,0 2026-05~5,4,3,2,0 06-08~1,1,1,0,0 05-30~1,0,0,0,0 05-21~1,1,0,0,0 2026-06~2,2,1,1,0 08-17~1,0,0,0,0 all~5,5,4,3,0 05-25~2,1,1,1,0 08-24~1,1,1,1,0 05-31~1,1,1,0,0 2026-06M~2,1,0,0,0
5046570_497042|06-04~3,1,1,0,0 06-25~1,0,0,0,0 08-13~2,0,0,0,0 08-27~5,1,0,0,0 06-15~1,0,0,0,0 06-16~3,0,0,0,0 all~108,67,33,17,2 08-17~1,1,1,0,0 06-08~1,0,0,0,0 07-10~3,1,0,0,0 06-21~4,3,2,1,0 06-26~3,2,2,2,0 08-05~1,0,0,0,0 07-19~3,2,2,0,0 06-01~2,2,1,0,0 07-29~1,1,1,1,1 06-09~1,0,0,0,0 07-11~1,1,1,1,0 08-18~1,1,1,1,0 06-20~4,2,1,0,0 05-21~1,0,0,0,0 08-01~1,0,0,0,0 06-27~3,2,2,0,0 07-16~2,2,0,0,0 06-11~2,0,0,0,0 07-09~1,0,0,0,0 06-22~3,2,0,0,0 08-22~1,1,1,1,0 07-13~4,2,2,0,0 08-29~2,1,0,0,0 06-29~2,2,1,0,0 2026-06~49,30,16,7,1 07-01~2,2,0,0,0 06-19~4,2,0,0,0 07-28~2,0,0,0,0 06-30~2,0,0,0,0 07-02~4,1,0,0,0 08-09~1,1,0,0,0 08-02~2,1,0,0,0 08-07~1,0,0,0,0 06-14~1,1,1,0,0 06-10~2,1,1,0,0 06-13~3,2,0,0,0 06-23~2,1,0,0,0 08-25~1,0,0,0,0 06-03~5,1,1,0,0 08-10~4,1,0,0,0 08-30~1,1,1,0,0 07-14~2,2,1,1,0 07-07~3,0,0,0,0 06-05~2,0,0,0,0 07-18~5,3,1,1,0 2026-05M~1,0,0,0,0 07-05~1,0,0,0,0 06-17~3,2,0,0,0 07-30~2,0,0,0,0 05-28~1,0,0,0,0 06-06~3,1,1,0,0 07-23~1,0,0,0,0 07-06~1,0,0,0,0 07-15~3,2,0,0,0 05-29~1,0,0,0,0 07-04~1,0,0,0,0 2026-08~34,18,8,4,0 07-03~6,1,0,0,0 08-08~3,1,0,0,0 08-12~1,1,0,0,0 08-16~2,1,1,0,0 06-07~5,2,0,0,0 08-24~4,1,0,0,0 08-31~3,2,1,0,0 06-18~1,1,0,0,0 08-11~5,3,1,1,0 05-01~1,0,0,0,0 07-24~1,0,0,0,0 2026-06M~7,5,3,1,1 07-12~2,2,2,1,0 08-19~2,0,0,0,0 2026-07~42,23,11,6,1 07-25~1,0,0,0,0 05-30~2,0,0,0,0 2026-07M~6,3,0,0,0 06-12~1,1,0,0,0 08-06~1,0,0,0,0 07-20~2,1,0,0,0 08-23~1,1,1,1,0 07-17~2,1,1,0,0 06-02~5,3,2,1,1 2026-05~4,0,0,0,0 06-24~2,0,0,0,0 2026-08M~2,1,0,0,0
5053091_182194|06-22~1,1,1,0,0 2026-06~2,2,2,1,0 05-14~1,0,0,0,0 06-01~1,1,1,1,0 07-19~1,1,1,1,0 05-25~1,1,1,1,0 2026-05~2,1,1,1,0 07-29~1,1,0,0,0 2026-07~1,1,1,1,0 2026-06M~1,1,1,1,0 06-30~1,1,0,0,0 all~6,5,5,4,0 07-20~1,0,0,0,0 2026-08~1,1,1,1,0 08-23~1,1,1,1,0
5281392_365155|05-09~1,0,0,0,0 07-24~1,1,0,0,0 07-07~1,0,0,0,0 2026-09~1,0,0,0,0 2026-09M~1,0,0,0,0 09-01~1,0,0,0,0 08-21~1,1,1,0,0 05-06~1,0,0,0,0 05-18~1,0,0,0,0 07-15~1,0,0,0,0 06-08~2,0,0,0,0 07-10~1,1,1,1,0 08-18~1,1,1,1,0 05-24~1,0,0,0,0 06-14~1,0,0,0,0 05-31~1,0,0,0,0 06-13~1,0,0,0,0 07-06~1,0,0,0,0 05-12~1,0,0,0,0 2026-08~4,2,2,1,0 2026-05~8,1,1,1,0 2026-07~7,3,1,1,0 05-10~1,0,0,0,0 06-17~1,0,0,0,0 all~23,6,4,3,0 05-17~1,0,0,0,0 08-28~1,0,0,0,0 07-19~2,1,0,0,0 06-07~2,0,0,0,0 06-24~1,0,0,0,0 08-09~1,0,0,0,0 2026-06~6,0,0,0,0 05-28~1,1,1,1,0
5281392_425886|08-18~1,0,0,0,0 05-24~3,2,1,0,0 05-05~1,1,0,0,0 08-01~2,1,0,0,0 08-06~1,1,0,0,0 07-26~1,0,0,0,0 05-01~4,1,0,0,0 05-06~1,1,0,0,0 05-21~1,1,0,0,0 05-11~1,1,0,0,0 07-22~1,0,0,0,0 07-19~1,1,0,0,0 08-08~1,0,0,0,0 07-13~1,0,0,0,0 07-21~2,0,0,0,0 05-07~1,0,0,0,0 08-09~1,0,0,0,0 05-17~1,1,0,0,0 05-02~2,1,0,0,0 08-20~1,0,0,0,0 06-16~1,0,0,0,0 05-14~4,2,0,0,0 06-04~2,0,0,0,0 06-23~1,0,0,0,0 08-07~2,2,1,1,1 07-03~2,0,0,0,0 06-05~2,1,0,0,0 2026-05M~5,2,0,0,0 05-13~1,0,0,0,0 09-01~1,1,0,0,0 2026-09M~1,1,0,0,0 08-16~1,0,0,0,0 08-10~2,1,0,0,0 2026-07M~1,0,0,0,0 05-03~2,1,0,0,0 2026-09~1,1,0,0,0 08-13~2,0,0,0,0 2026-08M~2,1,0,0,0 2026-06~10,9,4,4,3 06-13~1,1,1,1,1 06-06~1,0,0,0,0 05-25~1,0,0,0,0 07-25~1,0,0,0,0 2026-06M~3,3,0,0,0 06-30~1,1,1,1,1 07-28~1,0,0,0,0 07-23~1,0,0,0,0 08-24~1,1,0,0,0 06-26~1,1,0,0,0 all~30,29,9,8,7 08-17~1,0,0,0,0 07-04~2,0,0,0,0 06-08~1,1,1,1,1 07-27~2,0,0,0,0 08-11~1,1,0,0,0 2026-07~4,3,0,0,0 06-09~1,0,0,0,0 06-02~3,3,0,0,0 06-15~1,0,0,0,0 05-27~1,0,0,0,0 06-27~1,0,0,0,0 06-24~1,0,0,0,0 08-31~1,0,0,0,0 08-30~1,1,1,1,0 06-28~1,1,1,1,0 08-22~1,1,0,0,0 07-15~1,1,0,0,0 07-20~2,1,0,0,0 06-03~2,0,0,0,0 07-31~1,0,0,0,0 06-10~2,1,0,0,0 06-14~1,0,0,0,0 2026-05~15,12,2,1,1 05-22~1,1,1,1,1 2026-08~9,8,3,3,3 07-01~1,0,0,0,0 05-04~1,0,0,0,0 06-07~1,0,0,0,0 08-12~3,1,1,1,1
5281392_459651|2026-08M~2,1,0,0,0 07-01~1,1,1,1,1 06-19~1,1,0,0,0 06-20~1,1,0,0,0 08-18~1,1,1,0,0 07-31~2,0,0,0,0 06-29~1,1,1,1,0 07-16~1,1,1,0,0 07-25~1,1,0,0,0 all~34,34,18,8,2 08-17~1,0,0,0,0 07-30~1,0,0,0,0 08-04~1,0,0,0,0 07-06~1,1,1,1,0 07-20~1,1,0,0,0 07-23~2,2,1,1,0 08-01~2,1,0,0,0 08-10~1,1,0,0,0 06-21~2,2,0,0,0 07-27~1,1,0,0,0 08-06~1,1,0,0,0 07-14~1,1,0,0,0 06-03~1,1,0,0,0 06-10~1,1,1,0,0 07-12~2,2,0,0,0 05-12~2,2,0,0,0 06-18~1,1,0,0,0 07-28~2,0,0,0,0 05-27~2,2,2,0,0 06-09~1,1,1,0,0 07-09~1,1,1,1,1 05-10~1,1,0,0,0 05-26~1,1,1,0,0 06-13~1,1,0,0,0 2026-07~14,14,8,5,2 08-03~1,0,0,0,0 08-23~1,1,0,0,0 06-08~1,1,0,0,0 2026-07M~1,1,1,1,1 05-30~1,1,0,0,0 08-12~1,1,0,0,0 08-05~1,0,0,0,0 08-02~1,0,0,0,0 2026-05~11,11,5,2,0 2026-08~8,7,2,0,0 05-17~1,1,1,1,0 2026-06~9,9,3,1,0 07-05~1,1,1,0,0 07-29~1,1,0,0,0 08-22~1,1,1,0,0 07-21~2,2,1,0,0 07-22~1,1,1,1,0 05-18~1,1,0,0,0 05-28~2,2,1,1,0
5281392_466844|06-04~3,1,0,0,0 06-23~2,0,0,0,0 2026-05~24,22,12,12,9 08-28~4,0,0,0,0 07-05~2,0,0,0,0 05-03~1,0,0,0,0 07-02~1,1,0,0,0 08-22~1,1,1,1,1 05-24~7,2,0,0,0 05-27~7,2,1,0,0 08-26~1,0,0,0,0 05-05~3,0,0,0,0 06-14~4,1,0,0,0 08-17~2,0,0,0,0 all~47,44,25,24,21 05-28~5,2,0,0,0 08-25~2,0,0,0,0 05-07~1,0,0,0,0 06-15~2,0,0,0,0 07-06~2,0,0,0,0 07-01~1,0,0,0,0 06-19~2,1,1,1,1 07-24~1,0,0,0,0 05-13~2,1,1,1,1 08-18~3,0,0,0,0 08-20~1,0,0,0,0 07-30~1,1,0,0,0 06-28~2,0,0,0,0 06-30~2,0,0,0,0 06-10~2,1,0,0,0 07-08~1,1,0,0,0 05-15~1,1,1,1,1 07-03~1,0,0,0,0 08-07~2,1,0,0,0 2026-09~2,0,0,0,0 05-23~5,0,0,0,0 05-08~4,2,0,0,0 08-10~1,0,0,0,0 08-19~2,0,0,0,0 09-01~1,0,0,0,0 06-25~8,5,3,3,3 06-11~1,0,0,0,0 07-09~1,0,0,0,0 06-05~2,1,0,0,0 06-22~1,0,0,0,0 07-04~1,0,0,0,0 2026-06M~7,1,0,0,0 05-20~5,3,2,2,1 07-31~2,0,0,0,0 06-29~2,0,0,0,0 07-19~1,0,0,0,0 06-01~5,0,0,0,0 07-14~4,2,1,1,1 06-09~2,2,2,2,2 07-11~1,1,0,0,0 05-19~3,2,1,1,1 06-03~3,0,0,0,0 2026-06~25,14,7,7,6 07-17~1,0,0,0,0 2026-09M~2,0,0,0,0 05-02~2,0,0,0,0 08-04~2,0,0,0,0 05-06~2,0,0,0,0 09-02~1,0,0,0,0 05-17~4,0,0,0,0 08-27~1,0,0,0,0 07-20~2,1,0,0,0 07-13~1,1,0,0,0 06-18~1,0,0,0,0 08-14~2,0,0,0,0 08-23~1,0,0,0,0 07-15~2,0,0,0,0 06-12~1,0,0,0,0 08-15~2,0,0,0,0 05-29~5,0,0,0,0 05-30~4,0,0,0,0 2026-07M~2,1,0,0,0 05-04~2,0,0,0,0 05-10~2,1,0,0,0 2026-05M~3,1,0,0,0 06-06~1,0,0,0,0 06-07~3,2,1,1,0 05-18~4,2,0,0,0 05-09~4,1,0,0,0 05-14~4,1,1,1,1 06-20~1,0,0,0,0 05-21~7,2,1,1,0 05-31~4,0,0,0,0 2026-07~12,7,1,1,1 06-16~2,1,0,0,0 08-30~2,0,0,0,0 05-25~8,1,0,0,0 08-11~6,5,4,2,2 05-16~6,3,2,1,1 08-24~2,0,0,0,0 06-27~3,0,0,0,0 08-12~3,0,0,0,0 07-23~1,1,0,0,0 05-26~7,0,0,0,0 05-11~2,0,0,0,0 05-22~9,3,2,2,2 2026-08~14,8,5,4,4 06-21~1,0,0,0,0 06-02~4,1,0,0,0 08-13~1,0,0,0,0 06-13~2,1,0,0,0 05-01~3,1,0,0,0 08-05~1,1,0,0,0 05-12~4,3,0,0,0 06-24~2,0,0,0,0 06-26~4,0,0,0,0 06-17~1,0,0,0,0 07-16~1,0,0,0,0 06-08~2,1,0,0,0
53105926_479490|06-15~4,2,1,1,0 08-30~5,1,1,0,0 08-02~4,0,0,0,0 05-05~6,0,0,0,0 05-07~4,1,0,0,0 06-04~5,0,0,0,0 06-07~5,1,1,0,0 07-26~5,3,2,1,0 08-06~9,2,1,1,0 07-01~9,2,1,1,0 06-19~10,3,3,1,0 07-28~8,3,2,1,0 06-30~5,0,0,0,0 08-14~7,1,1,0,0 06-10~7,1,1,1,0 07-08~9,2,2,1,0 06-20~10,3,1,1,0 06-23~10,3,3,2,0 06-18~4,2,2,1,0 08-09~5,1,1,1,0 07-29~8,3,2,1,0 08-28~3,0,0,0,0 05-30~6,0,0,0,0 07-23~7,4,1,0,0 08-05~8,4,2,2,2 07-25~7,2,2,1,0 05-08~9,2,0,0,0 08-10~6,0,0,0,0 09-02~8,1,1,1,0 07-07~9,1,1,1,1 07-18~4,1,0,0,0 06-26~10,0,0,0,0 05-27~9,3,1,1,0 2026-08M~13,4,3,2,0 07-02~8,2,0,0,0 06-25~7,2,2,0,0 07-24~4,0,0,0,0 08-12~4,0,0,0,0 05-14~9,0,0,0,0 05-12~9,3,0,0,0 08-25~4,1,0,0,0 07-20~8,4,3,1,0 2026-06M~19,8,6,4,0 07-27~8,2,1,1,0 05-11~8,1,0,0,0 06-08~4,0,0,0,0 07-10~7,1,0,0,0 06-21~4,2,1,1,0 06-22~2,1,1,0,0 08-22~3,0,0,0,0 07-13~11,2,2,2,1 08-18~6,1,1,0,0 08-13~7,1,1,1,1 08-16~13,1,1,0,0 06-05~3,1,1,1,0 2026-09~17,3,2,1,0 2026-09M~17,3,2,1,0 07-19~5,1,0,0,0 06-01~11,4,3,3,0 06-02~10,4,3,1,0 08-11~63,2,1,0,0 06-12~4,2,2,2,1 2026-06~118,37,31,20,3 08-01~10,4,3,2,0 08-21~6,0,0,0,0 05-13~7,0,0,0,0 05-29~6,3,3,0,0 07-05~6,1,0,0,0 05-20~7,1,1,1,0 05-22~7,1,1,1,0 07-16~8,1,0,0,0 06-14~5,1,1,0,0 06-11~13,3,2,2,0 07-09~14,2,2,0,0 05-01~8,2,0,0,0 07-14~7,1,0,0,0 05-17~3,0,0,0,0 08-15~7,2,1,1,0 06-06~5,1,1,1,0 2026-05~135,45,13,8,0 05-03~9,4,0,0,0 07-21~5,1,0,0,0 06-17~3,1,1,0,0 07-17~5,1,1,1,0 2026-08~178,37,27,16,7 07-04~8,1,1,0,0 07-15~8,1,0,0,0 07-12~4,0,0,0,0 08-19~7,1,1,1,1 09-01~10,2,1,0,0 08-04~11,3,2,1,1 08-29~8,3,2,2,0 05-24~7,0,0,0,0 08-03~13,2,2,2,1 08-07~7,0,0,0,0 06-16~7,2,0,0,0 05-16~5,0,0,0,0 all~482,156,100,64,12 08-24~7,1,1,0,0 08-26~2,0,0,0,0 08-20~9,3,2,1,1 2026-05M~10,3,0,0,0 06-09~8,0,0,0,0 07-11~3,1,1,0,0 05-15~6,2,0,0,0 05-23~6,0,0,0,0 07-30~9,2,2,2,0 06-28~6,0,0,0,0 05-10~7,2,0,0,0 05-31~11,1,1,1,0 05-19~7,0,0,0,0 07-03~4,0,0,0,0 2026-07M~15,4,1,1,0 08-08~5,1,0,0,0 08-31~8,1,0,0,0 07-22~9,1,0,0,0 05-09~8,3,0,0,0 05-18~5,2,2,1,0 05-21~8,2,2,2,0 06-03~7,0,0,0,0 08-17~10,0,0,0,0 05-25~9,2,1,0,0 06-27~3,0,0,0,0 07-31~5,0,0,0,0 06-29~7,2,1,0,0 07-06~11,3,3,2,0 05-26~7,2,0,0,0 06-24~4,1,1,1,1 06-13~8,0,0,0,0 2026-07~115,42,28,16,2 05-02~3,1,0,0,0 05-06~10,4,0,0,0 05-28~8,2,1,1,0 08-27~5,0,0,0,0 05-04~6,1,0,0,0 08-23~8,2,2,1,0
5885261_500855|2026-06~7,2,2,0,0 08-10~8,7,3,1,0 08-31~21,15,6,2,0 08-01~11,10,5,1,0 08-02~10,8,4,2,0 05-11~1,0,0,0,0 07-09~1,0,0,0,0 06-11~2,0,0,0,0 08-15~16,12,8,1,0 08-25~20,14,3,2,0 08-26~15,8,2,2,1 07-14~1,0,0,0,0 07-17~1,0,0,0,0 2026-09M~19,14,7,6,1 06-15~1,0,0,0,0 07-07~1,0,0,0,0 09-02~12,9,4,3,0 08-05~10,8,5,3,0 08-23~14,9,7,2,0 07-23~1,0,0,0,0 08-20~18,14,7,4,1 07-02~1,0,0,0,0 07-13~1,0,0,0,0 07-30~8,6,5,1,0 08-24~10,7,4,3,0 08-27~11,9,3,0,0 2026-07~35,32,17,8,0 07-10~1,0,0,0,0 06-08~1,0,0,0,0 07-05~1,0,0,0,0 07-03~1,0,0,0,0 2026-08~361,345,187,85,12 08-04~9,7,5,2,0 08-07~17,14,9,5,3 07-29~12,11,6,3,0 all~408,390,213,100,13 08-17~16,14,6,1,0 08-18~16,14,6,2,0 08-11~11,9,4,2,0 08-14~11,5,2,1,0 07-27~1,0,0,0,0 08-09~10,8,5,0,0 07-08~1,0,0,0,0 08-03~11,9,6,2,1 2026-09~19,14,7,6,1 05-28~2,0,0,0,0 2026-07M~2,0,0,0,0 05-30~1,0,0,0,0 08-12~6,5,3,3,0 09-01~8,5,3,3,1 08-19~17,14,8,3,0 08-08~21,20,12,4,0 07-04~1,1,1,1,0 06-18~1,0,0,0,0 07-20~1,0,0,0,0 08-13~14,11,5,2,0 2026-05~4,0,0,0,0 06-30~4,2,2,0,0 07-28~9,9,2,1,0 07-24~1,0,0,0,0 2026-08M~21,18,9,3,0 07-11~1,0,0,0,0 07-06~2,0,0,0,0 07-01~2,0,0,0,0 08-28~20,16,8,3,0 08-29~30,27,18,7,2 08-06~17,15,10,5,1 07-21~1,0,0,0,0 08-22~16,11,6,4,0 08-21~18,13,5,4,1 05-09~1,0,0,0,0 08-16~12,8,5,3,1 07-31~6,5,3,2,0 08-30~18,11,7,4,1 07-22~1,0,0,0,0 06-22~1,0,0,0,0
60705687_484316|2026-09~3,0,0,0,0 07-05~4,0,0,0,0 07-24~4,0,0,0,0 05-13~5,4,1,1,1 08-26~2,0,0,0,0 07-14~8,4,2,1,0 07-17~6,3,2,1,0 2026-09M~3,0,0,0,0 07-09~7,3,1,1,0 06-11~8,2,1,1,1 05-24~5,3,1,1,1 07-20~5,2,0,0,0 07-27~3,0,0,0,0 06-18~7,0,0,0,0 06-28~9,3,2,2,0 07-30~3,0,0,0,0 07-08~7,2,1,1,1 06-10~9,5,3,2,2 08-01~4,0,0,0,0 07-21~4,0,0,0,0 08-02~4,0,0,0,0 05-03~1,1,0,0,0 08-20~2,0,0,0,0 08-18~2,0,0,0,0 05-27~3,0,0,0,0 07-26~4,1,0,0,0 08-22~3,0,0,0,0 08-12~3,0,0,0,0 06-17~9,3,1,1,0 07-10~6,1,0,0,0 06-08~5,0,0,0,0 07-23~3,0,0,0,0 06-12~9,4,0,0,0 09-02~3,0,0,0,0 05-05~1,0,0,0,0 08-17~2,0,0,0,0 08-30~2,0,0,0,0 05-22~2,0,0,0,0 08-06~3,0,0,0,0 06-30~8,1,1,0,0 07-28~4,1,0,0,0 08-25~2,0,0,0,0 05-19~8,6,2,2,1 07-18~3,0,0,0,0 06-29~6,2,0,0,0 07-31~4,0,0,0,0 2026-08~8,1,0,0,0 08-05~3,1,0,0,0 06-03~2,0,0,0,0 08-10~2,0,0,0,0 08-16~3,0,0,0,0 2026-07~28,18,8,6,2 07-15~5,0,0,0,0 07-11~4,1,0,0,0 06-09~6,1,0,0,0 07-12~7,2,0,0,0 07-22~4,0,0,0,0 09-01~2,0,0,0,0 08-19~2,0,0,0,0 07-02~5,0,0,0,0 08-09~2,0,0,0,0 all~103,83,30,24,15 05-16~5,3,1,1,1 08-29~2,0,0,0,0 08-27~4,0,0,0,0 05-21~3,1,0,0,0 08-23~2,0,0,0,0 06-15~6,0,0,0,0 05-28~4,2,1,1,1 06-06~3,0,0,0,0 07-04~3,0,0,0,0 05-04~4,3,0,0,0 06-19~6,0,0,0,0 07-01~6,1,0,0,0 06-04~5,0,0,0,0 05-02~4,1,0,0,0 05-12~3,2,0,0,0 07-16~6,2,1,1,1 2026-06~55,37,15,11,7 05-25~2,0,0,0,0 06-26~7,0,0,0,0 07-29~3,0,0,0,0 05-31~3,0,0,0,0 07-07~8,2,1,0,0 06-22~7,0,0,0,0 06-07~5,1,1,0,0 06-14~5,1,1,0,0 05-30~3,0,0,0,0 06-05~3,0,0,0,0 06-02~6,3,2,2,1 08-11~3,0,0,0,0 08-15~3,0,0,0,0 08-21~3,0,0,0,0 05-23~3,0,0,0,0 05-17~2,1,0,0,0 07-06~6,0,0,0,0 08-28~2,0,0,0,0 08-31~2,0,0,0,0 2026-05M~4,2,0,0,0 05-26~6,4,0,0,0 06-23~8,3,0,0,0 08-04~3,0,0,0,0 08-13~4,0,0,0,0 05-14~3,1,0,0,0 08-14~3,0,0,0,0 06-01~5,2,0,0,0 07-19~4,0,0,0,0 08-08~3,0,0,0,0 06-20~9,0,0,0,0 05-18~5,2,0,0,0 06-25~6,1,0,0,0 06-13~7,2,1,1,1 05-15~5,3,0,0,0 05-01~1,1,0,0,0 06-24~5,0,0,0,0 2026-08M~4,0,0,0,0 05-29~6,3,1,1,1 07-13~5,1,0,0,0 08-03~4,0,0,0,0 06-27~6,1,1,1,1 06-21~9,2,1,1,1 08-07~6,0,0,0,0 06-16~6,1,0,0,0 2026-07M~7,1,0,0,0 07-03~7,0,0,0,0 2026-06M~9,5,2,2,1 08-24~2,0,0,0,0 05-20~5,2,0,0,0 07-25~5,1,0,0,0 2026-05~45,38,7,7,6
60705687_502835|08-21~1,0,0,0,0 08-11~4,1,0,0,0 08-25~1,0,0,0,0 08-22~2,1,0,0,0 07-19~1,0,0,0,0 08-05~2,1,0,0,0 2026-09M~2,0,0,0,0 08-24~2,1,0,0,0 07-25~1,0,0,0,0 2026-07~13,13,6,4,3 08-28~4,3,2,2,1 07-27~2,1,0,0,0 07-17~1,1,1,1,1 08-15~1,0,0,0,0 08-26~1,0,0,0,0 08-30~1,0,0,0,0 08-29~2,2,0,0,0 2026-08~30,28,11,11,4 07-28~1,0,0,0,0 07-20~1,1,1,1,0 2026-09~2,0,0,0,0 08-10~3,0,0,0,0 08-14~2,1,0,0,0 08-17~2,0,0,0,0 08-27~2,1,0,0,0 08-07~2,0,0,0,0 all~40,39,17,15,7 07-22~1,0,0,0,0 07-26~1,0,0,0,0 08-08~3,0,0,0,0 08-01~6,5,3,3,1 08-04~4,2,0,0,0 09-01~1,0,0,0,0 07-18~2,2,0,0,0 08-13~2,1,1,1,0 08-02~3,2,0,0,0 09-02~2,0,0,0,0 08-09~2,1,1,1,0 08-18~1,0,0,0,0 07-24~3,2,1,1,1 07-30~1,1,1,1,1 08-03~4,3,2,2,2 07-29~2,2,1,0,0 07-16~1,1,1,0,0 08-16~1,1,1,1,0 07-31~4,3,0,0,0 08-31~1,0,0,0,0 08-06~2,1,0,0,0 2026-08M~8,7,3,3,1 08-20~1,1,1,1,0
60791487_337537|05-31~4,0,0,0,0 all~148,20,12,10,3 06-28~2,0,0,0,0 07-30~2,0,0,0,0 07-02~2,0,0,0,0 05-28~1,0,0,0,0 08-26~1,0,0,0,0 2026-09M~6,1,1,1,0 07-06~4,0,0,0,0 08-01~5,0,0,0,0 08-28~1,0,0,0,0 08-08~2,0,0,0,0 05-03~4,1,0,0,0 07-09~3,2,2,1,1 06-11~3,0,0,0,0 08-29~4,0,0,0,0 07-28~1,0,0,0,0 05-21~3,1,1,1,0 07-05~4,0,0,0,0 08-25~1,0,0,0,0 07-10~1,0,0,0,0 06-08~2,0,0,0,0 06-02~3,0,0,0,0 05-20~4,0,0,0,0 08-18~3,1,0,0,0 05-09~3,0,0,0,0 08-02~1,0,0,0,0 08-24~1,1,0,0,0 07-12~2,0,0,0,0 2026-05~51,4,1,1,0 2026-05M~5,1,0,0,0 05-08~2,0,0,0,0 05-05~1,0,0,0,0 05-25~3,1,0,0,0 06-20~3,0,0,0,0 06-16~3,2,1,0,0 07-25~1,0,0,0,0 08-20~5,1,1,1,0 08-27~1,0,0,0,0 05-01~2,1,0,0,0 08-10~1,0,0,0,0 05-10~3,0,0,0,0 07-22~2,0,0,0,0 05-24~4,0,0,0,0 05-30~3,0,0,0,0 05-29~4,0,0,0,0 06-15~3,0,0,0,0 06-06~1,0,0,0,0 07-13~1,1,0,0,0 07-16~7,0,0,0,0 09-01~4,1,1,1,0 08-19~6,0,0,0,0 05-02~5,0,0,0,0 09-02~3,0,0,0,0 07-11~4,1,1,1,1 06-09~3,0,0,0,0 06-19~1,0,0,0,0 07-21~1,0,0,0,0 05-07~1,0,0,0,0 08-05~4,1,1,1,0 2026-07~35,5,4,3,2 08-16~2,1,0,0,0 08-09~2,0,0,0,0 07-15~1,0,0,0,0 08-21~4,1,0,0,0 2026-09~6,1,1,1,0 08-17~4,0,0,0,0 2026-08M~6,0,0,0,0 08-04~3,0,0,0,0 2026-08~47,7,3,3,0 08-15~2,0,0,0,0 08-12~1,1,1,1,0 05-06~1,0,0,0,0 07-04~3,0,0,0,0 07-03~4,0,0,0,0 07-07~1,0,0,0,0 07-24~2,0,0,0,0 07-20~4,1,1,1,0 05-15~1,0,0,0,0 06-14~1,0,0,0,0 06-03~1,0,0,0,0 05-04~2,0,0,0,0 2026-07M~2,0,0,0,0 08-11~1,0,0,0,0 06-18~2,0,0,0,0 05-18~2,0,0,0,0 05-19~2,0,0,0,0 05-23~1,0,0,0,0 08-03~3,0,0,0,0 07-08~2,0,0,0,0 06-10~1,1,1,1,0 06-29~1,0,0,0,0 07-31~1,0,0,0,0 08-22~4,1,0,0,0 06-23~2,1,1,1,0 05-12~7,0,0,0,0 06-13~1,1,0,0,0 07-17~2,0,0,0,0 08-31~2,0,0,0,0 08-06~1,0,0,0,0 05-14~2,0,0,0,0 05-26~1,0,0,0,0 06-27~1,0,0,0,0 07-27~3,0,0,0,0 2026-06~27,4,3,2,0 05-11~4,0,0,0,0 05-13~4,0,0,0,0 2026-06M~3,0,0,0,0 07-23~4,0,0,0,0
61014914_433206|06-29~1,1,0,0,0 05-17~1,1,1,1,0 05-09~1,1,0,0,0 06-10~1,0,0,0,0 05-21~1,1,1,1,0 05-14~1,1,1,1,0 05-19~2,2,2,0,0 07-02~1,0,0,0,0 06-11~1,0,0,0,0 05-29~4,1,1,0,0 05-02~1,1,0,0,0 2026-05M~1,1,0,0,0 2026-07~1,0,0,0,0 2026-06M~1,0,0,0,0 06-16~1,0,0,0,0 2026-05~10,9,6,3,0 06-30~1,0,0,0,0 2026-06~3,1,0,0,0 all~10,9,6,3,0 05-30~1,0,0,0,0 05-28~3,1,0,0,0 06-19~1,0,0,0,0 2026-07M~1,0,0,0,0 06-02~1,0,0,0,0
61014914_482306|07-31~1,0,0,0,0 06-29~14,4,2,0,0 07-16~3,0,0,0,0 06-12~7,0,0,0,0 05-30~6,1,1,0,0 05-02~4,1,0,0,0 08-05~1,0,0,0,0 08-07~2,1,0,0,0 07-28~3,0,0,0,0 06-30~10,1,1,0,0 05-06~4,0,0,0,0 06-14~6,0,0,0,0 05-14~6,2,1,1,0 2026-08~7,2,1,0,0 07-03~4,2,2,2,0 05-09~7,2,0,0,0 05-28~11,2,1,0,0 08-30~1,0,0,0,0 07-21~3,0,0,0,0 05-05~4,1,0,0,0 05-10~9,0,0,0,0 07-20~3,1,1,0,0 06-11~7,0,0,0,0 07-09~5,0,0,0,0 08-27~1,0,0,0,0 05-12~8,0,0,0,0 06-10~7,0,0,0,0 07-08~4,0,0,0,0 08-14~2,0,0,0,0 06-05~4,0,0,0,0 07-05~3,0,0,0,0 07-25~1,0,0,0,0 08-12~2,0,0,0,0 05-25~7,4,3,2,0 07-01~4,0,0,0,0 06-19~3,0,0,0,0 08-11~2,0,0,0,0 06-08~5,0,0,0,0 07-10~4,0,0,0,0 2026-09~3,0,0,0,0 05-22~7,1,1,0,0 07-24~2,0,0,0,0 07-30~2,0,0,0,0 06-28~17,4,3,1,0 07-17~3,1,1,0,0 07-29~2,0,0,0,0 06-04~4,0,0,0,0 05-18~3,0,0,0,0 06-27~49,7,4,1,0 05-13~6,0,0,0,0 05-16~3,0,0,0,0 all~205,62,39,18,1 06-06~3,1,1,0,0 06-24~2,0,0,0,0 2026-05M~6,3,0,0,0 07-02~7,0,0,0,0 05-11~8,2,0,0,0 05-01~4,2,0,0,0 05-21~4,0,0,0,0 06-03~4,0,0,0,0 08-13~1,0,0,0,0 08-29~2,0,0,0,0 07-07~3,0,0,0,0 08-20~2,0,0,0,0 08-22~2,0,0,0,0 08-01~2,0,0,0,0 06-07~2,0,0,0,0 06-18~4,0,0,0,0 06-15~6,0,0,0,0 08-17~2,0,0,0,0 05-15~5,1,1,0,0 09-02~3,0,0,0,0 06-26~7,0,0,0,0 2026-06~131,26,18,5,0 08-03~3,0,0,0,0 2026-09M~3,0,0,0,0 06-20~3,0,0,0,0 07-27~3,0,0,0,0 2026-07M~7,0,0,0,0 07-06~2,0,0,0,0 05-19~5,0,0,0,0 05-04~4,1,0,0,0 05-29~8,1,1,1,1 2026-06M~28,8,6,2,0 08-24~2,0,0,0,0 05-03~2,0,0,0,0 05-07~8,2,0,0,0 08-16~2,0,0,0,0 05-24~3,0,0,0,0 05-26~8,1,1,1,0 05-20~8,2,2,1,0 07-15~5,0,0,0,0 07-04~6,1,1,0,0 06-17~6,0,0,0,0 07-18~1,0,0,0,0 07-19~3,0,0,0,0 06-01~14,4,2,0,0 08-23~2,0,0,0,0 08-10~1,0,0,0,0 2026-05~91,34,17,7,1 08-31~2,0,0,0,0 2026-08M~4,1,0,0,0 07-23~2,0,0,0,0 08-19~2,0,0,0,0 09-01~2,0,0,0,0 05-08~9,3,0,0,0 06-13~7,0,0,0,0 05-31~11,2,2,1,0 06-02~16,4,4,2,0 08-09~2,0,0,0,0 07-12~2,0,0,0,0 08-18~1,0,0,0,0 08-21~2,0,0,0,0 06-16~3,0,0,0,0 05-17~3,0,0,0,0 2026-07~24,5,5,3,0 08-25~1,0,0,0,0 08-26~2,0,0,0,0 07-14~4,0,0,0,0 08-02~3,1,0,0,0 07-26~2,0,0,0,0 08-06~1,0,0,0,0 08-28~3,1,1,0,0 05-27~9,2,2,0,0 08-04~1,0,0,0,0 06-09~3,0,0,0,0 07-11~3,0,0,0,0 07-13~3,0,0,0,0 07-22~3,0,0,0,0 06-23~2,0,0,0,0 06-25~5,1,1,0,0 05-23~9,1,1,0,0
61014914_496847|05-28~3,0,0,0,0 06-16~15,4,3,1,0 08-12~6,0,0,0,0 06-24~9,1,0,0,0 2026-09~6,1,0,0,0 07-08~6,1,1,0,0 06-10~11,6,4,2,0 all~246,146,87,35,2 05-16~2,0,0,0,0 07-10~11,4,3,2,0 06-08~7,4,3,2,0 05-11~1,0,0,0,0 08-22~6,1,0,0,0 08-21~10,6,0,0,0 08-18~7,1,1,0,0 06-20~11,4,3,0,0 08-16~3,0,0,0,0 08-11~4,0,0,0,0 08-06~7,2,2,0,0 08-05~5,1,1,1,0 2026-06M~4,0,0,0,0 08-17~5,1,1,1,0 2026-05~11,3,0,0,0 07-16~4,0,0,0,0 06-23~11,2,0,0,0 2026-06~173,93,58,22,1 08-10~4,0,0,0,0 07-14~3,0,0,0,0 07-24~4,1,1,1,0 08-26~5,1,0,0,0 08-15~4,0,0,0,0 05-15~1,0,0,0,0 06-15~13,3,2,0,0 05-12~1,0,0,0,0 06-18~9,2,1,0,0 08-03~5,1,0,0,0 09-02~4,0,0,0,0 05-23~3,0,0,0,0 07-21~5,1,0,0,0 07-06~7,1,0,0,0 06-28~13,5,5,0,0 07-30~4,1,1,0,0 06-03~12,4,3,2,0 09-01~6,1,0,0,0 08-19~3,0,0,0,0 07-13~4,1,0,0,0 08-07~3,0,0,0,0 08-04~7,1,0,0,0 06-04~8,3,1,0,0 05-29~2,1,0,0,0 05-22~3,0,0,0,0 07-26~4,0,0,0,0 07-20~7,0,0,0,0 05-01~2,0,0,0,0 2026-08M~8,1,1,0,0 06-30~11,3,1,0,0 07-28~2,0,0,0,0 08-23~3,0,0,0,0 05-20~1,0,0,0,0 05-02~2,1,0,0,0 08-27~6,2,2,0,0 08-24~6,1,1,0,0 08-14~7,1,1,0,0 06-12~11,3,2,0,0 05-08~2,0,0,0,0 06-27~12,3,2,0,0 06-07~9,6,3,1,0 05-25~2,0,0,0,0 07-11~4,0,0,0,0 06-09~6,2,1,0,0 07-15~9,2,1,1,0 08-28~3,0,0,0,0 07-04~7,0,0,0,0 08-20~5,0,0,0,0 2026-05M~3,1,0,0,0 08-08~3,1,1,0,0 2026-09M~6,1,0,0,0 05-13~2,0,0,0,0 08-31~13,9,0,0,0 08-29~4,0,0,0,0 05-19~1,0,0,0,0 07-27~5,2,0,0,0 06-22~10,5,4,3,0 07-23~4,0,0,0,0 07-09~8,3,2,1,0 06-11~10,4,2,2,0 07-17~4,0,0,0,0 07-03~9,2,2,1,0 06-25~14,6,4,1,0 06-21~17,8,4,2,0 08-30~4,1,1,0,0 06-13~7,1,1,0,0 06-02~2,0,0,0,0 07-18~5,1,1,0,0 06-06~9,2,0,0,0 07-07~6,0,0,0,0 07-25~4,0,0,0,0 07-22~5,0,0,0,0 05-14~1,0,0,0,0 05-31~4,1,0,0,0 06-26~12,6,1,1,0 05-26~2,0,0,0,0 05-27~2,0,0,0,0 06-17~9,3,2,1,0 07-05~5,3,2,1,0 05-24~2,0,0,0,0 2026-07~57,26,16,9,1 08-25~5,0,0,0,0 05-30~2,0,0,0,0 07-29~4,1,1,1,0 08-09~8,2,1,0,0 07-02~4,0,0,0,0 08-01~5,1,1,0,0 06-14~6,1,0,0,0 06-29~14,2,2,0,0 07-31~3,0,0,0,0 08-02~6,0,0,0,0 2026-07M~9,2,1,1,1 05-18~1,0,0,0,0 2026-08~51,32,13,2,0 07-12~4,0,0,0,0 08-13~4,0,0,0,0 06-19~8,3,2,2,1 07-01~8,2,1,1,1 06-01~4,0,0,0,0 07-19~4,0,0,0,0 05-03~1,0,0,0,0 06-05~5,1,1,0,0
6437456_121214|all~16,3,3,1,1 06-29~1,1,1,0,0 05-15~1,0,0,0,0 08-25~1,0,0,0,0 06-15~1,0,0,0,0 07-11~1,0,0,0,0 08-01~1,1,1,1,1 06-18~1,0,0,0,0 07-17~1,0,0,0,0 08-27~1,0,0,0,0 08-11~1,0,0,0,0 06-08~1,1,1,0,0 08-23~1,0,0,0,0 05-09~1,0,0,0,0 2026-07~3,0,0,0,0 05-17~1,0,0,0,0 07-14~1,0,0,0,0 06-07~1,0,0,0,0 08-31~1,0,0,0,0 2026-06~5,2,2,0,0 2026-08~6,1,1,1,1 2026-08M~1,1,1,1,1 2026-05~3,0,0,0,0
6934353_129197|05-01~21,5,0,0,0 05-26~1,0,0,0,0 06-18~2,0,0,0,0 07-06~4,0,0,0,0 05-18~5,3,1,0,0 06-06~3,0,0,0,0 08-16~2,0,0,0,0 08-31~3,0,0,0,0 08-18~4,2,1,0,0 07-24~2,0,0,0,0 08-08~1,0,0,0,0 08-30~3,1,1,0,0 06-21~4,2,1,0,0 09-01~1,0,0,0,0 08-19~3,1,0,0,0 06-22~4,0,0,0,0 07-18~2,1,1,0,0 08-13~3,1,0,0,0 05-11~4,1,0,0,0 08-15~4,2,2,0,0 07-20~1,0,0,0,0 06-02~6,1,1,0,0 05-10~4,2,0,0,0 2026-05M~22,5,0,0,0 08-28~2,0,0,0,0 07-03~3,0,0,0,0 06-16~3,0,0,0,0 08-14~3,1,1,0,0 07-22~1,0,0,0,0 2026-07~40,18,16,4,0 05-15~2,0,0,0,0 07-08~4,1,1,0,0 06-10~6,0,0,0,0 06-26~2,0,0,0,0 07-15~2,1,1,0,0 08-10~2,0,0,0,0 all~161,80,52,17,0 08-17~2,0,0,0,0 05-31~4,0,0,0,0 06-05~2,1,0,0,0 08-20~2,1,1,0,0 2026-06M~11,1,1,0,0 05-20~4,1,0,0,0 08-09~4,2,2,1,0 07-12~4,1,1,0,0 05-14~1,0,0,0,0 05-27~3,2,2,1,0 05-19~4,1,0,0,0 06-25~3,0,0,0,0 08-23~4,2,1,0,0 2026-06~43,19,15,4,0 06-30~5,0,0,0,0 07-28~2,0,0,0,0 07-23~3,0,0,0,0 07-26~4,2,2,0,0 05-04~3,1,0,0,0 05-09~4,0,0,0,0 08-29~3,2,2,1,0 09-02~2,0,0,0,0 07-04~4,0,0,0,0 07-21~2,1,1,0,0 05-06~2,0,0,0,0 06-29~3,1,1,0,0 07-31~2,1,1,0,0 07-11~2,1,1,0,0 06-09~4,0,0,0,0 06-07~2,0,0,0,0 06-03~3,1,1,0,0 08-26~2,1,0,0,0 2026-05~71,28,8,4,0 06-12~6,1,1,0,0 05-30~2,0,0,0,0 2026-07M~7,3,2,0,0 08-24~3,0,0,0,0 07-25~2,0,0,0,0 2026-08M~1,0,0,0,0 05-05~8,1,0,0,0 08-06~1,0,0,0,0 08-11~3,0,0,0,0 08-02~1,0,0,0,0 08-27~1,0,0,0,0 05-08~2,0,0,0,0 05-17~3,1,1,1,0 08-25~3,1,0,0,0 08-22~2,1,1,0,0 07-29~1,0,0,0,0 07-07~2,0,0,0,0 06-01~6,0,0,0,0 07-19~3,1,1,1,0 06-15~5,1,1,1,0 2026-09M~2,0,0,0,0 05-03~7,3,0,0,0 05-02~2,0,0,0,0 07-05~6,2,2,0,0 07-14~1,0,0,0,0 07-16~3,1,1,0,0 07-10~2,1,0,0,0 06-08~2,0,0,0,0 07-09~1,0,0,0,0 06-11~2,0,0,0,0 05-25~3,1,1,0,0 08-03~2,0,0,0,0 06-24~3,0,0,0,0 08-21~2,1,1,1,0 06-28~5,2,1,0,0 07-30~3,1,1,0,0 05-28~7,2,0,0,0 05-29~5,1,1,0,0 08-05~1,0,0,0,0 05-13~1,0,0,0,0 06-20~4,1,1,0,0 06-19~5,2,2,0,0 07-01~3,0,0,0,0 08-12~1,0,0,0,0 06-13~4,2,2,0,0 08-04~3,0,0,0,0 05-22~4,1,0,0,0 2026-08~36,18,14,3,0 06-23~5,1,1,0,0 07-27~3,1,1,1,0 08-07~2,1,1,0,0 06-14~4,1,1,1,0 08-01~1,0,0,0,0 07-02~6,3,2,0,0 06-27~5,0,0,0,0 05-24~1,0,0,0,0 05-07~3,1,0,0,0 05-16~2,0,0,0,0 06-04~5,1,0,0,0 06-17~5,1,1,0,0 07-17~2,0,0,0,0 05-21~4,2,2,2,0 2026-09~2,0,0,0,0 05-23~4,1,0,0,0 05-12~4,1,0,0,0 07-13~2,0,0,0,0
6957193_130439|2026-05M~1,0,0,0,0 07-13~1,1,0,0,0 08-11~1,0,0,0,0 06-27~1,1,0,0,0 07-25~1,1,0,0,0 05-08~1,0,0,0,0 05-21~1,1,1,1,0 2026-08~2,0,0,0,0 08-21~1,0,0,0,0 05-02~1,0,0,0,0 05-12~1,0,0,0,0 06-22~1,0,0,0,0 05-11~1,0,0,0,0 07-21~1,0,0,0,0 05-16~1,1,0,0,0 all~14,7,3,2,0 05-09~1,1,0,0,0 07-08~2,1,1,0,0 2026-07~4,3,1,0,0 2026-06~4,3,1,1,0 05-03~1,0,0,0,0 2026-05~7,2,1,1,0 06-25~2,2,1,1,0 05-24~1,1,0,0,0
72243762_361318|08-11~2,1,1,1,0 2026-08~28,17,13,7,0 06-13~1,1,0,0,0 05-15~1,1,0,0,0 07-13~1,0,0,0,0 05-12~4,2,0,0,0 08-22~1,1,1,0,0 08-15~1,1,1,1,0 07-29~1,1,0,0,0 08-05~1,1,1,1,0 08-06~2,0,0,0,0 2026-06M~7,7,6,4,0 08-14~1,0,0,0,0 2026-06~40,30,24,11,0 07-15~1,1,1,1,0 06-20~3,2,2,0,0 08-18~1,0,0,0,0 2026-05~45,31,12,6,0 08-13~1,1,1,1,0 07-27~1,1,1,1,0 08-25~1,1,0,0,0 08-03~2,0,0,0,0 08-16~4,2,2,1,0 all~122,91,62,33,0 05-11~5,3,0,0,0 08-19~2,1,0,0,0 2026-05M~3,3,0,0,0 05-20~1,1,1,1,0 05-18~2,0,0,0,0 05-13~2,2,0,0,0 09-02~1,1,0,0,0 06-08~4,1,1,0,0 07-10~1,0,0,0,0 08-07~1,1,1,1,0 06-07~3,1,1,0,0 05-14~5,2,1,0,0 07-30~3,1,0,0,0 06-28~3,2,2,0,0 05-21~2,1,1,0,0 07-23~1,1,1,0,0 05-02~2,2,0,0,0 05-04~1,0,0,0,0 05-23~3,2,2,2,0 05-01~1,1,0,0,0 08-27~1,1,1,0,0 08-17~2,1,1,0,0 06-11~1,0,0,0,0 07-09~2,0,0,0,0 06-04~6,4,3,3,0 05-26~2,0,0,0,0 07-12~2,1,1,1,0 07-16~2,2,2,0,0 05-22~1,0,0,0,0 07-07~3,1,1,0,0 08-29~4,1,1,0,0 2026-07~21,15,13,7,0 05-30~3,2,1,1,0 06-30~1,1,1,1,0 08-23~1,1,1,1,0 05-03~2,2,0,0,0 05-08~1,0,0,0,0 05-10~2,2,0,0,0 06-21~1,1,0,0,0 07-20~1,0,0,0,0 07-14~2,1,1,0,0 2026-07M~1,0,0,0,0 06-18~1,0,0,0,0 06-10~1,0,0,0,0 07-08~2,1,0,0,0 06-01~2,2,2,1,0 06-03~1,1,0,0,0 06-05~2,2,2,0,0 05-28~4,3,2,0,0 07-31~1,1,1,1,0 06-29~1,0,0,0,0 07-21~3,2,2,1,0 05-17~3,0,0,0,0 06-25~4,3,2,0,0 05-25~6,4,4,2,0 2026-08M~1,1,0,0,0 06-14~2,2,2,1,0 07-06~2,2,2,2,0 05-27~1,0,0,0,0 06-19~2,1,1,0,0 06-17~2,0,0,0,0 08-01~1,1,0,0,0 05-29~1,0,0,0,0 06-09~3,1,1,0,0 08-10~3,2,1,0,0 07-02~1,0,0,0,0 2026-09M~1,1,0,0,0 06-02~5,5,4,3,0 2026-09~1,1,0,0,0 05-06~3,2,0,0,0 06-06~2,1,1,0,0
72243762_463534|06-20~3,1,1,0,0 06-07~4,3,2,1,0 07-03~3,0,0,0,0 2026-09M~1,0,0,0,0 05-27~5,3,1,0,0 07-05~4,1,0,0,0 06-12~1,0,0,0,0 05-03~4,4,0,0,0 08-02~1,1,0,0,0 2026-05M~11,11,0,0,0 05-21~4,4,1,0,0 06-30~2,0,0,0,0 07-28~1,0,0,0,0 2026-08M~1,1,0,0,0 05-19~3,3,1,0,0 05-23~7,5,4,1,0 05-13~8,8,1,0,0 2026-07~7,2,0,0,0 07-25~1,0,0,0,0 06-18~2,0,0,0,0 06-19~3,1,0,0,0 07-01~1,0,0,0,0 07-14~1,0,0,0,0 06-14~1,0,0,0,0 all~147,146,33,14,1 05-16~3,3,1,0,0 05-31~7,6,1,0,0 07-27~1,0,0,0,0 05-07~3,3,0,0,0 06-10~5,2,1,0,0 05-24~1,1,0,0,0 06-01~1,1,0,0,0 07-19~1,0,0,0,0 06-21~2,0,0,0,0 06-06~3,3,1,1,0 05-04~2,2,0,0,0 05-11~5,4,0,0,0 05-17~4,2,0,0,0 06-25~1,0,0,0,0 06-28~2,0,0,0,0 07-17~1,1,0,0,0 06-13~2,0,0,0,0 05-18~4,3,2,0,0 05-08~2,2,0,0,0 05-28~4,1,0,0,0 05-26~7,4,0,0,0 08-20~1,0,0,0,0 05-22~5,4,1,0,0 06-16~3,1,1,0,0 2026-07M~2,0,0,0,0 06-11~5,1,1,0,0 07-04~2,0,0,0,0 08-13~1,1,0,0,0 06-24~2,1,0,0,0 06-29~3,1,0,0,0 07-31~1,0,0,0,0 05-14~2,2,1,1,1 05-20~6,6,1,1,0 06-23~2,1,1,1,0 05-30~3,2,1,0,0 06-04~4,4,1,1,0 08-27~1,1,0,0,0 05-05~1,1,0,0,0 05-12~20,19,0,0,0 06-15~2,0,0,0,0 05-15~2,1,1,0,0 07-06~2,0,0,0,0 05-09~4,3,0,0,0 07-11~1,0,0,0,0 06-09~2,1,0,0,0 07-10~1,0,0,0,0 06-08~8,6,2,1,0 2026-09~1,0,0,0,0 09-01~1,0,0,0,0 08-14~2,0,0,0,0 05-01~5,5,0,0,0 07-02~1,0,0,0,0 06-03~1,1,0,0,0 05-02~6,6,0,0,0 2026-06M~21,20,2,1,0 2026-06~54,46,15,10,0 2026-08~6,4,1,0,0 05-06~3,3,0,0,0 2026-05~107,106,19,3,1 06-05~3,2,2,1,0 06-26~1,0,0,0,0 05-25~3,3,2,0,0 08-21~1,1,1,0,0 06-02~20,19,2,1,0
753847_278323|05-10~1,0,0,0,0 08-23~1,0,0,0,0 06-10~1,1,1,1,1 06-12~2,0,0,0,0 08-21~1,0,0,0,0 07-04~1,0,0,0,0 05-04~1,0,0,0,0 08-29~1,0,0,0,0 05-27~2,0,0,0,0 07-08~1,0,0,0,0 05-31~1,1,1,0,0 2026-08M~1,0,0,0,0 05-03~3,0,0,0,0 2026-06M~2,0,0,0,0 07-24~1,0,0,0,0 08-01~1,0,0,0,0 06-20~3,2,2,0,0 06-18~3,0,0,0,0 07-17~2,0,0,0,0 06-01~1,0,0,0,0 2026-06~21,7,5,3,1 05-19~2,1,0,0,0 06-07~1,0,0,0,0 05-21~1,0,0,0,0 06-21~2,0,0,0,0 2026-07~9,1,0,0,0 all~44,18,12,7,1 2026-05~19,6,4,2,0 05-15~1,1,1,0,0 2026-05M~3,0,0,0,0 07-23~1,0,0,0,0 08-06~3,1,1,1,0 05-29~3,1,1,1,0 06-22~2,0,0,0,0 05-07~1,0,0,0,0 06-14~1,0,0,0,0 07-02~2,0,0,0,0 05-01~1,0,0,0,0 06-02~1,0,0,0,0 07-19~1,0,0,0,0 05-26~2,0,0,0,0 06-15~3,1,1,0,0 08-25~1,0,0,0,0 06-16~3,1,0,0,0 05-30~1,0,0,0,0 08-28~2,0,0,0,0 05-05~1,0,0,0,0 06-26~2,0,0,0,0 08-15~2,2,1,0,0 07-30~2,0,0,0,0 05-20~3,1,1,1,0 07-28~2,0,0,0,0 05-14~2,0,0,0,0 06-03~1,0,0,0,0 08-08~1,0,0,0,0 05-17~2,1,1,0,0 08-05~3,1,1,0,0 05-28~2,1,0,0,0 07-13~1,1,0,0,0 06-05~1,1,0,0,0 2026-09M~1,0,0,0,0 08-17~1,0,0,0,0 06-24~4,0,0,0,0 06-08~2,1,1,1,0 05-16~2,0,0,0,0 06-29~1,1,0,0,0 05-02~2,0,0,0,0 09-02~1,0,0,0,0 08-14~1,0,0,0,0 06-27~2,0,0,0,0 2026-09~1,0,0,0,0 05-13~2,0,0,0,0 07-22~1,0,0,0,0 08-07~1,0,0,0,0 06-30~2,0,0,0,0 07-25~1,0,0,0,0 06-17~2,0,0,0,0 08-24~1,0,0,0,0 08-20~1,0,0,0,0 06-13~3,0,0,0,0 05-23~1,0,0,0,0 06-11~1,0,0,0,0 08-22~1,1,1,1,0 07-07~1,0,0,0,0 06-23~1,0,0,0,0 2026-08~11,5,4,2,0 2026-07M~2,0,0,0,0
753848_268626|06-01~4,1,0,0,0 07-17~1,1,0,0,0 06-07~5,2,1,1,0 07-11~5,1,1,0,0 07-09~1,1,0,0,0 2026-07M~2,1,1,1,0 05-29~4,2,2,2,0 2026-07~25,16,9,4,0 06-21~3,1,1,1,0 06-02~6,0,0,0,0 07-14~5,4,3,2,0 06-23~2,1,0,0,0 05-30~1,0,0,0,0 07-29~1,1,0,0,0 07-02~2,1,1,1,0 2026-06~48,19,13,7,0 2026-05~8,3,3,2,0 06-13~1,0,0,0,0 07-05~1,0,0,0,0 05-31~2,0,0,0,0 06-27~2,0,0,0,0 all~76,37,25,13,0 06-20~2,1,1,1,0 06-30~1,1,1,0,0 07-06~3,2,1,0,0 06-10~2,2,2,1,0 07-08~1,0,0,0,0 06-24~1,0,0,0,0 2026-06M~10,1,0,0,0 06-28~2,1,1,0,0 07-23~1,1,0,0,0 06-06~1,1,1,1,0 07-10~3,1,1,0,0 06-18~1,1,0,0,0 07-24~1,1,0,0,0 05-28~1,0,0,0,0 06-04~3,1,1,1,0 07-12~3,2,0,0,0 07-03~3,2,1,0,0 06-15~2,0,0,0,0 06-17~1,1,1,1,0 07-07~1,1,0,0,0 06-11~1,1,1,0,0 06-08~6,2,0,0,0 07-16~2,1,1,1,0 08-09~1,0,0,0,0 06-26~2,0,0,0,0 2026-08~1,0,0,0,0 07-15~2,1,0,0,0 07-28~1,1,0,0,0 06-12~2,2,2,0,0
753856_442532|07-14~1,0,0,0,0 08-31~1,0,0,0,0 06-02~2,0,0,0,0 06-23~3,0,0,0,0 08-10~1,0,0,0,0 08-20~1,0,0,0,0 06-13~4,0,0,0,0 07-05~3,0,0,0,0 08-23~1,0,0,0,0 06-10~3,0,0,0,0 07-06~1,0,0,0,0 06-29~1,0,0,0,0 2026-07~6,1,0,0,0 05-10~4,3,0,0,0 07-18~1,0,0,0,0 08-14~1,0,0,0,0 06-27~1,0,0,0,0 09-02~1,0,0,0,0 07-31~1,0,0,0,0 06-20~1,0,0,0,0 08-13~1,0,0,0,0 07-11~2,0,0,0,0 05-19~3,2,0,0,0 06-07~2,0,0,0,0 07-21~1,0,0,0,0 05-29~3,0,0,0,0 08-04~1,0,0,0,0 07-22~1,0,0,0,0 08-07~1,0,0,0,0 05-11~8,6,0,0,0 07-19~1,0,0,0,0 2026-08~6,2,0,0,0 06-26~3,0,0,0,0 08-15~1,0,0,0,0 07-30~1,0,0,0,0 08-19~1,0,0,0,0 2026-09M~1,0,0,0,0 08-12~1,0,0,0,0 06-21~2,0,0,0,0 06-08~2,0,0,0,0 06-17~3,0,0,0,0 05-09~6,5,0,0,0 08-24~1,0,0,0,0 07-01~1,0,0,0,0 07-27~1,0,0,0,0 08-02~1,0,0,0,0 08-17~1,0,0,0,0 06-24~3,0,0,0,0 09-01~1,0,0,0,0 05-13~3,2,1,0,0 08-01~1,0,0,0,0 08-18~2,0,0,0,0 05-31~2,0,0,0,0 06-28~1,0,0,0,0 07-09~1,0,0,0,0 05-01~5,4,0,0,0 07-20~1,0,0,0,0 08-05~1,0,0,0,0 05-28~2,0,0,0,0 07-23~1,0,0,0,0 08-06~1,0,0,0,0 05-02~5,4,0,0,0 06-12~1,0,0,0,0 08-21~2,0,0,0,0 07-04~4,0,0,0,0 05-08~4,3,0,0,0 06-16~2,0,0,0,0 06-15~2,0,0,0,0 07-03~1,0,0,0,0 06-25~1,0,0,0,0 08-16~1,0,0,0,0 07-13~1,0,0,0,0 06-05~3,0,0,0,0 2026-05M~9,8,0,0,0 2026-07M~3,1,0,0,0 05-14~3,0,0,0,0 06-19~1,0,0,0,0 05-07~6,5,0,0,0 07-15~1,0,0,0,0 06-03~1,0,0,0,0 08-30~1,0,0,0,0 07-10~1,0,0,0,0 06-06~3,1,0,0,0 05-18~5,4,1,0,0 08-28~4,2,0,0,0 05-05~2,1,0,0,0 06-11~2,0,0,0,0 08-22~2,0,0,0,0 07-07~1,0,0,0,0 05-27~1,0,0,0,0 05-30~3,0,0,0,0 07-16~2,0,0,0,0 05-23~2,0,0,0,0 05-06~3,1,0,0,0 06-18~2,0,0,0,0 05-15~4,3,2,2,0 05-04~3,2,0,0,0 08-29~2,0,0,0,0 05-03~2,1,0,0,0 2026-05~48,47,4,2,1 2026-06~10,3,1,0,0 07-17~2,0,0,0,0 06-01~2,0,0,0,0 05-22~1,0,0,0,0 07-08~1,0,0,0,0 05-21~3,0,0,0,0 07-29~1,0,0,0,0 05-24~2,0,0,0,0 08-09~1,0,0,0,0 05-12~2,0,0,0,0 2026-09~1,0,0,0,0 2026-06M~2,0,0,0,0 08-08~2,0,0,0,0 05-25~3,1,0,0,0 2026-08M~1,0,0,0,0 06-14~2,0,0,0,0 08-27~1,0,0,0,0 07-02~3,1,0,0,0 05-26~2,0,0,0,0 08-03~1,0,0,0,0 06-30~2,0,0,0,0 05-20~2,1,0,0,0 07-28~1,0,0,0,0 05-17~2,1,0,0,0 06-09~3,1,1,0,0 06-04~3,1,0,0,0 08-11~1,0,0,0,0 06-22~3,0,0,0,0 all~49,48,6,3,1
753856_495382|08-09~1,0,0,0,0 05-24~1,1,0,0,0 07-30~2,0,0,0,0 08-15~2,0,0,0,0 06-26~2,0,0,0,0 06-04~1,0,0,0,0 08-30~3,0,0,0,0 06-03~4,2,2,0,0 07-15~2,0,0,0,0 08-13~1,0,0,0,0 06-20~3,1,1,1,1 05-31~2,1,0,0,0 05-19~2,2,1,0,0 06-07~1,0,0,0,0 07-16~2,0,0,0,0 08-16~2,0,0,0,0 06-25~3,0,0,0,0 2026-05~23,22,8,3,1 09-01~3,1,1,1,0 06-24~3,1,0,0,0 08-17~2,0,0,0,0 08-02~1,0,0,0,0 06-29~2,0,0,0,0 06-09~1,0,0,0,0 2026-06M~4,2,2,0,0 06-02~4,2,2,0,0 08-31~1,0,0,0,0 07-14~2,0,0,0,0 2026-08~10,5,2,1,0 05-22~3,3,1,1,0 06-08~1,1,0,0,0 08-08~1,0,0,0,0 06-05~1,0,0,0,0 07-13~2,0,0,0,0 06-30~4,0,0,0,0 08-03~2,0,0,0,0 07-05~2,0,0,0,0 08-20~1,0,0,0,0 06-18~2,0,0,0,0 07-03~2,0,0,0,0 06-15~3,0,0,0,0 08-26~3,0,0,0,0 08-01~1,0,0,0,0 07-06~1,0,0,0,0 06-10~3,1,1,0,0 08-23~2,1,1,0,0 05-30~2,1,0,0,0 08-29~3,0,0,0,0 06-16~3,0,0,0,0 08-25~2,0,0,0,0 08-04~1,0,0,0,0 05-29~3,3,0,0,0 08-18~3,1,0,0,0 07-25~2,1,0,0,0 06-21~3,0,0,0,0 08-12~1,0,0,0,0 07-04~1,0,0,0,0 08-21~1,0,0,0,0 06-12~2,0,0,0,0 06-19~2,0,0,0,0 06-01~1,0,0,0,0 all~36,35,19,11,6 07-02~2,0,0,0,0 08-27~2,1,0,0,0 06-14~2,2,1,1,1 08-19~1,0,0,0,0 2026-09~3,1,1,1,0 2026-06~13,8,7,3,2 05-27~3,2,1,0,0 2026-09M~3,1,1,1,0 06-28~2,0,0,0,0 2026-08M~1,0,0,0,0 06-06~1,0,0,0,0 08-10~1,0,0,0,0 06-23~3,0,0,0,0 08-07~1,0,0,0,0 08-06~1,0,0,0,0 07-23~1,1,1,1,0 07-31~1,0,0,0,0 09-02~1,0,0,0,0 06-27~2,0,0,0,0 08-14~2,0,0,0,0 05-28~1,1,1,1,0 08-05~1,0,0,0,0 07-20~1,0,0,0,0 07-28~1,0,0,0,0 05-20~4,4,2,0,0 06-22~4,0,0,0,0 08-11~2,1,0,0,0 2026-07~5,2,1,1,1 05-26~2,2,2,1,0 08-28~3,0,0,0,0 2026-07M~4,0,0,0,0 05-23~1,1,0,0,0 07-29~3,0,0,0,0 05-21~2,2,0,0,0 07-01~3,0,0,0,0 08-24~3,1,1,0,0 06-17~1,0,0,0,0 07-07~2,0,0,0,0 08-22~1,0,0,0,0
753856_495386|05-23~7,2,0,0,0 05-20~9,6,1,0,0 07-28~5,2,0,0,0 07-11~3,1,0,0,0 06-07~3,3,1,0,0 05-19~1,1,0,0,0 06-20~5,3,2,2,2 08-13~7,3,1,1,1 06-09~7,4,2,1,1 07-18~3,2,1,1,0 06-29~5,2,0,0,0 06-19~3,1,1,1,0 08-29~4,1,0,0,0 08-12~5,1,0,0,0 06-21~2,0,0,0,0 06-08~2,1,1,1,1 2026-07~73,38,16,7,5 07-14~5,0,0,0,0 08-31~2,2,1,1,0 06-02~1,0,0,0,0 07-12~6,1,0,0,0 06-04~1,1,0,0,0 05-11~1,0,0,0,0 07-19~6,0,0,0,0 2026-05~47,22,4,2,0 06-26~3,1,0,0,0 08-15~6,2,2,1,1 07-30~1,1,1,0,0 05-27~3,1,1,0,0 07-09~4,0,0,0,0 05-01~1,0,0,0,0 06-23~5,1,0,0,0 08-10~3,0,0,0,0 07-13~3,1,1,1,1 06-05~3,0,0,0,0 2026-06M~7,5,2,2,1 07-17~1,0,0,0,0 06-01~6,5,2,2,1 07-10~4,2,0,0,0 06-06~2,0,0,0,0 2026-08M~7,1,1,1,0 07-27~2,1,0,0,0 08-02~6,1,1,1,0 06-18~2,2,1,0,0 05-06~1,0,0,0,0 08-28~1,0,0,0,0 all~223,132,50,34,21 07-24~4,2,2,2,1 08-01~1,0,0,0,0 05-22~4,2,0,0,0 05-26~6,2,0,0,0 08-08~1,1,1,1,0 05-25~4,1,1,1,0 08-18~5,0,0,0,0 2026-05M~1,0,0,0,0 08-17~9,5,2,2,2 06-24~7,2,2,2,1 09-01~6,2,0,0,0 07-21~5,3,1,0,0 05-29~3,1,0,0,0 08-04~2,2,0,0,0 06-28~5,2,0,0,0 2026-09M~10,5,1,1,0 08-06~2,1,0,0,0 05-21~5,2,0,0,0 07-29~6,3,0,0,0 06-17~3,0,0,0,0 08-24~1,1,0,0,0 07-01~4,2,2,0,0 07-16~3,1,0,0,0 05-30~3,1,1,1,0 08-20~4,0,0,0,0 06-13~3,0,0,0,0 07-05~6,1,0,0,0 07-20~3,1,0,0,0 08-05~7,2,0,0,0 05-28~6,1,0,0,0 06-25~4,2,1,1,1 08-16~5,3,1,0,0 07-22~7,2,0,0,0 08-07~3,1,0,0,0 07-25~3,0,0,0,0 2026-06~62,37,13,10,7 05-31~2,1,0,0,0 2026-09~10,5,1,1,0 06-12~1,0,0,0,0 08-21~3,0,0,0,0 07-04~9,3,2,0,0 07-26~3,1,0,0,0 08-03~1,1,1,1,0 06-30~3,1,0,0,0 06-11~5,1,0,0,0 08-22~8,2,2,0,0 07-07~9,4,3,1,1 06-14~4,1,0,0,0 07-02~3,1,1,0,0 08-11~8,5,2,2,1 06-22~3,1,0,0,0 07-15~4,1,0,0,0 06-03~1,0,0,0,0 08-30~3,0,0,0,0 08-26~2,0,0,0,0 06-15~4,1,0,0,0 07-03~7,2,1,1,1 05-24~3,1,0,0,0 08-09~1,0,0,0,0 08-25~5,0,0,0,0 06-16~7,2,0,0,0 05-08~1,0,0,0,0 07-08~4,1,0,0,0 08-23~5,2,0,0,0 06-10~1,0,0,0,0 07-06~7,0,0,0,0 2026-07M~7,3,3,0,0 08-14~8,3,1,1,1 06-27~5,0,0,0,0 09-02~6,3,1,1,0 07-31~1,1,1,0,0 08-19~5,2,1,0,0 05-12~1,0,0,0,0 2026-08~75,39,16,12,9
753856_502844|07-25~8,5,4,1,0 07-07~1,0,0,0,0 08-06~1,1,1,0,0 07-23~31,27,17,5,0 08-09~1,0,0,0,0 2026-08M~2,2,0,0,0 2026-07~79,76,48,18,0 06-18~1,0,0,0,0 07-03~1,0,0,0,0 06-15~1,0,0,0,0 08-03~1,0,0,0,0 07-26~11,7,2,1,0 08-02~2,2,0,0,0 07-27~10,4,1,1,0 08-17~1,0,0,0,0 06-17~1,0,0,0,0 05-26~1,0,0,0,0 08-16~1,1,1,0,0 07-16~1,1,1,0,0 07-31~3,1,0,0,0 07-13~2,1,0,0,0 08-08~1,0,0,0,0 07-19~1,1,1,0,0 07-28~4,1,1,0,0 07-30~2,0,0,0,0 07-22~17,15,10,3,0 07-11~1,0,0,0,0 07-17~1,1,0,0,0 07-29~6,4,4,0,0 05-23~1,0,0,0,0 08-20~1,1,0,0,0 08-05~1,1,1,0,0 07-20~1,1,1,0,0 all~84,82,51,18,0 06-20~1,0,0,0,0 08-13~1,0,0,0,0 2026-06~2,0,0,0,0 08-29~1,0,0,0,0 07-24~8,6,6,2,0 06-23~2,0,0,0,0 2026-05~1,0,0,0,0 08-18~1,0,0,0,0 2026-08~12,8,3,0,0 07-21~3,3,0,0,0 08-19~1,1,0,0,0 08-28~1,1,0,0,0 08-31~1,0,0,0,0
753874_29800|05-22~1,1,1,1,0 2026-08~5,0,0,0,0 07-26~1,0,0,0,0 08-02~1,0,0,0,0 2026-09M~1,0,0,0,0 08-08~1,0,0,0,0 all~39,15,7,6,0 06-14~1,1,1,1,0 07-11~1,0,0,0,0 06-03~1,0,0,0,0 06-30~2,0,0,0,0 2026-07M~1,0,0,0,0 06-22~1,0,0,0,0 07-07~1,0,0,0,0 07-12~1,0,0,0,0 05-14~1,0,0,0,0 2026-06~9,2,2,2,0 07-08~1,0,0,0,0 07-30~2,1,1,1,0 07-29~1,0,0,0,0 05-31~1,1,0,0,0 05-11~2,2,0,0,0 07-17~2,2,0,0,0 07-09~1,0,0,0,0 05-24~4,1,1,1,0 05-10~1,0,0,0,0 06-18~1,0,0,0,0 06-11~1,0,0,0,0 06-21~1,0,0,0,0 05-02~1,0,0,0,0 08-19~1,0,0,0,0 07-23~1,0,0,0,0 08-14~1,0,0,0,0 07-14~2,0,0,0,0 08-25~1,0,0,0,0 08-30~2,0,0,0,0 07-31~1,0,0,0,0 2026-08M~2,0,0,0,0 08-10~1,0,0,0,0 07-27~1,0,0,0,0 06-15~2,1,1,1,0 07-06~1,0,0,0,0 07-04~1,1,0,0,0 08-09~1,0,0,0,0 05-13~1,0,0,0,0 07-05~2,1,1,1,0 2026-05M~1,0,0,0,0 07-16~1,0,0,0,0 08-23~1,0,0,0,0 2026-05~17,8,2,2,0 08-18~1,0,0,0,0 07-22~1,0,0,0,0 05-07~1,0,0,0,0 05-06~1,0,0,0,0 08-11~1,0,0,0,0 08-29~1,0,0,0,0 07-13~1,0,0,0,0 09-02~1,0,0,0,0 07-21~2,0,0,0,0 07-28~1,0,0,0,0 08-12~1,0,0,0,0 08-24~2,0,0,0,0 09-01~1,0,0,0,0 08-17~1,0,0,0,0 07-20~2,0,0,0,0 2026-09~1,0,0,0,0 05-26~1,1,0,0,0 07-02~1,0,0,0,0 07-25~1,0,0,0,0 08-26~1,0,0,0,0 07-18~1,0,0,0,0 08-22~1,0,0,0,0 08-21~1,0,0,0,0 05-03~1,0,0,0,0 05-12~1,1,0,0,0 08-01~1,0,0,0,0 07-15~2,1,1,0,0 06-26~1,0,0,0,0 2026-07~10,5,3,2,0 08-31~2,0,0,0,0 05-09~1,1,0,0,0
753874_32178|06-02~2,1,1,0,0 05-16~2,0,0,0,0 08-16~1,1,0,0,0 05-02~1,0,0,0,0 06-26~1,0,0,0,0 2026-09~1,1,0,0,0 07-07~1,0,0,0,0 09-01~1,1,0,0,0 2026-06~11,3,3,1,0 07-24~2,1,1,1,1 08-15~1,1,0,0,0 06-20~1,0,0,0,0 2026-08M~1,0,0,0,0 2026-06M~2,1,1,0,0 2026-05M~1,0,0,0,0 07-14~1,0,0,0,0 07-18~1,0,0,0,0 08-22~1,1,1,0,0 06-24~2,0,0,0,0 07-30~1,0,0,0,0 08-02~1,0,0,0,0 06-06~1,1,1,0,0 2026-08~7,4,1,0,0 06-08~1,1,1,1,0 2026-09M~1,1,0,0,0 08-06~2,0,0,0,0 2026-05~3,0,0,0,0 06-16~1,0,0,0,0 all~28,9,5,2,1 06-25~1,0,0,0,0 2026-07~7,1,1,1,1 07-22~1,0,0,0,0 06-15~1,0,0,0,0 07-17~1,0,0,0,0 08-03~1,1,0,0,0
7757744_389986|2026-09M~1,0,0,0,0 06-06~1,1,0,0,0 05-10~1,0,0,0,0 06-25~1,1,1,1,0 06-02~1,1,0,0,0 08-30~1,1,0,0,0 06-01~1,1,0,0,0 06-26~1,0,0,0,0 08-31~1,1,1,1,0 2026-05~7,6,3,0,0 2026-06~14,9,7,2,1 07-24~2,1,0,0,0 09-01~1,0,0,0,0 07-05~1,0,0,0,0 07-03~1,0,0,0,0 06-18~1,1,1,0,0 07-25~3,2,1,0,0 08-01~1,0,0,0,0 05-28~1,1,1,0,0 2026-08M~1,0,0,0,0 08-25~1,1,0,0,0 07-02~2,0,0,0,0 06-20~1,1,1,0,0 08-16~1,0,0,0,0 06-29~1,0,0,0,0 05-18~1,1,0,0,0 06-03~1,0,0,0,0 07-06~1,0,0,0,0 06-13~2,1,1,1,0 05-30~1,0,0,0,0 2026-07M~2,1,0,0,0 06-30~2,0,0,0,0 07-28~1,0,0,0,0 2026-09~1,0,0,0,0 05-23~1,0,0,0,0 07-29~1,0,0,0,0 all~25,22,13,4,1 06-16~1,0,0,0,0 06-27~1,0,0,0,0 2026-08~4,2,1,1,0 08-15~1,0,0,0,0 06-15~1,0,0,0,0 07-04~2,0,0,0,0 08-09~1,0,0,0,0 08-08~1,0,0,0,0 05-21~4,3,1,0,0 06-19~3,3,3,0,0 07-01~2,1,0,0,0 07-08~1,1,0,0,0 06-14~1,0,0,0,0 07-09~1,0,0,0,0 06-11~2,0,0,0,0 06-28~1,0,0,0,0 07-30~1,0,0,0,0 2026-06M~1,1,0,0,0 05-20~1,1,1,0,0 05-17~1,0,0,0,0 2026-07~10,6,2,1,0 06-21~1,1,0,0,0 07-27~3,2,1,1,0 08-02~1,0,0,0,0
791993_485776|2026-09M~3,2,1,0,0 2026-05M~1,0,0,0,0 08-28~1,0,0,0,0 2026-09~3,2,1,0,0 07-10~1,0,0,0,0 05-18~1,1,0,0,0 09-02~2,1,0,0,0 07-31~1,1,0,0,0 all~20,16,7,6,1 08-26~1,0,0,0,0 07-03~1,0,0,0,0 2026-06~3,2,1,1,0 05-03~2,0,0,0,0 08-23~2,0,0,0,0 07-06~1,0,0,0,0 07-21~1,0,0,0,0 08-04~1,1,0,0,0 06-01~1,0,0,0,0 08-19~1,0,0,0,0 08-31~1,0,0,0,0 05-09~1,1,0,0,0 08-24~1,0,0,0,0 07-01~1,1,1,1,1 08-22~1,0,0,0,0 05-02~1,0,0,0,0 05-07~1,1,0,0,0 05-30~1,1,1,1,0 06-20~1,1,1,1,0 08-13~1,1,1,1,0 08-17~1,1,0,0,0 09-01~1,1,1,0,0 2026-08~9,8,3,3,0 08-06~2,2,1,1,0 05-04~1,0,0,0,0 08-29~2,0,0,0,0 2026-07M~1,1,1,1,1 2026-05~6,4,1,1,0 08-25~2,1,0,0,0 05-08~1,1,0,0,0 08-21~1,0,0,0,0 07-04~1,0,0,0,0 06-26~1,1,0,0,0 05-24~1,0,0,0,0 08-18~2,1,1,0,0 08-30~2,0,0,0,0 08-27~3,2,0,0,0 08-20~1,0,0,0,0 07-05~1,0,0,0,0 2026-06M~1,0,0,0,0 2026-07~3,2,1,1,1
81770295_497246|05-30~1,0,0,0,0 07-16~1,0,0,0,0 07-24~1,0,0,0,0 06-08~10,3,0,0,0 06-10~6,5,1,0,0 07-08~1,1,0,0,0 07-20~1,1,1,0,0 05-25~1,1,0,0,0 08-26~1,0,0,0,0 2026-07M~13,7,1,1,0 06-16~4,0,0,0,0 08-05~1,0,0,0,0 05-07~1,1,0,0,0 07-23~1,0,0,0,0 08-03~1,0,0,0,0 06-14~4,3,1,1,0 06-24~6,3,2,1,1 08-21~1,0,0,0,0 05-06~1,0,0,0,0 07-15~1,0,0,0,0 07-18~2,0,0,0,0 08-24~1,0,0,0,0 08-02~1,0,0,0,0 06-21~9,5,2,1,0 06-06~7,4,2,1,0 05-08~1,0,0,0,0 07-28~1,1,1,0,0 06-30~5,0,0,0,0 07-03~1,0,0,0,0 08-06~1,0,0,0,0 05-27~1,1,1,0,0 06-13~5,5,0,0,0 2026-07~15,8,2,2,2 07-04~1,0,0,0,0 all~173,89,17,8,3 06-26~2,0,0,0,0 06-20~12,7,1,1,0 2026-09M~1,0,0,0,0 06-28~5,2,1,0,0 07-27~1,1,0,0,0 2026-08~3,1,1,1,0 07-07~2,0,0,0,0 2026-05~1,1,1,1,1 06-11~8,4,0,0,0 07-09~1,0,0,0,0 06-15~6,5,1,0,0 2026-05M~1,0,0,0,0 06-04~4,2,0,0,0 05-13~1,1,1,1,0 08-10~1,0,0,0,0 2026-08M~1,0,0,0,0 08-07~1,1,0,0,0 08-29~1,0,0,0,0 08-14~2,0,0,0,0 08-31~1,1,1,0,0 05-01~1,0,0,0,0 05-20~1,0,0,0,0 06-27~4,1,0,0,0 06-23~6,2,0,0,0 06-09~3,2,0,0,0 06-17~2,1,0,0,0 06-03~11,5,0,0,0 2026-09~1,0,0,0,0 07-21~2,1,1,1,1 05-15~1,0,0,0,0 07-02~7,3,1,1,0 06-18~10,5,0,0,0 07-06~1,0,0,0,0 06-07~8,1,0,0,0 06-25~5,2,2,2,1 05-22~1,0,0,0,0 06-22~4,0,0,0,0 05-29~1,0,0,0,0 2026-06~160,82,16,7,2 08-13~1,1,0,0,0 08-25~1,0,0,0,0 07-17~1,1,0,0,0 08-04~1,0,0,0,0 06-05~4,2,1,0,0 08-12~1,0,0,0,0 05-28~1,0,0,0,0 06-29~5,0,0,0,0 08-11~1,0,0,0,0 06-02~3,2,1,0,0 08-17~1,0,0,0,0 07-14~1,0,0,0,0 07-29~1,0,0,0,0 08-20~1,1,0,0,0 09-02~1,0,0,0,0 2026-06M~3,2,1,0,0 05-11~1,0,0,0,0 06-12~13,8,1,1,0 06-01~1,0,0,0,0 07-01~8,5,0,0,0 06-19~17,10,1,0,0 07-05~1,0,0,0,0
830116_412788|05-02~10,8,0,0,0 06-02~25,16,10,1,0 08-31~5,0,0,0,0 07-14~4,0,0,0,0 07-16~6,0,0,0,0 05-16~15,9,5,0,0 06-08~18,7,5,1,0 08-18~4,0,0,0,0 2026-05~353,341,139,41,0 05-12~16,14,0,0,0 08-04~5,0,0,0,0 05-29~18,10,8,2,0 07-21~3,0,0,0,0 05-23~16,9,6,3,0 07-19~3,0,0,0,0 05-11~10,6,0,0,0 06-28~6,0,0,0,0 all~482,460,227,76,1 2026-05M~16,14,0,0,0 08-13~3,0,0,0,0 06-20~8,2,1,0,0 08-01~5,0,0,0,0 07-24~4,0,0,0,0 05-14~17,12,7,3,0 07-05~7,0,0,0,0 06-13~10,1,0,0,0 08-20~5,0,0,0,0 07-03~8,0,0,0,0 06-15~9,0,0,0,0 08-26~4,0,0,0,0 08-09~5,0,0,0,0 05-24~21,17,8,2,0 2026-09M~7,3,0,0,0 2026-08~16,5,0,0,0 06-16~5,0,0,0,0 05-08~13,11,0,0,0 08-25~3,0,0,0,0 07-25~4,0,0,0,0 2026-07M~18,0,0,0,0 2026-06M~42,24,16,2,0 05-07~18,16,0,0,0 06-19~6,0,0,0,0 07-02~16,0,0,0,0 08-27~4,0,0,0,0 06-14~9,0,0,0,0 05-30~18,11,9,0,0 07-31~6,0,0,0,0 09-02~6,2,0,0,0 06-27~7,1,0,0,0 08-14~3,0,0,0,0 08-16~5,1,0,0,0 06-25~10,0,0,0,0 06-30~11,0,0,0,0 08-03~6,0,0,0,0 07-26~6,0,0,0,0 05-15~12,8,4,2,0 05-18~14,9,7,3,0 06-06~26,19,15,1,0 07-10~7,0,0,0,0 2026-09~7,3,0,0,0 05-13~12,9,3,1,0 07-06~9,1,0,0,0 06-10~29,11,8,1,0 08-23~5,0,0,0,0 05-03~18,14,0,0,0 08-19~5,1,0,0,0 06-07~19,12,9,1,0 05-19~14,10,7,2,0 07-11~5,1,1,0,0 07-12~7,1,0,0,0 06-04~22,9,7,4,0 05-22~15,10,6,2,0 07-28~3,0,0,0,0 05-20~13,11,7,2,0 06-09~29,18,13,5,0 05-17~22,19,13,6,0 07-29~5,0,0,0,0 05-21~14,9,6,2,0 08-07~4,0,0,0,0 07-22~4,0,0,0,0 08-10~4,0,0,0,0 06-23~12,1,0,0,0 06-18~7,0,0,0,0 05-06~10,8,0,0,0 07-07~9,1,0,0,0 08-22~4,0,0,0,0 06-11~17,7,5,1,0 06-29~7,0,0,0,0 05-05~15,13,0,0,0 08-28~4,1,0,0,0 2026-06~199,128,89,25,0 07-04~5,0,0,0,0 08-21~5,1,0,0,0 06-12~15,0,0,0,0 09-01~4,1,0,0,0 06-24~6,0,0,0,0 08-17~5,1,0,0,0 07-01~7,0,0,0,0 08-24~3,0,0,0,0 05-09~17,14,0,0,0 06-17~7,1,1,0,0 05-28~26,10,7,2,0 08-05~6,0,0,0,0 07-20~5,0,0,0,0 07-08~9,0,0,0,0 08-29~5,0,0,0,0 05-04~22,20,0,0,0 05-25~21,18,11,3,0 08-08~5,0,0,0,0 07-18~6,0,0,0,0 05-10~16,9,0,0,0 07-23~4,0,0,0,0 08-06~4,0,0,0,0 05-26~18,11,8,1,0 05-01~7,6,0,0,0 07-09~5,0,0,0,0 07-30~7,0,0,0,0 08-15~5,0,0,0,0 06-26~9,0,0,0,0 2026-07~53,8,3,0,0 2026-08M~6,0,0,0,0 06-22~8,0,0,0,0 08-11~4,0,0,0,0 06-21~4,0,0,0,0 08-12~3,0,0,0,0 05-27~20,11,10,0,0 07-13~7,1,0,0,0 06-05~16,11,6,5,0 06-01~20,8,6,1,0 07-17~6,2,2,0,0 05-31~18,9,7,3,0 08-30~4,0,0,0,0 06-03~21,6,5,0,0 07-15~4,0,0,0,0 08-02~4,0,0,0,0 07-27~4,1,0,0,0
839237_112672|2026-08~7,2,0,0,0 06-30~3,0,0,0,0 08-03~2,1,0,0,0 07-26~1,0,0,0,0 05-26~1,0,0,0,0 05-22~1,0,0,0,0 05-19~1,0,0,0,0 06-07~1,0,0,0,0 07-11~2,1,1,1,0 05-13~1,0,0,0,0 07-29~1,1,1,0,0 05-21~2,0,0,0,0 05-06~1,0,0,0,0 2026-08M~1,0,0,0,0 2026-06M~1,0,0,0,0 06-10~1,0,0,0,0 05-24~3,2,1,0,0 06-23~2,0,0,0,0 05-03~1,0,0,0,0 05-14~3,0,0,0,0 06-03~1,0,0,0,0 2026-09~1,0,0,0,0 2026-06~16,5,5,3,1 2026-05M~1,0,0,0,0 2026-05~17,5,3,1,0 06-29~1,1,1,1,0 all~40,14,10,5,1 09-01~1,0,0,0,0 06-24~1,0,0,0,0 07-01~1,0,0,0,0 06-17~1,0,0,0,0 07-03~2,0,0,0,0 05-25~2,0,0,0,0 08-08~1,0,0,0,0 05-23~1,0,0,0,0 06-20~1,0,0,0,0 2026-07~8,2,2,1,0 08-29~1,0,0,0,0 05-04~2,0,0,0,0 08-04~1,0,0,0,0 07-21~1,0,0,0,0 05-12~1,0,0,0,0 2026-09M~1,0,0,0,0 05-27~1,0,0,0,0 05-11~1,0,0,0,0 06-13~2,0,0,0,0 08-20~1,0,0,0,0 06-21~1,0,0,0,0 06-19~2,1,1,0,0 05-07~1,0,0,0,0 08-18~1,1,0,0,0 06-22~1,0,0,0,0 2026-07M~1,0,0,0,0 07-02~1,0,0,0,0 08-27~1,0,0,0,0 06-14~2,1,1,0,0 06-27~1,1,1,1,0 06-06~2,0,0,0,0 05-18~1,0,0,0,0 05-30~1,0,0,0,0 05-15~1,0,0,0,0 05-20~1,1,1,0,0 06-05~1,1,1,1,1 06-08~1,0,0,0,0 05-16~1,1,1,1,0 05-08~3,1,0,0,0 06-11~1,0,0,0,0 08-02~1,0,0,0,0 05-01~1,0,0,0,0 06-01~1,0,0,0,0
839237_53194|08-02~1,1,1,1,0 05-07~2,0,0,0,0 07-26~1,1,1,0,0 08-12~1,0,0,0,0 06-25~1,0,0,0,0 08-18~1,0,0,0,0 07-22~1,0,0,0,0 07-25~1,1,1,0,0 05-14~1,0,0,0,0 07-14~2,1,1,0,0 07-27~1,0,0,0,0 07-08~2,0,0,0,0 05-11~1,0,0,0,0 07-19~1,0,0,0,0 08-03~2,2,2,0,0 07-15~1,1,1,0,0 06-27~1,0,0,0,0 06-29~1,0,0,0,0 07-30~1,1,1,0,0 08-31~1,1,0,0,0 2026-06~3,0,0,0,0 08-28~1,1,0,0,0 07-12~1,1,1,0,0 all~30,14,12,1,0 2026-09~3,0,0,0,0 2026-05~3,0,0,0,0 07-04~1,1,1,0,0 2026-08~14,8,5,1,0 08-14~1,0,0,0,0 09-01~2,0,0,0,0 09-02~1,0,0,0,0 2026-09M~3,0,0,0,0 08-01~2,2,1,0,0 08-26~2,1,1,0,0 2026-08M~3,3,2,1,0 08-10~1,1,1,0,0 05-09~1,0,0,0,0 08-21~1,0,0,0,0 2026-07~11,7,7,0,0 05-04~1,0,0,0,0 08-22~1,0,0,0,0
846258_487930|all~10,10,4,1,0 2026-06~7,7,3,0,0 2026-05~3,3,1,1,0 2026-05M~1,1,0,0,0 06-08~3,3,0,0,0 06-12~1,1,1,0,0 06-11~1,0,0,0,0 05-01~1,1,0,0,0 05-07~1,1,0,0,0 2026-06M~1,1,0,0,0 06-05~2,2,0,0,0 06-09~2,2,2,0,0 05-25~1,1,1,1,0 06-02~1,1,0,0,0 05-09~1,0,0,0,0
846258_498158|06-20~1,1,0,0,0 08-28~1,0,0,0,0 07-04~1,0,0,0,0 06-30~1,1,1,0,0 08-03~1,1,1,1,0 08-09~1,0,0,0,0 07-02~2,1,0,0,0 07-22~1,1,1,0,0 all~12,10,7,3,0 07-06~1,0,0,0,0 07-05~1,0,0,0,0 06-27~1,1,1,1,0 06-16~1,0,0,0,0 2026-08~5,2,1,1,0 08-10~1,0,0,0,0 07-03~1,1,1,0,0 06-09~1,1,1,1,0 2026-06~4,4,3,2,0 08-30~1,1,0,0,0 2026-07M~2,1,0,0,0 2026-07~6,4,3,0,0 07-14~1,1,1,0,0
848232_32979|07-12~6,1,1,0,0 08-28~2,1,0,0,0 05-26~4,3,3,2,0 08-09~8,3,2,1,0 05-14~6,3,3,1,0 05-20~8,5,4,1,0 06-26~6,1,1,0,0 07-03~11,2,2,1,0 08-03~1,1,1,0,0 05-10~3,2,0,0,0 08-24~3,2,2,1,0 06-05~12,6,6,1,0 07-30~3,2,2,1,0 05-02~2,1,0,0,0 07-17~7,2,1,1,0 07-27~6,1,1,0,0 07-24~3,0,0,0,0 08-25~2,1,0,0,0 06-22~8,2,2,0,0 06-19~7,3,2,0,0 08-06~10,8,8,2,0 06-13~11,4,4,2,0 05-13~5,1,1,0,0 2026-09M~9,7,5,2,0 06-21~7,3,3,1,0 05-06~2,1,0,0,0 06-06~10,6,6,2,0 07-31~4,2,2,0,0 08-22~3,0,0,0,0 07-18~6,1,1,1,0 07-07~11,5,4,0,0 07-21~3,2,1,0,0 2026-07M~24,8,6,3,0 05-25~2,2,1,1,0 05-28~17,8,8,1,0 08-27~4,2,2,1,0 07-22~4,3,3,1,0 08-18~6,3,2,1,0 08-01~5,2,1,1,0 05-04~4,1,0,0,0 06-24~7,4,4,1,0 2026-07~109,59,52,20,0 05-09~3,1,0,0,0 09-01~6,4,3,2,0 06-03~14,8,7,3,0 05-18~8,5,5,3,0 08-05~6,3,1,1,0 06-14~8,4,2,1,0 all~448,338,281,116,1 08-02~5,3,3,2,0 09-02~5,3,2,0,0 07-26~7,4,3,1,0 07-25~3,0,0,0,0 2026-06~196,140,122,49,1 05-08~5,1,0,0,0 05-05~3,1,0,0,0 07-02~14,3,3,2,0 07-06~11,3,1,0,0 07-05~8,1,1,1,0 05-22~7,3,2,1,0 05-07~4,3,0,0,0 07-15~1,0,0,0,0 05-17~3,2,1,0,0 08-20~3,0,0,0,0 06-09~11,8,7,1,0 07-09~5,0,0,0,0 07-13~9,3,3,1,0 08-29~2,1,1,0,0 06-25~14,7,5,2,0 07-16~8,3,2,1,0 06-28~4,1,1,0,0 2026-05~122,80,59,18,0 08-31~4,2,2,0,0 06-23~13,6,4,0,0 05-03~1,1,0,0,0 07-01~11,5,3,1,0 06-04~9,2,1,0,0 08-13~7,5,4,1,0 07-29~2,1,1,0,0 06-29~6,2,2,1,0 08-04~3,1,1,1,0 06-12~10,4,2,2,1 06-10~11,5,5,2,0 07-10~4,0,0,0,0 08-17~4,3,3,1,0 07-08~11,7,7,4,0 06-27~3,0,0,0,0 08-21~6,3,2,1,0 06-11~16,4,4,2,0 08-30~5,3,2,1,0 05-12~4,1,0,0,0 05-21~5,2,2,0,0 06-02~11,8,8,3,0 05-15~2,0,0,0,0 05-11~3,1,0,0,0 07-11~5,3,3,0,0 05-23~9,6,4,1,0 05-30~10,5,5,0,0 06-07~10,4,4,1,0 08-16~3,2,0,0,0 05-16~7,3,3,1,0 08-15~5,4,1,1,0 08-10~6,2,2,0,0 2026-08M~8,5,4,3,0 06-18~11,5,4,3,0 06-30~13,8,7,4,0 08-26~3,1,1,1,0 2026-05M~4,3,0,0,0 05-27~6,4,3,1,0 08-07~10,5,3,0,0 06-15~14,8,8,3,0 06-20~8,6,6,3,0 08-11~4,0,0,0,0 2026-08~86,63,46,22,0 06-16~16,6,4,1,0 06-08~11,7,6,2,0 07-04~3,2,2,0,0 05-01~2,2,0,0,0 08-12~4,1,1,0,0 07-28~2,0,0,0,0 07-20~2,1,1,1,0 08-14~5,1,1,1,0 05-24~7,4,4,1,0 05-19~3,2,2,0,0 08-23~2,0,0,0,0 07-19~4,2,2,1,0 07-23~6,2,2,0,0 08-19~4,0,0,0,0 07-14~3,1,1,0,0 06-17~9,7,5,2,0 06-01~8,3,2,2,0 08-08~5,1,0,0,0 05-29~6,2,2,1,0 05-31~10,5,5,1,0 2026-09~9,7,5,2,0 2026-06M~18,11,10,5,0
8580080_482180|05-07~3,2,0,0,0 05-26~2,0,0,0,0 06-09~1,0,0,0,0 07-11~1,0,0,0,0 06-17~1,0,0,0,0 06-15~2,0,0,0,0 07-05~3,2,2,1,0 05-16~3,1,1,0,0 05-15~3,0,0,0,0 2026-06~20,3,2,1,0 08-06~3,0,0,0,0 05-22~1,0,0,0,0 2026-08~23,8,3,0,0 05-25~1,1,1,1,0 05-02~2,0,0,0,0 05-31~3,0,0,0,0 08-09~1,0,0,0,0 2026-09~1,0,0,0,0 06-19~2,0,0,0,0 05-29~3,1,1,0,0 07-30~3,1,0,0,0 06-28~2,0,0,0,0 2026-05~60,24,6,3,0 05-24~2,1,0,0,0 05-12~5,1,0,0,0 05-21~5,2,2,1,0 08-21~3,1,0,0,0 08-26~2,0,0,0,0 05-08~1,0,0,0,0 07-07~2,1,1,0,0 08-02~2,1,1,0,0 06-06~3,0,0,0,0 all~113,46,22,10,0 08-17~2,0,0,0,0 07-18~3,2,1,1,0 08-24~1,0,0,0,0 07-20~1,0,0,0,0 2026-07~26,15,11,6,0 06-26~1,0,0,0,0 09-02~1,0,0,0,0 05-30~2,0,0,0,0 2026-08M~2,1,1,0,0 08-23~1,0,0,0,0 08-16~3,1,1,0,0 2026-09M~1,0,0,0,0 05-17~3,1,1,1,0 08-14~1,0,0,0,0 05-13~3,2,0,0,0 08-08~1,0,0,0,0 05-10~2,0,0,0,0 2026-05M~4,1,0,0,0 2026-06M~2,0,0,0,0 08-30~2,0,0,0,0 07-14~2,0,0,0,0 08-11~1,0,0,0,0 07-19~2,1,1,1,0 06-30~2,0,0,0,0 06-25~1,0,0,0,0 05-06~5,2,0,0,0 07-06~2,1,1,0,0 05-03~3,3,0,0,0 06-13~1,0,0,0,0 08-15~2,1,0,0,0 06-18~1,0,0,0,0 08-07~2,1,0,0,0 06-05~2,0,0,0,0 06-08~1,1,0,0,0 05-14~1,0,0,0,0 08-27~3,2,1,0,0 06-12~2,0,0,0,0 06-11~2,1,1,0,0 07-09~1,0,0,0,0 06-29~2,0,0,0,0 05-05~4,1,0,0,0 07-04~1,1,1,0,0 06-21~1,0,0,0,0 05-18~3,0,0,0,0 07-15~1,0,0,0,0 05-04~7,2,0,0,0 07-16~1,0,0,0,0 08-20~1,0,0,0,0 08-05~1,0,0,0,0 06-07~1,0,0,0,0 08-12~1,0,0,0,0 08-13~1,0,0,0,0 07-29~2,1,1,1,0 06-02~2,0,0,0,0 06-23~1,0,0,0,0 08-29~3,1,0,0,0 07-13~1,0,0,0,0 05-09~6,2,0,0,0 07-17~3,2,1,1,0 05-28~4,0,0,0,0 08-10~2,0,0,0,0 07-03~3,1,1,1,0 06-20~1,0,0,0,0 08-18~1,0,0,0,0 07-12~3,1,0,0,0 05-11~2,1,0,0,0 08-04~2,1,0,0,0 05-01~3,1,0,0,0 07-08~4,0,0,0,0 06-10~1,0,0,0,0 06-14~2,1,1,0,0 07-22~3,1,1,0,0 05-27~3,0,0,0,0 06-16~2,0,0,0,0 06-24~1,0,0,0,0 08-28~2,0,0,0,0
85845583_383562|2026-05~4,4,3,1,0 05-30~1,1,0,0,0 all~4,4,3,1,0 05-21~2,2,2,1,0 05-22~1,1,1,0,0
86046786_483549|05-29~1,0,0,0,0 08-15~1,0,0,0,0 05-12~3,1,0,0,0 06-02~1,0,0,0,0 05-30~1,0,0,0,0 08-04~1,1,0,0,0 08-07~1,0,0,0,0 06-06~1,0,0,0,0 09-01~3,0,0,0,0 08-19~1,0,0,0,0 08-30~1,0,0,0,0 08-10~1,0,0,0,0 08-20~1,0,0,0,0 08-18~1,0,0,0,0 08-31~2,1,1,1,0 06-05~1,0,0,0,0 06-10~1,0,0,0,0 2026-07~4,0,0,0,0 08-26~1,0,0,0,0 05-11~1,0,0,0,0 09-02~1,0,0,0,0 08-25~1,0,0,0,0 05-05~2,0,0,0,0 05-19~1,0,0,0,0 08-08~1,0,0,0,0 05-31~2,0,0,0,0 06-18~1,0,0,0,0 05-21~1,0,0,0,0 05-24~1,0,0,0,0 08-12~2,1,0,0,0 06-01~2,0,0,0,0 07-19~1,0,0,0,0 06-21~2,1,1,0,0 05-03~1,0,0,0,0 2026-08~5,3,2,2,1 08-14~1,0,0,0,0 08-11~2,0,0,0,0 05-15~1,0,0,0,0 06-15~1,0,0,0,0 08-06~1,1,1,1,1 2026-05~19,4,0,0,0 05-20~1,1,0,0,0 06-19~1,0,0,0,0 2026-09M~3,0,0,0,0 06-03~2,0,0,0,0 06-07~2,0,0,0,0 08-16~1,0,0,0,0 2026-06~12,2,2,1,0 07-03~1,0,0,0,0 05-17~1,1,0,0,0 08-09~1,0,0,0,0 2026-06M~2,0,0,0,0 08-28~1,0,0,0,0 07-10~1,0,0,0,0 06-08~1,0,0,0,0 05-13~2,1,0,0,0 2026-09~3,0,0,0,0 all~42,9,4,3,1 05-16~2,0,0,0,0 06-17~2,1,1,1,0 08-27~1,0,0,0,0 08-29~1,0,0,0,0 07-17~1,0,0,0,0 08-24~1,0,0,0,0 08-13~1,0,0,0,0 05-09~2,0,0,0,0 06-23~1,0,0,0,0
86046786_501383|08-31~2,2,2,0,0 2026-09~9,8,7,3,0 06-24~1,0,0,0,0 08-13~15,15,7,5,0 08-14~10,10,7,3,1 07-17~2,1,0,0,0 07-30~5,5,2,1,0 06-13~1,0,0,0,0 09-02~4,3,3,1,0 07-14~2,0,0,0,0 08-10~42,27,5,2,0 08-17~24,20,5,2,0 08-26~44,35,5,2,0 07-29~16,12,6,1,0 08-15~30,28,11,6,1 2026-06M~1,0,0,0,0 07-06~2,1,0,0,0 2026-09M~9,8,7,3,0 08-12~15,14,5,2,0 2026-06~1,0,0,0,0 08-27~10,9,6,1,0 08-04~18,16,10,7,0 08-02~14,13,7,1,0 08-25~41,28,5,1,0 08-07~11,9,9,3,0 08-01~8,7,7,3,0 07-25~14,13,7,1,0 08-20~34,32,11,4,0 07-28~14,12,7,4,0 06-22~1,0,0,0,0 08-24~27,18,5,3,0 07-31~11,11,6,3,0 08-05~17,17,9,4,0 08-16~30,28,13,7,0 06-23~1,0,0,0,0 08-03~17,15,7,3,1 07-08~4,3,0,0,0 07-10~1,1,0,0,0 2026-08~566,510,202,93,4 07-24~13,13,7,4,0 08-08~11,10,4,2,0 08-09~27,25,9,3,0 07-15~2,2,2,1,0 2026-07~117,111,59,28,0 07-27~10,10,7,4,0 08-11~15,14,7,4,0 08-23~37,31,6,4,0 08-22~21,20,9,5,0 07-18~2,2,0,0,0 06-12~1,0,0,0,0 08-18~14,14,5,3,0 07-22~3,3,0,0,0 07-26~15,15,8,5,0 08-21~23,18,8,2,0 07-09~1,1,0,0,0 08-29~4,4,2,0,0 07-04~1,0,0,0,0 07-23~11,11,7,2,0 06-02~1,0,0,0,0 06-21~1,0,0,0,0 all~684,626,268,126,4 2026-08M~22,20,14,4,0 08-28~7,5,3,2,0 08-19~31,25,8,4,0 09-01~5,5,4,2,0 08-06~15,13,6,4,0
86046786_503972|08-11~1,1,1,1,1 08-17~1,1,0,0,0 08-15~2,1,0,0,0 2026-09M~10,0,0,0,0 09-02~7,0,0,0,0 08-12~1,0,0,0,0 08-21~1,0,0,0,0 08-29~2,0,0,0,0 all~30,17,7,4,1 08-14~3,2,0,0,0 2026-08~20,17,7,4,1 08-05~2,2,1,0,0 2026-09~10,0,0,0,0 08-16~1,1,0,0,0 09-01~3,0,0,0,0 08-19~1,1,1,1,0 08-24~3,3,1,1,0 08-28~1,0,0,0,0 08-13~1,0,0,0,0 08-18~5,5,3,1,0
86287309_390209|all~12,10,4,3,0 07-10~1,1,1,0,0 06-26~1,1,0,0,0 2026-05~2,1,1,1,0 06-19~1,1,1,1,0 2026-07~3,3,2,1,0 08-16~1,1,0,0,0 06-22~1,0,0,0,0 08-14~1,1,0,0,0 2026-08~4,4,0,0,0 07-04~1,1,0,0,0 07-07~1,1,1,1,0 05-23~1,1,1,1,0 08-31~1,1,0,0,0 08-06~1,1,0,0,0 2026-06~3,2,1,1,0 05-22~1,0,0,0,0
865322_424088|08-17~8,0,0,0,0 06-24~13,4,4,3,0 09-01~10,2,2,2,0 07-13~9,2,2,1,0 06-05~13,4,4,3,0 2026-09~12,4,2,2,0 07-23~6,0,0,0,0 08-06~8,2,1,1,0 07-20~6,1,0,0,0 08-05~2,0,0,0,0 05-28~23,10,6,1,0 05-11~17,10,0,0,0 07-19~5,0,0,0,0 06-28~15,6,5,3,0 07-17~6,2,0,0,0 06-01~18,10,8,1,0 07-10~6,1,0,0,0 06-06~17,10,8,2,0 05-18~19,10,7,2,0 08-12~2,0,0,0,0 06-21~13,6,5,3,0 06-11~22,4,4,1,0 08-22~7,0,0,0,0 07-07~12,0,0,0,0 06-12~24,5,4,1,0 08-21~5,0,0,0,0 07-04~8,0,0,0,0 06-29~18,4,4,2,0 07-16~5,0,0,0,0 05-14~6,5,3,0,0 all~648,459,300,123,7 05-12~19,9,0,0,0 07-11~6,1,1,1,0 05-19~11,5,5,2,0 06-07~14,7,4,1,0 05-30~15,4,3,1,0 07-27~4,1,1,0,0 08-02~6,0,0,0,0 06-17~19,7,6,2,0 05-09~14,7,0,0,0 08-24~4,0,0,0,0 07-01~14,6,5,2,0 07-14~8,1,1,0,0 08-31~6,0,0,0,0 06-02~12,5,4,1,0 08-18~7,2,1,1,0 06-14~20,12,10,2,0 08-27~10,0,0,0,0 07-02~16,2,2,2,1 05-13~9,3,1,0,0 05-17~11,4,4,0,0 06-09~15,7,6,1,0 05-10~14,9,0,0,0 07-18~5,1,0,0,0 05-27~16,6,6,1,0 08-23~6,2,1,1,0 06-10~18,6,5,1,0 07-06~12,0,0,0,0 08-20~3,0,0,0,0 06-13~26,15,14,6,0 07-05~9,1,1,0,0 2026-05~322,225,103,31,1 05-24~16,7,6,2,0 08-09~3,0,0,0,0 08-07~5,1,0,0,0 07-22~5,0,0,0,0 07-26~4,1,1,1,0 08-03~6,1,0,0,0 06-30~17,7,6,1,0 07-25~4,1,1,1,0 07-15~7,0,0,0,0 06-03~17,6,6,3,0 08-30~4,0,0,0,0 06-23~20,6,6,1,0 08-10~6,2,2,1,0 2026-06~305,202,174,63,1 2026-08~58,17,9,7,1 05-21~12,5,5,0,0 07-29~9,0,0,0,0 06-25~18,7,4,1,0 08-16~2,0,0,0,0 06-20~16,7,7,1,0 08-13~7,0,0,0,0 05-23~10,6,5,2,0 07-21~6,0,0,0,0 05-29~17,5,3,1,0 08-04~11,3,1,1,1 07-09~6,1,1,1,1 05-01~12,8,0,0,0 06-08~15,11,10,4,0 05-16~14,13,11,4,0 06-26~11,4,3,1,0 08-15~4,1,0,0,0 07-30~7,1,0,0,0 08-28~7,0,0,0,0 05-05~26,11,0,0,0 05-20~14,5,4,2,0 07-28~5,2,2,1,0 05-22~8,3,3,1,0 08-08~9,2,2,1,0 05-25~15,7,7,1,0 2026-07M~25,8,7,4,1 08-14~4,0,0,0,0 06-27~12,4,3,2,0 09-02~6,2,0,0,0 07-31~4,0,0,0,0 2026-07~90,28,19,13,4 05-04~11,8,0,0,0 08-29~4,0,0,0,0 05-26~15,9,8,2,0 06-19~17,6,6,1,0 05-07~9,4,0,0,0 05-02~7,4,0,0,0 2026-08M~6,0,0,0,0 08-19~5,1,1,1,0 05-15~11,7,7,2,0 2026-09M~12,4,2,2,0 05-03~18,13,0,0,0 07-24~3,0,0,0,0 08-01~3,0,0,0,0 2026-06M~27,15,12,2,0 07-08~7,2,0,0,0 08-25~2,0,0,0,0 05-08~24,17,0,0,0 06-16~20,8,8,3,0 05-06~13,6,0,0,0 06-18~14,5,5,2,0 05-31~18,9,9,4,0 08-26~2,0,0,0,0 06-15~21,8,7,2,0 07-03~16,2,2,2,1 08-11~4,0,0,0,0 06-22~21,8,5,1,0 07-12~5,0,0,0,0 06-04~10,4,3,1,0 2026-05M~18,12,0,0,0
88809201_428652|08-01~1,1,1,0,0 07-26~1,1,1,0,0 05-21~1,1,0,0,0 06-04~1,1,0,0,0 2026-06~4,3,1,0,0 05-10~2,2,0,0,0 05-13~1,1,0,0,0 2026-07~1,1,1,0,0 08-10~1,0,0,0,0 05-30~1,1,0,0,0 2026-08~4,4,3,2,1 08-24~1,1,0,0,0 05-26~1,1,0,0,0 2026-08M~1,1,1,0,0 2026-05~6,6,0,0,0 06-12~1,1,0,0,0 08-22~1,1,1,1,0 06-03~1,0,0,0,0 all~15,14,5,2,1 06-17~1,1,1,0,0 08-12~1,1,1,1,1 08-14~1,0,0,0,0
90589070_505575|08-18~53,52,2,1,1 2026-08~729,724,46,16,16 08-27~43,42,2,1,1 2026-09~44,36,0,0,0 08-30~39,36,0,0,0 08-22~46,44,1,1,1 09-02~2,0,0,0,0 08-23~46,45,3,1,1 2026-09M~44,36,0,0,0 all~763,758,46,17,17 08-20~43,42,3,0,0 08-16~45,44,2,0,0 08-17~1,0,0,0,0 08-14~8,8,6,2,2 08-19~56,55,2,1,1 09-01~43,36,0,0,0 08-24~60,58,2,1,1 08-26~42,41,3,2,2 08-25~52,51,2,0,0 08-28~41,39,4,1,1 08-31~42,37,3,2,2 08-29~44,43,5,2,2 08-15~83,83,3,0,0 08-11~2,2,1,0,0 08-13~2,2,0,0,0 08-21~42,40,2,0,0
93729810_435474|05-27~1,1,0,0,0 05-03~3,3,0,0,0 05-21~1,1,0,0,0 05-19~1,0,0,0,0 05-23~1,1,0,0,0 05-13~1,1,0,0,0 05-16~2,2,1,1,1 all~40,39,3,3,2 05-31~2,2,0,0,0 05-07~1,1,0,0,0 06-06~1,1,0,0,0 05-11~1,1,0,0,0 05-17~2,0,0,0,0 05-18~1,1,0,0,0 05-28~1,1,0,0,0 05-26~2,1,0,0,0 05-22~2,1,0,0,0 05-10~1,0,0,0,0 05-14~4,3,1,1,0 2026-05M~1,1,0,0,0 08-16~1,1,0,0,0 05-29~1,1,0,0,0 05-30~1,1,0,0,0 06-04~1,1,0,0,0 05-12~1,1,0,0,0 05-15~2,2,0,0,0 05-09~6,6,0,0,0 06-08~1,1,0,0,0 06-03~1,1,0,0,0 05-02~1,1,0,0,0 2026-06~4,4,0,0,0 2026-08~1,1,0,0,0 05-06~1,1,0,0,0 2026-05~36,35,3,3,2 05-25~3,3,1,1,1
94406426_461967|08-01~1,0,0,0,0 05-06~1,1,0,0,0 05-24~1,1,0,0,0 07-22~1,0,0,0,0 2026-05M~3,3,0,0,0 07-18~1,0,0,0,0 07-05~1,0,0,0,0 07-06~1,0,0,0,0 2026-06~20,19,5,5,0 06-04~5,4,1,1,0 07-16~1,0,0,0,0 05-27~1,1,0,0,0 05-20~2,2,0,0,0 06-06~3,3,1,1,0 05-04~2,1,0,0,0 05-11~1,1,0,0,0 05-09~2,2,0,0,0 05-29~1,1,0,0,0 05-22~2,2,0,0,0 07-21~1,0,0,0,0 2026-08~2,0,0,0,0 05-25~2,2,1,1,0 07-12~1,0,0,0,0 06-07~2,1,0,0,0 05-12~1,1,0,0,0 05-30~4,4,1,0,0 06-05~3,2,0,0,0 05-17~2,2,1,1,0 07-23~1,0,0,0,0 06-01~2,2,0,0,0 05-21~1,1,0,0,0 2026-07~2,1,0,0,0 2026-05~32,32,4,2,0 07-08~2,1,0,0,0 06-09~7,6,2,2,0 07-11~1,0,0,0,0 08-02~1,0,0,0,0 05-19~1,1,0,0,0 07-17~1,0,0,0,0 05-08~3,2,0,0,0 06-08~1,0,0,0,0 2026-06M~2,2,0,0,0 07-04~1,0,0,0,0 05-07~3,2,0,0,0 all~52,52,9,7,0 05-02~3,3,0,0,0 07-07~1,0,0,0,0 06-03~2,2,1,1,0 05-18~2,1,0,0,0 2026-08M~2,0,0,0,0 07-20~1,1,0,0,0 05-31~2,2,1,0,0
95300032_431220|05-18~1,0,0,0,0 06-22~1,0,0,0,0 05-31~1,1,1,0,0 06-19~1,0,0,0,0 2026-08~1,1,0,0,0 2026-08M~1,1,0,0,0 05-08~1,1,0,0,0 05-03~1,1,0,0,0 06-07~1,0,0,0,0 05-27~2,0,0,0,0 05-07~3,1,0,0,0 2026-05~9,7,4,0,0 06-23~1,0,0,0,0 06-18~1,1,0,0,0 05-20~2,2,2,0,0 all~10,7,4,1,0 05-22~1,0,0,0,0 05-29~1,1,1,0,0 08-01~1,1,0,0,0 2026-06~2,1,0,0,0
95416146_431721|2026-08M~2,1,1,1,0 05-29~1,0,0,0,0 2026-08~13,7,6,3,0 07-21~1,0,0,0,0 08-05~1,0,0,0,0 07-25~1,0,0,0,0 08-22~2,0,0,0,0 08-23~2,1,1,0,0 07-29~2,0,0,0,0 06-13~3,2,0,0,0 05-02~4,1,0,0,0 07-26~1,0,0,0,0 08-06~1,0,0,0,0 08-24~2,1,1,0,0 05-03~1,0,0,0,0 08-08~1,0,0,0,0 07-10~1,0,0,0,0 06-05~1,1,0,0,0 08-21~1,1,0,0,0 08-07~1,0,0,0,0 07-31~2,1,1,0,0 2026-07~12,6,3,2,0 07-06~1,0,0,0,0 08-03~1,0,0,0,0 08-04~2,0,0,0,0 09-02~4,0,0,0,0 09-01~3,1,0,0,0 08-19~1,1,1,1,0 07-01~1,0,0,0,0 08-30~2,1,1,0,0 06-23~1,0,0,0,0 07-30~1,0,0,0,0 07-22~2,1,1,1,0 07-02~1,0,0,0,0 2026-07M~2,0,0,0,0 07-08~1,0,0,0,0 06-10~2,0,0,0,0 06-01~1,0,0,0,0 2026-09~6,1,0,0,0 all~47,24,12,7,0 05-16~1,1,0,0,0 08-02~1,1,1,1,0 08-11~2,0,0,0,0 2026-06M~1,0,0,0,0 08-27~1,0,0,0,0 2026-09M~6,1,0,0,0 08-31~1,0,0,0,0 06-22~1,1,0,0,0 07-27~1,0,0,0,0 06-26~2,0,0,0,0 07-14~2,2,0,0,0 07-20~1,0,0,0,0 07-24~1,0,0,0,0 05-10~1,0,0,0,0 07-16~1,0,0,0,0 2026-05~15,3,0,0,0 07-07~1,1,0,0,0 05-27~1,0,0,0,0 06-27~2,1,1,1,0 05-09~1,0,0,0,0 2026-06~11,7,3,2,0 07-23~1,0,0,0,0 2026-05M~6,2,0,0,0 08-13~1,0,0,0,0 08-16~1,0,0,0,0 08-20~2,1,1,1,0 05-28~1,0,0,0,0 08-01~1,0,0,0,0 05-31~1,0,0,0,0 06-30~1,0,0,0,0 07-28~1,0,0,0,0 06-07~1,0,0,0,0 08-12~1,0,0,0,0 07-11~1,1,1,1,0 06-09~1,0,0,0,0 08-25~1,0,0,0,0 08-28~1,0,0,0,0 05-05~1,0,0,0,0 06-17~1,1,1,1,0 07-04~2,0,0,0,0 05-30~1,0,0,0,0 05-01~2,1,0,0,0 06-18~1,1,1,0,0
95416157_431722|05-10~1,1,0,0,0 05-29~1,1,0,0,0 09-01~1,0,0,0,0 05-05~1,0,0,0,0 2026-06~5,3,2,0,0 06-04~1,1,0,0,0 08-01~1,0,0,0,0 05-26~1,1,0,0,0 05-03~1,0,0,0,0 05-07~4,3,0,0,0 all~19,12,5,1,0 05-16~1,1,1,0,0 05-22~1,0,0,0,0 05-11~1,1,0,0,0 2026-09M~1,0,0,0,0 06-08~2,1,1,0,0 2026-05M~1,1,0,0,0 05-19~1,0,0,0,0 05-06~1,0,0,0,0 2026-08M~1,0,0,0,0 08-11~1,1,1,0,0 2026-05~13,9,2,0,0 06-19~2,2,1,0,0 05-13~2,0,0,0,0 06-05~1,0,0,0,0 05-02~1,1,0,0,0 05-09~2,1,0,0,0 2026-09~1,0,0,0,0 05-08~2,1,0,0,0 06-09~1,0,0,0,0 05-12~2,0,0,0,0 2026-08~2,1,1,0,0 05-20~1,0,0,0,0 06-21~1,0,0,0,0 05-17~1,1,1,0,0
95633118_433604|05-24~3,1,1,1,0 05-03~2,1,0,0,0 06-23~2,0,0,0,0 05-16~2,1,1,1,1 all~39,26,16,8,1 06-04~2,0,0,0,0 06-08~2,1,1,0,0 07-10~1,0,0,0,0 07-05~1,0,0,0,0 2026-06M~4,1,1,1,0 2026-05M~1,1,0,0,0 05-08~1,0,0,0,0 05-10~1,1,0,0,0 06-12~1,0,0,0,0 05-30~3,1,1,1,0 05-14~2,1,1,1,0 06-20~1,1,0,0,0 05-05~1,0,0,0,0 05-31~3,2,2,0,0 05-02~1,0,0,0,0 06-13~1,0,0,0,0 07-06~1,0,0,0,0 05-21~4,2,2,0,0 05-29~2,1,1,0,0 05-17~3,0,0,0,0 05-23~1,0,0,0,0 05-12~2,2,0,0,0 2026-05~31,22,12,6,1 2026-07~4,0,0,0,0 2026-07M~2,0,0,0,0 2026-08~1,0,0,0,0 05-20~1,1,1,1,0 08-27~1,0,0,0,0 05-13~3,2,1,1,0 06-09~3,2,1,0,0 06-10~2,1,1,1,0 05-26~1,1,1,0,0 06-01~4,1,1,1,0 07-15~1,0,0,0,0 2026-06~12,5,4,2,0 05-07~3,0,0,0,0 07-02~2,0,0,0,0 06-02~1,0,0,0,0 05-01~1,1,0,0,0 05-22~3,0,0,0,0 05-04~4,1,0,0,0 05-06~5,3,0,0,0
96679545_441927|2026-07~2,0,0,0,0 06-15~1,0,0,0,0 05-24~1,1,0,0,0 05-26~1,1,0,0,0 06-11~2,0,0,0,0 06-10~1,0,0,0,0 05-11~1,1,0,0,0 07-02~1,0,0,0,0 06-17~2,0,0,0,0 06-21~2,0,0,0,0 06-07~2,2,2,1,0 2026-07M~1,0,0,0,0 06-04~1,0,0,0,0 05-14~2,1,1,0,0 07-01~1,0,0,0,0 06-19~1,0,0,0,0 05-30~1,0,0,0,0 06-03~1,1,1,0,0 08-03~1,0,0,0,0 2026-06~10,8,7,5,0 06-20~1,0,0,0,0 06-23~1,0,0,0,0 06-13~1,0,0,0,0 05-01~1,1,0,0,0 all~20,19,11,8,0 05-16~1,1,1,1,0 06-30~1,0,0,0,0 2026-05M~2,2,0,0,0 05-22~1,0,0,0,0 06-18~1,0,0,0,0 05-18~1,1,1,1,0 05-12~1,1,0,0,0 2026-08~1,0,0,0,0 05-02~2,2,0,0,0 05-31~1,1,0,0,0 07-03~1,0,0,0,0 05-13~2,0,0,0,0 06-22~1,0,0,0,0 07-16~1,0,0,0,0 06-08~6,4,4,3,0 06-05~1,1,0,0,0 2026-05~12,11,4,3,0 05-27~1,1,1,1,0 06-14~1,0,0,0,0 05-25~1,0,0,0,0
96688578_487867|2026-07~10,4,0,0,0 06-13~7,2,1,0,0 08-04~1,0,0,0,0 2026-06M~9,5,2,2,0 05-03~1,0,0,0,0 05-01~1,0,0,0,0 08-30~1,0,0,0,0 08-28~2,0,0,0,0 05-09~4,2,0,0,0 06-02~5,3,2,2,0 07-19~1,0,0,0,0 06-01~6,2,0,0,0 07-20~1,0,0,0,0 07-07~3,0,0,0,0 07-29~2,0,0,0,0 08-12~1,0,0,0,0 06-16~4,2,2,0,0 06-26~3,0,0,0,0 06-25~5,2,0,0,0 07-06~2,1,0,0,0 07-25~1,0,0,0,0 08-03~2,1,1,1,1 07-23~1,0,0,0,0 08-16~2,0,0,0,0 05-29~2,0,0,0,0 07-28~2,0,0,0,0 06-30~2,0,0,0,0 07-01~2,0,0,0,0 06-19~3,0,0,0,0 06-06~1,0,0,0,0 06-20~5,2,1,0,0 05-21~2,1,0,0,0 07-04~1,0,0,0,0 06-23~3,2,0,0,0 07-22~1,0,0,0,0 08-14~2,1,0,0,0 05-12~3,1,0,0,0 08-19~1,0,0,0,0 09-01~2,0,0,0,0 05-14~1,0,0,0,0 08-08~1,0,0,0,0 08-23~1,0,0,0,0 07-26~1,0,0,0,0 07-21~2,1,0,0,0 05-17~1,0,0,0,0 07-16~1,0,0,0,0 06-27~2,1,0,0,0 06-24~6,3,1,1,1 08-24~2,0,0,0,0 2026-06~46,41,17,9,4 07-15~2,0,0,0,0 2026-08M~1,0,0,0,0 08-18~2,1,0,0,0 2026-09~2,0,0,0,0 08-15~2,0,0,0,0 08-10~1,0,0,0,0 06-03~5,2,1,1,0 2026-07M~4,0,0,0,0 06-07~2,0,0,0,0 06-04~2,1,0,0,0 08-17~1,0,0,0,0 06-14~6,2,1,0,0 08-07~1,0,0,0,0 05-18~2,0,0,0,0 08-27~1,0,0,0,0 05-15~2,1,0,0,0 08-29~1,0,0,0,0 07-03~2,1,0,0,0 05-26~4,2,0,0,0 05-24~1,0,0,0,0 05-31~3,1,0,0,0 06-08~2,0,0,0,0 07-10~1,0,0,0,0 06-12~7,1,0,0,0 06-17~5,1,0,0,0 05-07~1,0,0,0,0 07-12~2,1,0,0,0 05-11~2,1,0,0,0 08-13~1,0,0,0,0 07-18~1,0,0,0,0 2026-08~10,4,1,1,1 07-30~1,0,0,0,0 06-28~3,0,0,0,0 05-06~1,0,0,0,0 05-05~1,0,0,0,0 07-27~1,0,0,0,0 06-11~4,1,1,1,1 07-09~1,0,0,0,0 06-09~8,6,3,1,0 07-11~1,0,0,0,0 05-08~2,1,0,0,0 07-02~3,0,0,0,0 2026-05M~1,0,0,0,0 07-13~1,0,0,0,0 07-14~2,0,0,0,0 08-02~1,0,0,0,0 08-31~2,0,0,0,0 05-22~3,2,1,0,0 08-05~1,0,0,0,0 05-19~1,0,0,0,0 08-01~1,0,0,0,0 06-10~7,5,2,2,1 07-08~1,0,0,0,0 2026-05~25,22,6,3,2 05-10~1,0,0,0,0 08-22~1,0,0,0,0 08-20~1,0,0,0,0 08-26~4,0,0,0,0 05-28~3,1,0,0,0 09-02~1,0,0,0,0 07-17~1,0,0,0,0 05-13~1,0,0,0,0 08-06~1,0,0,0,0 05-25~3,2,1,1,1 05-16~2,0,0,0,0 all~70,64,25,15,7 07-05~1,0,0,0,0 07-24~1,0,0,0,0 05-27~4,2,1,0,0 06-05~3,0,0,0,0 08-11~3,1,0,0,0 07-31~1,0,0,0,0 06-29~1,0,0,0,0 05-23~8,7,3,2,0 06-21~3,1,0,0,0 08-09~1,0,0,0,0 06-18~4,0,0,0,0 05-20~1,0,0,0,0 06-22~4,2,1,0,0 06-15~9,2,1,0,0 05-04~2,1,0,0,0 2026-09M~2,0,0,0,0 08-21~1,0,0,0,0 05-02~1,0,0,0,0 05-30~3,0,0,0,0 08-25~1,0,0,0,0
97211948_443009|06-20~4,0,0,0,0 06-07~5,1,1,0,0 07-03~6,1,0,0,0 08-12~2,0,0,0,0 07-21~4,0,0,0,0 05-27~12,6,4,1,0 07-26~3,0,0,0,0 08-06~4,0,0,0,0 08-25~3,0,0,0,0 07-05~5,0,0,0,0 2026-08M~2,0,0,0,0 06-12~10,0,0,0,0 05-03~5,2,0,0,0 08-02~2,0,0,0,0 2026-07M~7,0,0,0,0 05-21~9,4,2,0,0 07-28~3,0,0,0,0 06-30~5,0,0,0,0 08-01~1,0,0,0,0 05-19~13,6,4,2,0 08-26~2,0,0,0,0 05-23~16,9,8,3,0 05-13~13,3,0,0,0 07-29~5,0,0,0,0 2026-07~19,3,1,1,0 07-22~4,0,0,0,0 07-25~4,0,0,0,0 06-18~8,0,0,0,0 08-04~5,1,0,0,0 07-01~4,0,0,0,0 06-19~5,0,0,0,0 07-14~6,0,0,0,0 06-14~8,1,0,0,0 05-16~9,5,2,0,0 all~229,218,67,33,1 05-31~9,0,0,0,0 07-27~1,0,0,0,0 08-23~4,0,0,0,0 05-07~12,9,0,0,0 06-10~10,0,0,0,0 07-08~5,0,0,0,0 05-24~14,10,7,3,0 08-18~3,0,0,0,0 2026-09M~3,0,0,0,0 07-19~4,0,0,0,0 06-01~4,0,0,0,0 2026-05M~14,10,0,0,0 06-21~4,0,0,0,0 06-06~8,0,0,0,0 07-20~4,0,0,0,0 05-04~15,11,0,0,0 07-15~5,0,0,0,0 05-11~16,10,0,0,0 05-17~33,28,10,3,0 06-25~8,1,1,0,0 07-30~4,0,0,0,0 06-28~2,0,0,0,0 07-17~5,0,0,0,0 06-13~6,0,0,0,0 05-18~5,3,2,0,0 06-27~6,0,0,0,0 05-08~12,6,0,0,0 08-17~6,0,0,0,0 05-28~15,2,2,0,0 07-12~6,0,0,0,0 09-02~2,0,0,0,0 05-26~11,8,5,3,0 08-20~4,0,0,0,0 05-22~11,6,3,0,0 06-16~8,0,0,0,0 08-29~2,0,0,0,0 08-05~4,0,0,0,0 08-08~4,0,0,0,0 07-16~4,0,0,0,0 06-11~9,1,1,0,0 07-09~7,1,1,1,0 08-03~2,0,0,0,0 07-04~7,0,0,0,0 08-13~5,1,0,0,0 08-24~3,0,0,0,0 06-24~4,0,0,0,0 07-24~6,1,0,0,0 08-09~2,0,0,0,0 08-30~1,0,0,0,0 08-07~4,0,0,0,0 07-31~3,0,0,0,0 06-29~6,0,0,0,0 08-31~3,0,0,0,0 06-17~5,0,0,0,0 05-10~11,7,0,0,0 05-14~17,14,3,1,0 05-20~13,9,4,1,0 08-22~1,0,0,0,0 08-16~3,0,0,0,0 06-22~3,0,0,0,0 06-23~6,0,0,0,0 05-29~7,0,0,0,0 05-30~10,0,0,0,0 06-04~1,0,0,0,0 08-27~5,0,0,0,0 05-05~8,4,0,0,0 05-12~23,19,0,0,0 06-15~4,0,0,0,0 08-15~3,0,0,0,0 05-15~16,12,2,0,0 07-23~3,0,0,0,0 07-06~7,0,0,0,0 05-09~10,8,0,0,0 06-09~6,0,0,0,0 07-11~3,0,0,0,0 06-08~4,0,0,0,0 07-10~3,0,0,0,0 2026-09~3,0,0,0,0 08-19~3,0,0,0,0 09-01~2,0,0,0,0 2026-06M~7,0,0,0,0 08-10~3,0,0,0,0 08-14~3,0,0,0,0 05-01~9,5,0,0,0 07-02~6,0,0,0,0 07-13~5,0,0,0,0 06-03~2,0,0,0,0 08-11~2,0,0,0,0 08-28~4,0,0,0,0 07-07~6,0,0,0,0 05-02~7,5,0,0,0 2026-06~39,4,3,0,0 2026-08~13,2,0,0,0 05-06~7,6,0,0,0 2026-05~229,218,63,25,0 06-05~2,0,0,0,0 06-26~5,0,0,0,0 05-25~9,7,5,4,0 08-21~5,0,0,0,0 07-18~3,0,0,0,0 06-02~5,0,0,0,0
97211948_501841|09-01~5,1,1,0,0 08-19~7,7,2,1,0 08-22~5,4,1,1,0 05-04~1,0,0,0,0 08-07~3,3,3,2,1 07-27~3,3,0,0,0 08-24~5,4,1,0,0 05-07~1,1,0,0,0 05-20~1,0,0,0,0 05-28~2,0,0,0,0 07-23~4,2,0,0,0 07-18~5,3,3,2,0 2026-08M~4,4,2,0,0 08-09~7,6,3,1,0 07-20~1,1,0,0,0 2026-08~92,89,41,21,3 05-06~1,0,0,0,0 08-08~4,3,1,0,0 all~127,124,55,29,4 08-03~1,1,0,0,0 08-04~5,4,1,0,0 08-21~4,4,3,3,1 07-25~6,3,1,1,0 2026-07~36,33,13,8,1 08-06~1,0,0,0,0 07-15~1,0,0,0,0 08-29~6,4,0,0,0 08-18~1,1,0,0,0 08-01~3,3,1,0,0 2026-06~2,0,0,0,0 08-17~1,1,0,0,0 08-11~1,0,0,0,0 08-14~2,2,1,1,0 2026-09~6,2,1,0,0 08-12~3,2,1,0,0 06-23~1,0,0,0,0 06-10~1,0,0,0,0 06-12~1,0,0,0,0 07-24~10,9,2,0,0 05-21~1,0,0,0,0 07-29~1,0,0,0,0 08-28~7,5,1,0,0 07-22~2,1,1,0,0 08-25~4,1,1,1,0 08-16~1,1,1,0,0 08-05~3,2,1,1,0 07-28~3,3,2,2,1 06-30~1,0,0,0,0 06-09~1,0,0,0,0 07-26~3,3,2,1,0 08-10~5,5,3,2,0 2026-05~3,1,0,0,0 09-02~3,1,0,0,0 08-02~1,1,1,0,0 08-27~8,5,4,1,0 08-30~9,8,3,1,0 08-31~9,7,4,2,0 05-18~1,0,0,0,0 07-19~1,1,1,1,0 07-31~1,1,0,0,0 2026-09M~6,2,1,0,0 08-23~2,0,0,0,0 07-21~1,1,1,1,0 07-17~2,2,0,0,0 07-30~3,1,0,0,0 06-11~1,0,0,0,0 08-26~6,3,1,1,1 05-19~1,0,0,0,0 06-18~1,0,0,0,0 08-13~1,1,1,1,0 08-15~3,3,2,1,0
97460169_493111|07-15~1081,89,9,2,0 08-28~85402,3366,10,2,2 05-03~2,0,0,0,0 09-02~607,88,2,2,0 2026-07~705696,28040,325,161,36 05-17~33,6,3,1,0 07-04~456,24,1,1,1 07-07~1066,81,3,0,0 06-26~1026,108,2,1,1 06-01~9,0,0,0,0 07-19~1277,119,14,8,2 06-28~1440,88,8,1,0 07-30~111936,4613,7,5,1 07-10~1018,74,7,3,0 06-08~23,8,1,0,0 07-20~25759,907,19,10,4 07-23~15878,609,35,16,2 2026-06M~15,1,1,1,1 07-18~1220,120,17,7,0 08-11~107038,5439,14,9,2 06-29~540,34,2,0,0 07-31~114925,4962,14,10,1 08-12~41382,2181,9,1,0 05-13~16,6,0,0,0 08-30~1263,172,3,1,0 05-28~18,6,3,2,0 06-23~6468,624,7,4,0 2026-09~1318,189,3,2,0 05-22~24,4,2,0,0 06-25~1147,74,8,4,0 05-10~9,2,0,0,0 08-08~115321,4220,5,3,1 08-02~113464,5029,10,8,0 06-07~43,6,3,3,1 2026-08~2703255,117783,376,194,27 06-18~14,5,2,0,0 07-26~9492,337,6,3,3 08-26~89859,6174,6,3,0 06-02~8,1,1,1,1 07-25~9633,323,11,4,1 06-24~1357,192,11,10,0 05-15~23,5,4,2,0 2026-05M~3,2,0,0,0 08-07~114411,4252,10,9,0 08-20~109293,3403,14,8,1 2026-06~17632,1668,69,33,5 08-16~132430,6535,17,7,0 06-20~16,8,2,2,1 05-25~16,3,3,1,0 06-27~1384,73,6,0,0 05-09~10,3,0,0,0 07-08~1086,76,5,2,0 06-10~44,7,0,0,0 07-21~19169,528,21,12,2 07-22~12064,482,20,9,2 08-15~125659,6247,32,15,3 06-13~47,10,2,1,0 08-06~110431,3997,8,4,1 07-05~496,35,4,3,0 06-19~14,4,1,0,0 07-01~350,45,2,1,0 07-02~1022,111,3,1,0 08-09~68907,2724,8,3,0 07-12~1165,98,9,3,0 09-01~752,114,1,0,0 08-19~109448,3645,21,9,2 05-06~15,14,0,0,0 05-31~8,1,1,0,0 06-05~25,6,0,0,0 06-16~17,6,1,0,0 07-14~688,51,16,5,0 05-14~13,8,4,3,0 07-11~1088,93,6,4,0 06-09~35,7,2,1,0 05-19~29,9,3,1,0 08-22~101886,4952,19,14,1 06-14~36,5,0,0,0 05-12~21,10,0,0,0 05-02~3,1,0,0,0 07-06~944,64,6,4,0 2026-05~389,157,54,26,0 05-18~28,8,4,1,0 06-21~11,2,2,2,0 05-23~11,2,2,2,0 05-21~20,6,1,0,0 07-17~24453,463,15,6,3 06-17~18,8,1,0,0 all~3414898,146476,823,418,72 05-16~20,5,4,3,0 06-04~26,2,1,0,0 05-20~39,15,10,4,0 06-15~28,6,1,0,0 06-12~30,2,0,0,0 08-01~113687,4965,8,2,0 08-05~107428,4017,11,8,1 08-31~1053,176,3,2,1 2026-07M~1333,156,5,2,0 08-25~99163,5212,13,8,1 05-07~5,4,0,0,0 07-16~729,69,5,5,2 08-21~102663,4457,16,13,1 08-14~92902,4982,18,4,0 08-03~115454,5391,3,1,0 08-04~108548,4950,7,3,1 07-09~1176,80,6,4,0 06-11~43,9,1,1,1 08-18~106724,4143,27,9,2 2026-08M~226000,9891,18,10,0 06-30~493,26,1,1,0 07-28~143551,6021,15,9,2 05-08~42,19,0,0,0 05-29~13,3,3,2,0 05-01~2,1,0,0,0 06-03~34,3,1,0,0 05-05~10,8,0,0,0 08-10~79191,4014,10,6,0 08-29~1840,206,4,0,0 06-22~4144,354,0,0,0 05-24~25,6,3,0,0 08-23~105291,4700,21,13,1 05-11~14,4,0,0,0 05-27~19,6,2,1,0 07-03~1023,99,11,3,0 08-13~19327,1038,15,4,1 08-24~101257,4571,15,9,0 07-27~85179,2878,11,4,1 07-29~114666,4594,10,3,0 08-17~113921,5441,15,8,1 06-06~26,6,2,0,0 07-24~11468,366,14,3,1 07-13~981,77,5,2,0 05-26~4,0,0,0,0 05-30~8,3,2,1,0 08-27~97637,6399,6,2,0 2026-09M~1318,189,3,2,0
97460169_493964|05-27~1,0,0,0,0 06-19~1,0,0,0,0 07-01~1,0,0,0,0 2026-06~11,2,1,1,0 07-07~1,0,0,0,0 05-19~3,1,0,0,0 08-17~1,0,0,0,0 08-30~1,0,0,0,0 2026-05M~3,0,0,0,0 08-09~1,0,0,0,0 08-18~1,0,0,0,0 06-23~2,0,0,0,0 07-19~1,0,0,0,0 05-10~28,2,0,0,0 2026-07M~1,0,0,0,0 2026-08M~1,0,0,0,0 08-14~1,0,0,0,0 07-21~1,0,0,0,0 06-03~1,0,0,0,0 05-11~7,2,0,0,0 08-29~1,0,0,0,0 07-02~1,0,0,0,0 06-17~1,0,0,0,0 08-15~1,0,0,0,0 07-23~1,0,0,0,0 2026-06M~2,1,1,0,0 05-14~12,0,0,0,0 07-09~1,0,0,0,0 06-11~3,0,0,0,0 06-27~2,0,0,0,0 08-11~1,0,0,0,0 08-16~1,0,0,0,0 05-30~2,1,0,0,0 06-04~2,0,0,0,0 05-21~1,0,0,0,0 08-08~1,0,0,0,0 05-15~17,0,0,0,0 05-01~3,0,0,0,0 06-24~1,0,0,0,0 07-29~1,0,0,0,0 07-22~1,0,0,0,0 07-27~1,0,0,0,0 05-05~1,0,0,0,0 05-08~1,1,0,0,0 08-28~1,0,0,0,0 07-05~2,0,0,0,0 07-20~1,0,0,0,0 05-07~2,0,0,0,0 06-28~1,0,0,0,0 07-30~1,0,0,0,0 07-10~1,0,0,0,0 06-08~1,0,0,0,0 06-06~2,0,0,0,0 06-02~2,1,1,0,0 08-27~1,0,0,0,0 06-13~1,0,0,0,0 05-31~1,0,0,0,0 07-24~1,0,0,0,0 05-04~3,0,0,0,0 08-07~1,0,0,0,0 08-10~2,1,0,0,0 08-03~1,0,0,0,0 05-09~110,5,0,0,0 all~303,17,6,3,0 05-16~9,0,0,0,0 08-23~1,0,0,0,0 06-30~1,0,0,0,0 07-28~1,0,0,0,0 07-06~1,0,0,0,0 07-18~1,0,0,0,0 05-02~2,0,0,0,0 05-03~1,0,0,0,0 07-04~1,0,0,0,0 07-15~1,0,0,0,0 07-17~1,0,0,0,0 07-11~1,0,0,0,0 06-09~1,0,0,0,0 07-08~1,0,0,0,0 05-24~1,0,0,0,0 08-02~1,0,0,0,0 06-25~1,0,0,0,0 06-29~1,0,0,0,0 05-29~2,0,0,0,0 05-28~1,0,0,0,0 08-01~1,0,0,0,0 08-04~1,0,0,0,0 05-12~1,0,0,0,0 06-21~1,0,0,0,0 06-18~2,0,0,0,0 06-12~1,0,0,0,0 2026-08~4,2,0,0,0 08-05~2,1,0,0,0 05-23~3,0,0,0,0 06-22~1,0,0,0,0 07-26~1,0,0,0,0 07-03~3,0,0,0,0 06-26~1,0,0,0,0 05-25~2,1,0,0,0 05-06~1,0,0,0,0 05-17~6,0,0,0,0 2026-07~4,0,0,0,0 06-05~1,0,0,0,0 06-16~2,1,0,0,0 07-16~1,0,0,0,0 2026-05~303,15,4,1,0 05-20~86,5,4,1,0 05-22~7,0,0,0,0 05-13~29,0,0,0,0 07-12~1,0,0,0,0
97460169_493965|08-25~178,44,17,5,0 05-19~5,1,1,1,0 08-02~642,68,48,29,0 06-17~12,2,0,0,0 06-09~47,4,1,0,0 07-11~129,31,22,15,0 07-13~130,40,21,13,0 06-03~158,48,40,19,0 05-08~6,3,0,0,0 05-15~12,2,1,0,0 06-20~6,1,0,0,0 08-18~888,194,7,1,0 08-17~1183,305,16,7,0 05-14~2,0,0,0,0 06-07~873,319,282,149,0 07-24~395,107,65,34,0 05-31~45,9,4,0,0 06-04~506,135,113,61,0 06-23~12,1,0,0,0 05-13~3,0,0,0,0 2026-09M~39,7,0,0,0 05-16~4,1,1,1,0 all~24884,6554,3489,1942,12 05-29~64,14,13,3,0 05-30~46,17,13,6,0 07-21~215,66,36,22,0 07-19~106,22,11,5,0 2026-05M~9,3,0,0,0 06-01~8,1,0,0,0 06-18~13,3,1,0,0 08-09~677,71,4,3,0 08-11~1428,198,2,1,0 08-31~28,9,1,0,0 07-06~95,25,20,10,0 06-26~441,181,106,64,1 07-29~1949,466,190,93,0 08-15~1095,209,7,4,0 2026-09~39,7,0,0,0 07-05~99,31,23,14,0 07-20~92,25,15,10,0 05-04~7,2,0,0,0 08-04~201,56,33,11,0 2026-06~6045,2355,1763,978,5 08-30~26,5,0,0,0 08-24~199,41,15,8,0 08-03~327,54,35,14,0 05-07~2,0,0,0,0 08-08~631,69,5,2,0 08-20~1183,292,16,8,0 05-09~35,1,0,0,0 08-28~33,6,0,0,0 08-16~1217,286,3,1,0 08-22~213,49,9,3,0 06-12~21,1,0,0,0 2026-05~701,209,151,56,0 07-07~77,22,18,8,0 06-25~261,74,50,29,0 08-13~1258,157,64,28,0 05-11~9,3,0,0,0 07-23~373,99,63,33,0 05-02~5,2,0,0,0 05-18~12,2,1,0,0 07-18~100,22,12,5,0 07-15~165,54,28,15,0 2026-08M~1164,146,91,52,0 08-14~768,136,4,1,0 06-06~891,299,259,123,0 08-19~1179,335,14,7,0 09-01~28,4,0,0,0 07-03~103,25,15,5,0 06-16~15,3,1,0,0 06-21~8,0,0,0,0 08-21~852,238,15,8,0 05-22~53,12,10,3,0 07-14~171,51,33,17,0 07-17~129,34,18,5,0 05-26~8,3,0,0,0 05-03~6,1,0,0,0 06-02~26,6,1,1,0 05-10~10,1,0,0,0 05-01~4,1,0,0,0 07-27~336,76,40,22,0 05-06~3,1,0,0,0 08-12~958,95,22,9,0 06-27~424,163,87,53,0 07-30~727,81,52,23,1 06-28~523,228,137,86,0 06-13~8,0,0,0,0 08-27~46,7,0,0,0 08-26~50,10,1,1,0 07-02~128,29,18,8,0 2026-07M~478,190,104,59,1 08-01~565,78,43,22,0 06-22~9,2,1,1,1 05-27~76,23,18,6,0 08-10~1149,158,6,3,0 06-10~27,3,3,0,0 07-08~79,30,22,13,0 05-05~9,1,0,0,0 07-01~372,162,86,50,1 06-19~8,0,0,0,0 05-24~61,18,14,3,0 07-04~91,25,17,10,0 05-21~53,17,13,6,0 07-25~389,95,59,33,0 06-15~10,1,0,0,0 05-17~5,0,0,0,0 06-11~28,3,1,0,0 07-09~80,27,14,5,0 07-28~631,130,84,41,1 06-30~585,253,145,87,0 2026-06M~33,7,1,1,0 06-05~829,310,265,125,0 05-20~66,17,12,6,0 07-26~383,99,63,38,0 08-06~56,10,6,3,0 06-14~11,0,0,0,0 09-02~23,5,0,0,0 05-23~45,14,11,1,0 07-31~638,56,35,12,0 06-29~332,131,65,36,0 05-25~71,16,11,4,0 05-12~17,0,0,0,0 05-28~105,35,28,12,0 08-23~170,47,13,9,0 07-16~146,40,18,9,0 07-12~143,40,27,14,0 2026-08~11783,2164,410,200,0 06-24~76,20,14,8,1 06-08~711,213,190,85,0 07-10~116,41,24,15,1 07-22~239,75,35,26,0 08-05~45,8,3,1,0 08-07~586,33,1,0,0 08-29~37,5,0,0,0 2026-07~7240,1980,1184,660,6
97460169_494343|05-30~39,2,1,0,0 06-12~8,1,0,0,0 08-16~4,2,0,0,0 06-20~4,0,0,0,0 06-14~8,0,0,0,0 05-12~18,2,0,0,0 07-14~2,0,0,0,0 05-15~80,8,5,0,0 2026-05~897,201,140,63,2 08-26~2,0,0,0,0 08-25~3,0,0,0,0 06-24~10,3,1,0,0 08-12~3,0,0,0,0 08-15~3,0,0,0,0 08-02~2,0,0,0,0 08-01~2,0,0,0,0 08-13~3,0,0,0,0 06-28~6,0,0,0,0 07-30~4,0,0,0,0 07-12~3,0,0,0,0 09-01~2,0,0,0,0 08-19~3,0,0,0,0 06-27~5,0,0,0,0 08-14~4,0,0,0,0 07-10~2,0,0,0,0 06-08~19,1,0,0,0 07-20~6,1,0,0,0 08-22~2,0,0,0,0 08-04~2,0,0,0,0 08-11~4,1,0,0,0 05-11~16,1,0,0,0 07-09~6,0,0,0,0 06-11~13,1,0,0,0 all~898,210,147,74,2 05-16~85,14,11,6,0 07-04~7,0,0,0,0 08-07~2,0,0,0,0 06-30~6,0,0,0,0 07-28~2,0,0,0,0 2026-07~56,9,3,2,0 05-27~133,15,8,2,0 07-25~4,0,0,0,0 07-02~14,2,1,0,0 05-14~102,15,10,3,0 06-07~19,1,0,0,0 09-02~4,0,0,0,0 07-17~3,0,0,0,0 08-03~2,0,0,0,0 07-18~2,0,0,0,0 05-13~159,12,9,4,0 2026-06M~59,6,3,1,0 2026-09M~4,0,0,0,0 08-29~2,0,0,0,0 05-26~17,2,2,1,0 07-22~5,0,0,0,0 07-24~3,0,0,0,0 05-05~15,0,0,0,0 07-29~5,1,0,0,0 08-27~3,0,0,0,0 05-03~18,0,0,0,0 05-24~92,11,10,2,0 05-06~14,2,0,0,0 08-23~2,0,0,0,0 08-20~3,0,0,0,0 08-10~2,0,0,0,0 06-16~11,2,0,0,0 08-30~2,0,0,0,0 06-23~8,0,0,0,0 06-03~22,1,0,0,0 05-21~72,9,8,3,0 07-15~3,0,0,0,0 07-11~4,0,0,0,0 06-09~15,0,0,0,0 2026-06~126,20,8,2,0 05-25~92,10,7,4,0 06-18~10,1,0,0,0 08-24~1,0,0,0,0 05-04~12,2,0,0,0 05-17~120,17,12,8,0 2026-09~4,0,0,0,0 08-08~3,0,0,0,0 05-02~13,0,0,0,0 08-28~2,0,0,0,0 07-23~4,0,0,0,0 06-26~3,0,0,0,0 07-27~3,1,1,1,0 06-15~9,0,0,0,0 07-13~5,0,0,0,0 07-07~8,0,0,0,0 06-21~6,0,0,0,0 06-25~6,1,0,0,0 2026-08M~2,0,0,0,0 05-09~17,0,0,0,0 05-08~10,0,0,0,0 06-17~11,1,0,0,0 06-06~16,2,1,0,0 06-04~18,0,0,0,0 06-02~40,2,1,1,0 07-03~6,1,0,0,0 08-09~3,0,0,0,0 07-21~5,0,0,0,0 07-26~4,0,0,0,0 05-10~20,2,0,0,0 06-22~6,0,0,0,0 05-22~89,10,7,1,0 05-23~105,22,11,4,0 05-19~88,22,12,6,0 05-31~44,2,0,0,0 06-13~7,2,0,0,0 08-18~3,0,0,0,0 06-19~5,2,2,0,0 07-01~9,0,0,0,0 05-20~81,13,9,3,0 05-28~81,11,4,0,0 08-21~3,0,0,0,0 06-29~3,0,0,0,0 07-31~3,0,0,0,0 2026-07M~21,2,1,0,0 07-06~7,1,0,0,0 08-05~3,0,0,0,0 06-10~9,1,0,0,0 07-08~4,0,0,0,0 08-06~3,0,0,0,0 08-31~2,0,0,0,0 2026-05M~22,2,0,0,0 2026-08~11,3,0,0,0 07-16~4,1,1,1,0 08-17~2,0,0,0,0 07-05~11,1,0,0,0 06-05~20,3,1,1,0 05-29~53,6,4,0,0 05-18~83,16,12,6,1 05-01~15,2,0,0,0 05-07~13,0,0,0,0 06-01~32,4,2,0,0 07-19~4,1,0,0,0
97460169_494354|07-22~5,2,0,0,0 2026-09~1,0,0,0,0 07-03~11,3,1,0,0 05-28~111,37,26,15,0 08-19~2,0,0,0,0 09-01~1,0,0,0,0 08-01~6,0,0,0,0 05-20~1,1,0,0,0 2026-06M~130,49,28,13,0 07-30~4,0,0,0,0 06-28~18,9,6,4,0 06-11~34,9,4,3,0 07-09~4,0,0,0,0 08-29~1,0,0,0,0 05-03~1,0,0,0,0 07-07~11,1,1,0,0 06-18~23,11,8,4,0 07-27~5,0,0,0,0 07-17~3,1,0,0,0 07-14~4,1,0,0,0 08-26~1,0,0,0,0 07-06~11,2,0,0,0 08-25~1,1,0,0,0 05-24~66,18,11,8,0 08-07~3,1,0,0,0 06-14~25,9,4,1,0 06-12~33,11,5,1,0 05-27~60,11,10,7,0 07-01~20,10,5,5,0 06-19~27,9,5,4,0 08-05~1,0,0,0,0 07-28~6,4,3,1,0 06-30~19,4,1,0,0 06-09~69,6,5,3,0 07-11~3,1,0,0,0 07-04~9,2,2,1,0 05-08~1,0,0,0,0 07-12~4,2,0,0,0 06-13~16,4,3,1,0 05-22~64,20,16,6,0 08-17~1,0,0,0,0 06-17~17,1,1,1,0 06-10~41,8,6,3,0 07-08~4,0,0,0,0 08-02~6,1,1,1,0 06-27~14,5,3,1,0 07-16~1,1,0,0,0 07-15~3,1,0,0,0 2026-08~195,20,5,2,0 08-22~1,0,0,0,0 06-24~27,8,5,4,0 07-05~9,3,0,0,0 07-25~4,2,1,1,0 05-31~65,10,5,3,0 05-06~1,0,0,0,0 08-04~2,1,0,0,0 2026-08M~11,1,1,1,0 06-21~31,9,4,4,0 07-23~7,0,0,0,0 05-23~59,14,11,4,0 07-26~8,1,0,0,0 06-23~17,3,3,3,0 05-25~53,15,11,4,0 07-31~3,0,0,0,0 06-29~7,4,4,2,0 05-02~1,0,0,0,0 07-19~4,1,0,0,0 06-01~64,27,14,9,0 06-16~25,12,9,6,0 2026-09M~1,0,0,0,0 05-16~1,1,1,1,0 all~1670,471,330,190,1 07-20~6,2,0,0,0 06-05~97,19,16,7,0 06-20~29,13,8,6,0 05-17~1,1,0,0,0 06-22~18,5,5,2,0 06-25~28,9,5,1,0 08-18~2,0,0,0,0 08-06~1,0,0,0,0 08-12~117,8,1,1,0 05-30~58,11,8,4,0 07-21~3,0,0,0,0 08-09~1,0,0,0,0 05-01~2,1,0,0,0 06-04~175,22,14,8,0 08-23~2,0,0,0,0 06-26~13,7,4,2,0 2026-07~106,46,20,12,0 2026-06~982,270,184,104,1 06-07~83,8,6,2,0 06-02~68,23,14,4,0 2026-05M~2,1,0,0,0 08-27~2,0,0,0,0 06-15~24,8,7,4,0 05-13~1,0,0,0,0 08-14~2,0,0,0,0 2026-05~573,169,124,69,0 05-26~4,1,0,0,0 06-03~49,12,6,3,0 2026-07M~39,18,10,9,0 07-18~7,2,0,0,0 08-13~53,6,1,0,0 06-08~59,9,5,3,0 07-10~3,1,0,0,0 06-06~84,8,5,2,0 08-20~1,0,0,0,0 07-29~3,2,2,0,0 05-09~2,0,0,0,0 07-13~8,2,1,0,0 07-24~7,0,0,0,0 05-11~1,0,0,0,0 05-29~108,30,24,13,0 08-03~5,2,2,0,0 05-07~1,0,0,0,0 07-02~23,8,5,4,0 08-10~1,0,0,0,0 08-08~5,0,0,0,0 05-19~3,0,0,0,0
97460169_494355|06-23~5,1,0,0,0 06-04~3,1,0,0,0 06-18~3,0,0,0,0 05-08~1,1,0,0,0 07-22~1,0,0,0,0 05-24~27,5,4,2,0 07-25~2,1,1,0,0 07-06~2,0,0,0,0 07-09~1,0,0,0,0 06-11~3,0,0,0,0 05-22~25,6,4,1,0 05-20~16,2,1,1,0 07-21~3,1,0,0,0 07-26~1,0,0,0,0 07-03~4,0,0,0,0 2026-07~20,6,1,0,0 2026-07M~3,0,0,0,0 05-18~25,11,6,2,0 07-02~2,0,0,0,0 07-17~2,0,0,0,0 06-17~3,1,0,0,0 05-15~23,4,3,0,0 05-04~1,0,0,0,0 05-27~6,1,1,0,0 06-02~4,0,0,0,0 05-28~9,6,4,2,0 06-05~3,0,0,0,0 07-23~3,1,0,0,0 05-12~24,0,0,0,0 05-14~18,5,4,2,0 05-19~26,6,3,1,0 06-26~1,0,0,0,0 07-14~1,1,0,0,0 06-10~4,2,2,1,0 06-24~1,0,0,0,0 07-30~1,0,0,0,0 08-14~1,0,0,0,0 06-09~6,2,1,1,0 05-25~18,5,1,0,0 05-21~24,2,1,1,0 06-15~4,0,0,0,0 07-15~1,0,0,0,0 05-30~5,0,0,0,0 06-12~2,0,0,0,0 2026-05M~2,0,0,0,0 2026-06M~7,2,2,1,0 08-27~1,0,0,0,0 06-27~1,0,0,0,0 08-09~1,0,0,0,0 2026-08~5,1,1,1,0 06-14~2,0,0,0,0 05-13~32,1,0,0,0 05-17~30,7,6,4,0 05-23~14,5,4,2,0 08-15~1,0,0,0,0 06-21~4,2,1,0,0 06-07~1,0,0,0,0 05-11~1,0,0,0,0 06-16~1,0,0,0,0 all~290,81,56,30,0 05-16~31,7,4,2,0 07-20~1,0,0,0,0 07-05~2,1,0,0,0 07-13~1,0,0,0,0 07-29~2,0,0,0,0 08-13~1,0,0,0,0 06-19~4,0,0,0,0 07-01~1,0,0,0,0 05-31~7,1,0,0,0 07-10~1,1,0,0,0 06-08~2,0,0,0,0 07-18~2,0,0,0,0 08-12~1,1,1,1,0 05-01~2,0,0,0,0 2026-05~290,71,47,25,0 2026-06~35,11,7,3,0 06-06~4,0,0,0,0 06-25~1,0,0,0,0 05-26~2,2,1,1,0 06-03~3,1,1,0,0 06-01~4,2,2,1,0 06-30~3,0,0,0,0 07-28~1,0,0,0,0 06-29~1,0,0,0,0 07-31~1,0,0,0,0 05-29~8,1,1,1,0
97460169_495506|06-12~1,0,0,0,0 2026-06~129,124,14,6,0 06-29~6,4,1,0,0 07-14~3,0,0,0,0 05-31~7,7,2,1,0 06-02~3,2,1,0,0 08-14~1,0,0,0,0 05-21~3,3,1,1,0 06-03~14,13,0,0,0 07-10~4,1,1,0,0 06-08~7,3,1,0,0 05-08~1,1,0,0,0 05-29~8,5,1,0,0 06-26~6,5,0,0,0 05-24~8,6,3,2,0 2026-06M~14,13,4,1,0 06-06~11,9,0,0,0 07-15~2,0,0,0,0 08-06~1,0,0,0,0 all~169,166,27,14,0 06-07~10,7,0,0,0 06-13~5,3,1,1,0 07-12~5,0,0,0,0 05-23~2,2,2,0,0 05-25~3,3,2,2,0 07-04~5,0,0,0,0 05-28~5,5,1,1,0 06-17~4,2,1,1,0 07-02~2,0,0,0,0 07-25~1,0,0,0,0 07-07~1,0,0,0,0 06-21~3,2,0,0,0 06-15~3,3,1,0,0 07-01~8,1,0,0,0 08-12~1,0,0,0,0 06-24~3,1,1,0,0 08-19~1,1,0,0,0 2026-07~17,3,1,0,0 06-23~4,4,0,0,0 08-21~2,0,0,0,0 07-05~6,0,0,0,0 08-16~1,0,0,0,0 06-16~3,3,2,1,0 07-03~5,0,0,0,0 06-04~8,7,0,0,0 08-08~1,0,0,0,0 06-25~17,16,0,0,0 05-22~2,2,0,0,0 2026-05~44,43,14,8,0 07-08~4,1,0,0,0 06-10~5,4,0,0,0 07-09~3,0,0,0,0 06-11~7,7,0,0,0 2026-07M~8,1,0,0,0 05-20~5,5,1,1,0 06-27~4,3,0,0,0 05-27~8,8,0,0,0 07-11~6,0,0,0,0 06-09~11,10,0,0,0 08-18~1,0,0,0,0 2026-08~6,1,0,0,0 06-28~10,5,0,0,0 07-21~2,0,0,0,0 05-30~2,2,1,0,0 05-09~2,0,0,0,0 06-14~6,5,1,0,0 06-05~6,3,0,0,0 05-04~1,0,0,0,0 06-30~15,11,1,0,0 06-01~11,11,3,1,0 06-18~1,0,0,0,0 07-06~1,0,0,0,0
97460169_495953|all~55708,1997,1284,640,2 05-16~5,0,0,0,0 05-31~350,136,97,40,0 07-17~247,6,3,1,0 07-25~19,4,0,0,0 07-11~420,6,3,3,0 06-09~1186,93,66,29,0 07-09~300,2,0,0,0 06-11~4653,110,51,27,0 05-08~4,0,0,0,0 08-01~22,4,2,0,0 07-21~27,3,2,0,0 08-26~10,0,0,0,0 08-08~31,9,0,0,0 2026-08M~45,6,3,1,0 05-24~9,0,0,0,0 08-27~9,2,0,0,0 06-17~974,15,5,2,0 08-04~17,1,0,0,0 05-06~7,0,0,0,0 07-22~31,6,1,0,0 08-02~26,2,1,1,0 08-09~20,7,0,0,0 06-15~1350,22,9,2,0 06-25~2771,12,9,5,0 08-20~25,1,1,1,0 05-07~4,0,0,0,0 09-01~6,0,0,0,0 08-19~12,2,1,0,0 07-14~250,4,1,1,0 06-01~272,85,56,27,0 07-19~226,4,1,0,0 08-25~12,1,1,1,0 09-02~3,0,0,0,0 08-03~15,0,0,0,0 05-22~5,0,0,0,0 06-20~1571,14,6,3,0 05-02~4,0,0,0,0 06-07~433,110,72,21,0 2026-05~1231,502,366,142,0 05-09~2,0,0,0,0 07-29~20,3,2,0,0 07-02~559,20,10,7,0 08-07~18,4,0,0,0 05-26~3,0,0,0,0 06-12~3746,62,34,20,0 2026-06~48442,1398,848,419,1 07-05~487,6,3,2,0 05-03~15,1,0,0,0 05-17~9,0,0,0,0 05-30~189,58,39,18,0 06-27~2855,17,9,7,0 06-21~1557,13,5,0,0 05-18~6,0,0,0,0 06-29~691,12,6,2,0 07-31~25,4,2,0,0 05-13~11,2,1,1,0 05-25~10,1,1,0,0 07-13~224,5,2,0,0 05-11~4,0,0,0,0 07-26~20,5,1,0,0 2026-09~6,0,0,0,0 07-06~547,8,4,2,0 07-08~334,4,1,0,0 06-10~1789,98,62,28,1 06-14~2147,23,10,6,0 05-20~8,0,0,0,0 08-22~18,0,0,0,0 08-31~18,1,0,0,0 06-05~401,116,80,32,0 05-27~203,73,52,17,0 05-19~6,0,0,0,0 05-12~4,0,0,0,0 08-11~17,4,0,0,0 08-06~14,0,0,0,0 08-28~9,1,1,0,0 08-15~20,3,1,0,0 08-30~19,0,0,0,0 2026-05M~10,2,0,0,0 08-23~15,1,0,0,0 05-21~8,1,0,0,0 06-26~2714,19,8,0,0 07-23~29,4,0,0,0 06-22~4310,32,10,3,0 07-10~267,6,1,1,0 06-08~352,88,60,24,0 06-16~872,13,5,1,0 2026-09M~6,0,0,0,0 06-02~272,107,72,34,0 07-24~27,7,2,0,0 2026-08~356,60,13,7,0 07-20~122,3,1,1,1 08-29~18,0,0,0,0 05-14~6,0,0,0,0 05-15~8,0,0,0,0 07-12~398,3,1,1,0 07-03~564,17,13,9,0 06-19~1498,13,4,0,0 07-01~597,17,12,5,0 07-07~548,7,5,2,0 06-06~452,118,79,39,0 08-14~16,2,0,0,0 06-24~2612,30,13,7,0 05-23~8,0,0,0,0 06-23~5348,19,9,4,0 05-28~276,115,87,30,0 07-27~20,4,0,0,0 2026-06M~520,191,128,61,0 08-17~21,5,1,1,0 2026-07~6786,160,74,40,1 08-12~18,4,0,0,0 05-04~5,0,0,0,0 08-24~12,1,0,0,0 07-16~261,2,1,0,0 08-05~12,0,0,0,0 06-04~351,74,45,20,0 08-13~34,13,2,1,0 05-29~289,120,88,32,0 06-28~1863,14,8,2,0 07-30~22,0,0,0,0 08-10~23,8,1,0,0 06-03~201,70,46,19,0 08-18~14,0,0,0,0 08-16~32,7,0,0,0 07-15~251,3,1,1,0 06-30~810,16,5,2,0 07-28~21,3,1,0,0 08-21~21,3,1,0,0 05-10~6,2,0,0,0 05-01~6,2,0,0,0 06-13~2733,29,3,2,0 07-18~325,1,0,0,0 06-18~1280,7,2,0,0 2026-07M~1118,37,22,13,0 05-05~12,2,0,0,0 07-04~511,10,3,1,0
97460169_495954|06-08~56,0,0,0,0 07-10~1,0,0,0,0 05-30~6,0,0,0,0 05-28~20,1,1,1,0 07-29~2,0,0,0,0 08-09~3,0,0,0,0 07-05~2,0,0,0,0 07-27~1,0,0,0,0 all~668,14,4,3,0 2026-07M~30,0,0,0,0 07-26~2,0,0,0,0 2026-08~10,5,0,0,0 06-17~6,0,0,0,0 06-16~1,0,0,0,0 08-12~1,0,0,0,0 06-03~10,2,2,1,0 07-03~11,0,0,0,0 07-23~1,0,0,0,0 08-14~3,3,0,0,0 07-28~2,0,0,0,0 06-30~8,0,0,0,0 05-23~3,0,0,0,0 07-07~3,0,0,0,0 08-17~3,3,0,0,0 07-16~2,2,0,0,0 05-24~1,0,0,0,0 06-09~15,0,0,0,0 07-11~4,0,0,0,0 06-02~4,0,0,0,0 06-21~10,0,0,0,0 06-27~6,0,0,0,0 07-18~1,0,0,0,0 06-22~6,0,0,0,0 07-04~11,0,0,0,0 07-30~1,0,0,0,0 06-28~3,0,0,0,0 06-24~9,0,0,0,0 05-27~13,2,1,1,0 06-05~72,0,0,0,0 08-15~1,1,0,0,0 05-29~3,0,0,0,0 07-01~12,0,0,0,0 06-19~2,0,0,0,0 08-07~1,0,0,0,0 06-01~3,0,0,0,0 07-06~4,0,0,0,0 06-13~1,1,0,0,0 06-20~5,0,0,0,0 08-08~4,0,0,0,0 06-26~6,0,0,0,0 07-21~2,0,0,0,0 06-18~3,0,0,0,0 05-31~7,1,0,0,0 08-10~1,0,0,0,0 05-22~2,0,0,0,0 07-13~4,0,0,0,0 2026-05~57,4,2,2,0 07-02~25,0,0,0,0 06-11~7,1,0,0,0 06-06~69,0,0,0,0 06-07~86,0,0,0,0 2026-06~615,4,2,1,0 08-16~2,2,0,0,0 07-25~5,0,0,0,0 06-15~1,0,0,0,0 06-04~399,0,0,0,0 07-14~3,0,0,0,0 06-10~5,0,0,0,0 2026-08M~1,0,0,0,0 07-08~2,0,0,0,0 2026-07~40,4,0,0,0 2026-06M~6,0,0,0,0 07-12~7,0,0,0,0 07-31~1,0,0,0,0 06-29~2,0,0,0,0 07-20~1,0,0,0,0 08-02~1,0,0,0,0 07-17~1,0,0,0,0 07-15~5,3,0,0,0 07-24~5,0,0,0,0 06-25~15,0,0,0,0 06-23~6,0,0,0,0 05-25~5,0,0,0,0
97460169_503029|06-13~1,0,0,0,0 07-17~32877,13,1,0,0 08-06~12,0,0,0,0 08-18~186,8,0,0,0 08-12~228,4,0,0,0 06-09~1,0,0,0,0 07-11~1,0,0,0,0 2026-05~1,0,0,0,0 08-16~278,10,0,0,0 08-27~2,0,0,0,0 2026-08~1211,60,1,0,0 08-15~292,16,0,0,0 06-25~1,0,0,0,0 2026-06~3,0,0,0,0 07-31~22,0,0,0,0 06-29~1,0,0,0,0 2026-09~3,0,0,0,0 08-28~2,0,0,0,0 2026-09M~3,0,0,0,0 08-10~5,1,0,0,0 08-09~8,1,0,0,0 06-18~1,0,0,0,0 07-18~77916,31,15,5,1 06-20~1,0,0,0,0 08-20~3,0,0,0,0 06-15~1,0,0,0,0 06-21~1,0,0,0,0 06-12~1,0,0,0,0 06-19~1,0,0,0,0 07-22~60,3,1,0,0 07-29~13,0,0,0,0 07-24~29,1,0,0,0 07-21~7678,1,0,0,0 2026-07~266896,170,56,10,1 07-27~30,1,0,0,0 08-03~9,0,0,0,0 08-11~9,1,0,0,0 07-02~1,0,0,0,0 08-17~230,10,0,0,0 2026-07M~1,0,0,0,0 05-08~1,0,0,0,0 08-07~11,2,1,0,0 07-23~44,0,0,0,0 08-30~1,0,0,0,0 07-28~20,1,0,0,0 06-30~2,0,0,0,0 07-30~18,0,0,0,0 06-28~1,0,0,0,0 08-26~1,0,0,0,0 08-24~4,0,0,0,0 08-13~188,9,0,0,0 07-25~23,0,0,0,0 06-22~2,0,0,0,0 08-25~2,0,0,0,0 08-02~11,0,0,0,0 06-10~1,0,0,0,0 2026-08M~24,0,0,0,0 05-06~1,0,0,0,0 07-19~111158,112,38,5,0 08-01~14,0,0,0,0 08-08~12,3,0,0,0 06-26~1,0,0,0,0 08-04~11,0,0,0,0 08-21~1,0,0,0,0 07-07~1,0,0,0,0 08-14~207,16,0,0,0 06-17~1,0,0,0,0 08-22~3,0,0,0,0 08-05~12,0,0,0,0 all~266897,228,57,10,1 06-11~1,0,0,0,0 07-09~1,0,0,0,0 08-23~3,0,0,0,0 08-19~4,0,0,0,0 09-01~3,0,0,0,0 06-14~1,0,0,0,0 07-26~23,0,0,0,0 07-20~43619,7,0,0,0
97460169_504118|05-07~1,1,0,0,0 06-23~1,0,0,0,0 08-11~2,0,0,0,0 08-12~1,0,0,0,0 05-01~1,1,0,0,0 2026-05M~1,1,0,0,0 06-01~1,0,0,0,0 08-05~1,0,0,0,0 08-24~1,0,0,0,0 07-07~1,0,0,0,0 2026-07~186,42,25,12,0 06-10~1,0,0,0,0 08-23~1,0,0,0,0 08-15~1,0,0,0,0 05-04~1,0,0,0,0 2026-08~262,41,22,14,0 06-30~1,0,0,0,0 2026-08M~188,31,17,10,0 07-28~1,1,1,0,0 06-18~1,1,1,1,0 08-10~1,1,0,0,0 05-31~1,0,0,0,0 08-17~1,0,0,0,0 08-27~2,0,0,0,0 all~430,83,48,28,0 08-08~1,0,0,0,0 08-01~109,18,10,3,0 08-04~23,6,4,4,0 08-19~1,0,0,0,0 2026-06~4,1,1,1,0 08-02~87,13,7,7,0 08-09~2,0,0,0,0 2026-05~4,2,0,0,0 08-18~1,0,0,0,0 06-11~1,0,0,0,0 07-30~67,12,7,2,0 08-03~56,3,1,0,0 07-29~41,19,12,8,0 07-11~1,0,0,0,0 06-02~1,0,0,0,0 07-31~80,10,5,2,0 08-06~1,0,0,0,0 2026-06M~2,0,0,0,0
97460169_504221|2026-05~8,2,0,0,0 07-28~1,0,0,0,0 08-06~23,1,0,0,0 05-01~1,0,0,0,0 05-03~2,1,0,0,0 08-02~42,1,0,0,0 05-28~1,0,0,0,0 08-10~17,8,1,0,0 06-24~1,0,0,0,0 07-04~1,0,0,0,0 07-27~1,0,0,0,0 08-01~47,1,1,1,0 07-21~1,0,0,0,0 08-14~25,7,0,0,0 07-03~1,0,0,0,0 08-16~21,8,0,0,0 all~293,38,5,4,0 07-24~2,0,0,0,0 07-23~1,0,0,0,0 05-15~2,1,0,0,0 07-14~1,0,0,0,0 08-09~26,7,0,0,0 08-17~11,3,0,0,0 08-12~9,4,0,0,0 2026-08~254,33,4,2,0 06-06~1,1,0,0,0 08-15~22,4,0,0,0 08-05~21,3,1,0,0 07-12~1,1,1,0,0 06-10~1,0,0,0,0 05-08~1,0,0,0,0 06-15~1,0,0,0,0 05-05~1,0,0,0,0 05-13~1,0,0,0,0 08-11~23,9,1,1,0 05-04~2,0,0,0,0 07-25~1,1,0,0,0 07-11~1,0,0,0,0 07-16~1,0,0,0,0 2026-05M~1,0,0,0,0 08-07~20,4,0,0,0 08-03~35,0,0,0,0 2026-07~51,5,2,2,0 2026-06~4,1,0,0,0 08-22~1,0,0,0,0 08-24~1,0,0,0,0 08-08~23,7,0,0,0 07-15~1,0,0,0,0 08-04~18,1,0,0,0 05-14~2,0,0,0,0 06-29~1,0,0,0,0 07-31~34,3,1,1,0 06-28~1,0,0,0,0 07-30~10,0,0,0,0 08-13~9,5,0,0,0 05-06~1,1,0,0,0 2026-08M~86,2,1,1,0 05-02~1,0,0,0,0 07-29~10,1,0,0,0
99774584_464204|05-09~1,0,0,0,0 08-12~1,0,0,0,0 06-07~1,1,0,0,0 07-28~2,1,0,0,0 06-30~1,0,0,0,0 08-08~2,2,0,0,0 08-07~1,0,0,0,0 05-04~1,1,0,0,0 06-17~2,1,1,1,0 08-25~1,0,0,0,0 06-14~1,1,0,0,0 08-24~1,0,0,0,0 2026-07~8,7,2,1,0 08-28~2,1,1,1,0 05-20~1,1,1,1,0 07-31~2,1,0,0,0 06-11~2,0,0,0,0 06-08~2,2,0,0,0 08-19~1,0,0,0,0 09-01~1,0,0,0,0 08-01~1,0,0,0,0 08-21~1,0,0,0,0 07-16~1,1,0,0,0 06-21~1,0,0,0,0 08-05~1,0,0,0,0 07-30~1,0,0,0,0 05-14~1,0,0,0,0 08-14~1,0,0,0,0 08-20~1,0,0,0,0 08-13~1,0,0,0,0 08-18~1,0,0,0,0 2026-05M~1,1,0,0,0 08-30~1,0,0,0,0 05-19~1,0,0,0,0 09-02~1,0,0,0,0 08-06~2,1,1,0,0 06-02~1,1,1,0,0 07-24~2,0,0,0,0 07-26~1,0,0,0,0 05-08~1,0,0,0,0 2026-09M~1,0,0,0,0 06-10~2,0,0,0,0 08-04~1,0,0,0,0 06-16~1,0,0,0,0 08-09~1,0,0,0,0 07-13~2,1,0,0,0 07-29~2,1,1,1,0 08-31~2,1,0,0,0 08-29~1,0,0,0,0 07-04~1,1,0,0,0 05-25~1,0,0,0,0 06-27~1,1,0,0,0 06-12~1,0,0,0,0 08-23~1,0,0,0,0 all~20,19,8,4,0 08-02~1,0,0,0,0 2026-09~1,0,0,0,0 07-12~1,0,0,0,0 07-18~1,0,0,0,0 06-09~2,1,1,0,0 07-11~1,0,0,0,0 07-14~1,0,0,0,0 05-31~1,0,0,0,0 08-27~1,0,0,0,0 06-05~1,0,0,0,0 05-07~1,0,0,0,0 07-19~2,2,1,0,0 2026-05~4,3,1,1,0 2026-08M~1,0,0,0,0 08-16~1,0,0,0,0 06-23~1,0,0,0,0 07-21~2,1,0,0,0 2026-08~7,5,2,1,0 2026-06~7,6,3,1,0 05-02~1,1,0,0,0 08-10~1,0,0,0,0 08-22~1,0,0,0,0 2026-06M~1,1,1,0,0 08-15~1,0,0,0,0 08-17~1,0,0,0,0 08-26~1,0,0,0,0
__ALL__|07-26~10802,641,158,85,13 07-01~4915,489,227,113,13 06-19~3663,516,321,148,20 06-05~2876,653,458,203,9 05-27~1398,337,203,78,17 05-15~966,303,147,70,37 08-12~44865,3502,133,74,20 08-10~83271,5619,139,70,26 05-21~992,302,149,72,29 06-27~6711,493,236,128,25 06-20~3494,391,241,112,14 08-18~109492,5048,125,56,18 2026-06M~3087,771,414,185,19 05-11~780,238,0,0,0 06-03~1922,365,205,92,9 2026-08~2751231,145217,3888,2095,627 05-03~693,196,0,0,0 07-14~2744,446,220,118,40 08-27~98690,6677,98,32,11 05-12~844,305,0,0,0 05-07~670,207,0,0,0 2026-09~2773,603,151,91,13 06-24~6285,476,161,93,23 05-24~1083,311,157,79,31 06-23~13746,861,125,62,14 06-06~2887,655,478,219,6 05-29~1740,397,257,104,18 08-30~2066,378,72,35,5 05-05~693,169,0,0,0 08-22~103099,5296,104,59,10 09-02~1499,277,72,42,8 06-07~3049,663,488,237,17 08-03~118929,7643,166,72,16 06-12~5097,285,156,78,14 07-12~3268,398,170,86,27 05-08~865,224,0,0,0 08-05~109313,4922,128,63,20 06-21~3348,232,105,55,8 05-19~916,303,131,67,26 2026-07~1020955,43055,5428,2992,845 07-16~2574,451,180,83,31 08-06~112234,4838,137,72,12 08-23~106481,5069,120,69,15 07-07~4937,330,144,64,10 07-27~86515,3155,139,77,11 06-18~2905,282,165,86,33 06-26~6180,615,279,151,28 06-13~3815,261,154,88,16 05-09~939,212,0,0,0 07-28~145226,6521,190,97,21 06-30~5059,629,341,159,14 05-04~771,201,0,0,0 05-01~667,178,0,0,0 07-23~17646,957,206,94,5 06-11~6628,412,188,93,11 07-09~2978,414,215,108,27 07-15~3103,443,168,94,37 05-23~1028,301,158,74,24 05-06~655,180,0,0,0 07-21~28360,908,183,91,34 05-16~878,290,164,97,43 all~3866695,205635,19123,10704,2673 08-09~71826,3938,80,35,5 06-14~3201,229,116,57,9 08-04~110547,5933,116,58,13 06-08~2712,564,378,170,14 07-10~2908,489,215,116,43 2026-07M~10430,866,361,186,25 08-20~112277,4414,113,52,10 08-16~136250,7903,129,54,7 06-10~3654,430,259,115,14 07-08~3480,425,223,97,26 07-17~59291,847,203,91,37 06-02~1939,437,244,114,13 05-02~619,142,0,0,0 07-29~119186,6710,311,144,10 07-22~13573,827,164,89,22 06-22~10361,640,154,71,13 08-17~117634,6689,136,67,10 08-14~95602,5795,122,45,14 2026-06~104114,12719,6974,3689,542 08-19~112405,4741,114,62,18 09-01~1798,356,79,47,5 07-30~116327,7315,158,74,8 06-28~5816,559,275,153,15 2026-09M~2773,603,151,91,13 08-24~102655,4926,109,56,10 06-09~2824,365,210,83,9 07-11~3121,399,181,108,29 05-13~1032,254,72,36,12 05-20~1048,298,146,72,27 05-14~890,238,117,53,12 08-08~118768,5704,146,77,35 05-10~752,208,0,0,0 07-24~12931,686,173,85,16 07-25~11004,613,159,82,13 05-22~1105,291,151,73,29 08-01~117850,7589,172,84,7 05-31~1599,320,187,77,2 07-02~6696,387,134,71,11 07-13~3030,448,186,96,37 06-25~6612,548,268,121,26 07-18~80980,498,226,108,54 08-02~117764,7754,165,90,18 05-17~925,256,142,78,29 06-17~2696,260,131,68,6 06-16~2613,279,146,68,12 08-07~117428,5643,183,88,27 08-26~90907,6445,70,34,9 06-04~3611,452,268,143,14 05-26~718,199,88,45,19 2026-05~15582,7347,2931,1527,523 06-15~2977,274,143,69,7 08-25~100321,5543,104,46,10 07-05~3697,255,131,65,7 08-28~86304,3604,77,30,10 07-19~114158,476,160,67,24 06-01~1636,346,172,72,5 2026-05M~1023,311,0,0,0 05-25~1112,339,171,93,34 05-18~938,265,131,69,22 2026-08M~233957,15203,337,176,26 08-31~2038,413,81,38,15 07-03~4707,380,159,81,20 07-20~70911,1262,170,89,35 08-29~2707,408,73,33,10 08-15~129477,7530,164,85,24 07-31~118457,6967,150,63,9 06-29~3487,380,176,93,22 08-11~111905,7406,169,118,53 05-28~2030,420,246,104,11 05-30~1364,239,129,53,2 08-13~23077,2396,233,113,41 08-21~105220,5350,154,70,18 07-06~4093,301,136,80,10 07-04~4028,184,78,35,2