c|packed
(null)|08-15~0,0,0,0 06-18~0,0,0,0 08-27~0,0,0,0 08-18~0,0,0,0 08-14~0,0,0,0 07-26~0,0,0,0 05-23~0,0,0,0 2026-09~0,0,0,0 07-06~0,0,0,0 06-07~0,0,0,0 06-10~0,0,0,0 07-08~0,0,0,0 08-31~0,0,0,0 08-10~0,0,0,0 07-24~0,0,0,0 08-24~0,0,0,0 08-03~0,0,0,0 08-13~0,0,0,0 06-26~0,0,0,0 06-20~0,0,0,0 06-06~0,0,0,0 06-13~0,0,0,0 05-29~0,0,0,0 05-12~0,0,0,0 2026-05M~0,0,0,0 05-10~0,0,0,0 07-12~0,0,0,0 07-30~0,0,0,0 06-28~0,0,0,0 06-16~0,0,0,0 06-30~0,0,0,0 07-28~0,0,0,0 05-05~0,0,0,0 07-25~0,0,0,0 06-04~0,0,0,0 05-19~0,0,0,0 07-10~0,0,0,0 06-08~0,0,0,0 2026-08M~0,0,0,0 08-16~0,0,0,0 05-14~0,0,0,0 06-14~0,0,0,0 05-21~0,0,0,0 08-02~0,0,0,0 08-29~0,0,0,0 07-29~0,0,0,0 05-20~0,0,0,0 2026-06M~0,0,0,0 08-25~0,0,0,0 08-28~0,0,0,0 2026-07M~0,0,0,0 05-30~0,0,0,0 2026-06~0,0,0,0 07-17~0,0,0,0 05-24~0,0,0,0 05-09~0,0,0,0 07-18~0,0,0,0 05-25~0,0,0,0 08-26~0,0,0,0 06-29~0,0,0,0 07-31~0,0,0,0 06-25~0,0,0,0 08-05~0,0,0,0 06-21~0,0,0,0 05-28~0,0,0,0 07-14~1,0,0,0 2026-05~0,0,0,0 06-27~0,0,0,0 05-02~0,0,0,0 07-09~0,0,0,0 06-11~0,0,0,0 05-17~0,0,0,0 05-31~0,0,0,0 07-15~0,0,0,0 08-08~0,0,0,0 06-01~0,0,0,0 07-19~0,0,0,0 08-21~0,0,0,0 05-01~0,0,0,0 09-02~0,0,0,0 05-15~0,0,0,0 all~1,0,0,0 08-17~0,0,0,0 05-08~0,0,0,0 07-03~0,0,0,0 07-07~0,0,0,0 05-26~0,0,0,0 08-30~0,0,0,0 2026-07~1,0,0,0 07-16~0,0,0,0 08-07~0,0,0,0 08-01~0,0,0,0 06-22~0,0,0,0 05-16~0,0,0,0 08-11~0,0,0,0 08-04~0,0,0,0 08-22~0,0,0,0 08-23~0,0,0,0 07-21~0,0,0,0 05-13~0,0,0,0 07-02~0,0,0,0 2026-09M~0,0,0,0 07-27~0,0,0,0 05-18~0,0,0,0 06-09~0,0,0,0 07-11~0,0,0,0 05-06~0,0,0,0 07-23~0,0,0,0 06-12~0,0,0,0 08-12~0,0,0,0 05-04~0,0,0,0 08-19~0,0,0,0 09-01~0,0,0,0 07-05~0,0,0,0 08-20~0,0,0,0 08-06~0,0,0,0 07-01~0,0,0,0 06-19~0,0,0,0 06-23~0,0,0,0 06-17~0,0,0,0 05-11~0,0,0,0 06-05~0,0,0,0 05-27~0,0,0,0 07-13~0,0,0,0 05-07~0,0,0,0 06-02~0,0,0,0 07-20~0,0,0,0 06-24~0,0,0,0 2026-08~0,0,0,0 05-22~0,0,0,0 07-04~0,0,0,0 08-09~0,0,0,0 06-03~0,0,0,0 07-22~0,0,0,0 05-03~0,0,0,0
Albania|06-13~0,0,0,0 05-29~0,0,0,0 05-16~0,0,0,0 all~3,1,10,8 08-19~0,0,0,0 09-01~0,0,0,0 07-21~0,0,0,0 05-24~1,1,0,0 05-17~0,0,0,0 07-17~0,0,0,0 07-15~0,0,0,0 08-20~0,0,0,0 07-16~0,0,0,0 05-13~0,0,0,0 06-02~0,0,0,0 05-27~0,0,0,0 06-22~0,0,0,0 07-09~0,0,0,0 06-11~0,0,0,0 05-10~0,0,0,0 07-14~0,0,0,0 2026-07M~0,0,0,0 08-11~0,0,0,0 08-13~0,0,0,0 07-05~0,0,0,0 05-31~0,0,0,0 08-28~0,0,0,0 08-06~0,0,0,0 09-02~0,0,0,0 07-07~0,0,0,0 2026-05M~0,0,0,0 07-24~0,0,0,0 07-26~0,0,0,0 07-04~0,0,0,0 05-15~0,0,0,0 2026-05~1,1,0,0 08-17~0,0,0,0 07-29~0,0,0,0 06-17~0,0,0,0 08-22~0,0,0,0 06-23~0,0,0,0 05-01~0,0,0,0 08-23~0,0,0,0 05-26~0,0,0,0 07-03~0,0,0,0 08-27~0,0,0,0 05-28~0,0,0,0 05-08~0,0,0,0 06-01~0,0,0,0 07-19~0,0,0,0 08-26~0,0,0,0 05-25~0,0,0,0 08-29~0,0,0,0 05-06~0,0,0,0 07-22~0,0,0,0 06-09~0,0,0,0 07-11~0,0,0,0 06-03~0,0,1,0 07-20~0,0,0,0 08-01~0,0,0,0 07-23~0,0,0,0 06-30~0,0,0,0 07-28~0,0,0,0 08-08~0,0,1,1 06-27~0,0,0,0 05-03~0,0,0,0 08-03~0,0,0,0 08-14~0,0,0,0 05-22~0,0,0,0 08-02~0,0,0,0 05-19~0,0,0,0 08-30~0,0,0,0 08-16~0,0,0,0 06-14~0,0,0,0 06-26~0,0,0,0 06-25~0,0,0,0 06-21~1,0,0,0 05-14~0,0,0,0 05-09~0,0,0,0 06-18~0,0,0,0 06-20~0,0,0,0 08-25~0,0,0,0 08-31~0,0,0,0 07-25~0,0,0,0 05-04~0,0,0,0 05-02~0,0,0,0 06-04~0,0,1,0 2026-08M~0,0,0,0 2026-09~0,0,0,0 08-15~0,0,0,0 05-12~0,0,0,0 05-07~0,0,0,0 05-21~0,0,0,0 05-20~0,0,0,0 07-12~0,0,0,0 07-10~0,0,0,0 06-08~0,0,0,0 08-10~0,0,2,2 06-29~1,0,0,0 07-31~0,0,0,0 06-24~0,0,0,0 2026-06~2,0,4,3 08-09~0,0,0,0 08-18~0,0,0,0 08-05~0,0,0,0 07-06~0,0,0,0 05-11~0,0,0,0 08-07~0,0,0,0 2026-09M~0,0,0,0 07-18~0,0,2,1 06-16~0,0,0,0 07-27~0,0,0,0 06-06~0,0,0,0 05-23~0,0,0,0 05-05~0,0,0,0 05-18~0,0,0,0 2026-08~0,0,3,3 05-30~0,0,0,0 08-12~0,0,0,0 07-02~0,0,0,0 08-24~0,0,0,0 07-13~0,0,0,0 08-04~0,0,0,0 06-07~0,0,0,0 06-05~0,0,1,1 06-12~0,0,0,0 07-30~0,0,0,0 06-28~0,0,0,0 07-01~0,0,0,0 06-19~0,0,1,1 2026-06M~0,0,0,0 06-10~0,0,0,0 07-08~0,0,0,0 06-15~0,0,0,0 08-21~0,0,0,0 2026-07~0,0,2,1
Algeria|08-29~0,0,0,0 06-02~0,0,0,0 05-21~0,0,0,0 06-23~0,0,0,0 08-03~0,0,0,0 2026-09~1,0,0,0 08-14~0,0,0,0 2026-05~0,0,1,0 05-07~0,0,0,0 07-02~0,0,0,0 05-27~0,0,0,0 05-29~0,0,0,0 05-05~0,0,0,0 08-18~0,0,0,0 2026-06M~0,0,0,0 06-27~0,0,0,0 05-19~0,0,0,0 06-04~0,0,0,0 06-10~0,0,0,0 07-08~0,0,0,0 08-11~0,0,0,0 06-29~0,0,0,0 07-31~0,0,0,0 06-07~0,0,0,0 08-27~0,0,0,0 06-12~0,0,0,0 05-11~0,0,0,0 05-09~0,0,0,0 07-24~0,0,0,0 06-25~0,0,0,0 05-04~0,0,0,0 06-20~0,0,1,1 08-25~0,0,0,0 05-31~0,0,0,0 08-06~0,0,0,0 2026-09M~1,0,0,0 08-04~0,0,0,0 08-26~0,0,1,1 2026-07~0,0,1,0 05-17~0,0,0,0 06-18~0,0,0,0 06-26~0,0,0,0 08-19~0,0,0,0 09-01~0,0,0,0 08-16~0,0,0,0 05-08~0,0,0,0 07-01~0,0,0,0 06-19~0,0,0,0 06-24~0,0,0,0 06-05~0,0,0,0 08-17~0,0,0,0 06-09~0,0,0,0 07-11~0,0,0,0 06-15~0,0,0,0 08-21~0,0,0,0 07-05~0,0,0,0 06-30~1,0,0,0 07-28~0,0,0,0 07-04~0,0,0,0 06-13~0,0,0,0 05-10~0,0,0,0 08-09~0,0,0,0 05-18~0,0,0,0 07-09~0,0,0,0 06-11~0,0,0,0 2026-05M~0,0,0,0 06-16~0,0,0,0 08-02~0,0,0,0 07-23~0,0,0,0 08-01~0,0,0,0 05-28~0,0,0,0 05-13~0,0,0,0 07-21~0,0,0,0 07-10~0,0,0,0 06-08~0,0,0,0 07-15~0,0,0,0 07-20~0,0,0,0 07-12~0,0,0,0 07-14~0,0,0,0 2026-07M~0,0,0,0 07-18~0,0,0,0 2026-06~1,0,3,1 07-29~0,0,1,0 08-22~0,0,0,0 05-22~0,0,0,0 05-26~0,0,0,0 09-02~1,0,0,0 07-07~0,0,0,0 07-13~0,0,0,0 06-14~0,0,0,0 08-07~0,0,0,0 06-06~0,0,0,0 08-30~0,0,0,0 07-17~0,0,0,0 08-13~0,0,0,0 05-23~0,0,0,0 06-01~0,0,0,0 07-19~0,0,0,0 05-14~0,0,0,0 08-10~0,0,1,0 05-06~0,0,0,0 06-22~0,0,0,0 06-21~0,0,0,0 05-30~0,0,0,0 05-16~0,0,0,0 all~2,0,10,5 08-08~0,0,2,2 07-27~0,0,0,0 05-02~0,0,0,0 08-24~0,0,0,0 05-12~0,0,0,0 07-25~0,0,0,0 2026-08M~0,0,0,0 2026-08~0,0,5,4 08-15~0,0,1,1 07-16~0,0,0,0 06-03~0,0,0,0 08-05~0,0,0,0 05-24~0,0,1,0 05-20~0,0,0,0 07-30~0,0,0,0 06-28~0,0,0,0 08-20~0,0,0,0 07-06~0,0,0,0 08-31~0,0,0,0 06-17~0,0,0,0 07-26~0,0,0,0 08-28~0,0,0,0 08-12~0,0,0,0 08-23~0,0,0,0 05-01~0,0,0,0 07-03~0,0,0,0 05-25~0,0,0,0 05-15~0,0,0,0 05-03~0,0,0,0 07-22~0,0,0,0
Angola|05-14~0,0,0,0 05-19~0,0,0,0 2026-07~0,0,0,0 2026-07M~0,0,0,0 05-02~0,0,0,0 06-29~0,0,0,0 2026-05~0,0,0,0 06-15~0,0,0,0 2026-06~0,0,2,0 07-01~0,0,0,0 05-27~0,0,0,0 07-29~0,0,0,0 07-20~0,0,0,0 06-25~0,0,0,0 05-09~0,0,0,0 06-24~0,0,0,0 06-27~0,0,0,0 08-09~0,0,0,0 08-17~0,0,0,0 all~0,0,3,0 2026-05M~0,0,0,0 2026-09~0,0,0,0 2026-08~0,0,0,0 2026-09M~0,0,0,0 06-08~0,0,0,0 06-26~0,0,0,0 06-28~0,0,1,0 09-01~0,0,0,0 06-30~0,0,1,0 05-18~0,0,0,0 05-21~0,0,0,0 05-07~0,0,0,0 08-26~0,0,0,0 06-05~0,0,0,0 06-12~0,0,0,0
Argentina|08-27~0,0,0,0 05-04~0,0,0,0 2026-07~1,0,125,82 07-14~0,0,8,1 09-02~0,0,0,0 05-09~0,0,0,0 06-14~0,0,3,1 05-29~0,0,2,0 05-30~0,0,0,0 08-01~0,0,1,0 08-03~0,0,4,3 05-27~0,0,0,0 07-20~0,0,0,0 08-16~0,0,0,0 08-25~0,0,0,0 05-02~0,0,0,0 06-29~0,0,0,0 07-31~0,0,1,0 05-11~0,0,0,0 05-17~0,0,2,1 07-12~0,0,6,6 05-31~0,0,0,0 05-24~0,0,0,0 07-06~0,0,9,4 06-25~0,0,6,3 06-27~0,0,0,0 07-11~0,0,8,8 06-09~0,0,2,0 08-29~0,0,0,0 07-04~0,0,1,0 05-21~0,0,0,0 05-07~0,0,0,0 all~12,1,419,237 2026-06M~0,0,3,0 07-22~0,0,0,0 05-05~0,0,0,0 2026-06~6,0,169,77 08-08~0,0,7,5 08-28~0,0,0,0 05-19~0,0,0,0 06-23~0,0,2,0 08-05~0,0,1,1 08-23~0,0,0,0 05-23~1,0,0,0 06-16~0,0,2,1 06-28~0,0,3,0 07-30~0,0,0,0 08-17~1,0,0,0 2026-09M~0,0,0,0 08-18~0,0,1,1 2026-05~2,0,45,28 05-06~0,0,0,0 06-17~0,0,7,0 07-13~0,0,6,5 07-21~0,0,5,3 09-01~0,0,0,0 08-19~0,0,2,1 06-07~0,0,20,14 07-03~0,0,5,2 2026-05M~0,0,0,0 06-13~1,0,16,4 07-23~0,0,0,0 2026-07M~0,0,14,6 07-26~0,0,2,2 06-12~0,0,3,0 07-05~0,0,2,0 08-07~0,0,2,2 05-12~0,0,0,0 05-16~1,0,17,11 07-07~0,0,1,0 05-03~0,0,0,0 06-18~0,0,2,0 05-10~0,0,0,0 05-26~0,0,0,0 08-04~0,0,0,0 07-24~0,0,0,0 08-13~0,0,4,1 06-20~0,0,3,0 06-06~1,0,8,0 06-03~0,0,7,4 2026-09~0,0,0,0 06-04~0,0,9,7 06-22~0,0,3,3 08-20~0,0,0,0 06-02~0,0,2,0 08-12~0,0,1,1 08-11~0,0,4,4 07-16~0,0,0,0 08-15~0,0,4,1 07-27~0,0,0,0 05-28~0,0,4,0 08-14~0,0,0,0 06-11~0,0,7,0 07-09~0,0,3,1 06-05~1,0,9,3 07-02~0,0,10,5 08-09~0,0,0,0 08-30~0,0,1,0 05-15~0,0,6,6 06-21~0,0,0,0 08-02~0,0,6,5 06-08~0,0,15,11 07-10~0,0,15,14 06-24~0,0,7,2 07-19~0,0,1,1 06-01~0,0,1,0 07-17~0,0,3,2 08-10~0,0,5,2 07-25~0,0,1,0 05-08~0,0,0,0 05-18~0,0,5,0 08-06~0,0,0,0 07-29~0,0,0,0 05-25~0,0,0,0 2026-08M~0,0,7,5 07-18~1,0,3,0 08-22~0,0,0,0 07-15~0,0,13,12 05-01~0,0,0,0 2026-08~2,1,52,31 05-14~0,0,1,0 05-20~0,0,0,0 06-26~0,0,4,2 07-08~0,0,6,0 06-10~0,0,2,0 06-19~1,0,1,0 07-01~0,0,4,1 07-28~0,0,0,0 06-30~0,0,2,0 08-31~0,0,0,0 08-26~0,0,0,0 08-24~0,0,1,1 08-21~0,0,0,0 05-22~0,0,0,0 05-13~0,0,0,0 06-15~1,0,4,0
Armenia|08-07~0,0,0,0 08-20~0,0,0,0 07-21~0,0,0,0 08-25~0,0,0,0 05-31~0,0,0,0 06-12~0,0,0,0 05-10~0,0,0,0 08-12~0,0,0,0 08-26~0,0,0,0 05-29~0,0,1,1 06-14~0,0,0,0 07-15~0,0,0,0 07-02~0,0,0,0 05-05~0,0,0,0 09-02~0,0,0,0 08-09~0,0,0,0 2026-05M~0,0,0,0 07-27~0,0,0,0 09-01~0,0,0,0 08-19~0,0,0,0 05-14~0,0,0,0 07-14~0,0,0,0 06-19~0,0,0,0 07-01~0,0,0,0 05-23~0,0,0,0 05-18~0,0,0,0 08-31~0,0,0,0 07-18~0,0,0,0 08-04~0,0,0,0 05-21~0,0,0,0 06-22~0,0,0,0 07-04~0,0,0,0 07-22~0,0,0,0 all~1,0,7,7 05-16~0,0,0,0 07-16~0,0,0,0 05-13~0,0,1,0 06-02~0,0,0,0 05-07~0,0,0,0 07-20~0,0,0,0 08-24~0,0,0,0 06-24~0,0,0,0 07-06~0,0,0,0 05-15~0,0,0,0 08-08~0,0,0,0 08-23~0,0,0,0 08-27~0,0,0,0 07-23~0,0,0,0 2026-06M~0,0,1,1 05-17~0,0,0,0 08-22~0,0,0,0 05-04~0,0,0,0 05-26~0,0,0,0 06-05~0,0,0,0 08-14~0,0,0,0 05-06~0,0,0,0 08-21~0,0,0,0 05-03~0,0,0,0 08-01~0,0,0,0 07-12~0,0,0,0 08-06~0,0,0,0 05-20~0,0,0,0 06-23~0,0,0,0 08-15~0,0,0,0 2026-09M~0,0,0,0 05-22~0,0,0,0 07-26~0,0,0,0 06-06~0,0,0,0 05-25~0,0,0,0 05-08~0,0,0,0 07-25~0,0,0,0 07-03~0,0,0,0 06-20~0,0,0,0 05-01~0,0,0,0 2026-06~0,0,1,1 08-17~0,0,0,0 06-07~0,0,0,0 08-02~0,0,0,0 07-13~0,0,0,0 08-10~0,0,0,0 2026-07~0,0,1,1 05-02~0,0,0,0 06-11~0,0,0,0 07-09~0,0,0,0 08-16~0,0,1,1 06-15~0,0,0,0 05-27~0,0,0,0 06-04~0,0,0,0 06-28~0,0,0,0 07-30~0,0,0,0 08-28~0,0,0,0 08-29~0,0,0,0 05-19~0,0,0,0 2026-08~1,0,3,3 07-08~0,0,0,0 06-10~0,0,0,0 2026-05~0,0,2,2 06-27~0,0,0,0 05-11~0,0,0,0 05-12~0,0,0,0 06-03~0,0,0,0 06-25~0,0,0,0 08-30~0,0,0,0 2026-07M~0,0,0,0 07-29~0,0,0,0 06-18~0,0,0,0 08-18~0,0,0,0 06-21~0,0,0,0 08-13~0,0,1,1 05-30~0,0,0,0 06-17~0,0,0,0 07-24~0,0,0,0 06-13~0,0,0,0 08-11~0,0,0,0 07-31~0,0,0,0 06-29~0,0,0,0 07-05~0,0,0,0 07-17~0,0,0,0 07-19~0,0,0,0 06-01~0,0,1,1 05-24~0,0,0,0 2026-08M~0,0,1,1 2026-09~0,0,0,0 06-08~0,0,0,0 07-10~0,0,0,0 07-07~0,0,0,0 05-28~0,0,0,0 06-16~0,0,0,0 06-26~0,0,0,0 08-05~0,0,0,0 08-03~0,0,0,0 07-11~0,0,0,0 06-09~0,0,0,0 07-28~0,0,0,0 06-30~0,0,0,0 05-09~0,0,0,0
Australia|08-23~0,0,0,0 08-04~0,0,0,0 07-05~0,0,0,0 08-01~1,0,0,0 05-15~0,0,0,0 08-09~0,0,0,0 08-02~0,0,1,1 07-08~0,0,1,0 06-10~1,0,0,0 2026-06~14,6,22,7 07-28~0,0,0,0 06-30~0,0,1,0 07-31~0,0,0,0 06-29~0,0,1,0 07-26~0,0,1,0 05-21~0,0,0,0 2026-09M~0,0,1,0 06-12~0,0,0,0 08-12~0,0,1,0 07-03~1,1,0,0 05-30~0,0,1,1 06-08~0,0,1,0 07-10~3,1,0,0 07-16~2,1,1,0 05-13~0,0,0,0 06-28~0,0,0,0 07-30~0,0,0,0 07-25~0,0,1,1 05-07~0,0,0,0 08-15~0,0,0,0 08-17~0,0,0,0 05-10~0,0,0,0 06-24~1,0,0,0 08-20~0,0,0,0 05-05~0,0,0,0 06-06~0,0,0,0 07-20~0,0,0,0 07-06~2,0,2,0 06-13~1,0,1,1 06-26~0,0,0,0 05-23~0,0,0,0 09-01~0,0,0,0 08-19~0,0,1,1 07-04~1,0,1,0 08-13~0,0,0,0 07-18~0,0,0,0 07-22~0,0,1,1 05-31~0,0,0,0 2026-08M~1,0,1,1 08-07~1,0,0,0 08-03~0,0,0,0 07-07~0,0,0,0 2026-05~6,2,11,3 05-12~0,0,0,0 08-06~0,0,0,0 05-20~0,0,1,0 2026-09~0,0,1,0 05-02~0,0,0,0 06-21~0,0,0,0 08-30~0,0,0,0 05-22~0,0,0,0 08-05~0,0,0,0 05-27~0,0,1,0 08-25~0,0,0,0 08-08~1,0,0,0 08-22~0,0,0,0 05-04~0,0,0,0 06-07~0,0,2,1 08-31~1,0,0,0 07-13~0,0,0,0 07-17~0,0,0,0 05-06~0,0,0,0 07-02~0,0,2,1 06-22~0,0,1,1 05-01~0,0,0,0 07-11~1,0,0,0 06-09~0,0,2,0 06-19~2,1,1,0 07-01~0,0,0,0 07-27~0,0,1,1 06-04~0,0,0,0 05-25~0,0,0,0 06-23~0,0,2,2 08-26~0,0,0,0 2026-05M~0,0,0,0 05-17~1,1,2,0 08-11~0,0,0,0 05-26~1,0,1,0 08-24~0,0,0,0 07-29~0,0,2,2 05-08~0,0,0,0 2026-08~5,0,7,3 05-03~0,0,0,0 06-20~0,0,0,0 08-29~0,0,0,0 2026-07M~0,0,2,1 07-14~0,0,1,0 2026-06M~1,0,1,0 05-11~0,0,0,0 06-17~0,0,0,0 05-18~1,0,0,0 05-16~0,0,0,0 08-10~0,0,0,0 06-03~0,0,0,0 05-24~0,0,0,0 06-11~1,1,0,0 07-09~0,0,0,0 08-16~0,0,0,0 06-27~0,0,0,0 07-19~0,0,2,1 06-01~0,0,1,0 08-14~0,0,0,0 05-28~0,0,0,0 06-15~0,0,0,0 07-24~0,0,0,0 06-05~1,1,0,0 05-19~0,0,0,0 05-14~1,0,0,0 06-18~0,0,0,0 08-18~0,0,0,0 08-28~0,0,0,0 07-15~0,0,0,0 07-21~0,0,0,0 05-09~0,0,0,0 06-25~1,0,2,0 05-29~0,0,0,0 06-16~0,0,0,0 07-23~0,0,0,0 07-12~1,1,0,0 2026-07~12,4,17,8 all~39,13,61,23 06-02~1,0,0,0 08-21~1,0,2,0 08-27~0,0,1,1 09-02~0,0,1,0 06-14~1,1,0,0
Austria|09-01~0,0,0,0 08-19~0,0,1,1 05-11~0,0,0,0 06-13~0,0,0,0 2026-06~7,4,14,11 08-24~1,1,1,0 08-05~0,0,0,0 08-07~1,1,0,0 05-17~0,0,0,0 05-19~0,0,0,0 06-06~0,0,1,0 08-04~0,0,0,0 08-08~1,1,0,0 2026-05~3,2,5,5 08-28~0,0,1,1 08-06~0,0,0,0 06-17~0,0,0,0 05-29~0,0,0,0 06-20~1,1,0,0 08-21~0,0,0,0 07-03~0,0,0,0 06-19~0,0,0,0 07-01~1,0,2,2 08-17~0,0,0,0 05-03~0,0,0,0 06-22~0,0,0,0 05-21~0,0,0,0 2026-08M~1,0,0,0 07-14~0,0,0,0 06-15~0,0,0,0 07-08~0,0,2,2 06-10~0,0,1,1 08-15~1,0,0,0 05-01~0,0,0,0 06-04~0,0,0,0 08-16~0,0,1,1 05-27~0,0,0,0 07-05~1,1,1,1 06-28~0,0,1,0 07-30~0,0,0,0 06-16~0,0,0,0 08-29~0,0,0,0 2026-08~8,4,32,27 08-26~0,0,6,5 07-31~0,0,0,0 06-29~0,0,0,0 06-14~1,1,0,0 2026-05M~0,0,0,0 2026-09~0,0,0,0 06-07~0,0,0,0 08-27~0,0,5,5 07-21~0,0,0,0 06-25~0,0,0,0 05-06~0,0,0,0 08-11~0,0,0,0 06-05~0,0,0,0 2026-07M~2,0,2,2 07-18~0,0,1,1 05-09~0,0,0,0 2026-07~15,9,19,15 06-23~0,0,1,1 05-20~0,0,2,2 05-28~0,0,0,0 08-30~0,0,0,0 06-21~0,0,0,0 08-03~0,0,0,0 05-05~0,0,0,0 06-26~0,0,1,1 08-09~1,1,0,0 07-13~0,0,2,1 08-31~0,0,3,3 05-18~0,0,0,0 05-23~0,0,0,0 2026-06M~0,0,2,2 06-02~0,0,2,2 07-11~2,1,0,0 06-09~0,0,0,0 07-06~1,0,0,0 07-20~0,0,0,0 05-04~0,0,0,0 07-25~0,0,0,0 05-08~0,0,0,0 06-08~0,0,0,0 07-10~0,0,1,1 07-22~0,0,0,0 07-04~1,1,0,0 07-24~0,0,0,0 07-28~0,0,5,4 06-30~1,1,0,0 07-19~1,1,1,1 06-01~0,0,0,0 08-12~0,0,5,5 05-12~0,0,0,0 all~32,18,72,59 05-16~0,0,0,0 07-23~0,0,0,0 06-24~0,0,1,1 05-07~0,0,0,0 2026-09M~0,0,0,0 07-07~0,0,0,0 05-30~2,1,0,0 08-02~0,0,0,0 07-02~1,0,0,0 07-27~1,1,0,0 08-23~0,0,1,0 05-13~0,0,0,0 07-29~0,0,1,0 05-24~1,1,1,1 08-20~0,0,1,0 06-03~1,0,0,0 06-12~0,0,0,0 06-11~1,1,1,1 07-09~1,1,1,1 05-26~0,0,0,0 07-17~1,1,0,0 08-14~0,0,3,3 05-22~0,0,0,0 07-15~2,0,1,0 08-25~0,0,0,0 07-26~0,0,0,0 05-14~0,0,0,0 05-10~0,0,0,0 06-18~0,0,2,2 08-10~1,0,0,0 08-01~1,0,0,0 05-02~0,0,0,0 06-27~0,0,0,0 07-16~1,1,1,1 08-18~0,0,0,0 08-22~1,0,1,0 08-13~0,0,3,3 05-31~0,0,1,1 09-02~0,0,0,0 05-15~0,0,0,0 05-25~0,0,0,0 07-12~1,0,0,0
Azerbaijan|05-21~0,0,0,0 06-03~0,0,0,0 08-25~0,0,0,0 2026-07~0,0,1,1 2026-07M~0,0,1,1 08-10~0,0,0,0 05-08~0,0,0,0 08-26~0,0,0,0 06-29~0,0,0,0 06-08~0,0,0,0 05-16~0,0,0,0 07-08~0,0,0,0 08-07~0,0,0,0 08-04~0,0,0,0 07-22~0,0,0,0 08-18~0,0,0,0 05-27~0,0,0,0 07-04~0,0,0,0 all~0,0,2,1 07-13~0,0,0,0 06-24~0,0,0,0 08-22~0,0,0,0 08-09~0,0,0,0 08-30~0,0,0,0 08-27~0,0,0,0 07-24~0,0,0,0 2026-06M~0,0,0,0 06-10~0,0,0,0 06-04~0,0,0,0 05-19~0,0,0,0 06-15~0,0,0,0 06-21~0,0,0,0 05-18~0,0,0,0 06-06~0,0,0,0 07-12~0,0,0,0 05-20~0,0,0,0 06-23~0,0,0,0 08-06~0,0,0,0 07-10~0,0,0,0 07-19~0,0,0,0 07-11~0,0,0,0 07-17~0,0,0,0 07-16~0,0,0,0 06-20~0,0,0,0 06-28~0,0,0,0 07-03~0,0,0,0 07-06~0,0,0,0 05-26~0,0,0,0 05-23~0,0,0,0 07-15~0,0,0,0 05-03~0,0,0,0 06-13~0,0,0,0 05-10~0,0,0,0 06-27~0,0,0,0 07-20~0,0,0,0 05-17~0,0,0,0 07-29~0,0,0,0 08-16~0,0,0,0 05-05~0,0,0,0 06-11~0,0,0,0 06-02~0,0,0,0 2026-08~0,0,1,0 08-24~0,0,0,0 07-18~0,0,0,0 07-26~0,0,0,0 07-30~0,0,0,0 06-19~0,0,0,0 2026-08M~0,0,0,0 08-12~0,0,0,0 08-11~0,0,0,0 06-09~0,0,0,0 07-01~0,0,0,0 05-29~0,0,0,0 08-13~0,0,0,0 08-21~0,0,0,0 08-17~0,0,0,0 06-01~0,0,0,0 08-01~0,0,0,0 06-16~0,0,0,0 08-08~0,0,0,0 07-27~0,0,0,0 05-12~0,0,0,0 07-09~0,0,0,0 07-31~0,0,0,0 08-23~0,0,0,0 07-25~0,0,0,0 2026-06~0,0,0,0 2026-05~0,0,0,0 07-28~0,0,0,0 08-28~0,0,0,0 07-02~0,0,1,1 07-23~0,0,0,0 05-15~0,0,0,0 05-24~0,0,0,0 06-14~0,0,0,0 05-13~0,0,0,0 08-15~0,0,0,0 06-12~0,0,0,0 05-14~0,0,0,0 08-29~0,0,0,0 06-25~0,0,0,0 08-05~0,0,0,0 07-05~0,0,0,0 08-02~0,0,0,0 06-30~0,0,0,0 06-17~0,0,0,0 05-22~0,0,0,0 08-14~0,0,0,0 07-14~0,0,0,0 08-03~0,0,0,0 08-20~0,0,0,0 07-21~0,0,0,0 07-07~0,0,0,0 08-19~0,0,0,0
Bahrain|06-10~0,0,0,0 05-15~0,0,0,0 2026-08M~0,0,0,0 05-27~0,0,0,0 05-18~0,0,0,0 05-14~0,0,0,0 05-31~0,0,0,0 05-10~0,0,0,0 06-01~0,0,0,0 05-24~0,0,0,0 06-21~0,0,0,0 05-03~0,0,0,0 06-12~0,0,0,0 05-13~0,0,0,0 2026-08~0,0,0,0 07-30~0,0,0,0 08-12~0,0,0,0 08-05~0,0,0,0 08-19~0,0,0,0 2026-05M~0,0,0,0 2026-06M~0,0,0,0 all~1,0,0,0 05-16~0,0,0,0 2026-06~0,0,0,0 08-14~0,0,0,0 06-14~0,0,0,0 08-21~0,0,0,0 06-20~0,0,0,0 05-02~0,0,0,0 08-20~0,0,0,0 05-25~0,0,0,0 05-28~0,0,0,0 08-24~0,0,0,0 06-02~0,0,0,0 05-26~0,0,0,0 07-28~0,0,0,0 05-05~0,0,0,0 07-12~0,0,0,0 07-23~0,0,0,0 08-02~0,0,0,0 07-20~0,0,0,0 06-24~0,0,0,0 05-08~0,0,0,0 05-21~0,0,0,0 08-01~0,0,0,0 08-15~0,0,0,0 06-17~0,0,0,0 06-26~0,0,0,0 06-22~0,0,0,0 08-08~0,0,0,0 2026-07M~0,0,0,0 06-23~0,0,0,0 05-30~0,0,0,0 07-26~0,0,0,0 05-07~0,0,0,0 05-01~0,0,0,0 06-07~0,0,0,0 08-16~0,0,0,0 05-11~0,0,0,0 05-04~0,0,0,0 05-22~0,0,0,0 05-23~0,0,0,0 06-09~0,0,0,0 2026-05~0,0,0,0 07-31~0,0,0,0 2026-07~1,0,0,0 07-29~1,0,0,0 08-06~0,0,0,0 05-12~0,0,0,0 08-04~0,0,0,0 06-03~0,0,0,0 05-19~0,0,0,0 06-15~0,0,0,0 07-24~0,0,0,0 06-05~0,0,0,0 05-20~0,0,0,0 05-06~0,0,0,0 08-11~0,0,0,0 06-19~0,0,0,0 07-01~0,0,0,0 08-27~0,0,0,0 06-08~0,0,0,0 07-10~0,0,0,0 08-07~0,0,0,0 06-04~0,0,0,0 06-06~0,0,0,0 06-11~0,0,0,0 06-13~0,0,0,0 06-16~0,0,0,0 05-09~0,0,0,0 08-03~0,0,0,0
Benin|2026-07M~0,0,0,0 05-03~0,0,0,0 2026-06~0,0,0,0 06-29~0,0,0,0 all~0,0,0,0 05-05~0,0,0,0 05-11~0,0,0,0 05-06~0,0,0,0 07-29~0,0,0,0 05-21~0,0,0,0 07-10~0,0,0,0 05-04~0,0,0,0 06-28~0,0,0,0 08-31~0,0,0,0 07-15~0,0,0,0 06-09~0,0,0,0 2026-08~0,0,0,0 08-15~0,0,0,0 06-26~0,0,0,0 07-01~0,0,0,0 06-27~0,0,0,0 06-13~0,0,0,0 08-20~0,0,0,0 06-30~0,0,0,0 2026-05~0,0,0,0 05-07~0,0,0,0 08-06~0,0,0,0 06-20~0,0,0,0 2026-07~0,0,0,0 06-25~0,0,0,0
Bolivia|06-20~0,0,0,0 05-25~0,0,0,0 07-12~0,0,0,0 05-17~0,0,0,0 05-28~0,0,0,0 07-05~0,0,0,0 05-24~0,0,0,0 07-24~0,0,0,0 07-26~0,0,0,0 08-13~0,0,0,0 2026-06~0,0,2,1 2026-05M~0,0,0,0 06-06~0,0,0,0 2026-09M~0,0,0,0 06-04~0,0,0,0 2026-08~0,0,2,1 05-01~0,0,0,0 07-25~0,0,0,0 05-20~0,0,0,0 07-29~0,0,0,0 05-14~0,0,0,0 07-09~0,0,0,0 06-11~0,0,0,0 06-22~0,0,0,0 05-23~0,0,0,0 07-27~0,0,0,0 08-19~0,0,0,0 09-01~0,0,0,0 06-18~0,0,0,0 08-22~0,0,0,0 08-20~0,0,0,0 05-09~0,0,0,0 08-29~0,0,0,0 05-07~0,0,0,0 07-17~0,0,0,0 07-15~0,0,0,0 05-26~0,0,0,0 08-24~0,0,0,0 06-02~0,0,0,0 06-24~0,0,0,0 08-11~0,0,0,0 06-10~0,0,0,0 07-08~0,0,0,0 05-19~0,0,0,0 07-07~0,0,0,0 08-10~0,0,0,0 05-15~0,0,0,0 05-18~0,0,0,0 2026-07M~0,0,0,0 07-06~0,0,0,0 07-30~0,0,0,0 06-28~0,0,0,0 08-14~0,0,0,0 08-15~0,0,0,0 all~0,0,7,4 05-16~0,0,0,0 09-02~0,0,0,0 07-18~0,0,0,0 06-09~0,0,0,0 07-11~0,0,0,0 08-18~0,0,0,0 07-22~0,0,0,0 06-30~0,0,0,0 07-28~0,0,0,0 07-13~0,0,0,0 07-10~0,0,0,0 06-08~0,0,0,0 2026-09~0,0,0,0 06-03~0,0,0,0 06-14~0,0,1,0 05-30~0,0,0,0 08-30~0,0,0,0 08-27~0,0,0,0 08-01~0,0,0,0 2026-06M~0,0,0,0 08-04~0,0,0,0 05-11~0,0,0,0 08-31~0,0,0,0 08-03~0,0,0,0 08-25~0,0,0,0 06-27~0,0,0,0 08-05~0,0,0,0 06-15~0,0,0,0 06-16~0,0,0,0 08-09~0,0,0,0 06-12~0,0,0,0 05-27~0,0,0,0 2026-07~0,0,2,1 06-13~0,0,1,1 08-16~0,0,0,0 08-02~0,0,0,0 07-16~0,0,0,0 05-31~0,0,0,0 08-26~0,0,0,0 06-05~0,0,0,0 05-21~0,0,0,0 05-12~0,0,0,0 05-13~0,0,0,0 07-21~0,0,2,1 07-23~0,0,0,0 08-23~0,0,0,0 08-06~0,0,0,0 07-02~0,0,0,0 08-08~0,0,0,0 06-17~0,0,0,0 07-01~0,0,0,0 06-19~0,0,0,0 05-08~0,0,0,0 08-28~0,0,0,0 06-01~0,0,0,0 07-19~0,0,0,0 05-22~0,0,0,0 2026-08M~0,0,0,0 05-29~0,0,0,0 07-04~0,0,0,0 08-07~0,0,0,0 06-25~0,0,0,0 07-14~0,0,0,0 2026-05~0,0,1,1 05-06~0,0,0,0 05-05~0,0,0,0 05-10~0,0,0,0 05-03~0,0,0,0 08-21~0,0,0,0 06-29~0,0,0,0 07-31~0,0,0,0 08-17~0,0,0,0 07-20~0,0,0,0 06-07~0,0,0,0 06-21~0,0,0,0 07-03~0,0,0,0 06-23~0,0,0,0 06-26~0,0,0,0 08-12~0,0,1,0 05-04~0,0,0,0
Bosnia and Herzegovina|06-20~0,0,0,0 06-07~0,0,0,0 07-20~0,0,1,0 06-02~0,0,0,0 05-17~0,0,0,0 07-12~0,0,0,0 07-21~0,0,2,0 05-21~0,0,0,0 07-19~0,0,1,0 06-01~0,0,1,0 2026-09~0,0,1,0 05-23~0,0,0,0 08-13~0,0,1,0 05-19~0,0,0,0 07-04~0,0,0,0 2026-06M~0,0,1,0 05-20~0,0,1,0 07-25~0,0,2,0 2026-06~0,0,7,1 08-11~0,0,1,0 07-11~0,0,0,0 06-09~0,0,1,0 06-11~0,0,0,0 07-09~0,0,0,0 08-18~0,0,0,0 07-26~0,0,2,0 05-22~0,0,0,0 2026-08~2,0,10,0 2026-09M~0,0,1,0 05-05~0,0,0,0 06-16~0,0,0,0 06-14~0,0,0,0 07-07~0,0,0,0 08-27~0,0,0,0 06-23~0,0,0,0 08-05~0,0,0,0 08-10~0,0,0,0 08-29~0,0,0,0 05-31~0,0,0,0 08-25~0,0,0,0 07-02~0,0,0,0 06-03~0,0,0,0 05-12~0,0,0,0 05-10~0,0,0,0 2026-05M~0,0,0,0 07-08~0,0,1,1 06-10~0,0,0,0 07-23~2,0,9,0 08-03~0,0,1,0 06-04~0,0,0,0 05-02~0,0,0,0 07-18~0,0,1,1 06-08~0,0,0,0 07-10~0,0,0,0 06-05~0,0,0,0 05-03~0,0,0,0 08-22~0,0,0,0 06-06~0,0,0,0 06-26~0,0,0,0 2026-05~0,0,2,1 07-13~0,0,0,0 06-21~0,0,0,0 08-04~0,0,0,0 08-08~0,0,0,0 06-28~0,0,2,0 07-30~0,0,1,0 05-14~0,0,0,0 05-27~0,0,0,0 09-01~0,0,1,0 08-19~0,0,0,0 08-21~0,0,0,0 2026-07~6,1,39,4 05-16~0,0,0,0 05-15~0,0,0,0 09-02~0,0,0,0 08-07~0,0,0,0 05-09~0,0,0,0 07-28~0,0,4,0 06-30~0,0,1,0 08-20~0,0,0,0 06-25~0,0,0,0 07-14~1,1,0,0 05-08~0,0,0,0 06-12~0,0,0,0 07-22~0,0,3,0 06-27~0,0,1,0 07-29~2,0,2,0 07-05~0,0,0,0 08-23~0,0,0,0 05-13~0,0,0,0 05-18~0,0,0,0 07-24~0,0,3,0 07-31~0,0,0,0 06-29~0,0,0,0 07-17~0,0,0,0 07-16~0,0,0,0 08-14~0,0,0,0 05-24~0,0,0,0 05-26~0,0,0,0 05-07~0,0,0,0 06-13~0,0,0,0 05-04~0,0,0,0 08-12~0,0,0,0 06-15~0,0,0,0 08-24~0,0,0,0 08-02~1,0,2,0 06-17~0,0,0,0 08-16~0,0,0,0 05-30~0,0,0,0 2026-07M~0,0,2,0 07-27~0,0,1,0 08-06~0,0,0,0 05-01~0,0,0,0 05-11~0,0,0,0 05-28~0,0,0,0 08-30~0,0,0,0 07-03~0,0,0,0 06-18~0,0,0,0 07-15~0,0,0,0 07-06~0,0,0,0 08-28~0,0,0,0 05-25~0,0,0,0 08-26~0,0,0,0 05-29~0,0,0,0 05-06~0,0,0,0 08-15~0,0,0,0 08-09~0,0,0,0 08-31~0,0,0,0 08-01~1,0,3,0 06-22~0,0,0,0 06-24~0,0,0,0 06-19~0,0,0,0 07-01~0,0,2,0 2026-08M~2,0,5,0 all~8,1,60,6 08-17~0,0,0,0
Brazil|08-05~1,1,3,3 05-26~0,0,0,0 07-17~2,1,3,3 09-01~1,1,0,0 08-19~1,0,1,1 05-12~0,0,0,0 08-23~0,0,2,0 08-21~3,3,4,0 05-05~0,0,0,0 07-02~1,1,0,0 08-18~1,1,1,1 08-14~0,0,0,0 05-29~0,0,0,0 08-07~0,0,2,0 2026-06M~0,0,2,2 05-20~0,0,0,0 09-02~0,0,3,0 07-13~0,0,1,1 06-28~1,0,4,3 07-30~2,2,0,0 05-13~0,0,3,1 05-06~0,0,0,0 07-24~2,2,1,0 06-07~0,0,0,0 06-05~0,0,1,1 07-26~2,2,1,0 05-03~0,0,0,0 05-25~0,0,2,1 07-08~0,0,1,1 06-10~0,0,0,0 07-11~0,0,0,0 06-09~0,0,0,0 05-28~0,0,0,0 05-11~0,0,0,0 07-14~1,1,3,1 08-09~0,0,1,0 06-18~0,0,0,0 05-27~0,0,0,0 08-28~1,1,0,0 07-19~0,0,0,0 06-01~0,0,0,0 08-27~0,0,0,0 08-01~0,0,0,0 05-01~0,0,0,0 07-12~0,0,1,0 05-24~0,0,1,1 06-08~0,0,0,0 07-10~1,1,2,0 07-31~2,0,0,0 06-29~0,0,1,1 07-03~2,2,1,0 06-25~0,0,4,3 07-21~0,0,2,1 07-29~2,1,1,0 06-19~0,0,1,1 07-01~1,1,1,0 07-04~0,0,0,0 05-15~0,0,0,0 all~61,45,142,81 08-17~1,1,2,1 07-28~2,0,1,1 06-30~0,0,1,0 07-27~0,0,0,0 08-25~1,1,2,0 05-30~0,0,0,0 2026-07M~2,2,1,0 07-25~0,0,0,0 05-21~0,0,2,1 05-19~0,0,0,0 07-22~0,0,1,0 08-15~0,0,6,2 2026-08M~1,0,3,1 06-17~0,0,0,0 05-22~0,0,0,0 2026-08~16,14,47,18 05-04~0,0,0,0 08-26~0,0,0,0 07-06~0,0,0,0 08-31~1,1,1,1 06-15~1,0,1,1 06-02~0,0,2,2 06-24~0,0,2,2 05-18~0,0,0,0 06-21~0,0,0,0 05-14~0,0,3,3 06-14~0,0,0,0 06-26~0,0,2,1 07-18~6,5,1,0 08-02~1,0,3,1 06-20~0,0,0,0 08-30~0,0,0,0 07-05~0,0,1,1 06-27~0,0,5,4 07-20~2,1,0,0 08-12~0,0,2,2 06-03~0,0,1,1 08-20~0,0,0,0 2026-06~6,1,41,35 06-06~0,0,0,0 06-23~0,0,6,6 07-07~0,0,1,0 07-16~0,0,2,1 07-15~0,0,0,0 08-24~0,0,0,0 06-13~0,0,0,0 08-08~0,0,1,0 05-07~0,0,0,0 06-11~0,0,0,0 07-09~0,0,1,1 08-16~0,0,0,0 06-22~0,0,1,1 08-29~0,0,1,0 08-10~0,0,1,0 05-08~0,0,0,0 2026-09~1,1,3,0 05-23~0,0,0,0 05-02~0,0,0,0 06-04~0,0,0,0 05-10~0,0,0,0 2026-05M~0,0,0,0 07-23~0,0,0,0 06-12~0,0,1,0 08-11~2,2,1,0 08-13~0,0,2,1 08-22~1,1,0,0 08-04~1,1,1,0 2026-09M~1,1,3,0 05-17~0,0,0,0 2026-07~33,24,29,13 08-06~0,0,2,1 08-03~0,0,1,1 05-31~0,0,1,1 05-09~0,0,0,0 05-16~1,0,1,0 2026-05~1,0,14,9 06-16~0,0,0,0
Brunei|08-19~0,0,0,0 08-24~0,0,0,0 08-05~0,0,0,0 08-07~0,0,1,0 05-17~0,0,0,0 2026-05~0,0,0,0 08-21~0,0,0,0 07-01~0,0,0,0 all~0,0,1,0 05-01~0,0,0,0 08-16~0,0,0,0 08-26~0,0,0,0 06-29~0,0,0,0 07-21~0,0,0,0 05-06~0,0,0,0 07-18~0,0,0,0 2026-06~0,0,0,0 08-30~0,0,0,0 08-03~0,0,0,0 05-05~0,0,0,0 06-26~0,0,0,0 08-09~0,0,0,0 08-31~0,0,0,0 05-18~0,0,0,0 05-23~0,0,0,0 07-20~0,0,0,0 05-08~0,0,0,0 06-30~0,0,0,0 07-28~0,0,0,0 08-12~0,0,0,0 07-23~0,0,0,0 2026-07M~0,0,0,0 05-30~0,0,0,0 08-23~0,0,0,0 07-29~0,0,0,0 08-20~0,0,0,0 05-26~0,0,0,0 07-17~0,0,0,0 2026-08~0,0,1,0 05-22~0,0,0,0 2026-05M~0,0,0,0 05-10~0,0,0,0 06-27~0,0,0,0 08-22~0,0,0,0 2026-07~0,0,0,0 05-15~0,0,0,0
Bulgaria|06-23~0,0,0,0 2026-07M~0,0,0,0 06-04~0,0,0,0 07-23~0,0,0,0 06-01~0,0,0,0 07-19~0,0,0,0 05-14~0,0,0,0 06-09~0,0,0,0 07-11~0,0,0,0 05-03~0,0,0,0 07-22~0,0,0,0 05-22~0,0,0,0 06-02~0,0,0,0 05-20~1,0,1,0 2026-06M~0,0,0,0 08-10~0,0,0,0 08-30~0,0,0,0 08-29~0,0,0,0 05-18~0,0,0,0 07-07~0,0,0,0 05-23~0,0,0,0 07-26~0,0,1,0 08-12~0,0,0,0 07-12~0,0,1,0 06-12~0,0,0,0 07-25~0,0,0,0 05-21~0,0,0,0 08-08~0,0,0,0 08-28~0,0,0,0 05-06~0,0,0,0 06-15~0,0,0,0 06-17~0,0,0,0 05-30~0,0,0,0 07-04~0,0,0,0 08-24~0,0,0,0 06-20~1,0,0,0 08-06~0,0,0,0 08-13~0,0,0,0 08-26~0,0,0,0 2026-09~0,0,0,0 07-01~0,0,0,0 06-19~0,0,0,0 07-18~0,0,0,0 05-11~0,0,0,0 2026-06~1,0,1,1 05-13~0,0,0,0 05-31~0,0,0,0 06-13~0,0,0,0 07-20~0,0,1,0 06-07~0,0,0,0 05-01~0,0,0,0 2026-09M~0,0,0,0 06-03~0,0,0,0 07-13~0,0,0,0 06-06~0,0,0,0 08-21~0,0,0,0 06-30~0,0,0,0 07-28~0,0,1,0 06-05~0,0,0,0 06-25~0,0,0,0 07-10~0,0,0,0 06-08~0,0,0,0 06-22~0,0,0,0 08-07~0,0,0,0 2026-07~1,0,5,0 07-29~0,0,0,0 05-17~0,0,0,0 05-24~0,0,0,0 09-02~0,0,0,0 08-22~0,0,0,0 08-09~0,0,0,0 05-15~0,0,0,0 2026-08~1,0,1,0 05-16~0,0,0,0 08-19~0,0,0,0 09-01~0,0,0,0 08-04~0,0,1,0 08-23~0,0,0,0 06-26~0,0,0,0 07-17~0,0,0,0 05-08~0,0,0,0 07-09~0,0,0,0 06-11~0,0,0,0 07-21~0,0,0,0 06-24~0,0,0,0 08-31~0,0,0,0 07-06~0,0,0,0 08-20~0,0,0,0 05-10~0,0,0,0 06-29~0,0,0,0 07-31~1,0,0,0 05-29~0,0,0,0 07-27~0,0,1,0 07-14~0,0,0,0 2026-05~1,0,1,0 07-15~0,0,0,0 08-17~0,0,0,0 05-27~0,0,0,0 05-25~0,0,0,0 05-04~0,0,0,0 05-09~0,0,0,0 06-10~0,0,0,0 07-08~0,0,0,0 08-03~0,0,0,0 05-07~0,0,0,0 08-11~0,0,0,0 06-16~0,0,0,0 all~4,0,8,1 08-27~0,0,0,0 08-01~1,0,0,0 06-14~0,0,0,0 08-15~0,0,0,0 07-24~0,0,0,0 08-05~0,0,0,0 05-02~0,0,0,0 05-12~0,0,0,0 08-18~0,0,0,0 06-18~0,0,0,0 07-03~0,0,0,0 07-16~0,0,0,0 2026-05M~0,0,0,0 07-30~0,0,0,0 06-28~0,0,0,0 2026-08M~1,0,0,0 07-05~0,0,0,0 05-26~0,0,0,0 08-25~0,0,0,0 05-28~0,0,0,0 05-19~0,0,0,0 05-05~0,0,0,0 08-16~0,0,0,0 08-02~0,0,0,0 06-21~0,0,0,0 06-27~0,0,0,0 07-02~0,0,0,0 08-14~0,0,0,0
Burkina Faso|07-16~0,0,0,0 2026-07M~0,0,0,0 2026-07~0,0,0,0 2026-05~0,0,0,0 07-30~0,0,0,0 2026-06~0,0,0,0 08-14~0,0,0,0 06-30~0,0,0,0 08-22~0,0,0,0 08-09~0,0,0,0 05-28~0,0,0,0 07-01~0,0,0,0 06-04~0,0,0,0 06-29~0,0,0,0 06-05~0,0,0,0 07-02~0,0,0,0 07-29~0,0,0,0 08-03~0,0,0,0 all~0,0,0,0 06-06~0,0,0,0 07-14~0,0,0,0 05-21~0,0,0,0 05-27~0,0,0,0 06-26~0,0,0,0 2026-08~0,0,0,0 05-19~0,0,0,0 05-04~0,0,0,0 06-27~0,0,0,0
Cameroon|08-18~0,0,0,0 2026-08M~0,0,0,0 06-12~0,0,0,0 08-25~0,0,0,0 08-04~0,0,0,0 08-06~0,0,0,0 05-18~0,0,0,0 06-07~0,0,0,0 08-05~0,0,0,0 08-07~0,0,0,0 06-16~0,0,0,0 05-28~0,0,0,0 08-20~0,0,0,0 07-02~0,0,0,0 06-18~0,0,0,0 2026-05~0,0,0,0 2026-05M~0,0,0,0 08-16~0,0,0,0 05-02~0,0,0,0 06-23~0,0,0,0 07-15~0,0,0,0 06-14~0,0,0,0 06-11~0,0,0,0 07-09~0,0,0,0 06-05~0,0,0,0 08-17~0,0,0,0 all~0,0,2,0 05-26~0,0,0,0 07-04~0,0,0,0 2026-09~0,0,0,0 07-31~0,0,0,0 06-29~0,0,0,0 06-17~0,0,0,0 08-27~0,0,0,0 06-28~0,0,0,0 07-30~0,0,0,0 06-15~0,0,0,0 08-26~0,0,0,0 06-24~0,0,0,0 05-07~0,0,0,0 08-10~0,0,0,0 06-01~0,0,0,0 05-08~0,0,0,0 06-22~0,0,0,0 05-21~0,0,0,0 05-29~0,0,0,0 08-31~0,0,0,0 08-02~0,0,0,0 05-04~0,0,0,0 06-27~0,0,0,0 08-08~0,0,0,0 07-12~0,0,0,0 08-30~0,0,0,0 05-19~0,0,0,0 05-22~0,0,0,0 06-03~0,0,0,0 06-08~0,0,0,0 07-10~0,0,0,0 07-07~0,0,0,0 07-21~0,0,0,0 05-05~0,0,0,0 05-09~0,0,0,0 07-11~0,0,0,0 06-09~0,0,0,0 07-23~0,0,0,0 07-05~0,0,0,0 2026-06M~0,0,0,0 07-25~0,0,0,0 2026-06~0,0,0,0 07-29~0,0,1,0 07-18~0,0,0,0 08-13~0,0,0,0 05-13~0,0,0,0 07-22~0,0,0,0 06-25~0,0,0,0 05-06~0,0,0,0 07-06~0,0,0,0 05-31~0,0,0,0 2026-07M~0,0,1,0 08-01~0,0,0,0 08-03~0,0,0,0 07-03~0,0,0,0 07-26~0,0,0,0 08-22~0,0,0,0 05-12~0,0,0,0 07-28~0,0,0,0 06-30~0,0,0,0 2026-07~0,0,2,0 08-21~0,0,0,0 06-13~0,0,0,0 2026-08~0,0,0,0 07-08~0,0,0,0 06-10~0,0,0,0 05-01~0,0,0,0 05-27~0,0,0,0 07-16~0,0,0,0 08-15~0,0,0,0 05-23~0,0,0,0 07-14~0,0,0,0 08-24~0,0,0,0 05-15~0,0,0,0 05-11~0,0,0,0 07-01~0,0,1,0 08-11~0,0,0,0 05-03~0,0,0,0 06-26~0,0,0,0 07-17~0,0,0,0 09-01~0,0,0,0 08-19~0,0,0,0 08-23~0,0,0,0 08-12~0,0,0,0 05-30~0,0,0,0 05-14~0,0,0,0 05-24~0,0,0,0 2026-09M~0,0,0,0 07-13~0,0,0,0
Canada|07-05~1,0,1,1 05-27~1,0,0,0 05-18~0,0,0,0 2026-08~8,3,30,16 05-22~1,0,0,0 all~46,11,129,87 08-17~0,0,3,1 05-15~1,1,0,0 06-20~0,0,2,1 05-19~0,0,2,1 06-01~0,0,0,0 07-19~0,0,2,2 05-21~0,0,0,0 06-03~0,0,1,0 2026-08M~0,0,0,0 07-23~0,0,3,3 07-21~0,0,1,1 08-02~0,0,0,0 07-18~0,0,1,1 07-14~0,0,5,5 05-29~1,0,0,0 05-31~0,0,1,1 07-07~0,0,0,0 06-02~1,0,2,2 08-13~0,0,3,2 08-30~0,0,0,0 08-24~1,0,3,1 06-25~0,0,0,0 06-13~1,0,3,1 05-03~0,0,0,0 08-26~0,0,0,0 08-08~1,1,1,1 08-11~0,0,3,1 08-14~1,0,0,0 07-09~1,1,0,0 06-11~0,0,1,0 05-23~0,0,0,0 2026-09~0,0,1,0 06-30~1,0,0,0 07-28~0,0,2,1 06-12~0,0,2,1 2026-07M~1,0,2,0 05-30~0,0,0,0 08-19~0,0,1,1 09-01~0,0,1,0 07-27~0,0,0,0 07-01~0,0,1,0 06-19~0,0,0,0 08-12~0,0,1,0 05-24~0,0,1,0 06-22~1,0,1,1 05-20~0,0,0,0 2026-06M~1,0,3,3 08-10~0,0,0,0 05-28~0,0,0,0 08-31~0,0,1,1 05-25~1,0,1,1 08-03~2,2,0,0 06-23~1,0,1,1 08-21~1,0,1,0 05-13~0,0,0,0 06-15~1,0,1,1 08-29~0,0,1,1 08-01~0,0,0,0 05-26~0,0,1,1 08-04~2,0,0,0 05-06~0,0,0,0 07-17~0,0,1,1 08-28~0,0,0,0 05-01~0,0,0,0 08-27~0,0,0,0 07-25~0,0,1,0 05-12~0,0,0,0 05-08~0,0,0,0 08-25~0,0,0,0 06-07~0,0,0,0 08-22~0,0,0,0 07-15~0,0,1,1 07-26~0,0,0,0 08-06~0,0,1,0 06-29~0,0,0,0 07-31~1,0,2,0 2026-05M~0,0,0,0 05-10~0,0,0,0 09-02~0,0,0,0 05-05~0,0,0,0 2026-06~14,2,31,22 05-17~1,1,0,0 2026-09M~0,0,1,0 08-18~0,0,1,1 07-02~1,0,1,0 07-30~0,0,0,0 06-28~0,0,0,0 08-05~0,0,1,0 05-07~0,0,0,0 06-16~0,0,1,1 05-11~0,0,0,0 08-20~0,0,1,1 07-12~0,0,0,0 07-20~3,1,3,1 05-09~0,0,0,0 2026-05~8,2,11,8 06-04~1,1,0,0 06-06~0,0,0,0 06-27~0,0,0,0 06-24~0,0,0,0 08-07~0,0,0,0 08-16~0,0,1,0 08-15~0,0,1,1 07-24~0,0,1,0 06-10~0,0,0,0 07-08~1,1,0,0 08-09~0,0,2,0 07-16~0,0,1,1 05-14~0,0,0,0 06-21~1,0,1,1 06-18~1,0,0,0 07-29~3,0,1,0 07-10~0,0,6,6 06-08~0,0,0,0 2026-07~12,3,48,35 05-16~0,0,2,1 06-14~0,0,2,2 06-05~0,0,2,1 08-23~0,0,0,0 06-09~0,0,0,0 07-11~0,0,2,0 07-13~0,0,4,4 07-22~0,0,2,2 07-04~0,0,1,1 06-26~0,0,2,2 06-17~2,1,1,1 07-06~0,0,0,0 07-03~0,0,2,1 05-02~0,0,0,0 05-04~0,0,0,0
Chile|05-25~0,0,0,0 08-08~0,0,3,3 06-10~0,0,0,0 08-23~0,0,0,0 07-06~0,0,3,3 2026-06~1,0,71,61 05-28~0,0,4,0 08-05~0,0,1,1 07-20~0,0,0,0 05-08~0,0,0,0 06-16~0,0,0,0 08-25~0,0,0,0 07-19~0,0,0,0 05-11~0,0,0,0 05-06~0,0,0,0 06-18~0,0,0,0 07-22~0,0,1,0 08-07~0,0,0,0 all~4,0,124,92 05-23~0,0,0,0 05-30~0,0,0,0 06-28~0,0,0,0 07-18~0,0,0,0 05-10~0,0,0,0 05-05~0,0,0,0 08-28~0,0,0,0 07-14~1,0,0,0 06-02~0,0,0,0 08-31~0,0,0,0 08-13~0,0,0,0 06-20~0,0,0,0 07-08~0,0,3,0 05-26~0,0,0,0 07-23~0,0,0,0 08-06~0,0,0,0 05-12~0,0,0,0 07-16~0,0,0,0 08-09~0,0,0,0 05-24~0,0,0,0 2026-06M~0,0,0,0 2026-08~0,0,16,15 08-15~0,0,3,3 06-26~0,0,11,11 07-30~0,0,0,0 05-02~0,0,0,0 05-27~0,0,0,0 2026-08M~0,0,3,2 2026-09M~0,0,1,1 05-19~0,0,0,0 06-07~0,0,0,0 07-11~0,0,3,1 2026-05M~0,0,0,0 06-08~0,0,1,0 05-16~0,0,2,1 06-21~0,0,0,0 08-12~0,0,0,0 06-29~0,0,20,19 05-22~0,0,0,0 07-12~0,0,0,0 06-04~0,0,0,0 05-31~0,0,0,0 07-29~0,0,2,0 05-21~0,0,0,0 06-19~0,0,0,0 05-07~0,0,0,0 06-22~0,0,0,0 08-11~0,0,2,2 07-13~0,0,0,0 06-05~0,0,2,0 05-17~1,0,0,0 06-09~0,0,0,0 2026-09~0,0,1,1 07-05~0,0,0,0 06-13~0,0,2,0 08-20~0,0,0,0 08-24~0,0,0,0 06-17~0,0,0,0 05-09~0,0,0,0 07-01~0,0,0,0 06-06~0,0,0,0 05-18~0,0,0,0 07-10~0,0,0,0 08-19~0,0,0,0 08-02~0,0,3,2 07-27~0,0,0,0 07-04~0,0,0,0 08-21~0,0,0,0 06-12~0,0,0,0 2026-07M~0,0,1,0 08-16~0,0,0,0 06-25~0,0,9,9 08-04~0,0,0,0 05-29~0,0,4,0 07-21~0,0,0,0 06-01~0,0,0,0 07-17~0,0,0,0 06-27~0,0,14,13 08-14~0,0,0,0 07-31~0,0,0,0 09-02~0,0,1,1 07-25~0,0,0,0 08-29~0,0,0,0 05-04~0,0,0,0 08-10~0,0,2,0 06-23~0,0,0,0 2026-07~1,0,18,9 07-03~0,0,0,0 06-15~0,0,0,0 08-26~0,0,0,0 07-28~0,0,0,0 05-20~0,0,0,0 08-22~0,0,0,0 06-11~0,0,0,0 07-07~0,0,1,0 2026-05~1,0,12,3 08-18~0,0,0,0 07-09~0,0,3,1 05-01~0,0,0,0 05-13~0,0,0,0 07-15~0,0,0,0 08-30~0,0,0,0 06-03~0,0,0,0 05-14~0,0,0,0 06-30~0,0,8,7 08-03~0,0,1,1 07-26~0,0,0,0 05-03~0,0,0,0 07-02~0,0,0,0 08-27~0,0,0,0 06-14~0,0,0,0 09-01~0,0,0,0 06-24~0,0,1,0 08-17~0,0,0,0 05-15~0,0,1,0 07-24~0,0,0,0 08-01~0,0,0,0
Colombia|07-04~0,0,0,0 05-01~0,0,0,0 07-23~0,0,0,0 06-04~0,0,0,0 08-22~0,0,0,0 07-26~0,0,0,0 08-09~0,0,0,0 06-09~0,0,0,0 07-11~0,0,0,0 06-05~0,0,0,0 07-25~0,0,0,0 08-16~0,0,0,0 05-27~0,0,0,0 05-25~0,0,0,0 08-01~0,0,0,0 06-20~0,0,0,0 06-01~0,0,0,0 07-19~0,0,0,0 05-10~0,0,0,0 05-30~0,0,0,0 06-12~0,0,0,0 05-03~0,0,0,0 08-24~0,0,0,0 06-02~0,0,0,0 08-31~0,0,0,0 08-17~0,0,0,0 08-02~0,0,0,0 07-30~0,0,0,0 06-28~0,0,0,0 06-23~0,0,0,0 07-07~0,0,0,0 08-07~0,0,1,1 08-21~0,0,0,0 08-15~0,0,0,0 09-01~0,0,0,0 06-26~0,0,0,0 08-23~0,0,0,0 07-27~0,0,0,0 2026-09M~0,0,0,0 06-07~0,0,0,0 05-23~0,0,0,0 08-05~0,0,0,0 05-31~0,0,0,0 06-13~0,0,1,0 07-20~0,0,0,0 07-24~0,0,0,0 08-20~0,0,0,0 07-21~0,0,0,0 07-17~0,0,0,0 05-09~0,0,0,0 all~0,0,7,6 07-22~0,0,0,0 07-02~0,0,0,0 08-11~0,0,0,0 05-13~0,0,0,0 07-05~0,0,0,0 05-21~0,0,0,0 07-16~0,0,0,0 06-14~0,0,0,0 08-30~0,0,1,0 05-28~0,0,0,0 08-25~0,0,0,0 05-11~0,0,0,0 05-29~0,0,0,0 08-26~0,0,0,0 05-22~0,0,1,1 07-14~0,0,0,0 07-09~0,0,0,0 06-11~0,0,0,0 07-01~0,0,0,0 06-19~0,0,0,0 2026-08M~0,0,0,0 08-10~0,0,0,0 06-30~0,0,1,1 07-28~0,0,0,0 07-13~0,0,0,0 05-06~0,0,0,0 2026-08~0,0,2,2 06-06~0,0,0,0 07-03~0,0,0,0 07-15~0,0,0,0 06-21~0,0,0,0 06-16~0,0,0,0 06-10~0,0,0,0 07-08~0,0,0,0 05-16~0,0,0,0 2026-06M~0,0,0,0 05-24~0,0,0,0 07-18~0,0,0,0 06-15~0,0,0,0 08-28~0,0,0,0 05-18~0,0,0,0 2026-07~0,0,0,0 2026-09~0,0,0,0 06-29~0,0,0,0 07-31~0,0,0,0 08-18~0,0,0,0 05-20~0,0,0,0 08-03~0,0,0,0 06-03~0,0,0,0 07-10~0,0,0,0 2026-05~0,0,1,1 06-08~0,0,1,1 05-04~0,0,0,0 05-14~0,0,0,0 08-27~0,0,0,0 06-27~0,0,0,0 06-24~0,0,0,0 07-29~0,0,0,0 06-17~0,0,0,0 08-08~0,0,0,0 07-12~0,0,0,0 2026-05M~0,0,0,0 06-22~0,0,0,0 08-06~0,0,0,0 05-08~0,0,0,0 08-14~0,0,0,0 05-19~0,0,0,0 09-02~0,0,0,0 2026-06~0,0,3,2 05-15~0,0,0,0 05-17~0,0,0,0 05-26~0,0,0,0 2026-07M~0,0,0,0 08-13~0,0,0,0 08-29~0,0,0,0 05-07~0,0,0,0 08-04~0,0,0,0 07-06~0,0,0,0 06-18~0,0,0,0 06-25~0,0,0,0 08-12~0,0,0,0
Congo (DRC)|07-03~0,0,0,0 08-02~0,0,0,0 06-30~0,0,0,0 07-28~0,0,0,0 05-02~0,0,0,0 08-26~0,0,0,0 2026-09M~0,0,0,0 05-23~0,0,0,0 2026-08M~0,0,0,0 2026-08~0,0,0,0 06-28~0,0,0,0 06-13~0,0,0,0 06-26~0,0,0,0 05-22~0,0,0,0 07-16~0,0,0,0 05-15~0,0,1,0 08-28~0,0,0,0 2026-09~0,0,0,0 08-29~0,0,0,0 2026-05~0,0,1,0 05-19~0,0,0,0 06-17~0,0,0,0 08-30~0,0,0,0 07-27~0,0,0,0 07-26~0,0,0,0 08-31~0,0,0,0 05-30~0,0,0,0 2026-06~0,0,0,0 05-16~0,0,0,0 08-22~0,0,0,0 08-21~0,0,0,0 07-17~0,0,0,0 08-24~0,0,0,0 2026-07~0,0,0,0 2026-05M~0,0,0,0 all~0,0,1,0 05-21~0,0,0,0 08-05~0,0,0,0 05-14~0,0,0,0 06-27~0,0,0,0 05-18~0,0,0,0 09-01~0,0,0,0 06-09~0,0,0,0 05-09~0,0,0,0 07-29~0,0,0,0 09-02~0,0,0,0 05-17~0,0,0,0
Congo Republic|08-15~0,0,0,0 all~0,0,0,0 05-27~0,0,0,0 08-18~0,0,0,0 2026-06~0,0,0,0 06-30~0,0,0,0 06-09~0,0,0,0 06-27~0,0,0,0 08-06~0,0,0,0 2026-07M~0,0,0,0 08-20~0,0,0,0 07-29~0,0,0,0 2026-07~0,0,0,0 07-01~0,0,0,0 06-26~0,0,0,0 2026-08~0,0,0,0 2026-05~0,0,0,0
Croatia|08-24~0,0,0,0 2026-09~0,0,0,0 05-07~0,0,0,0 07-17~0,0,1,0 09-01~0,0,0,0 08-19~0,0,0,0 2026-08~2,2,0,0 06-17~0,0,0,0 08-02~0,0,0,0 05-24~0,0,0,0 07-23~0,0,0,0 05-08~0,0,0,0 08-15~0,0,0,0 08-26~0,0,0,0 05-01~0,0,0,0 05-12~0,0,0,0 05-14~0,0,0,0 07-11~0,0,1,1 06-09~0,0,0,0 05-27~0,0,0,0 07-05~0,0,0,0 06-26~0,0,0,0 06-24~0,0,0,0 07-12~0,0,0,0 07-07~0,0,1,0 05-22~1,0,0,0 05-04~0,0,0,0 2026-06M~0,0,2,1 07-29~0,0,0,0 06-28~0,0,0,0 07-30~0,0,0,0 05-09~0,0,0,0 05-30~0,0,1,0 08-28~0,0,0,0 07-21~0,0,0,0 05-06~0,0,0,0 08-09~0,0,0,0 06-20~0,0,0,0 08-06~1,1,0,0 08-20~0,0,0,0 05-20~0,0,0,0 06-15~0,0,0,0 08-14~0,0,0,0 05-05~0,0,0,0 06-14~0,0,0,0 07-31~0,0,0,0 06-29~0,0,0,0 06-08~0,0,0,0 07-10~0,0,0,0 07-22~1,1,0,0 09-02~0,0,0,0 06-04~0,0,0,0 06-18~0,0,0,0 07-08~0,0,0,0 06-10~0,0,0,0 07-20~0,0,0,0 2026-09M~0,0,0,0 07-25~0,0,0,0 06-11~0,0,0,0 07-09~0,0,0,0 07-06~0,0,0,0 08-04~0,0,0,0 05-11~0,0,0,0 05-15~0,0,0,0 07-04~0,0,0,0 07-03~0,0,0,0 05-13~0,0,0,0 05-03~0,0,0,0 05-25~0,0,0,0 08-07~0,0,0,0 2026-08M~0,0,0,0 07-27~0,0,0,0 08-10~0,0,0,0 06-23~0,0,0,0 06-05~0,0,0,0 07-18~0,0,0,0 2026-06~1,0,3,1 06-07~0,0,0,0 06-21~0,0,0,0 08-23~0,0,0,0 07-19~0,0,0,0 06-01~0,0,1,1 08-11~0,0,0,0 08-12~1,1,0,0 07-15~0,0,0,0 2026-05M~0,0,0,0 08-16~0,0,0,0 07-24~0,0,1,0 08-17~0,0,0,0 06-12~0,0,0,0 06-06~0,0,0,0 06-19~0,0,0,0 07-01~0,0,0,0 05-16~0,0,0,0 all~6,3,10,2 2026-07M~0,0,0,0 06-22~0,0,0,0 08-01~0,0,0,0 07-13~0,0,0,0 06-27~0,0,0,0 06-02~0,0,1,0 07-14~0,0,0,0 08-13~0,0,0,0 05-19~0,0,0,0 07-26~0,0,0,0 08-05~0,0,0,0 08-29~0,0,0,0 05-26~0,0,0,0 07-28~0,0,0,0 06-30~0,0,0,0 2026-05~1,0,2,0 08-18~0,0,0,0 06-03~0,0,0,0 08-21~0,0,0,0 07-16~0,0,0,0 08-08~0,0,0,0 08-31~0,0,0,0 05-29~0,0,0,0 05-02~0,0,0,0 2026-07~2,1,4,1 05-17~0,0,0,0 05-23~0,0,1,0 06-25~0,0,0,0 05-31~0,0,0,0 06-13~0,0,0,0 07-02~0,0,0,0 08-30~0,0,0,0 08-03~0,0,0,0 08-25~0,0,0,0 08-27~0,0,0,0 08-22~0,0,0,0 05-21~0,0,0,0 05-10~0,0,0,0 06-16~0,0,0,0 05-28~0,0,0,0 05-18~0,0,0,0
Cyprus|08-23~0,0,0,0 06-05~0,0,0,0 08-19~0,0,0,0 09-01~0,0,0,0 2026-06~0,0,0,0 08-11~0,0,0,0 2026-08M~0,0,0,0 08-22~0,0,0,0 09-02~0,0,0,0 07-10~0,0,0,0 06-08~0,0,0,0 06-28~0,0,0,0 07-30~0,0,0,0 07-29~0,0,0,0 08-07~0,0,0,0 08-26~0,0,0,0 07-12~0,0,0,0 08-12~0,0,0,0 06-03~0,0,0,0 08-25~1,0,0,0 05-28~0,0,0,0 06-10~0,0,0,0 07-08~0,0,0,0 06-16~0,0,0,0 06-30~0,0,0,0 07-28~0,0,0,0 06-25~0,0,0,0 05-24~0,0,0,0 05-26~0,0,0,0 05-08~0,0,0,0 08-04~0,0,0,0 07-24~0,0,0,0 07-06~0,0,0,0 06-20~0,0,0,0 06-06~0,0,0,0 2026-05~1,0,0,0 07-26~0,0,0,0 08-01~0,0,0,0 06-04~0,0,0,0 08-18~0,0,0,0 08-20~0,0,1,1 06-18~0,0,0,0 2026-08~2,0,3,3 05-22~0,0,0,0 06-22~0,0,0,0 05-17~0,0,0,0 05-29~0,0,0,0 08-13~0,0,0,0 05-06~0,0,0,0 07-21~0,0,0,0 08-28~0,0,0,0 05-12~0,0,0,0 05-13~0,0,0,0 08-10~0,0,0,0 07-07~0,0,0,0 08-29~0,0,1,1 06-13~0,0,0,0 06-17~0,0,0,0 06-02~0,0,0,0 07-22~0,0,0,0 05-19~0,0,0,0 07-09~0,0,0,0 06-11~0,0,0,0 06-01~0,0,0,0 07-19~0,0,0,0 06-27~0,0,0,0 07-04~0,0,0,0 05-21~0,0,0,0 05-07~0,0,0,0 07-23~1,0,0,0 2026-09M~0,0,0,0 05-02~0,0,0,0 08-17~0,0,0,0 all~5,1,3,3 05-05~0,0,0,0 05-23~0,0,0,0 2026-09~0,0,0,0 05-03~0,0,0,0 08-09~0,0,0,0 08-21~0,0,0,0 06-29~0,0,0,0 07-31~0,0,0,0 2026-05M~0,0,0,0 05-04~0,0,0,0 08-06~0,0,0,0 07-20~0,0,0,0 08-31~1,0,0,0 06-14~0,0,0,0 05-20~1,0,0,0 2026-06M~0,0,0,0 08-27~0,0,0,0 08-14~0,0,1,1 08-15~0,0,0,0 05-09~0,0,0,0 07-17~0,0,0,0 05-25~0,0,0,0 08-08~0,0,0,0 07-03~0,0,0,0 06-09~0,0,0,0 07-11~0,0,0,0 2026-07~2,1,0,0 07-27~0,0,0,0 07-01~0,0,0,0 06-19~0,0,0,0 2026-07M~0,0,0,0 05-30~0,0,0,0 07-15~0,0,0,0 06-24~0,0,0,0 08-24~0,0,0,0 07-05~0,0,0,0 05-01~0,0,0,0 07-18~0,0,0,0 08-03~0,0,0,0 08-16~0,0,0,0 08-30~0,0,0,0 06-15~0,0,0,0 08-05~0,0,0,0 06-21~0,0,0,0 05-27~0,0,0,0 07-25~0,0,0,0 05-18~0,0,0,0 05-31~0,0,0,0 07-16~0,0,0,0 06-23~0,0,0,0 06-12~0,0,0,0 05-14~0,0,0,0 07-02~0,0,0,0 08-02~0,0,0,0 07-14~0,0,0,0
Czechia|07-08~0,0,0,0 2026-09M~2,0,2,0 06-10~1,0,1,0 05-15~0,0,0,0 09-02~1,0,2,0 07-22~0,0,0,0 05-27~0,0,0,0 05-18~0,0,1,0 05-14~0,0,0,0 07-14~0,0,0,0 2026-06M~0,0,0,0 07-16~0,0,0,0 08-23~0,0,0,0 05-31~0,0,0,0 07-15~0,0,0,0 05-10~0,0,0,0 07-19~0,0,0,0 06-01~0,0,0,0 05-24~0,0,0,0 06-21~0,0,0,0 05-03~0,0,0,0 06-12~0,0,1,0 05-13~0,0,1,1 07-17~0,0,0,0 2026-08~1,0,8,4 08-29~0,0,1,1 06-28~0,0,1,0 07-30~0,0,0,0 08-12~0,0,0,0 08-10~0,0,0,0 07-06~0,0,0,0 08-05~0,0,0,0 09-01~1,0,0,0 08-19~0,0,0,0 07-04~0,0,0,0 07-27~0,0,0,0 07-25~0,0,1,1 07-07~0,0,0,0 05-16~0,0,0,0 all~17,7,37,12 2026-06~4,0,11,2 08-14~0,0,0,0 06-14~0,0,0,0 08-21~0,0,0,0 06-20~0,0,0,0 05-02~0,0,0,0 05-29~0,0,0,0 08-20~0,0,0,0 05-25~0,0,0,0 05-28~0,0,0,0 08-30~0,0,0,0 06-18~0,0,0,0 08-24~0,0,0,0 08-09~0,0,0,0 06-02~0,0,0,0 08-25~1,0,1,0 05-26~0,0,0,0 07-28~1,1,0,0 06-30~0,0,0,0 05-05~0,0,0,0 2026-09~2,0,2,0 07-21~0,0,0,0 08-28~0,0,0,0 2026-07M~2,1,2,0 07-12~0,0,0,0 07-18~0,0,1,0 07-23~0,0,1,0 08-02~0,0,0,0 07-20~1,0,0,0 06-24~0,0,1,0 08-17~0,0,0,0 08-31~0,0,1,1 05-08~0,0,0,0 05-21~0,0,0,0 08-01~0,0,0,0 08-15~0,0,0,0 06-17~0,0,0,0 06-25~0,0,1,0 06-26~0,0,0,0 06-22~0,0,0,0 05-17~1,1,1,1 08-08~0,0,0,0 07-03~1,0,0,0 06-23~0,0,1,0 08-26~0,0,0,0 05-30~0,0,0,0 07-26~0,0,0,0 05-07~0,0,0,0 05-01~0,0,0,0 06-07~0,0,0,0 08-16~0,0,1,0 05-11~0,0,0,0 05-04~0,0,0,0 05-22~0,0,1,1 05-23~0,0,1,0 07-11~0,0,0,0 06-09~0,0,1,0 07-13~0,0,0,0 08-13~0,0,0,0 06-27~0,0,0,0 2026-05~1,1,6,4 07-31~0,0,0,0 06-29~1,0,1,0 08-18~0,0,0,0 2026-07~5,2,6,1 07-29~0,0,1,0 08-06~0,0,1,1 07-05~0,0,0,0 05-12~0,0,0,0 08-04~0,0,0,0 06-03~0,0,1,1 05-19~0,0,1,1 06-15~0,0,1,0 07-24~0,0,0,0 06-05~0,0,0,0 2026-08M~0,0,0,0 05-20~0,0,0,0 05-06~0,0,0,0 2026-05M~0,0,0,0 08-11~0,0,0,0 06-19~0,0,0,0 07-01~2,1,2,0 08-27~0,0,0,0 06-08~0,0,0,0 07-10~0,0,0,0 08-07~0,0,0,0 06-04~0,0,0,0 06-06~0,0,0,0 06-11~0,0,0,0 07-09~0,0,0,0 07-02~0,0,0,0 06-13~0,0,0,0 06-16~0,0,0,0 08-22~0,0,0,0 05-09~0,0,0,0 08-03~0,0,0,0
Denmark|06-02~1,1,1,0 05-07~0,0,0,0 2026-09~3,1,1,1 08-29~0,0,0,0 08-08~2,0,1,0 07-30~0,0,0,0 06-28~0,0,0,0 07-27~1,0,0,0 05-06~0,0,0,0 07-06~0,0,0,0 07-04~1,0,0,0 08-31~1,0,0,0 06-24~2,2,1,0 06-26~1,0,0,0 05-23~0,0,0,0 07-07~0,0,0,0 05-02~0,0,0,0 06-13~0,0,0,0 2026-06~25,12,12,7 2026-07M~2,0,1,0 05-11~0,0,0,0 07-18~0,0,0,0 05-01~0,0,0,0 07-05~1,1,0,0 07-22~3,1,0,0 08-02~1,0,0,0 05-29~0,0,0,0 07-14~1,1,0,0 05-20~1,1,0,0 08-17~1,0,0,0 2026-07~41,21,14,8 07-16~3,1,0,0 2026-05M~0,0,0,0 05-25~0,0,0,0 2026-08~43,22,8,6 07-15~1,1,0,0 05-04~0,0,0,0 08-06~1,1,0,0 06-20~1,1,0,0 06-06~0,0,1,1 05-10~0,0,0,0 07-25~2,0,1,0 07-24~0,0,1,1 08-22~1,1,0,0 2026-08M~3,0,0,0 07-12~0,0,0,0 05-19~0,0,0,0 2026-06M~1,1,1,0 06-10~0,0,0,0 07-08~0,0,0,0 06-22~1,1,0,0 05-17~1,0,0,0 06-18~0,0,0,0 06-12~1,0,0,0 06-29~0,0,0,0 07-31~4,2,1,1 08-10~2,0,0,0 06-21~1,1,2,1 08-19~0,0,0,0 09-01~1,0,0,0 05-12~0,0,0,0 08-12~0,0,1,0 08-05~3,2,0,0 08-23~0,0,0,0 08-26~0,0,0,0 08-13~2,1,1,1 05-08~0,0,0,0 08-21~1,0,0,0 08-07~2,0,0,0 06-05~0,0,0,0 08-27~0,0,0,0 06-30~1,0,0,0 07-28~3,3,0,0 05-05~0,0,0,0 09-02~2,1,1,1 05-18~0,0,0,0 06-09~0,0,0,0 07-11~0,0,0,0 07-29~3,3,1,1 08-20~0,0,0,0 05-22~0,0,0,0 05-15~1,1,0,0 05-13~0,0,0,0 06-15~5,0,1,1 08-04~2,1,1,1 06-27~0,0,0,0 05-03~0,0,0,0 05-16~0,0,0,0 all~126,71,47,30 05-30~0,0,0,0 05-31~0,0,2,2 07-03~2,1,0,0 07-01~0,0,0,0 06-19~2,1,1,1 08-01~2,0,0,0 08-24~0,0,0,0 07-20~1,0,0,0 2026-09M~3,1,1,1 07-23~0,0,0,0 08-18~1,0,1,1 2026-05~4,2,3,3 08-09~3,2,1,1 06-23~0,0,0,0 05-28~0,0,0,0 08-14~0,0,0,0 07-17~1,1,0,0 08-16~2,1,0,0 07-09~0,0,0,0 06-11~0,0,0,0 07-26~1,0,0,0 08-25~0,0,0,0 06-07~0,0,0,0 08-28~0,0,0,0 06-17~0,0,0,0 05-24~0,0,0,0 05-27~0,0,0,0 05-14~0,0,0,0 05-09~0,0,0,0 05-21~1,0,1,1 08-03~4,3,0,0 07-13~0,0,0,0 07-02~2,0,1,0 08-15~0,0,0,0 06-16~1,0,0,0 06-14~3,0,0,0 06-25~0,0,0,0 06-03~0,0,0,0 07-21~3,1,1,0 07-10~0,0,0,0 06-08~0,0,1,0 06-01~0,0,0,0 07-19~0,0,0,0 06-04~0,0,1,0 08-30~1,0,0,0 05-26~0,0,0,0 08-11~2,2,0,0
Dominican Republic|07-31~0,0,0,0 07-29~0,0,0,0 06-16~0,0,0,0 06-09~0,0,0,0 06-23~0,0,0,0 05-30~0,0,0,0 06-12~0,0,0,0 06-05~0,0,0,0 05-21~0,0,0,0 08-25~0,0,0,0 2026-07~1,0,0,0 08-26~0,0,0,0 05-24~0,0,0,0 05-05~0,0,0,0 08-15~0,0,0,0 05-20~0,0,0,0 2026-05~0,0,0,0 07-28~0,0,0,0 05-26~0,0,0,0 07-19~0,0,0,0 07-05~0,0,0,0 05-22~0,0,0,0 08-19~0,0,0,0 06-26~0,0,0,0 06-25~0,0,0,0 08-20~0,0,0,0 05-13~0,0,0,0 07-03~0,0,0,0 08-28~0,0,0,0 08-03~0,0,0,0 07-27~0,0,0,0 07-10~0,0,0,0 05-29~0,0,0,0 2026-09~1,0,0,0 06-20~0,0,0,0 07-14~0,0,0,0 07-25~0,0,0,0 05-06~0,0,0,0 05-09~0,0,0,0 06-14~0,0,0,0 08-02~0,0,0,0 05-18~0,0,0,0 08-22~0,0,0,0 06-15~0,0,0,0 08-13~0,0,0,0 07-02~0,0,0,0 08-01~0,0,0,0 07-30~0,0,0,0 08-24~0,0,0,0 2026-08~0,0,1,0 08-30~0,0,0,0 05-10~0,0,0,0 08-27~0,0,0,0 08-04~0,0,0,0 07-11~0,0,0,0 05-27~0,0,0,0 05-08~0,0,0,0 08-07~0,0,0,0 05-25~0,0,0,0 07-06~0,0,0,0 06-10~0,0,0,0 08-31~0,0,0,0 05-01~0,0,0,0 05-07~0,0,0,0 08-08~0,0,0,0 07-20~0,0,0,0 06-28~0,0,0,0 2026-09M~1,0,0,0 06-08~0,0,0,0 all~2,0,2,0 07-17~0,0,0,0 05-11~0,0,0,0 09-01~1,0,0,0 08-05~0,0,0,0 05-03~0,0,0,0 05-14~0,0,0,0 06-13~0,0,0,0 08-06~0,0,0,0 08-12~0,0,0,0 05-23~0,0,0,0 05-04~0,0,0,0 2026-05M~0,0,0,0 08-17~0,0,0,0 06-24~0,0,0,0 07-16~0,0,0,0 06-02~0,0,0,0 07-26~0,0,0,0 06-01~0,0,0,0 07-12~0,0,0,0 06-06~0,0,0,0 07-15~0,0,0,0 05-15~0,0,0,0 08-14~0,0,0,0 06-21~0,0,0,0 2026-06~0,0,1,0 08-23~0,0,0,0 08-21~0,0,0,0 06-27~0,0,0,0 06-03~0,0,0,0 06-18~0,0,0,0 06-29~0,0,0,0 05-16~0,0,0,0 2026-07M~0,0,0,0 05-19~0,0,0,0 08-16~0,0,0,0 07-08~0,0,0,0 05-02~0,0,0,0 06-11~0,0,0,0 2026-08M~0,0,0,0 07-13~0,0,0,0 07-22~0,0,0,0 06-17~0,0,0,0 08-11~0,0,1,0 05-28~0,0,0,0 06-04~0,0,1,0 06-30~0,0,0,0 07-18~0,0,0,0 06-22~0,0,0,0 08-18~0,0,0,0 07-07~0,0,0,0 06-07~0,0,0,0 07-21~0,0,0,0 07-09~0,0,0,0 07-01~0,0,0,0 08-09~0,0,0,0 2026-06M~0,0,0,0 07-24~0,0,0,0 05-17~0,0,0,0 09-02~0,0,0,0 08-10~0,0,0,0 07-04~1,0,0,0
Ecuador|08-26~0,0,0,0 05-05~0,0,0,0 07-15~0,0,0,0 2026-06~2,0,21,1 05-08~0,0,0,0 06-15~0,0,0,0 05-28~0,0,4,0 05-31~0,0,1,0 08-02~0,0,0,0 05-26~0,0,0,0 07-21~0,0,0,0 08-17~0,0,0,0 08-24~0,0,0,0 05-03~0,0,0,0 07-30~0,0,0,0 06-28~0,0,0,0 05-10~0,0,0,0 05-16~0,0,0,0 all~6,0,45,3 07-13~0,0,0,0 05-30~0,0,1,0 05-25~0,0,0,0 07-07~1,0,1,0 06-24~0,0,2,0 06-26~1,0,1,0 07-10~0,0,0,0 06-08~0,0,1,0 08-28~0,0,0,0 07-05~0,0,1,0 05-20~0,0,0,0 05-06~0,0,0,0 07-23~0,0,0,0 05-04~0,0,0,0 08-09~0,0,0,0 2026-06M~0,0,0,0 08-29~0,0,0,0 2026-08~0,0,0,0 05-18~0,0,0,0 06-22~0,0,0,0 08-04~0,0,0,0 08-22~0,0,0,0 05-22~0,0,1,0 06-17~1,0,2,0 06-29~0,0,0,0 07-31~0,0,0,0 08-16~0,0,0,0 08-19~0,0,0,0 09-01~0,0,0,0 05-07~0,0,0,0 06-16~0,0,1,0 07-12~0,0,0,0 07-20~0,0,0,0 08-18~0,0,0,0 06-06~0,0,1,0 07-02~0,0,0,0 06-12~0,0,0,0 07-22~0,0,0,0 07-27~0,0,0,0 06-13~0,0,0,0 07-04~0,0,0,0 08-06~0,0,0,0 05-13~0,0,0,0 05-17~0,0,0,0 07-06~0,0,1,0 05-02~0,0,0,0 07-01~0,0,1,0 06-19~0,0,0,0 05-11~0,0,0,0 05-01~0,0,0,0 05-27~0,0,2,0 08-05~0,0,0,0 07-25~0,0,0,0 08-12~0,0,0,0 06-21~0,0,1,0 06-07~0,0,2,0 06-02~0,0,0,0 06-05~0,0,2,0 06-23~0,0,1,0 08-21~0,0,0,0 06-03~0,0,0,0 08-13~0,0,0,0 08-10~0,0,0,0 07-17~0,0,0,0 08-14~0,0,0,0 2026-09~0,0,0,0 07-26~0,0,0,0 05-29~0,0,0,0 08-15~0,0,0,0 06-10~0,0,0,0 07-08~0,0,0,0 06-04~0,0,2,0 2026-05M~0,0,0,0 07-03~1,0,1,0 08-08~0,0,0,0 2026-09M~0,0,0,0 08-31~0,0,0,0 05-14~0,0,0,0 06-20~0,0,2,0 08-03~0,0,0,0 06-09~0,0,1,0 07-11~0,0,1,0 06-25~0,0,0,0 07-18~0,0,0,0 07-16~0,0,0,0 2026-08M~0,0,0,0 08-11~0,0,0,0 07-24~0,0,0,0 05-09~0,0,0,0 05-19~1,0,0,0 08-07~0,0,0,0 06-30~0,0,1,1 07-28~0,0,1,0 05-24~0,0,2,0 2026-07~2,0,7,0 09-02~0,0,0,0 06-01~0,0,0,0 07-19~0,0,0,0 08-23~0,0,0,0 07-14~0,0,0,0 2026-05~1,0,12,0 2026-07M~0,0,1,0 05-15~0,0,0,0 05-21~0,0,0,0 06-27~0,0,0,0 07-09~0,0,0,0 06-11~0,0,0,0 06-18~0,0,0,0 07-29~0,0,0,0 08-30~0,0,0,0 08-01~0,0,0,0 08-27~0,0,0,0 08-25~0,0,0,0 08-20~0,0,0,0 05-23~0,0,0,0 05-12~0,0,0,0 06-14~0,0,0,0
Egypt|05-03~0,0,0,0 08-09~0,0,0,0 05-24~0,0,0,0 06-05~0,0,0,0 07-13~0,0,1,1 05-21~0,0,0,0 07-29~0,0,0,0 07-21~0,0,0,0 08-04~0,0,0,0 05-29~0,0,0,0 05-16~0,0,0,0 06-08~0,0,0,0 06-04~0,0,0,0 07-12~0,0,0,0 05-22~0,0,0,0 06-21~0,0,0,0 08-12~0,0,1,1 07-16~0,0,0,0 08-07~0,0,0,0 07-22~0,0,0,0 06-13~0,0,0,0 08-20~0,0,0,0 07-05~0,0,0,0 08-30~0,0,0,0 06-03~0,0,0,0 07-15~0,0,0,0 2026-07M~0,0,0,0 2026-05M~0,0,0,0 2026-09M~0,0,0,0 08-18~0,0,0,0 06-29~0,0,0,0 06-22~0,0,0,0 08-11~0,0,0,0 07-08~0,0,1,1 07-31~0,0,0,0 09-02~0,0,0,0 06-27~0,0,0,0 08-14~0,0,0,0 05-20~0,0,0,0 07-28~0,0,0,0 07-10~0,0,0,0 05-18~0,0,1,0 06-06~0,0,0,0 08-21~0,0,0,0 06-12~0,0,0,0 07-04~0,0,0,0 05-27~0,0,0,0 05-23~0,0,0,0 08-06~0,0,0,0 07-23~0,0,0,0 05-26~0,0,0,0 2026-09~0,0,0,0 05-10~0,0,0,0 07-18~0,0,0,0 05-25~0,0,0,0 08-08~0,0,0,0 05-05~0,0,0,0 08-28~0,0,0,0 2026-06~1,0,1,0 07-20~0,0,0,0 05-28~0,0,0,0 08-05~0,0,0,0 05-02~0,0,0,0 05-11~0,0,0,0 07-19~0,0,0,0 06-15~0,0,0,0 08-26~0,0,0,0 07-03~0,0,0,0 2026-08M~0,0,0,0 05-13~0,0,0,0 07-06~0,0,0,0 06-10~0,0,0,0 08-23~0,0,0,0 06-18~1,0,0,0 05-06~0,0,0,0 2026-07~1,0,3,2 07-27~0,0,0,0 08-02~0,0,0,0 05-14~0,0,0,0 05-31~0,0,0,0 07-11~0,0,0,0 06-07~0,0,0,0 05-19~0,0,0,0 08-29~0,0,0,0 05-04~0,0,0,0 05-12~0,0,0,0 08-13~0,0,0,0 06-20~0,0,0,0 2026-08~0,0,1,1 07-01~0,0,0,0 08-24~0,0,0,0 05-09~0,0,0,0 06-17~0,0,0,0 07-07~0,0,0,0 08-22~0,0,0,0 06-11~0,0,0,0 07-17~0,0,0,0 06-01~0,0,0,0 08-27~0,0,0,0 06-14~0,0,1,0 07-02~0,0,0,0 08-01~0,0,0,0 07-24~0,0,0,0 07-25~0,0,0,0 05-30~0,0,0,0 06-28~0,0,0,0 08-19~0,0,0,0 06-02~0,0,0,0 08-31~0,0,0,0 07-14~0,0,0,0 06-09~0,0,0,0 05-17~0,0,0,0 2026-06M~0,0,0,0 07-30~0,0,0,0 08-15~0,0,0,0 06-26~0,0,0,0 08-16~0,0,0,0 06-25~0,0,0,0 07-26~0,0,0,0 06-30~0,0,0,0 08-03~0,0,0,0 06-16~0,0,0,0 05-08~0,0,0,0 08-25~0,0,0,0 05-15~0,0,0,0 08-10~0,0,0,0 06-23~0,0,0,0 all~2,0,9,5 05-01~0,0,0,0 07-09~0,0,0,0 05-07~0,0,0,0 06-19~0,0,0,0 06-24~0,0,0,0 08-17~0,0,0,0 09-01~0,0,0,0 2026-05~0,0,1,0
El Salvador|05-13~0,0,0,0 08-16~0,0,0,0 07-01~0,0,0,0 05-05~0,0,0,0 05-08~0,0,0,0 06-23~0,0,0,0 05-04~0,0,0,0 2026-08M~0,0,1,0 08-06~0,0,0,0 07-12~0,0,0,0 08-09~0,0,0,0 06-13~0,0,0,0 08-24~0,0,0,0 07-03~0,0,0,0 05-03~0,0,0,0 08-07~0,0,0,0 05-28~0,0,0,0 06-26~1,0,0,0 08-23~0,0,0,0 08-21~0,0,0,0 08-18~0,0,0,0 05-10~0,0,0,0 2026-09M~0,0,0,0 2026-05M~0,0,0,0 05-31~0,0,0,0 08-19~0,0,0,0 06-12~0,0,0,0 07-28~0,0,0,0 07-29~0,0,0,0 06-20~0,0,0,0 07-09~0,0,0,0 05-12~0,0,0,0 06-30~0,0,0,0 06-01~0,0,0,0 09-02~0,0,0,0 06-15~0,0,0,0 08-02~0,0,1,0 06-10~0,0,0,0 06-18~0,0,0,0 07-20~0,0,0,0 all~2,0,2,0 08-11~0,0,0,0 07-06~0,0,0,0 06-28~0,0,0,0 07-30~0,0,0,0 08-27~0,0,0,0 05-22~0,0,0,0 06-09~0,0,0,0 05-07~0,0,0,0 08-28~0,0,0,0 05-30~0,0,0,0 06-11~0,0,0,0 2026-08~0,0,1,0 06-14~0,0,0,0 06-29~0,0,0,0 08-26~0,0,0,0 2026-07~0,0,0,0 06-27~0,0,0,0 08-20~0,0,0,0 2026-05~0,0,0,0 08-22~0,0,0,0 2026-07M~0,0,0,0 05-02~0,0,0,0 05-09~0,0,0,0 06-22~0,0,0,0 07-21~0,0,0,0 05-18~0,0,0,0 09-01~0,0,0,0 2026-09~0,0,0,0 07-08~0,0,0,0 07-19~0,0,0,0 08-17~0,0,0,0 06-25~1,0,1,0 2026-06M~0,0,0,0 07-02~0,0,0,0 07-07~0,0,0,0 08-10~0,0,0,0 2026-06~2,0,1,0 05-11~0,0,0,0
Estonia|05-09~0,0,0,0 07-04~0,0,0,0 05-01~0,0,0,0 07-13~0,0,0,0 07-30~1,1,0,0 06-28~0,0,0,0 08-05~0,0,0,0 2026-09~0,0,0,0 06-10~0,0,0,0 07-08~0,0,0,0 06-12~0,0,0,0 08-29~1,1,0,0 05-17~0,0,0,0 06-27~0,0,0,0 05-02~0,0,0,0 06-07~0,0,0,0 05-25~0,0,0,0 06-29~0,0,0,0 07-31~0,0,0,0 2026-08~1,1,0,0 07-16~0,0,0,0 08-18~0,0,0,0 07-20~0,0,0,0 05-14~0,0,0,0 2026-05M~0,0,0,0 05-28~0,0,0,0 08-23~0,0,0,0 07-22~0,0,0,0 2026-06~0,0,1,1 05-11~0,0,0,0 05-08~0,0,0,0 07-01~0,0,0,0 06-19~0,0,0,0 07-03~0,0,0,0 07-21~0,0,0,0 05-30~0,0,0,0 06-14~0,0,0,0 08-07~0,0,0,0 06-06~0,0,0,0 05-24~0,0,0,0 06-09~0,0,0,0 07-11~0,0,0,0 08-06~0,0,0,0 05-03~0,0,0,0 09-02~0,0,0,0 08-28~0,0,0,0 07-10~0,0,0,0 06-08~0,0,0,0 08-16~0,0,0,0 07-26~0,0,0,0 08-02~0,0,0,0 06-24~0,0,0,0 08-03~0,0,0,0 06-16~0,0,0,0 2026-08M~0,0,0,0 2026-06M~0,0,0,0 05-23~0,0,0,0 07-07~0,0,0,0 2026-09M~0,0,0,0 08-09~0,0,0,0 06-26~0,0,1,1 07-05~0,0,0,0 08-24~0,0,0,0 07-06~0,0,0,0 06-15~0,0,0,0 06-02~0,0,0,0 05-26~0,0,0,0 08-26~0,0,0,0 08-31~0,0,0,0 08-17~0,0,0,0 08-12~0,0,0,0 05-07~0,0,0,0 08-27~0,0,0,0 08-15~0,0,0,0 07-29~0,0,0,0 08-13~0,0,0,0 06-03~0,0,0,0 07-18~0,0,0,0 05-19~0,0,0,0 06-04~0,0,0,0 05-31~0,0,0,0 07-25~0,0,0,0 06-05~0,0,0,0 2026-07M~1,0,0,0 08-14~0,0,0,0 05-16~0,0,0,0 all~3,2,2,2 06-18~0,0,0,0 05-21~0,0,0,0 05-27~0,0,0,0 06-21~0,0,0,0 08-30~0,0,0,0 06-13~0,0,0,0 05-22~0,0,0,0 05-04~0,0,0,0 05-05~0,0,0,0 08-19~0,0,0,0 09-01~0,0,0,0 08-10~0,0,0,0 07-14~0,0,0,0 06-01~0,0,0,0 07-19~0,0,0,0 05-18~0,0,0,0 07-17~0,0,0,0 2026-07~2,1,1,1 06-17~0,0,0,0 08-20~0,0,0,0 07-23~0,0,0,0 08-22~0,0,0,0 06-25~0,0,0,0 07-12~0,0,0,0 08-11~0,0,0,0 07-02~1,0,0,0 06-23~0,0,0,0 05-10~0,0,0,0 05-13~0,0,0,0 05-06~0,0,0,0 05-20~0,0,0,0 05-15~0,0,0,0 07-27~0,0,0,0 08-01~0,0,0,0 2026-05~0,0,0,0 08-08~0,0,0,0 08-21~0,0,0,0 06-22~0,0,0,0 06-20~0,0,0,0 07-09~0,0,0,0 06-11~0,0,0,0 07-15~0,0,0,0 07-24~0,0,0,0 06-30~0,0,0,0 07-28~0,0,1,1 08-04~0,0,0,0 05-29~0,0,0,0 05-12~0,0,0,0 08-25~0,0,0,0
Ethiopia|05-02~0,0,0,0 07-07~0,0,0,0 05-25~0,0,0,0 05-20~0,0,1,0 08-15~0,0,0,0 05-28~0,0,0,0 05-17~0,0,1,0 06-22~0,0,0,0 06-03~0,0,0,0 05-23~0,0,0,0 06-01~0,0,0,0 07-19~0,0,0,0 07-21~0,0,1,0 07-23~0,0,0,0 06-02~0,0,0,0 07-16~0,0,0,0 07-05~0,0,0,0 07-18~0,0,0,0 08-11~0,0,0,0 2026-07~0,0,6,1 08-26~0,0,0,0 06-27~0,0,0,0 08-31~0,0,1,0 07-09~0,0,0,0 06-11~0,0,0,0 05-01~0,0,0,0 08-24~0,0,0,0 08-13~0,0,0,0 08-16~0,0,0,0 06-13~0,0,0,0 08-02~0,0,0,0 05-21~0,0,0,0 06-30~0,0,1,0 07-28~0,0,0,0 06-10~0,0,0,0 07-08~0,0,0,0 05-19~0,0,0,0 07-25~0,0,0,0 2026-09~0,0,0,0 07-03~0,0,0,0 08-10~0,0,0,0 05-26~0,0,0,0 06-20~0,0,0,0 05-22~0,0,0,0 08-12~0,0,1,0 05-27~0,0,0,0 08-01~0,0,0,0 06-21~0,0,0,0 08-23~0,0,0,0 05-11~0,0,0,0 06-17~0,0,0,0 08-03~0,0,0,0 05-24~0,0,0,0 2026-07M~0,0,0,0 08-06~0,0,0,0 05-04~0,0,0,0 07-15~0,0,0,0 05-29~0,0,0,0 05-03~0,0,0,0 08-25~0,0,0,0 07-27~0,0,0,0 05-10~0,0,0,0 08-27~0,0,0,0 06-05~0,0,0,0 2026-09M~0,0,0,0 08-20~0,0,0,0 07-17~0,0,0,0 07-24~0,0,0,0 2026-08M~0,0,0,0 08-04~0,0,0,0 05-12~0,0,0,0 2026-06M~0,0,0,0 08-18~0,0,0,0 05-07~0,0,0,0 05-15~0,0,0,0 09-02~0,0,0,0 06-18~0,0,1,0 06-29~0,0,0,0 07-31~0,0,0,0 05-30~0,0,0,0 05-18~0,0,0,0 08-07~0,0,0,0 05-05~0,0,0,0 06-14~0,0,0,0 2026-08~0,0,6,2 05-13~0,0,0,0 2026-06~0,0,7,2 08-29~0,0,2,0 08-22~0,0,0,0 07-29~0,0,5,1 05-08~0,0,0,0 07-10~0,0,0,0 06-08~0,0,0,0 08-19~0,0,0,0 09-01~0,0,0,0 07-22~0,0,0,0 08-30~0,0,0,0 2026-05M~0,0,0,0 06-06~0,0,0,0 06-04~0,0,0,0 06-25~0,0,0,0 07-30~0,0,0,0 06-28~0,0,1,0 05-31~0,0,0,0 06-26~0,0,0,0 08-05~0,0,0,0 08-14~0,0,0,0 08-17~0,0,0,0 07-26~0,0,0,0 08-09~0,0,0,0 2026-05~0,0,2,0 06-12~0,0,0,0 07-14~0,0,0,0 05-16~0,0,0,0 06-23~0,0,0,0 07-02~0,0,0,0 07-12~0,0,0,0 05-09~0,0,0,0 05-14~0,0,0,0 06-16~0,0,0,0 08-28~0,0,0,0 06-07~0,0,0,0 08-21~0,0,0,0 08-08~0,0,0,0 07-13~0,0,0,0 06-09~0,0,0,0 07-11~0,0,0,0 07-20~0,0,0,0 07-06~0,0,0,0 06-24~0,0,0,0 06-15~0,0,0,0 07-04~0,0,0,0 07-01~0,0,0,0 06-19~0,0,1,0 05-06~0,0,0,0 all~0,0,24,8
Finland|05-08~0,0,0,0 06-15~0,0,0,0 05-10~0,0,0,0 07-27~2,2,0,0 05-22~0,0,1,1 06-28~1,0,0,0 07-30~1,0,1,1 05-11~0,0,0,0 07-11~0,0,1,1 06-09~0,0,1,1 05-29~0,0,0,0 07-13~2,1,0,0 08-26~1,1,0,0 07-29~2,1,0,0 06-08~0,0,0,0 07-10~0,0,0,0 05-15~0,0,1,1 06-04~0,0,1,0 05-21~0,0,1,1 06-24~0,0,0,0 05-06~0,0,0,0 06-17~0,0,0,0 all~52,29,57,46 05-16~0,0,1,1 07-12~0,0,0,0 08-17~0,0,0,0 08-15~0,0,0,0 07-03~0,0,0,0 2026-05~0,0,14,14 09-01~0,0,1,0 08-19~0,0,0,0 2026-07M~1,0,0,0 06-19~0,0,0,0 07-01~1,0,0,0 08-08~0,0,0,0 07-22~3,3,0,0 07-20~0,0,0,0 07-02~0,0,0,0 05-13~0,0,0,0 08-11~1,0,0,0 2026-05M~0,0,0,0 06-11~0,0,0,0 07-09~3,2,3,1 08-24~1,0,0,0 09-02~0,0,1,1 06-25~0,0,1,1 05-07~0,0,0,0 05-28~0,0,0,0 08-25~0,0,0,0 08-18~0,0,0,0 05-20~0,0,1,1 08-29~0,0,0,0 07-05~0,0,2,2 08-21~0,0,0,0 08-09~0,0,0,0 06-07~0,0,0,0 08-20~0,0,1,1 05-23~0,0,0,0 05-09~0,0,0,0 2026-08~13,6,10,7 07-24~2,1,2,1 07-17~1,1,1,0 06-05~0,0,0,0 2026-09M~0,0,2,1 07-26~0,0,0,0 08-07~1,0,1,0 07-25~0,0,0,0 2026-07~34,20,19,13 06-21~0,0,0,0 05-18~0,0,3,3 05-05~0,0,0,0 08-05~0,0,0,0 08-12~0,0,1,1 08-31~1,1,0,0 05-24~0,0,0,0 2026-08M~0,0,1,0 08-04~1,0,0,0 08-10~0,0,0,0 06-12~1,1,0,0 08-30~0,0,0,0 06-20~0,0,0,0 06-23~0,0,0,0 06-27~0,0,0,0 05-12~0,0,0,0 07-06~0,0,0,0 05-19~0,0,1,1 06-26~0,0,0,0 08-23~1,1,1,1 08-28~0,0,0,0 07-23~1,0,0,0 05-02~0,0,0,0 05-04~0,0,0,0 06-02~0,0,3,3 08-13~0,0,0,0 07-28~0,0,1,1 06-30~0,0,0,0 05-14~0,0,0,0 05-01~0,0,0,0 05-27~0,0,0,0 05-26~0,0,2,2 07-14~1,0,1,1 07-16~1,0,0,0 08-16~0,0,0,0 06-22~0,0,0,0 2026-06M~0,0,4,4 08-03~0,0,0,0 06-18~0,0,0,0 05-17~0,0,0,0 2026-06~2,1,9,7 08-01~0,0,0,0 06-06~0,0,1,1 07-31~1,1,0,0 06-29~0,0,0,0 07-08~3,2,2,1 06-10~0,0,0,0 07-21~0,0,0,0 07-18~0,0,0,0 05-30~0,0,0,0 05-25~0,0,1,1 05-03~0,0,0,0 08-14~0,0,0,0 07-04~1,0,0,0 08-22~0,0,0,0 07-15~1,1,0,0 08-02~0,0,1,0 07-19~3,2,0,0 06-01~0,0,1,1 06-03~0,0,0,0 06-14~0,0,0,0 07-07~2,1,3,3 06-16~0,0,0,0 06-13~0,0,0,0 2026-09~0,0,2,1 08-27~2,1,0,0 05-31~0,0,1,1 08-06~1,1,1,0
France|07-08~0,0,0,0 06-10~0,0,0,0 08-09~0,0,1,0 06-15~0,0,0,0 08-22~0,0,1,0 07-05~0,0,0,0 06-22~0,0,0,0 05-17~0,0,0,0 06-16~0,0,0,0 08-04~0,0,0,0 08-24~0,0,0,0 07-13~0,0,1,1 08-06~0,0,0,0 07-06~0,0,0,0 07-21~0,0,0,0 06-06~0,0,0,0 05-28~0,0,0,0 07-31~0,0,0,0 06-29~0,0,0,0 09-02~0,0,0,0 08-29~0,0,0,0 05-12~0,0,0,0 07-19~0,0,0,0 06-01~0,0,0,0 06-03~0,0,0,0 05-24~0,0,0,0 06-08~0,0,0,0 07-10~0,0,0,0 08-30~0,0,0,0 08-12~0,0,0,0 08-07~0,0,0,0 2026-09M~0,0,0,0 05-26~0,0,0,0 07-15~0,0,0,0 08-08~0,0,0,0 06-14~0,0,0,0 05-05~0,0,0,0 05-07~0,0,0,0 05-25~0,0,0,0 06-07~0,0,0,0 08-14~0,0,0,0 05-08~0,0,0,0 2026-08M~0,0,0,0 07-20~0,0,1,0 06-13~0,0,0,0 05-15~0,0,0,0 06-17~0,0,0,0 07-07~0,0,0,0 06-12~0,0,0,0 05-14~0,0,0,0 06-24~0,0,0,0 05-22~0,0,0,0 2026-08~0,0,4,1 06-11~0,0,1,1 07-09~0,0,0,0 07-29~0,0,0,0 07-04~0,0,0,0 08-13~0,0,0,0 06-25~0,0,0,0 07-27~0,0,0,0 05-03~0,0,0,0 05-30~0,0,0,0 2026-07M~0,0,0,0 05-01~0,0,0,0 05-02~0,0,0,0 05-09~0,0,0,0 08-10~0,0,0,0 06-27~0,0,0,0 07-22~0,0,0,0 07-03~0,0,0,0 06-20~0,0,0,0 2026-07~0,0,7,5 06-05~0,0,0,0 05-18~0,0,0,0 07-28~0,0,0,0 06-30~0,0,0,0 05-21~0,0,0,0 08-21~0,0,0,0 06-26~0,0,0,0 08-25~0,0,0,0 05-19~0,0,0,0 07-12~0,0,0,0 05-04~0,0,0,0 07-25~0,0,0,0 07-23~0,0,0,0 08-18~0,0,0,0 07-26~0,0,0,0 06-18~0,0,0,0 06-19~0,0,0,0 07-01~0,0,0,0 08-03~0,0,0,0 05-31~0,0,0,0 05-10~0,0,0,0 2026-05M~0,0,0,0 08-20~0,0,0,0 06-04~0,0,0,0 all~1,1,16,10 08-17~0,0,1,0 05-13~0,0,0,0 08-05~0,0,0,0 06-02~0,0,0,0 08-15~0,0,0,0 07-18~0,0,1,0 08-01~0,0,0,0 05-27~0,0,0,0 08-28~0,0,0,0 06-28~0,0,0,0 07-30~0,0,0,0 08-11~0,0,1,1 06-23~0,0,0,0 05-16~1,1,2,1 2026-05~1,1,2,1 05-06~0,0,0,0 08-27~0,0,0,0 07-14~0,0,0,0 07-17~0,0,1,1 07-02~0,0,0,0 07-24~0,0,1,1 08-23~0,0,0,0 06-21~0,0,0,0 09-01~0,0,0,0 08-19~0,0,0,0 07-11~0,0,0,0 06-09~0,0,0,0 2026-09~0,0,0,0 05-23~0,0,0,0 08-31~0,0,0,0 05-11~0,0,0,0 2026-06M~0,0,0,0 05-20~0,0,0,0 08-02~0,0,0,0 05-29~0,0,0,0 2026-06~0,0,1,1 08-26~0,0,0,0 08-16~0,0,0,0 07-16~0,0,0,0
Georgia|07-20~0,0,0,0 05-25~0,0,0,0 07-07~0,0,1,0 06-20~0,0,0,0 08-06~1,0,0,0 07-02~0,0,1,0 2026-07~13,0,9,4 06-12~3,0,0,0 05-18~0,0,0,0 06-21~0,0,0,0 06-19~0,0,0,0 07-01~2,0,1,0 2026-06M~1,0,1,0 05-03~0,0,0,0 05-01~0,0,0,0 08-25~0,0,0,0 06-04~1,0,0,0 06-25~0,0,0,0 08-09~0,0,0,0 06-11~0,0,1,0 07-09~0,0,0,0 05-14~0,0,0,0 07-11~0,0,0,0 06-09~6,0,1,0 05-27~0,0,0,0 06-26~0,0,2,2 08-13~0,0,0,0 08-15~0,0,0,0 08-26~0,0,0,0 07-16~1,0,0,0 07-14~0,0,0,0 06-07~0,0,0,0 07-23~0,0,0,0 08-23~0,0,0,0 08-05~1,0,0,0 08-08~0,0,0,0 2026-08M~0,0,0,0 08-31~0,0,3,0 05-29~0,0,1,1 06-02~0,0,0,0 08-07~0,0,0,0 07-03~0,0,0,0 05-08~0,0,0,0 06-08~1,0,0,0 07-10~0,0,0,0 06-23~0,0,0,0 2026-09~0,0,16,0 05-07~0,0,0,0 05-21~0,0,0,0 08-21~0,0,0,0 05-15~0,0,0,0 07-04~0,0,0,0 06-18~1,0,0,0 08-04~0,0,0,0 07-08~0,0,0,0 06-10~4,0,1,1 07-05~0,0,0,0 07-06~0,0,0,0 07-26~0,0,0,0 06-13~0,0,0,0 07-21~0,0,0,0 05-05~0,0,0,0 08-10~0,0,0,0 07-28~1,0,0,0 06-30~0,0,0,0 08-14~0,0,0,0 08-01~0,0,0,0 08-12~0,0,0,0 08-02~0,0,0,0 08-24~1,0,0,0 05-06~0,0,0,0 05-11~0,0,0,0 06-28~0,0,0,0 07-30~0,0,0,0 07-25~0,0,0,0 06-14~0,0,0,0 2026-08~9,0,7,2 05-22~0,0,0,0 05-10~0,0,0,0 05-13~0,0,0,0 07-12~0,0,0,0 05-17~0,0,0,0 06-22~0,0,0,0 07-27~0,0,0,0 07-31~1,0,1,1 06-29~1,0,0,0 05-16~0,0,0,0 all~34,0,52,22 06-05~0,0,0,0 08-17~1,0,0,0 06-24~0,0,5,5 2026-05M~0,0,0,0 07-29~1,0,0,0 06-17~0,0,2,2 06-16~0,0,1,1 2026-07M~2,0,2,1 05-12~0,0,0,0 07-13~2,0,1,0 08-18~0,0,0,0 07-15~0,0,0,0 2026-06~17,0,17,15 2026-05~3,0,7,5 09-02~0,0,6,0 05-04~0,0,0,0 07-17~0,0,0,0 05-28~0,0,0,0 08-27~0,0,0,0 06-27~0,0,0,0 05-19~0,0,0,0 05-20~0,0,0,0 05-09~0,0,0,0 05-30~0,0,0,0 08-28~0,0,0,0 08-03~2,0,0,0 06-03~1,0,0,0 07-18~0,0,0,0 06-15~0,0,0,0 08-16~0,0,0,0 06-06~0,0,0,0 08-22~0,0,0,0 08-30~0,0,0,0 05-31~0,0,0,0 05-02~0,0,0,0 05-24~0,0,0,0 05-26~0,0,0,0 05-23~0,0,0,0 08-20~0,0,0,0 08-11~0,0,0,0 2026-09M~0,0,16,0 08-29~0,0,0,0 09-01~0,0,10,0 08-19~0,0,0,0 07-22~0,0,0,0 07-24~0,0,0,0 07-19~0,0,0,0 06-01~1,0,0,0
Germany|08-12~1,1,2,1 07-13~1,0,7,7 08-17~2,1,3,1 05-03~0,0,0,0 06-20~1,1,1,1 05-22~1,0,1,1 08-20~1,1,1,0 08-14~2,2,1,0 06-06~0,0,0,0 06-26~0,0,2,2 07-27~1,1,1,1 07-30~1,1,3,1 06-28~1,1,3,1 08-09~2,1,0,0 08-28~3,0,1,1 06-04~0,0,1,1 2026-09M~2,1,1,0 08-04~2,0,1,0 07-15~1,1,4,4 05-26~1,1,1,1 07-06~0,0,1,0 06-18~2,2,8,7 05-05~0,0,0,0 07-26~0,0,3,1 05-11~0,0,0,0 05-28~1,0,3,3 08-03~1,1,4,1 08-01~3,3,8,0 05-06~0,0,0,0 05-13~1,1,0,0 06-10~0,0,2,2 07-08~0,0,1,0 07-10~0,0,1,1 06-08~1,1,1,0 05-24~0,0,1,1 06-05~1,1,0,0 07-24~0,0,2,2 05-21~0,0,1,1 06-30~0,0,2,1 07-28~1,1,0,0 07-12~2,2,9,9 08-16~3,0,2,1 08-05~0,0,1,1 06-16~2,2,0,0 05-19~0,0,2,2 05-27~1,0,3,2 08-11~1,1,1,0 08-15~1,0,6,1 06-09~0,0,0,0 07-11~2,0,2,1 05-18~1,0,1,1 05-25~1,1,4,2 05-04~0,0,0,0 08-10~1,0,0,0 05-08~0,0,0,0 05-14~0,0,1,0 08-26~1,0,0,0 2026-08~58,30,71,26 2026-06M~3,2,2,1 08-13~1,0,3,2 05-31~0,0,4,1 07-20~3,3,7,7 2026-08M~5,4,15,4 05-12~0,0,0,0 07-09~1,1,1,0 06-11~0,0,2,1 08-27~0,0,0,0 07-05~1,1,0,0 07-01~3,1,3,1 06-19~0,0,2,2 05-10~0,0,0,0 07-14~0,0,4,4 05-17~0,0,0,0 07-07~1,0,1,0 07-17~0,0,5,5 06-29~0,0,1,0 07-31~4,1,4,0 06-12~0,0,1,1 08-25~1,0,3,0 2026-05M~0,0,0,0 05-09~0,0,0,0 08-30~1,0,0,0 07-21~0,0,8,8 08-19~2,0,0,0 09-01~1,1,0,0 08-22~3,0,1,0 2026-07~34,21,123,95 05-01~0,0,0,0 08-07~5,4,5,1 05-30~0,0,1,1 06-23~1,0,2,2 08-24~1,1,1,0 06-27~0,0,2,1 08-08~0,0,3,2 05-15~1,1,1,1 07-02~0,0,2,0 08-29~2,1,1,1 09-02~1,0,1,0 05-07~0,0,0,0 06-01~2,1,1,0 07-19~2,2,10,9 06-22~1,0,5,3 2026-07M~3,1,5,1 08-06~1,0,2,0 06-15~0,0,2,0 06-07~0,0,1,0 05-23~0,0,2,1 05-20~0,0,2,1 07-29~0,0,0,0 06-17~0,0,1,0 08-02~2,1,4,3 06-03~0,0,2,0 06-13~6,2,3,1 08-21~1,0,2,1 2026-05~12,8,43,23 05-02~0,0,0,0 06-25~1,0,0,0 07-16~1,1,7,5 08-18~2,2,2,1 06-21~0,0,0,0 08-23~1,1,2,0 07-03~1,0,3,2 05-29~0,0,6,2 2026-09~2,1,1,0 07-25~0,0,0,0 05-16~0,0,0,0 all~147,85,315,193 07-22~0,0,3,1 07-18~2,2,8,8 2026-06~30,19,55,35 07-04~0,0,0,0 06-24~0,0,0,0 06-14~3,0,0,0 08-31~2,1,1,1 07-23~0,0,2,1 06-02~1,1,1,1
Ghana|08-27~0,0,0,0 06-14~0,0,0,0 07-02~0,0,1,0 2026-08~0,0,0,0 05-20~0,0,0,0 06-29~0,0,0,0 05-16~0,0,0,0 2026-08M~0,0,0,0 05-14~0,0,0,0 08-01~0,0,0,0 06-30~0,0,0,0 08-03~0,0,0,0 06-09~0,0,0,0 07-13~0,0,0,0 08-16~0,0,0,0 06-25~0,0,0,0 2026-09M~0,0,0,0 06-16~0,0,0,0 05-08~0,0,0,0 2026-05M~0,0,0,0 05-04~0,0,0,0 06-18~0,0,0,0 05-06~0,0,0,0 05-27~0,0,0,0 05-05~0,0,0,0 2026-06~0,0,0,0 08-05~0,0,0,0 07-06~0,0,0,0 08-17~0,0,0,0 09-01~0,0,0,0 08-18~0,0,0,0 08-19~0,0,0,0 all~0,0,1,0 05-02~0,0,0,0 08-07~0,0,0,0 05-10~0,0,0,0 07-18~0,0,0,0 06-04~0,0,0,0 07-29~0,0,0,0 07-21~0,0,0,0 08-04~0,0,0,0 08-13~0,0,0,0 06-20~0,0,0,0 2026-05~0,0,0,0 2026-07~0,0,1,0 08-20~0,0,0,0 06-21~0,0,0,0 08-11~0,0,0,0 07-30~0,0,0,0 08-15~0,0,0,0 06-26~0,0,0,0 05-01~0,0,0,0 07-31~0,0,0,0 06-27~0,0,0,0 2026-07M~0,0,1,0 08-09~0,0,0,0 05-24~0,0,0,0 07-27~0,0,0,0 08-02~0,0,0,0 07-19~0,0,0,0 05-30~0,0,0,0 06-23~0,0,0,0 2026-09~0,0,0,0 08-06~0,0,0,0 05-07~0,0,0,0 06-19~0,0,0,0 06-28~0,0,0,0 07-07~0,0,0,0 05-03~0,0,0,0 05-12~0,0,0,0 07-16~0,0,0,0 07-25~0,0,0,0 07-03~0,0,0,0 05-31~0,0,0,0 07-08~0,0,0,0 07-01~0,0,0,0 08-24~0,0,0,0 05-09~0,0,0,0 06-17~0,0,0,0 08-21~0,0,0,0 06-12~0,0,0,0
Greece|2026-08~0,0,0,0 05-22~0,0,0,0 07-27~1,0,0,0 05-05~0,0,0,0 08-14~0,0,0,0 06-15~0,0,0,0 05-08~0,0,0,0 06-02~0,0,1,1 06-23~0,0,0,0 05-03~0,0,0,0 06-21~0,0,0,0 07-01~0,0,0,0 06-19~0,0,0,0 07-03~0,0,0,0 08-20~0,0,0,0 06-22~0,0,0,0 07-16~0,0,0,0 2026-06~0,0,2,2 05-13~0,0,0,0 07-25~0,0,0,0 06-20~0,0,1,0 08-31~0,0,0,0 08-12~0,0,0,0 08-06~0,0,0,0 06-07~0,0,0,0 05-14~0,0,0,0 05-16~1,1,0,0 08-11~0,0,0,0 07-29~0,0,0,0 05-21~0,0,0,0 08-04~0,0,0,0 08-22~0,0,0,0 05-18~0,0,0,0 05-01~0,0,0,0 06-10~0,0,0,0 07-08~0,0,0,0 06-12~0,0,0,0 06-30~0,0,0,0 07-28~0,0,0,0 05-12~0,0,0,0 07-05~0,0,0,0 07-23~0,0,0,0 08-30~0,0,0,0 07-17~0,0,0,0 2026-07~1,0,2,1 05-06~0,0,0,0 07-18~0,0,0,0 05-02~0,0,0,0 08-13~0,0,0,0 05-07~0,0,0,0 08-21~0,0,0,0 06-01~0,0,0,0 07-19~0,0,0,0 08-03~0,0,0,0 05-31~0,0,1,0 08-23~0,0,0,0 05-04~0,0,0,0 08-26~0,0,0,0 05-24~0,0,0,0 05-09~0,0,0,0 05-23~0,0,0,0 2026-09~0,0,0,0 08-05~0,0,0,0 07-07~0,0,0,0 2026-07M~0,0,0,0 05-30~0,0,0,0 06-16~0,0,0,0 08-07~0,0,0,0 06-25~0,0,0,0 06-14~0,0,0,0 06-17~0,0,0,0 07-04~0,0,0,0 08-24~0,0,0,0 07-13~0,0,0,0 2026-05~2,2,2,1 05-27~0,0,0,0 2026-08M~0,0,0,0 07-20~0,0,0,0 09-02~0,0,0,0 07-12~0,0,0,0 06-09~0,0,0,0 07-11~0,0,0,0 08-16~0,0,0,0 2026-05M~0,0,0,0 05-10~0,0,0,0 07-15~0,0,1,0 08-27~0,0,0,0 05-25~0,0,1,1 07-14~0,0,0,0 08-09~0,0,0,0 08-02~0,0,0,0 07-09~0,0,0,0 06-11~0,0,0,0 05-28~0,0,0,0 07-30~0,0,0,0 06-28~0,0,0,0 07-02~0,0,0,0 08-10~0,0,0,0 06-26~0,0,0,0 06-24~0,0,0,0 08-19~0,0,0,0 09-01~0,0,0,0 06-05~0,0,0,0 08-17~0,0,0,0 all~3,2,6,4 07-10~0,0,0,0 06-08~0,0,0,0 05-11~0,0,0,0 06-06~0,0,0,0 08-25~0,0,0,0 05-17~0,0,0,0 07-06~0,0,0,0 05-15~0,0,0,0 08-29~0,0,0,0 06-03~0,0,0,0 08-18~0,0,0,0 07-22~0,0,1,1 08-15~0,0,0,0 06-13~0,0,0,0 05-19~0,0,0,0 05-29~0,0,0,0 2026-09M~0,0,0,0 08-08~0,0,0,0 06-27~0,0,0,0 08-01~0,0,0,0 08-28~0,0,0,0 06-29~0,0,0,0 07-31~0,0,0,0 06-18~0,0,0,0 07-26~0,0,0,0 06-04~0,0,0,0 07-24~0,0,0,0 07-21~0,0,0,0 05-20~0,0,0,0 2026-06M~0,0,1,1 05-26~0,0,0,0
Guatemala|2026-08~0,0,1,1 07-01~0,0,0,0 06-23~0,0,0,0 05-24~0,0,0,0 06-14~0,0,0,0 2026-07M~0,0,0,0 05-31~0,0,0,0 06-07~0,0,0,0 07-02~0,0,0,0 08-07~0,0,0,0 2026-06~0,0,0,0 05-27~0,0,0,0 08-09~0,0,0,0 06-09~0,0,0,0 06-28~0,0,0,0 07-30~0,0,0,0 2026-07~0,0,0,0 05-28~0,0,0,0 05-03~0,0,0,0 08-01~0,0,0,0 06-27~0,0,0,0 07-19~0,0,0,0 07-15~0,0,0,0 08-19~0,0,1,1 06-17~0,0,0,0 06-25~0,0,0,0 05-10~0,0,0,0 08-17~0,0,0,0 06-26~0,0,0,0 05-08~0,0,0,0 08-20~0,0,0,0 06-30~0,0,0,0 2026-08M~0,0,0,0 05-09~0,0,0,0 05-11~0,0,0,0 07-04~0,0,0,0 all~0,0,1,1 08-13~0,0,0,0 2026-05~0,0,0,0 05-07~0,0,0,0 06-10~0,0,0,0 07-14~0,0,0,0 07-05~0,0,0,0 06-11~0,0,0,0 06-13~0,0,0,0
Guyana|2026-07~0,0,0,0 07-16~0,0,0,0 07-14~0,0,0,0 08-21~0,0,0,0 07-17~0,0,0,0 07-08~0,0,0,0 07-15~0,0,0,0 08-10~0,0,0,0 08-12~0,0,0,0 2026-07M~0,0,0,0 08-07~0,0,0,0 2026-06~0,0,0,0 07-27~0,0,0,0 08-16~0,0,0,0 07-28~0,0,0,0 06-30~0,0,0,0 08-23~0,0,0,0 08-22~0,0,0,0 2026-08M~0,0,0,0 08-26~0,0,0,0 07-23~0,0,0,0 07-21~0,0,0,0 07-22~0,0,0,0 07-29~0,0,0,0 08-09~0,0,0,0 06-26~0,0,0,0 08-02~0,0,0,0 08-03~0,0,0,0 all~0,0,0,0 07-01~0,0,0,0 07-24~0,0,0,0 08-14~0,0,0,0 07-13~0,0,0,0 06-28~0,0,0,0 07-30~0,0,0,0 08-08~0,0,0,0 08-04~0,0,0,0 08-06~0,0,0,0 07-26~0,0,0,0 2026-08~0,0,0,0 08-13~0,0,0,0 07-12~0,0,0,0 07-31~0,0,0,0 08-01~0,0,0,0
Honduras|2026-09~0,0,0,0 08-14~0,0,0,0 05-26~0,0,0,0 07-23~0,0,0,0 05-08~0,0,0,0 2026-08M~0,0,0,0 08-19~0,0,1,1 09-01~0,0,0,0 2026-08~0,0,1,1 06-26~0,0,1,0 2026-07~0,0,0,0 07-19~0,0,0,0 2026-05~0,0,0,0 2026-07M~0,0,0,0 08-25~0,0,0,0 07-21~0,0,0,0 all~1,0,3,1 07-20~0,0,0,0 06-16~0,0,1,0 07-30~0,0,0,0 06-28~0,0,0,0 07-24~0,0,0,0 07-25~0,0,0,0 08-28~0,0,0,0 08-21~0,0,0,0 06-30~0,0,0,0 07-02~0,0,0,0 08-20~0,0,0,0 06-13~0,0,0,0 07-31~0,0,0,0 07-01~0,0,0,0 08-03~0,0,0,0 08-26~0,0,0,0 2026-06~0,0,2,0 06-27~0,0,0,0 08-13~0,0,0,0 06-20~0,0,0,0 08-31~0,0,0,0 06-12~0,0,0,0 07-18~0,0,0,0 08-24~0,0,0,0 06-09~0,0,0,0 07-11~0,0,0,0 08-09~0,0,0,0 08-02~0,0,0,0 2026-09M~0,0,0,0 05-04~0,0,0,0
Hong Kong|05-21~0,0,0,0 07-24~0,0,0,0 05-06~0,0,0,0 05-03~0,0,0,0 08-17~0,0,0,0 06-16~0,0,0,0 06-01~0,0,0,0 2026-09~0,0,0,0 07-19~0,0,0,0 06-20~0,0,0,0 06-22~0,0,0,0 2026-09M~0,0,0,0 07-02~0,0,0,0 06-18~0,0,1,1 2026-06M~0,0,0,0 08-23~0,0,0,0 06-21~0,0,0,0 05-08~0,0,0,0 2026-05~0,0,1,1 07-15~0,0,0,0 05-10~0,0,0,0 07-26~0,0,0,0 06-23~0,0,0,0 2026-05M~0,0,0,0 08-11~0,0,0,0 08-05~0,0,0,0 06-04~0,0,1,1 05-17~0,0,0,0 05-15~0,0,0,0 08-12~0,0,0,0 all~2,0,12,10 2026-08M~0,0,0,0 05-22~0,0,0,0 08-07~0,0,0,0 08-29~0,0,0,0 08-30~1,0,0,0 06-30~0,0,0,0 07-28~0,0,0,0 08-21~0,0,0,0 05-02~0,0,0,0 06-13~0,0,0,0 07-09~0,0,0,0 06-11~0,0,0,0 05-11~0,0,0,0 07-06~0,0,0,0 07-20~0,0,0,0 07-14~0,0,0,0 05-05~0,0,0,0 06-03~0,0,0,0 05-01~0,0,0,0 08-31~0,0,0,0 05-09~0,0,0,0 08-10~0,0,0,0 05-04~0,0,0,0 08-22~0,0,1,1 06-02~0,0,0,0 08-08~0,0,0,0 08-20~0,0,0,0 05-07~0,0,0,0 08-25~0,0,0,0 05-27~0,0,0,0 2026-07M~0,0,0,0 08-09~0,0,0,0 05-20~0,0,0,0 08-06~0,0,0,0 07-04~0,0,0,0 05-29~0,0,0,0 06-15~0,0,0,0 08-04~0,0,0,0 06-26~0,0,0,0 08-03~0,0,0,0 06-17~0,0,0,0 06-14~0,0,0,0 07-07~0,0,0,0 08-27~0,0,0,0 07-10~0,0,0,0 06-08~0,0,0,0 05-31~0,0,0,0 05-24~0,0,0,0 08-18~0,0,0,0 07-23~0,0,0,0 08-19~0,0,1,1 09-01~0,0,0,0 06-09~0,0,0,0 07-11~0,0,0,0 07-12~0,0,0,0 08-15~0,0,0,0 05-13~0,0,0,0 07-16~0,0,0,0 2026-06~1,0,3,3 08-24~0,0,0,0 05-26~0,0,0,0 05-30~0,0,0,0 2026-07~0,0,3,2 07-17~0,0,0,0 08-01~0,0,0,0 06-12~0,0,0,0 07-01~0,0,0,0 06-19~0,0,0,0 05-28~0,0,0,0 08-13~0,0,1,1 06-25~0,0,0,0 06-27~0,0,0,0 09-02~0,0,0,0 06-06~0,0,0,0 08-14~0,0,0,0 07-13~0,0,0,0 05-12~0,0,0,0 06-05~0,0,0,0 08-26~0,0,0,0 05-14~0,0,1,1 07-05~0,0,0,0 05-16~0,0,0,0 07-29~0,0,0,0 08-28~0,0,0,0 07-18~0,0,0,0 2026-08~1,0,4,4 07-21~0,0,0,0 08-16~0,0,1,1 06-10~0,0,0,0 07-08~0,0,0,0 06-29~0,0,1,1 07-31~0,0,0,0 05-19~0,0,0,0 06-24~1,0,0,0 08-02~0,0,0,0 07-30~0,0,0,0 06-28~0,0,0,0 07-03~0,0,0,0 07-25~0,0,0,0 06-07~0,0,0,0 07-27~0,0,0,0 07-22~0,0,0,0 05-23~0,0,0,0 05-25~0,0,0,0 05-18~0,0,0,0
Hungary|08-09~0,0,1,1 06-22~0,0,1,0 05-01~0,0,0,0 06-03~0,0,0,0 08-23~0,0,0,0 08-15~0,0,0,0 08-17~0,0,0,0 2026-07M~0,0,2,0 05-27~0,0,1,0 07-22~0,0,0,0 05-07~0,0,0,0 05-09~0,0,0,0 06-16~0,0,0,0 08-14~0,0,1,0 08-18~0,0,1,1 05-25~0,0,0,0 08-16~0,0,0,0 06-07~0,0,0,0 06-24~1,1,1,1 06-30~0,0,0,0 07-28~1,1,1,1 08-31~0,0,0,0 07-13~2,2,2,2 06-09~0,0,1,0 07-11~0,0,3,1 2026-08~9,8,16,11 06-27~0,0,0,0 08-07~2,1,0,0 05-13~0,0,0,0 05-31~1,1,0,0 05-29~0,0,0,0 07-04~0,0,1,0 06-05~0,0,0,0 05-24~0,0,0,0 07-18~2,2,0,0 08-05~0,0,0,0 05-11~0,0,0,0 06-14~0,0,0,0 2026-06~7,5,14,4 08-26~0,0,0,0 08-24~2,2,0,0 08-06~0,0,0,0 07-15~1,0,1,1 07-20~0,0,0,0 06-06~1,1,0,0 05-28~0,0,2,0 07-21~0,0,0,0 06-04~0,0,1,1 06-25~0,0,0,0 06-17~0,0,0,0 06-29~1,0,0,0 07-31~0,0,0,0 all~37,27,75,42 05-16~0,0,0,0 08-01~0,0,1,0 07-25~0,0,1,0 06-15~1,0,1,0 06-10~1,1,0,0 07-08~0,0,1,0 05-19~1,1,0,0 07-24~0,0,0,0 05-30~0,0,0,0 08-29~0,0,0,0 08-20~0,0,0,0 07-29~0,0,0,0 08-13~0,0,0,0 05-15~0,0,0,0 08-19~0,0,0,0 09-01~0,0,0,0 08-22~0,0,0,0 2026-08M~0,0,2,0 07-03~0,0,0,0 08-21~1,1,3,3 05-08~0,0,0,0 06-12~0,0,0,0 07-01~0,0,1,0 06-19~0,0,0,0 07-16~0,0,3,3 07-30~0,0,0,0 06-28~0,0,0,0 05-14~0,0,0,0 05-18~0,0,0,0 06-18~0,0,0,0 07-14~0,0,0,0 2026-05M~0,0,0,0 06-20~0,0,0,0 07-09~0,0,7,7 06-11~0,0,0,0 08-02~0,0,1,0 05-02~0,0,0,0 05-06~0,0,0,0 07-27~0,0,0,0 05-17~1,1,0,0 08-27~0,0,0,0 07-17~0,0,0,0 06-26~0,0,1,0 05-20~0,0,0,0 08-10~0,0,0,0 08-12~2,2,2,1 07-12~0,0,0,0 05-03~0,0,0,0 06-21~0,0,1,0 08-30~0,0,0,0 06-13~0,0,0,0 05-26~0,0,0,0 2026-09~0,0,0,0 06-02~0,0,0,0 06-01~0,0,0,0 07-19~0,0,1,1 2026-06M~0,0,0,0 05-10~0,0,0,0 08-28~0,0,0,0 07-07~0,0,0,0 05-22~0,0,0,0 08-04~0,0,0,0 07-05~0,0,0,0 09-02~0,0,0,0 06-23~0,0,1,0 08-25~1,1,1,1 05-04~0,0,0,0 2026-07~12,8,32,23 07-10~1,1,0,0 06-08~0,0,1,0 07-26~0,0,1,0 08-11~0,0,0,0 05-12~0,0,0,0 07-06~0,0,1,1 08-08~0,0,1,1 08-03~0,0,1,1 05-21~0,0,0,0 2026-09M~0,0,0,0 07-23~2,0,2,0 05-05~0,0,0,0 2026-05~4,4,6,1 05-23~0,0,0,0 07-02~0,0,1,0
Iceland|05-23~0,0,0,0 05-08~0,0,0,0 07-12~0,0,0,0 05-17~0,0,0,0 08-26~0,0,0,0 08-24~0,0,0,0 07-07~0,0,0,0 2026-09~0,0,0,0 08-11~0,0,0,0 08-31~0,0,0,0 08-02~0,0,0,0 05-25~0,0,0,0 2026-09M~0,0,0,0 07-16~0,0,0,0 05-30~0,0,0,0 05-16~0,0,0,0 all~0,0,0,0 05-03~0,0,0,0 07-21~0,0,0,0 06-02~0,0,0,0 07-18~0,0,0,0 07-23~0,0,0,0 05-06~0,0,0,0 05-20~0,0,0,0 06-15~0,0,0,0 07-14~0,0,0,0 05-14~0,0,0,0 06-09~0,0,0,0 07-11~0,0,0,0 05-18~0,0,0,0 07-05~0,0,0,0 05-22~0,0,0,0 2026-05~0,0,0,0 06-04~0,0,0,0 08-22~0,0,0,0 08-04~0,0,0,0 05-04~0,0,0,0 07-29~0,0,0,0 07-17~0,0,0,0 08-30~0,0,0,0 2026-06M~0,0,0,0 05-21~0,0,0,0 06-30~0,0,0,0 2026-05M~0,0,0,0 07-28~0,0,0,0 07-15~0,0,0,0 07-06~0,0,0,0 06-20~0,0,0,0 07-24~0,0,0,0 08-08~0,0,0,0 07-04~0,0,0,0 07-01~0,0,0,0 06-19~0,0,0,0 05-10~0,0,0,0 08-12~0,0,0,0 07-22~0,0,0,0 08-20~0,0,0,0 05-31~0,0,0,0 08-29~0,0,0,0 07-20~0,0,0,0 09-02~0,0,0,0 05-24~0,0,0,0 07-27~0,0,0,0 08-10~0,0,0,0 06-12~0,0,0,0 08-28~0,0,0,0 05-27~0,0,0,0 05-01~0,0,0,0 08-23~0,0,0,0 07-03~0,0,0,0 06-10~0,0,0,0 07-08~0,0,0,0 06-07~0,0,0,0 06-21~0,0,0,0 06-24~0,0,0,0 05-11~0,0,0,0 07-09~0,0,0,0 06-11~0,0,0,0 06-23~0,0,0,0 06-05~0,0,0,0 08-07~0,0,0,0 06-25~0,0,0,0 06-29~0,0,0,0 07-31~0,0,0,0 2026-07~0,0,0,0 06-18~0,0,0,0 06-22~0,0,0,0 2026-08~0,0,0,0 07-25~0,0,0,0 08-17~0,0,0,0 06-06~0,0,0,0 08-25~0,0,0,0 2026-08M~0,0,0,0 05-29~0,0,0,0 08-19~0,0,0,0 09-01~0,0,0,0 06-03~0,0,0,0 06-26~0,0,0,0 07-30~0,0,0,0 06-28~0,0,0,0 2026-06~0,0,0,0 07-02~0,0,0,0 07-13~0,0,0,0 07-10~0,0,0,0 06-08~0,0,0,0 05-19~0,0,0,0 08-21~0,0,0,0 06-16~0,0,0,0 05-02~0,0,0,0 06-14~0,0,0,0 08-13~0,0,0,0 06-27~0,0,0,0 08-05~0,0,0,0 08-15~0,0,0,0 05-26~0,0,0,0 05-09~0,0,0,0 05-07~0,0,0,0 06-01~0,0,0,0 07-19~0,0,0,0 08-09~0,0,0,0 05-15~0,0,0,0 08-18~0,0,0,0 07-26~0,0,0,0 06-17~0,0,0,0 08-14~0,0,0,0 08-16~0,0,0,0 08-27~0,0,0,0 08-01~0,0,0,0 05-12~0,0,0,0 05-28~0,0,0,0 08-03~0,0,0,0 08-06~0,0,0,0 05-05~0,0,0,0 2026-07M~0,0,0,0 05-13~0,0,0,0 06-13~0,0,0,0
India|06-18~0,0,0,0 05-06~0,0,0,0 05-27~0,0,0,0 07-16~0,0,0,0 05-23~0,0,0,0 07-08~0,0,0,0 05-14~0,0,0,0 07-27~0,0,0,0 08-02~0,0,0,0 07-25~0,0,0,0 05-03~0,0,0,0 05-16~0,0,0,0 06-08~0,0,0,0 07-30~0,0,0,0 08-15~0,0,0,0 06-26~0,0,0,0 05-21~0,0,0,0 07-29~0,0,0,0 08-09~0,0,0,0 05-24~0,0,0,0 05-30~0,0,0,0 2026-08~0,0,0,0 07-21~0,0,0,0 08-04~0,0,0,0 05-29~0,0,0,0 2026-07~0,0,0,0 06-02~0,0,0,0 08-31~0,0,0,0 07-14~0,0,0,0 05-22~0,0,0,0 08-30~0,0,0,0 06-03~0,0,0,0 07-15~0,0,0,0 05-20~0,0,0,0 07-28~0,0,0,0 05-01~0,0,0,0 07-09~0,0,0,0 06-13~0,0,0,0 08-20~0,0,0,0 07-05~0,0,0,0 05-11~0,0,0,0 07-19~0,0,0,0 07-11~0,0,0,0 06-07~0,0,0,0 05-19~0,0,0,0 05-31~0,0,0,0 08-19~0,0,0,0 07-10~0,0,0,0 05-18~0,0,0,0 06-06~0,0,0,0 06-09~0,0,0,0 05-17~0,0,0,0 2026-05~0,0,0,0 05-15~0,0,0,0 05-12~0,0,0,0 06-21~0,0,0,0 08-12~0,0,0,0 2026-06~0,0,0,0 06-28~0,0,0,0 08-10~0,0,0,0 06-23~0,0,0,0 08-07~0,0,0,0 07-22~0,0,0,0 08-21~0,0,0,0 06-12~0,0,0,0 07-04~0,0,0,0 07-01~0,0,0,0 08-24~0,0,0,0 05-09~0,0,0,0 06-17~0,0,0,0 06-22~0,0,0,0 08-11~0,0,0,0 07-06~0,0,0,0 06-10~0,0,0,0 08-23~0,0,0,0 07-20~0,0,0,0 05-28~0,0,0,0 08-05~0,0,0,0 all~0,0,0,0 06-16~0,0,0,0 05-08~0,0,0,0 08-25~0,0,0,0 08-29~0,0,0,0 05-04~0,0,0,0 08-18~0,0,0,0 2026-09M~0,0,0,0 06-05~0,0,0,0 07-13~0,0,0,0 07-07~0,0,0,0 08-22~0,0,0,0 06-11~0,0,0,0 05-10~0,0,0,0 07-18~0,0,0,0 08-06~0,0,0,0 07-23~0,0,0,0 2026-05M~0,0,0,0 05-02~0,0,0,0 07-26~0,0,0,0 06-30~0,0,0,0 08-03~0,0,0,0 06-15~0,0,0,0 08-26~0,0,0,0 07-03~0,0,0,0 05-05~0,0,0,0 08-28~0,0,0,0 06-29~0,0,0,0 05-26~0,0,0,0 05-25~0,0,0,0 08-08~0,0,0,0 08-16~0,0,0,0 06-25~0,0,0,0 07-31~0,0,0,0 09-02~0,0,0,0 06-27~0,0,0,0 08-14~0,0,0,0 08-27~0,0,0,0 06-14~0,0,0,0 07-02~0,0,0,0 2026-07M~0,0,0,0 05-07~0,0,0,0 06-19~0,0,0,0 2026-09~0,0,0,0 2026-06M~0,0,0,0 08-01~0,0,0,0 07-24~0,0,0,0 06-04~0,0,0,0 07-12~0,0,0,0 2026-08M~0,0,0,0 05-13~0,0,0,0 06-24~0,0,0,0 08-17~0,0,0,0 09-01~0,0,0,0 07-17~0,0,0,0 06-01~0,0,0,0 08-13~0,0,0,0 06-20~0,0,0,0
Indonesia|08-07~0,0,0,0 08-20~0,0,0,0 07-21~0,0,0,0 08-25~0,0,0,0 05-31~0,0,0,0 2026-07M~0,0,0,0 06-12~0,0,0,0 05-10~0,0,0,0 2026-06~1,0,5,2 08-12~0,0,0,0 08-26~0,0,0,0 05-29~0,0,0,0 06-14~0,0,0,0 07-15~0,0,0,0 2026-08~1,0,0,0 07-02~0,0,0,0 05-05~0,0,0,0 09-02~0,0,0,0 08-09~0,0,0,0 07-27~0,0,0,0 08-19~0,0,0,0 09-01~0,0,0,0 05-14~0,0,0,0 07-14~0,0,1,1 07-01~0,0,0,0 06-19~0,0,0,0 05-23~0,0,0,0 05-18~0,0,0,0 08-31~0,0,0,0 07-18~0,0,0,0 08-04~1,0,0,0 05-21~0,0,2,1 06-22~0,0,0,0 07-04~0,0,0,0 07-22~0,0,0,0 05-16~0,0,0,0 07-16~0,0,0,0 05-13~0,0,0,0 2026-06M~0,0,0,0 06-02~0,0,0,0 05-07~0,0,0,0 07-20~0,0,0,0 08-24~0,0,0,0 06-24~0,0,0,0 07-06~0,0,0,0 05-15~0,0,0,0 08-08~0,0,0,0 08-23~0,0,0,0 08-27~0,0,0,0 07-23~0,0,0,0 05-17~0,0,0,0 08-22~0,0,0,0 05-04~0,0,0,0 05-26~0,0,0,0 06-05~0,0,0,0 08-14~0,0,0,0 05-06~0,0,0,0 08-21~0,0,0,0 05-03~0,0,0,0 08-01~0,0,0,0 07-12~0,0,0,0 08-06~0,0,0,0 05-20~0,0,0,0 06-23~0,0,0,0 08-15~0,0,0,0 2026-05~0,0,3,2 05-22~0,0,0,0 07-26~0,0,0,0 06-06~0,0,0,0 05-25~0,0,0,0 2026-07~0,0,1,1 05-08~0,0,0,0 07-25~0,0,0,0 07-03~0,0,0,0 06-20~0,0,0,0 05-01~0,0,0,0 08-17~0,0,0,0 06-07~0,0,0,0 08-02~0,0,0,0 07-13~0,0,0,0 05-02~0,0,0,0 07-09~0,0,0,0 06-11~0,0,0,0 08-16~0,0,0,0 06-15~0,0,0,0 05-27~0,0,0,0 06-04~0,0,0,0 07-30~0,0,0,0 06-28~0,0,0,0 2026-09~0,0,0,0 08-28~0,0,0,0 08-29~0,0,0,0 05-19~0,0,0,0 06-10~0,0,0,0 05-11~0,0,0,0 05-12~0,0,0,0 06-03~0,0,0,0 06-25~0,0,0,0 08-30~0,0,0,0 07-29~0,0,0,0 06-18~0,0,1,1 08-18~0,0,0,0 06-21~0,0,0,0 08-13~0,0,0,0 05-30~0,0,0,0 06-17~0,0,0,0 07-24~0,0,0,0 06-13~0,0,1,0 08-11~0,0,0,0 06-29~0,0,0,0 07-31~0,0,0,0 07-05~0,0,0,0 07-17~0,0,0,0 06-01~0,0,0,0 07-19~0,0,0,0 05-24~0,0,0,0 2026-08M~0,0,0,0 07-10~0,0,0,0 06-08~0,0,1,0 2026-05M~0,0,0,0 all~2,0,10,5 2026-09M~0,0,0,0 07-07~0,0,0,0 05-28~0,0,0,0 06-16~0,0,0,0 06-26~0,0,0,0 08-05~0,0,0,0 08-03~0,0,0,0 06-09~0,0,0,0 06-30~0,0,0,0 07-28~0,0,0,0 05-09~0,0,0,0
Iraq|07-09~0,0,0,0 06-22~0,0,0,0 07-23~0,0,0,0 08-19~0,0,0,0 06-10~0,0,0,0 07-17~0,0,0,0 08-17~0,0,0,0 05-07~0,0,0,0 06-06~0,0,0,0 07-14~0,0,0,0 06-27~0,0,0,0 08-22~0,0,0,0 07-18~0,0,0,0 08-02~0,0,0,0 08-31~0,0,0,0 07-31~0,0,0,0 07-07~0,0,0,0 05-23~0,0,0,0 2026-06M~0,0,0,0 05-11~0,0,0,0 07-05~0,0,0,0 05-05~0,0,0,0 06-19~0,0,0,0 07-26~0,0,0,0 07-24~0,0,0,0 07-06~0,0,0,0 06-21~0,0,0,0 08-11~0,0,0,0 2026-08~0,0,0,0 08-03~0,0,0,0 05-28~0,0,0,0 05-06~0,0,0,0 05-24~0,0,0,0 06-29~0,0,0,0 07-01~0,0,0,0 05-04~0,0,0,0 05-01~0,0,0,0 08-21~0,0,0,0 06-11~0,0,0,0 09-01~0,0,0,0 05-22~0,0,0,0 08-13~0,0,0,0 07-29~0,0,0,0 06-28~0,0,0,0 07-20~0,0,0,0 08-29~0,0,0,0 05-27~0,0,0,0 07-19~0,0,0,0 08-23~0,0,0,0 08-18~0,0,0,0 07-21~0,0,0,0 2026-08M~0,0,0,0 08-10~0,0,0,0 05-03~0,0,0,0 08-07~0,0,0,0 05-08~0,0,0,0 2026-05M~0,0,0,0 05-09~0,0,0,0 08-06~0,0,0,0 08-05~0,0,0,0 05-31~0,0,0,0 06-08~0,0,0,0 08-01~0,0,0,0 06-20~0,0,1,0 07-02~0,0,0,0 2026-07~0,0,0,0 2026-09M~0,0,0,0 07-27~0,0,0,0 06-30~0,0,0,0 08-24~0,0,0,0 08-16~0,0,0,0 06-14~1,0,0,0 all~1,0,1,0 07-10~0,0,0,0 07-12~0,0,0,0 08-28~0,0,0,0 08-09~0,0,0,0 2026-06~1,0,1,0 08-04~0,0,0,0 2026-07M~0,0,0,0 07-30~0,0,0,0 05-10~0,0,0,0 07-28~0,0,0,0 08-12~0,0,0,0 06-25~0,0,0,0 08-20~0,0,0,0 07-25~0,0,0,0 08-26~0,0,0,0 06-01~0,0,0,0 06-02~0,0,0,0 2026-05~0,0,0,0 07-11~0,0,0,0 05-26~0,0,0,0 08-27~0,0,0,0 08-25~0,0,0,0 08-14~0,0,0,0 08-08~0,0,0,0 08-30~0,0,0,0 2026-09~0,0,0,0
Ireland|05-24~0,0,0,0 07-21~0,0,0,0 05-03~0,0,0,0 05-06~0,0,0,0 08-12~0,0,0,0 06-13~1,0,2,2 05-31~0,0,0,0 06-04~0,0,0,0 06-25~0,0,0,0 05-05~0,0,0,0 06-27~0,0,0,0 2026-06~7,2,13,11 07-07~0,0,0,0 07-05~0,0,0,0 08-26~1,0,0,0 05-18~0,0,0,0 06-24~0,0,0,0 06-28~0,0,0,0 07-30~0,0,0,0 06-08~0,0,0,0 07-10~0,0,0,0 2026-08M~1,0,0,0 05-15~0,0,0,0 07-23~0,0,0,0 06-26~0,0,0,0 08-14~1,1,0,0 2026-07~5,2,5,5 07-19~0,0,0,0 06-01~0,0,0,0 05-12~0,0,0,0 05-10~0,0,0,0 08-17~1,1,0,0 05-27~0,0,0,0 08-02~0,0,0,0 2026-05~2,1,3,3 08-30~0,0,0,0 2026-09~0,0,0,0 08-24~0,0,0,0 05-07~0,0,0,0 06-16~0,0,0,0 06-14~1,0,3,2 05-14~0,0,1,1 07-03~0,0,0,0 07-25~0,0,1,1 08-08~0,0,0,0 07-11~0,0,0,0 06-09~0,0,0,0 06-06~0,0,0,0 05-04~0,0,0,0 08-09~0,0,0,0 08-15~2,2,2,0 05-01~0,0,0,0 08-27~0,0,0,0 06-07~0,0,1,1 09-01~0,0,0,0 08-19~0,0,0,0 08-05~0,0,0,0 07-29~0,0,0,0 08-25~0,0,0,0 05-02~0,0,0,0 08-20~0,0,1,1 05-22~0,0,0,0 05-25~0,0,0,0 08-03~0,0,0,0 06-19~0,0,2,2 07-01~0,0,0,0 07-08~0,0,0,0 06-10~0,0,1,1 08-01~1,0,0,0 06-23~0,0,0,0 08-06~1,1,0,0 07-31~0,0,1,1 06-29~0,0,0,0 2026-06M~0,0,0,0 06-12~2,0,0,0 06-11~1,1,0,0 07-09~0,0,0,0 07-02~0,0,0,0 08-22~0,0,0,0 07-15~1,1,0,0 2026-07M~0,0,0,0 05-29~0,0,0,0 08-29~0,0,0,0 08-18~0,0,0,0 05-21~0,0,1,1 2026-05M~0,0,0,0 05-08~0,0,0,0 08-28~0,0,0,0 09-02~0,0,0,0 07-26~0,0,0,0 07-14~1,0,0,0 07-17~0,0,0,0 08-10~0,0,0,0 05-16~0,0,0,0 all~23,12,26,22 07-13~0,0,0,0 08-21~0,0,1,1 05-23~1,0,0,0 07-12~0,0,0,0 05-19~1,0,0,0 08-04~0,0,0,0 06-17~0,0,1,0 2026-09M~0,0,0,0 05-28~0,0,0,0 07-04~1,0,1,1 08-16~0,0,0,0 06-20~0,0,0,0 06-22~0,0,0,0 06-03~0,0,0,0 08-11~0,0,0,0 07-16~0,0,0,0 05-17~0,0,1,1 07-18~0,0,0,0 08-23~0,0,0,0 05-11~0,0,0,0 08-31~0,0,0,0 2026-08~8,6,4,2 06-18~0,0,0,0 05-13~0,0,0,0 05-30~0,0,0,0 06-05~0,0,0,0 07-24~0,0,0,0 08-13~0,0,0,0 06-15~0,0,1,1 05-09~0,0,0,0 07-28~0,0,0,0 06-30~0,0,0,0 06-21~0,0,0,0 08-07~1,1,0,0 07-06~0,0,0,0 07-20~0,0,0,0 06-02~0,0,0,0 07-22~0,0,0,0 07-27~0,0,1,1 05-26~0,0,0,0 05-20~0,0,0,0
Israel|08-29~0,0,0,0 08-16~0,0,0,0 06-30~0,0,0,0 07-28~0,0,0,0 07-03~0,0,0,0 05-19~0,0,0,0 08-24~0,0,0,0 08-17~0,0,0,0 all~10,0,35,31 07-25~0,0,0,0 05-20~0,0,0,0 2026-06M~0,0,0,0 07-05~0,0,0,0 06-04~0,0,0,0 06-13~0,0,1,1 08-13~0,0,0,0 07-27~0,0,0,0 08-27~0,0,0,0 08-10~0,0,0,0 06-25~0,0,0,0 06-23~0,0,0,0 06-05~0,0,0,0 06-10~0,0,1,1 07-08~0,0,0,0 05-11~0,0,0,0 05-13~0,0,0,0 08-31~0,0,0,0 06-09~0,0,0,0 07-11~0,0,0,0 05-28~0,0,2,2 06-15~0,0,0,0 05-06~0,0,0,0 07-26~0,0,0,0 06-07~0,0,0,0 07-13~0,0,0,0 07-29~0,0,0,0 2026-09M~0,0,1,1 08-15~0,0,0,0 05-17~0,0,0,0 06-17~0,0,0,0 2026-08~1,0,8,5 05-22~0,0,0,0 08-01~0,0,0,0 2026-08M~0,0,0,0 05-23~0,0,0,0 2026-09~0,0,1,1 08-26~0,0,1,0 2026-05~3,0,9,9 07-14~0,0,0,0 05-27~0,0,1,1 08-28~0,0,1,1 08-08~0,0,0,0 06-03~0,0,0,0 05-26~0,0,0,0 08-25~0,0,0,0 05-29~0,0,0,0 06-26~0,0,0,0 08-06~0,0,0,0 06-22~0,0,0,0 07-17~0,0,0,0 2026-06~4,0,11,10 06-24~0,0,0,0 05-01~0,0,0,0 06-12~0,0,1,1 06-29~0,0,0,0 07-31~0,0,0,0 05-08~0,0,0,0 08-03~0,0,0,0 05-03~0,0,0,0 05-14~0,0,0,0 07-16~0,0,0,0 06-02~0,0,0,0 08-22~0,0,0,0 05-02~0,0,0,0 08-19~0,0,0,0 09-01~0,0,1,1 2026-07M~0,0,1,1 05-30~0,0,0,0 05-16~0,0,0,0 08-14~0,0,1,1 08-09~0,0,0,0 06-18~1,0,0,0 07-04~0,0,0,0 05-25~0,0,0,0 05-31~0,0,0,0 07-15~0,0,0,0 08-04~0,0,0,0 08-02~0,0,0,0 06-21~0,0,0,0 05-15~0,0,2,2 08-12~0,0,0,0 08-07~0,0,0,0 08-21~0,0,0,0 08-20~0,0,1,0 07-22~0,0,0,0 2026-05M~0,0,0,0 05-10~0,0,0,0 07-01~0,0,1,1 06-19~0,0,0,0 05-09~0,0,0,0 07-24~0,0,0,0 05-18~0,0,0,0 07-12~0,0,0,0 05-05~0,0,0,0 07-20~0,0,0,0 07-09~1,0,0,0 06-11~0,0,0,0 08-11~0,0,0,0 07-30~0,0,0,0 06-28~0,0,0,0 05-07~0,0,0,0 09-02~0,0,0,0 07-06~0,0,0,0 08-23~0,0,0,0 08-05~0,0,0,0 07-02~0,0,0,0 08-18~0,0,1,0 06-20~0,0,1,1 08-30~0,0,0,0 06-14~0,0,0,0 05-12~0,0,0,0 06-06~1,0,1,0 05-24~0,0,0,0 07-10~0,0,0,0 06-08~0,0,1,1 2026-07~2,0,2,2 05-04~0,0,0,0 06-01~0,0,0,0 07-19~0,0,0,0 07-23~0,0,0,0 06-16~0,0,0,0 06-27~0,0,0,0 05-21~0,0,0,0 07-07~0,0,0,0 07-18~0,0,0,0 07-21~0,0,0,0
Italy|07-08~0,0,0,0 07-22~0,0,0,0 08-07~0,0,0,0 06-23~0,0,0,0 08-10~0,0,0,0 07-14~0,0,0,0 08-31~0,0,1,1 06-02~0,0,0,0 07-16~0,0,0,0 05-26~0,0,0,0 05-24~0,0,1,1 08-09~0,0,0,0 07-15~0,0,0,0 06-03~0,0,0,0 08-30~1,0,0,0 07-19~0,0,0,0 05-11~0,0,0,0 05-31~0,0,0,0 05-02~0,0,0,0 06-01~0,0,0,0 07-17~0,0,0,0 2026-06~0,0,2,1 06-26~0,0,0,0 08-15~0,0,0,0 07-30~0,0,0,0 2026-08~4,0,3,3 08-23~0,0,0,0 06-10~0,0,0,0 07-06~0,0,0,0 07-04~0,0,0,0 06-12~0,0,0,0 08-21~0,0,0,0 08-02~0,0,0,0 07-27~0,0,0,0 07-25~0,0,1,1 06-11~0,0,0,0 08-22~0,0,0,0 07-07~0,0,0,0 05-22~0,0,1,1 05-04~0,0,0,0 08-29~0,0,0,0 2026-07~2,1,7,4 05-30~0,0,0,0 08-12~0,0,0,0 06-21~0,0,0,0 2026-05~1,1,4,4 06-20~0,0,0,0 08-13~0,0,0,0 08-25~0,0,0,0 05-08~0,0,0,0 06-16~0,0,0,0 05-12~0,0,0,0 2026-08M~0,0,0,0 07-28~0,0,0,0 05-20~0,0,1,1 05-29~0,0,0,0 08-04~0,0,0,0 07-21~0,0,0,0 2026-06M~0,0,0,0 07-12~0,0,0,0 06-04~0,0,0,0 07-18~1,0,2,0 05-10~0,0,0,0 07-23~0,0,0,0 08-06~1,0,0,0 08-05~0,0,0,0 05-28~0,0,0,0 07-20~0,0,0,0 05-23~0,0,0,0 08-19~0,0,0,0 06-19~0,0,0,0 05-07~0,0,0,0 08-18~0,0,0,0 06-28~0,0,0,0 07-03~0,0,0,0 08-26~0,0,0,0 06-15~0,0,0,0 08-03~1,0,0,0 06-30~0,0,0,0 07-26~0,0,0,0 05-17~0,0,0,0 06-09~0,0,0,0 08-08~0,0,0,0 05-25~0,0,0,0 05-19~0,0,0,0 06-07~0,0,0,0 07-11~0,0,2,2 07-13~0,0,1,0 06-05~0,0,2,1 09-01~0,0,0,0 08-17~0,0,0,0 06-24~0,0,0,0 2026-07M~0,0,0,0 06-29~0,0,0,0 08-14~0,0,0,0 06-27~0,0,0,0 09-02~1,1,0,0 07-31~0,0,0,0 2026-05M~0,0,0,0 07-29~0,0,0,0 05-21~0,0,0,0 07-05~0,0,0,0 08-20~0,0,0,0 06-13~0,0,0,0 05-13~0,0,0,0 08-11~0,0,0,0 06-22~0,0,0,0 08-28~0,0,0,0 05-05~0,0,0,0 all~8,3,17,13 07-24~0,0,1,1 08-01~0,0,0,0 05-15~0,0,0,0 2026-09M~1,1,0,0 2026-09~1,1,0,0 06-17~0,0,0,0 05-09~0,0,0,0 08-24~0,0,0,0 07-01~0,0,0,0 06-06~0,0,0,0 05-18~0,0,0,0 07-10~0,0,0,0 05-14~0,0,1,1 06-08~0,0,0,0 05-16~0,0,0,0 05-27~0,0,0,0 07-09~0,0,0,0 05-01~0,0,0,0 06-25~0,0,0,0 08-16~0,0,0,0 07-02~0,0,0,0 06-14~0,0,0,0 08-27~0,0,1,1 05-03~0,0,0,0 05-06~0,0,0,0 06-18~0,0,0,0
Ivory Coast|08-24~0,0,0,0 05-21~0,0,0,0 06-05~0,0,0,0 07-25~0,0,0,0 2026-06M~0,0,0,0 08-03~0,0,0,0 07-14~0,0,0,0 06-08~0,0,0,0 05-06~0,0,0,0 07-28~0,0,0,0 2026-09M~0,0,0,0 07-24~0,0,0,0 06-03~0,0,0,0 05-31~0,0,0,0 2026-05~0,0,1,0 07-18~0,0,0,0 06-10~0,0,0,0 07-20~0,0,0,0 06-30~0,0,0,0 05-05~0,0,0,0 08-16~0,0,0,0 07-01~0,0,0,0 05-13~0,0,0,0 05-23~0,0,0,0 07-23~0,0,0,0 05-30~0,0,0,0 2026-08~0,0,0,0 all~2,0,10,9 07-08~0,0,0,0 05-14~0,0,0,0 06-18~0,0,0,0 05-16~0,0,0,0 06-21~0,0,0,0 06-13~0,0,0,0 07-30~0,0,0,0 08-27~0,0,0,0 06-23~0,0,0,0 05-18~0,0,0,0 09-01~0,0,0,0 06-16~0,0,0,0 06-01~0,0,0,0 07-11~0,0,0,0 08-06~0,0,0,0 08-04~0,0,0,0 07-13~0,0,0,0 2026-08M~0,0,0,0 06-20~0,0,0,0 05-12~0,0,0,0 07-26~0,0,0,0 08-31~0,0,0,0 05-25~0,0,0,0 08-17~0,0,0,0 05-08~0,0,0,0 06-06~0,0,1,1 08-18~0,0,0,0 06-02~0,0,0,0 05-04~0,0,0,0 05-09~0,0,0,0 06-07~0,0,0,0 08-19~0,0,0,0 05-29~0,0,0,0 06-27~0,0,0,0 06-04~0,0,1,1 08-22~0,0,0,0 06-09~0,0,0,0 05-07~0,0,0,0 08-25~0,0,0,0 08-09~0,0,0,0 07-17~0,0,0,0 07-15~0,0,0,0 08-02~0,0,0,0 07-16~0,0,0,0 08-01~0,0,0,0 07-04~0,0,0,0 08-13~0,0,0,0 08-29~0,0,0,0 08-21~0,0,0,0 06-28~1,0,0,0 05-26~0,0,0,0 08-12~0,0,0,0 07-05~0,0,0,0 08-11~0,0,0,0 07-06~0,0,0,0 05-10~0,0,0,0 08-15~0,0,0,0 07-02~0,0,0,0 08-30~0,0,0,0 07-27~0,0,0,0 08-23~0,0,0,0 07-03~0,0,0,0 08-14~0,0,0,0 06-11~0,0,0,0 08-07~0,0,0,0 07-10~0,0,0,0 08-28~0,0,0,0 07-21~0,0,0,0 05-03~0,0,0,0 05-02~0,0,0,0 07-07~0,0,0,0 08-10~0,0,0,0 05-11~0,0,0,0 07-09~0,0,0,0 06-19~0,0,0,0 05-17~0,0,1,0 08-08~0,0,0,0 05-15~0,0,0,0 06-22~0,0,0,0 2026-09~0,0,0,0 07-22~0,0,0,0 07-29~0,0,0,0 05-24~0,0,0,0 07-12~0,0,0,0 08-05~0,0,0,0 2026-06~1,0,4,3 05-19~0,0,0,0 06-17~0,0,1,0 06-14~0,0,1,1 05-01~0,0,0,0 2026-07M~0,0,0,0 06-12~0,0,0,0 05-28~0,0,0,0 06-26~0,0,0,0 07-19~0,0,0,0 05-20~0,0,0,0 06-25~0,0,0,0 05-22~0,0,0,0 06-29~0,0,0,0 05-27~0,0,0,0 2026-07~0,0,1,1 08-26~0,0,0,0 07-31~0,0,0,0 08-20~0,0,0,0 09-02~0,0,0,0 06-15~0,0,0,0 2026-05M~0,0,0,0
Japan|2026-09M~0,0,0,0 08-03~0,0,0,0 06-30~0,0,0,0 07-26~0,0,0,0 06-11~0,0,0,0 08-22~0,0,0,0 07-07~0,0,0,0 2026-06M~0,0,1,0 06-28~0,0,0,0 07-12~0,0,0,0 06-04~0,0,0,0 07-03~0,0,0,0 08-26~0,0,0,0 06-15~0,0,0,0 08-05~0,0,0,0 05-28~0,0,0,0 07-20~0,0,0,0 08-11~0,0,0,0 06-22~0,0,0,0 06-19~0,0,0,0 05-07~0,0,0,0 08-28~0,0,0,0 05-05~0,0,0,0 07-23~1,0,0,0 08-06~0,0,1,1 06-20~0,0,2,2 08-13~0,0,0,0 07-18~1,0,0,0 05-10~0,0,0,0 06-17~1,0,0,0 05-09~0,0,0,0 08-24~0,0,0,0 07-01~0,0,0,0 07-04~1,0,1,0 06-12~0,0,1,1 08-21~0,0,0,0 06-06~0,0,0,0 05-18~0,0,2,1 07-10~0,0,1,0 all~9,0,38,30 2026-07M~0,0,0,0 07-09~0,0,1,1 05-01~0,0,0,0 2026-09~0,0,0,0 08-19~0,0,2,2 07-02~0,0,0,0 06-14~0,0,0,0 08-27~0,0,0,0 08-18~0,0,0,0 08-25~0,0,0,0 05-08~0,0,0,0 06-16~0,0,0,0 05-29~0,0,0,0 08-04~0,0,0,0 07-21~0,0,0,0 07-13~0,0,2,2 06-05~0,0,0,0 08-08~0,0,0,0 05-25~0,0,1,1 08-14~0,0,0,0 06-27~0,0,0,0 09-02~0,0,0,0 07-31~0,0,0,0 2026-05~0,0,12,12 05-31~0,0,0,0 05-19~0,0,0,0 06-07~0,0,0,0 07-11~0,0,1,0 07-14~0,0,0,0 08-31~0,0,0,0 06-02~0,0,0,0 05-30~0,0,0,0 08-12~0,0,0,0 06-21~0,0,0,0 06-23~0,0,0,0 08-10~0,0,0,0 09-01~0,0,0,0 08-17~0,0,0,0 06-24~0,0,0,0 05-17~0,0,0,0 06-09~0,0,0,0 07-16~0,0,0,0 05-15~0,0,1,1 05-02~0,0,0,0 05-24~0,0,0,0 08-09~0,0,0,0 07-29~1,0,0,0 05-21~0,0,2,2 05-14~0,0,0,0 05-26~0,0,0,0 07-08~0,0,0,0 07-28~0,0,0,0 05-20~0,0,4,4 07-24~0,0,0,0 08-01~0,0,0,0 07-15~0,0,0,0 06-03~0,0,0,0 08-30~0,0,0,0 2026-06~3,0,6,4 05-27~0,0,0,0 06-26~0,0,1,0 08-15~0,0,0,0 07-30~0,0,0,0 05-03~0,0,0,0 07-22~0,0,1,0 08-07~0,0,0,0 05-06~0,0,0,0 06-18~0,0,0,0 05-23~0,0,0,0 07-25~0,0,1,1 06-01~0,0,1,0 07-17~0,0,0,0 08-23~0,0,0,0 06-10~0,0,0,0 07-06~0,0,0,0 07-05~0,0,0,0 08-20~0,0,0,0 06-13~0,0,0,0 05-13~0,0,0,0 2026-05M~0,0,0,0 07-19~0,0,1,1 05-11~0,0,0,0 05-22~0,0,0,0 2026-08~0,0,4,4 08-02~0,0,0,0 07-27~0,0,0,0 2026-08M~0,0,0,0 05-04~0,0,0,0 08-29~0,0,0,0 06-25~1,0,0,0 08-16~0,0,0,0 05-12~0,0,0,0 2026-07~6,0,11,7 06-29~0,0,0,0 06-08~0,0,0,0 05-16~0,0,2,2
Jordan|05-16~0,0,0,0 07-06~0,0,0,0 07-27~0,0,0,0 08-08~0,0,0,0 08-29~0,0,0,0 06-06~0,0,0,0 2026-08~0,0,0,0 08-13~0,0,0,0 08-11~0,0,0,0 08-28~0,0,0,0 08-24~0,0,0,0 05-19~0,0,0,0 08-04~0,0,0,0 05-10~0,0,0,0 2026-05M~0,0,0,0 07-23~0,0,0,0 05-05~0,0,0,0 06-18~0,0,0,0 2026-09~0,0,0,0 05-23~0,0,0,0 07-14~0,0,0,0 2026-05~0,0,0,0 07-16~0,0,0,0 06-20~0,0,0,0 07-21~0,0,0,0 05-18~0,0,0,0 05-21~0,0,0,0 2026-07~0,0,1,1 06-28~0,0,0,0 07-30~0,0,0,0 05-17~0,0,0,0 08-18~0,0,0,0 07-29~0,0,0,0 08-17~0,0,0,0 all~0,0,2,2 08-31~0,0,0,0 05-31~0,0,0,0 06-04~0,0,0,0 07-22~0,0,0,0 08-05~0,0,0,0 05-14~0,0,0,0 06-05~0,0,0,0 07-20~0,0,0,0 06-19~0,0,0,0 07-01~0,0,0,0 06-15~0,0,0,0 07-11~0,0,1,1 06-09~0,0,0,0 07-19~0,0,0,0 06-01~0,0,0,0 07-31~0,0,0,0 06-29~0,0,0,0 05-25~0,0,0,0 08-27~0,0,0,0 07-18~0,0,0,0 07-17~0,0,0,0 08-15~0,0,0,0 05-04~0,0,0,0 07-15~0,0,0,0 05-11~0,0,0,0 05-29~0,0,0,0 07-12~0,0,0,0 08-25~0,0,0,0 06-27~0,0,0,0 05-12~0,0,0,0 08-16~0,0,0,0 08-01~0,0,0,0 06-25~0,0,0,0 06-14~0,0,0,0 05-28~0,0,0,0 06-11~0,0,0,0 07-09~0,0,0,0 05-24~0,0,0,0 06-24~0,0,0,0 06-16~0,0,0,0 07-28~0,0,0,0 06-30~0,0,0,0 07-08~0,0,0,0 06-10~0,0,0,0 08-03~0,0,0,0 07-04~0,0,0,0 08-07~0,0,0,0 2026-09M~0,0,0,0 08-06~0,0,0,0 06-03~0,0,0,0 06-17~0,0,0,0 06-08~0,0,0,0 07-10~0,0,0,0 08-22~0,0,0,0 08-10~0,0,0,0 07-02~0,0,0,0 2026-08M~0,0,0,0 06-13~0,0,1,1 07-05~0,0,0,0 08-02~0,0,0,0 05-08~0,0,0,0 07-26~0,0,0,0 07-25~0,0,0,0 2026-06~0,0,1,1 08-14~0,0,0,0 06-23~0,0,0,0 06-21~0,0,0,0 08-26~0,0,0,0 08-09~0,0,0,0 06-12~0,0,0,0 08-30~0,0,0,0 07-07~0,0,0,0 09-01~0,0,0,0 08-19~0,0,0,0 08-20~0,0,0,0 05-06~0,0,0,0 2026-06M~0,0,0,0 06-02~0,0,0,0 06-22~0,0,0,0 08-21~0,0,0,0 08-23~0,0,0,0 08-12~0,0,0,0 05-27~0,0,0,0 05-30~0,0,0,0 2026-07M~0,0,0,0 05-01~0,0,0,0 06-07~0,0,0,0 05-09~0,0,0,0 05-26~0,0,0,0 06-26~0,0,0,0
Kazakhstan|08-31~0,0,0,0 05-05~0,0,0,0 07-26~0,0,0,0 08-19~0,0,0,0 2026-05~0,0,0,0 07-28~0,0,0,0 08-06~0,0,0,0 07-23~0,0,0,0 08-20~0,0,0,0 2026-09M~0,0,0,0 08-24~0,0,0,0 2026-08~0,0,0,0 08-13~0,0,0,0 06-13~0,0,0,0 08-17~0,0,0,0 2026-05M~0,0,0,0 07-30~0,0,0,0 08-26~0,0,0,0 06-15~0,0,0,0 07-31~0,0,0,0 08-30~0,0,0,0 07-01~0,0,0,0 08-28~0,0,0,0 08-01~0,0,0,0 07-02~0,0,0,0 07-03~0,0,0,0 07-27~0,0,0,0 2026-07M~0,0,0,0 08-18~0,0,0,0 07-24~0,0,0,0 2026-06M~0,0,0,0 08-12~0,0,0,0 06-25~0,0,0,0 07-09~0,0,0,0 07-29~0,0,0,0 07-08~0,0,0,0 06-26~0,0,0,0 07-04~0,0,0,0 08-05~0,0,0,0 all~0,0,1,1 08-23~0,0,0,0 2026-06~0,0,0,0 05-21~0,0,0,0 08-03~0,0,0,0 08-08~0,0,0,0 08-14~0,0,0,0 06-02~0,0,0,0 06-10~0,0,0,0 07-11~0,0,1,1 06-30~0,0,0,0 07-14~0,0,0,0 09-01~0,0,0,0 08-09~0,0,0,0 08-25~0,0,0,0 2026-07~0,0,1,1 2026-08M~0,0,0,0 09-02~0,0,0,0 08-11~0,0,0,0 06-08~0,0,0,0 08-16~0,0,0,0 07-17~0,0,0,0 06-29~0,0,0,0 07-22~0,0,0,0 05-25~0,0,0,0 05-02~0,0,0,0 08-10~0,0,0,0 08-21~0,0,0,0 08-04~0,0,0,0 08-22~0,0,0,0 08-02~0,0,0,0 08-27~0,0,0,0 06-04~0,0,0,0 2026-09~0,0,0,0 07-19~0,0,0,0 08-07~0,0,0,0
Kenya|07-18~0,0,0,0 05-10~0,0,0,0 05-31~0,0,0,0 06-16~0,0,0,0 05-08~0,0,0,0 08-25~0,0,0,0 08-09~0,0,0,0 05-24~0,0,0,0 all~1,0,2,1 08-18~0,0,0,0 05-16~0,0,0,0 06-08~0,0,0,0 05-02~0,0,0,0 06-27~0,0,0,0 08-14~0,0,0,0 07-31~0,0,0,0 09-02~0,0,0,0 08-16~0,0,0,0 06-25~0,0,0,0 05-15~0,0,0,0 07-08~0,0,0,0 06-30~0,0,0,0 08-03~0,0,0,0 07-26~0,0,0,0 06-29~0,0,0,0 05-26~0,0,0,0 06-21~0,0,0,0 08-12~0,0,0,0 07-02~0,0,0,0 08-27~0,0,0,0 06-14~0,0,0,0 08-19~0,0,0,0 07-03~0,0,0,0 06-15~0,0,0,0 08-26~0,0,0,0 06-28~0,0,0,0 06-09~0,0,0,0 05-17~0,0,0,0 05-25~0,0,0,0 08-08~0,0,0,0 07-13~0,0,0,0 06-05~0,0,0,0 05-07~0,0,0,0 06-19~0,0,0,0 08-22~0,0,0,0 06-11~0,0,0,0 07-07~0,0,0,0 05-27~0,0,0,0 05-22~0,0,0,0 06-10~0,0,0,0 08-23~0,0,0,0 07-06~0,0,0,0 07-09~0,0,0,0 05-01~0,0,0,0 05-03~0,0,0,0 08-29~0,0,0,0 05-04~0,0,0,0 08-04~0,0,0,0 05-29~0,0,0,0 07-21~0,0,0,0 07-28~0,0,0,0 05-20~0,0,0,0 2026-07~0,0,0,0 07-23~0,0,0,0 08-06~0,0,0,0 06-22~0,0,0,0 08-11~0,0,0,0 07-12~0,0,0,0 06-04~0,0,0,0 2026-09M~0,0,0,0 06-01~0,0,0,0 07-17~0,0,0,0 07-22~0,0,0,0 08-07~0,0,0,0 05-18~0,0,0,0 06-06~0,0,0,0 07-10~0,0,0,0 08-13~0,0,0,0 06-20~0,0,0,0 07-16~0,0,0,0 2026-06~0,0,1,1 2026-05~0,0,1,0 05-12~0,0,0,0 05-23~0,0,0,0 2026-05M~0,0,0,0 07-05~0,0,0,0 06-13~0,0,0,0 08-20~0,0,0,0 06-07~0,0,0,0 05-19~0,0,0,0 07-11~0,0,0,0 06-18~0,0,0,0 05-06~0,0,0,0 08-10~0,0,0,0 06-23~0,0,0,0 05-14~0,0,0,0 08-15~0,0,0,0 06-26~0,0,0,0 07-30~0,0,0,0 07-15~0,0,0,0 08-30~0,0,0,0 06-03~0,0,0,0 2026-09~0,0,0,0 05-13~0,0,0,0 07-29~0,0,0,0 05-21~0,0,0,0 05-30~0,0,1,0 07-25~0,0,0,0 08-02~0,0,0,0 07-27~0,0,0,0 2026-07M~0,0,0,0 07-14~0,0,0,0 06-02~0,0,0,0 08-31~0,0,0,0 07-19~0,0,0,0 05-11~0,0,0,0 2026-08M~0,0,0,0 09-01~0,0,0,0 06-24~0,0,0,0 08-17~0,0,0,0 07-04~0,0,0,0 08-21~0,0,0,0 06-12~0,0,0,0 05-05~0,0,0,0 08-28~0,0,0,0 07-24~0,0,0,0 08-01~0,0,0,0 2026-08~0,0,0,0 2026-06M~0,0,0,0 08-24~0,0,0,0 05-09~0,0,0,0 06-17~0,0,0,0 07-01~0,0,0,0 05-28~0,0,0,0 08-05~0,0,0,0 07-20~0,0,0,0
Kosovo|08-06~1,0,0,0 05-25~0,0,0,0 07-14~1,0,0,0 09-02~0,0,0,0 08-18~0,0,0,0 05-28~0,0,0,0 05-08~0,0,0,0 05-11~0,0,0,0 08-20~0,0,1,1 08-22~0,0,0,0 05-06~0,0,0,0 07-01~0,0,0,0 06-19~0,0,0,0 08-17~0,0,0,0 all~8,0,12,9 08-04~0,0,0,0 05-23~0,0,0,0 2026-09~0,0,0,0 08-19~0,0,0,0 09-01~0,0,0,0 07-10~0,0,2,1 06-08~0,0,0,0 2026-07M~0,0,0,0 05-30~0,0,0,0 2026-05M~0,0,0,0 05-10~0,0,0,0 05-05~0,0,0,0 07-27~0,0,0,0 2026-09M~0,0,0,0 06-04~0,0,0,0 06-06~0,0,0,0 07-30~0,0,0,0 06-28~0,0,0,0 08-08~0,0,0,0 07-25~0,0,0,0 05-26~0,0,0,0 06-13~0,0,0,0 07-12~0,0,0,0 05-12~0,0,0,0 07-17~0,0,0,0 07-03~0,0,0,0 05-24~0,0,0,0 08-29~0,0,0,0 08-09~0,0,0,0 06-02~0,0,0,0 08-24~0,0,0,0 08-02~0,0,0,0 05-02~0,0,0,0 06-09~0,0,0,0 07-11~0,0,0,0 05-27~0,0,0,0 07-13~0,0,4,2 06-18~0,0,0,0 06-26~0,0,0,0 07-22~0,0,0,0 05-19~0,0,0,0 07-02~0,0,0,0 07-07~0,0,0,0 05-16~0,0,0,0 08-14~0,0,0,0 07-24~0,0,0,0 08-26~0,0,0,0 07-26~0,0,0,0 2026-08~2,0,2,2 05-22~0,0,0,0 07-21~0,0,0,0 08-16~0,0,0,0 05-31~0,0,0,0 06-14~1,0,0,0 2026-08M~0,0,0,0 05-21~0,0,0,0 05-07~0,0,0,0 08-25~0,0,0,0 07-05~0,0,0,0 06-16~0,0,0,0 06-01~0,0,0,0 07-19~1,0,0,0 06-27~0,0,0,0 06-22~0,0,0,0 05-17~0,0,0,0 06-17~0,0,0,0 06-25~0,0,0,0 06-03~0,0,0,0 08-01~0,0,0,0 06-23~0,0,0,0 08-30~0,0,0,0 07-06~0,0,0,0 05-09~0,0,0,0 06-30~0,0,0,0 07-28~0,0,0,0 06-24~0,0,0,0 07-23~0,0,0,0 05-18~0,0,0,0 08-28~0,0,0,0 08-11~0,0,0,0 07-18~0,0,2,0 08-23~1,0,0,0 06-29~0,0,0,0 07-31~0,0,0,0 2026-05~0,0,0,0 06-05~0,0,0,0 06-20~0,0,0,0 08-31~0,0,1,1 07-04~0,0,0,0 05-29~0,0,0,0 07-15~0,0,0,0 07-16~1,0,0,0 08-27~0,0,0,0 06-10~0,0,0,0 07-08~1,0,0,0 2026-07~5,0,9,6 05-04~0,0,0,0 06-12~0,0,0,0 08-15~0,0,0,0 06-21~0,0,0,0 08-03~0,0,0,0 08-13~0,0,0,0 05-20~0,0,0,0 2026-06M~0,0,0,0 05-01~0,0,0,0 06-07~0,0,0,0 05-13~0,0,0,0 07-29~0,0,0,0 07-20~0,0,0,0 07-09~1,0,1,0 06-11~0,0,0,0 08-12~0,0,0,0 08-10~0,0,0,0 08-21~0,0,0,0 08-07~0,0,0,0 05-14~0,0,0,0 08-05~0,0,0,0 05-03~0,0,0,0 05-15~0,0,0,0 2026-06~1,0,0,0 06-15~0,0,0,0
Kuwait|05-11~0,0,0,0 05-14~0,0,0,0 08-21~0,0,0,0 06-01~0,0,0,0 07-19~0,0,0,0 05-23~0,0,0,0 2026-09~0,0,0,0 06-16~0,0,0,0 2026-05~0,0,0,0 05-17~0,0,0,0 08-18~0,0,0,0 07-15~0,0,0,0 07-17~0,0,0,0 07-22~0,0,0,0 07-02~0,0,0,0 05-07~0,0,0,0 06-29~0,0,0,0 07-31~0,0,0,0 05-28~0,0,0,0 08-25~0,0,0,0 08-06~0,0,0,0 08-12~0,0,0,0 06-13~0,0,0,0 08-29~0,0,0,0 05-02~0,0,0,0 08-05~0,0,0,0 06-25~0,0,0,0 05-09~0,0,0,0 08-10~0,0,0,0 2026-09M~0,0,0,0 08-27~0,0,0,0 08-22~0,0,0,0 06-27~0,0,0,0 05-15~0,0,0,0 06-04~0,0,0,0 06-06~0,0,0,0 06-24~0,0,0,0 05-06~0,0,0,0 2026-07~0,0,1,0 06-09~0,0,0,0 07-11~0,0,0,0 09-02~0,0,0,0 08-24~0,0,0,0 07-03~0,0,0,0 05-12~0,0,0,0 06-14~0,0,0,0 05-16~0,0,0,0 08-26~0,0,0,0 08-07~0,0,0,0 05-13~0,0,0,0 06-15~0,0,0,0 08-17~0,0,0,0 all~1,1,2,1 05-25~0,0,0,0 06-23~0,0,0,0 2026-05M~0,0,0,0 05-10~0,0,0,0 2026-07M~0,0,0,0 05-30~0,0,0,0 07-21~0,0,0,0 08-11~0,0,0,0 07-13~0,0,0,0 05-24~0,0,0,0 06-02~0,0,0,0 08-13~0,0,0,0 07-29~0,0,0,0 08-14~0,0,0,0 07-23~0,0,0,0 07-18~0,0,0,0 06-03~0,0,0,0 07-10~0,0,0,0 06-08~0,0,0,0 08-30~0,0,0,0 07-07~0,0,0,0 05-26~0,0,0,0 05-21~0,0,0,0 08-08~0,0,0,0 2026-08M~0,0,0,0 07-06~0,0,0,0 07-05~0,0,0,0 08-02~0,0,0,0 05-04~0,0,0,0 07-01~0,0,0,0 06-19~0,0,0,0 2026-06~1,1,1,1 05-31~0,0,0,0 06-20~0,0,0,0 05-27~0,0,0,0 06-18~0,0,0,0 08-09~0,0,0,0 08-16~0,0,0,0 06-05~0,0,0,0 07-24~0,0,0,0 07-16~0,0,0,0 05-19~0,0,0,0 05-18~0,0,0,0 08-04~0,0,0,0 06-30~0,0,1,1 07-28~0,0,0,0 08-28~0,0,0,0 07-09~0,0,0,0 06-11~1,0,0,0 08-03~0,0,0,0 07-04~0,0,0,0 05-05~0,0,0,0 06-12~0,0,0,0 08-31~0,0,0,0 05-03~0,0,0,0 08-20~0,0,0,0 08-23~0,0,0,0 07-12~0,0,0,0 05-01~0,0,0,0 06-26~0,0,0,0 05-29~0,0,0,0 07-20~0,0,0,0 2026-08~0,0,0,0 05-22~0,0,0,0 06-17~0,0,0,0 08-01~0,0,0,0 06-07~0,0,0,0 07-26~0,0,0,0 05-20~0,0,0,0 2026-06M~0,0,0,0 05-08~0,0,0,0 06-22~0,0,0,0 08-15~0,0,0,0 07-27~0,0,1,0 07-25~0,0,0,0 07-14~0,0,0,0 06-10~0,0,0,0 07-08~0,0,0,0 06-21~0,0,0,0 07-30~0,0,0,0 06-28~0,0,0,0 08-19~0,0,0,0 09-01~0,0,0,0
Laos|2026-05~0,0,0,0 06-10~0,0,0,0 09-01~0,0,0,0 07-17~0,0,0,0 05-26~0,0,0,0 05-31~0,0,0,0 05-10~0,0,0,0 05-12~0,0,0,0 08-14~0,0,0,0 06-24~0,0,0,0 05-28~0,0,0,0 07-02~0,0,0,0 05-11~0,0,0,0 06-16~0,0,0,0 05-13~0,0,0,0 08-29~0,0,0,0 07-13~0,0,0,0 06-05~0,0,0,0 06-03~0,0,0,0 07-30~0,0,1,0 06-25~0,0,0,0 06-30~0,0,0,0 07-24~0,0,0,0 08-25~0,0,0,0 08-27~0,0,0,0 2026-07M~0,0,0,0 08-09~0,0,0,0 05-02~0,0,0,0 06-29~0,0,0,0 2026-06~0,0,1,0 07-26~0,0,0,0 06-13~0,0,0,0 07-08~0,0,0,0 07-11~0,0,0,0 06-27~0,0,0,0 07-14~0,0,0,0 06-11~0,0,0,0 05-23~0,0,0,0 05-21~0,0,0,0 05-03~0,0,0,0 07-19~0,0,0,0 08-23~0,0,0,0 05-08~0,0,0,0 08-16~0,0,0,0 07-12~0,0,0,0 08-28~0,0,0,0 2026-06M~0,0,0,0 08-17~0,0,0,0 07-10~0,0,1,1 07-31~0,0,0,0 07-03~0,0,0,0 08-07~0,0,0,0 07-21~0,0,0,0 05-04~0,0,0,0 08-13~0,0,0,0 07-29~0,0,0,0 07-01~0,0,0,0 07-04~0,0,0,0 06-23~0,0,0,0 07-28~0,0,0,0 08-12~0,0,0,0 07-27~0,0,0,0 06-06~0,0,0,0 06-02~0,0,0,0 05-25~0,0,0,0 07-25~0,0,0,0 05-16~0,0,0,0 06-17~0,0,0,0 08-18~0,0,0,0 07-22~0,0,0,0 06-04~0,0,0,0 05-27~0,0,0,0 05-24~0,0,0,0 all~0,0,6,4 06-14~0,0,0,0 06-09~0,0,0,0 07-06~0,0,0,0 2026-08~0,0,2,2 08-20~0,0,1,1 08-06~0,0,0,0 08-03~0,0,0,0 06-22~0,0,0,0 08-04~0,0,0,0 08-22~0,0,0,0 07-18~0,0,0,0 08-02~0,0,0,0 07-05~0,0,0,0 05-07~0,0,0,0 09-02~0,0,0,0 08-11~0,0,0,0 08-05~0,0,0,0 07-20~0,0,0,0 05-22~0,0,0,0 2026-09~0,0,0,0 06-01~0,0,0,0 08-21~0,0,0,0 05-29~0,0,0,0 08-08~0,0,0,0 05-15~0,0,0,0 05-17~0,0,0,0 08-24~0,0,0,0 08-01~0,0,0,0 07-07~0,0,0,0 07-16~0,0,0,0 07-15~0,0,0,0 08-31~0,0,0,0 06-18~0,0,0,0 05-01~0,0,0,0 06-08~0,0,0,0 07-09~0,0,0,0 2026-05M~0,0,0,0 05-30~0,0,0,0 2026-09M~0,0,0,0 05-09~0,0,0,0 05-20~0,0,0,0 05-19~0,0,0,0 06-15~0,0,0,0 08-26~0,0,0,0 05-05~0,0,0,0 06-26~0,0,1,0 08-10~0,0,0,0 2026-08M~0,0,0,0 05-14~0,0,0,0 06-28~0,0,0,0 07-23~0,0,0,0 08-19~0,0,0,0 08-30~0,0,0,0 05-18~0,0,0,0 05-06~0,0,0,0 06-21~0,0,0,0 06-07~0,0,0,0 08-15~0,0,0,0 2026-07~0,0,3,2 06-20~0,0,0,0 06-19~0,0,0,0
Latvia|08-28~0,0,0,0 08-30~0,0,0,0 06-16~0,0,0,0 07-25~0,0,0,0 08-02~0,0,0,0 08-31~0,0,0,0 08-09~0,0,0,0 07-03~0,0,0,0 05-06~0,0,0,0 07-23~0,0,0,0 06-22~0,0,0,0 08-14~0,0,0,0 07-01~0,0,0,0 06-19~0,0,0,0 08-01~0,0,0,0 08-26~0,0,0,0 08-19~0,0,1,1 09-01~0,0,0,0 06-10~0,0,0,0 07-08~0,0,0,0 06-03~0,0,0,0 06-05~0,0,0,0 05-18~0,0,0,0 06-23~0,0,0,0 08-17~0,0,0,0 all~2,0,6,4 07-15~0,0,0,0 06-15~0,0,0,0 05-20~0,0,0,0 2026-06M~0,0,1,1 06-18~0,0,0,0 06-21~0,0,0,0 05-28~0,0,0,0 08-12~0,0,0,0 06-17~0,0,0,0 08-18~0,0,0,0 07-13~0,0,0,0 05-31~0,0,0,0 07-29~0,0,0,0 05-04~0,0,0,0 08-27~0,0,0,0 08-08~0,0,0,0 06-14~0,0,1,0 05-05~0,0,0,0 05-19~0,0,0,0 05-15~0,0,0,0 05-09~0,0,0,0 05-01~0,0,0,0 05-29~0,0,0,0 2026-06~0,0,2,1 2026-08M~0,0,0,0 06-25~0,0,0,0 08-03~0,0,0,0 08-29~0,0,0,0 07-14~0,0,0,0 07-18~0,0,0,0 08-20~0,0,0,0 06-04~0,0,0,0 07-09~0,0,0,0 06-11~0,0,0,0 06-29~0,0,0,0 07-31~0,0,0,0 06-02~0,0,0,0 05-27~0,0,0,0 06-12~0,0,0,0 07-17~0,0,0,0 08-25~0,0,0,0 05-25~0,0,0,0 05-14~0,0,0,0 07-30~0,0,0,0 06-28~0,0,0,0 05-11~0,0,0,0 06-24~0,0,0,0 08-04~0,0,1,1 05-24~0,0,0,0 05-16~0,0,0,0 2026-07M~0,0,0,0 05-30~0,0,0,0 2026-05M~0,0,0,0 05-10~0,0,0,0 09-02~0,0,0,0 2026-07~1,0,1,0 07-26~0,0,0,0 07-22~0,0,0,0 05-03~0,0,0,0 05-17~0,0,0,0 08-15~0,0,0,0 05-08~0,0,0,0 08-22~0,0,0,0 08-24~0,0,0,0 06-07~0,0,0,0 08-21~0,0,0,0 08-07~0,0,0,0 08-06~0,0,0,0 07-04~0,0,0,0 05-13~0,0,0,0 07-27~0,0,0,0 07-10~0,0,0,0 06-08~0,0,0,0 2026-05~0,0,0,0 07-02~0,0,0,0 07-12~0,0,1,0 05-23~0,0,0,0 2026-09~0,0,0,0 07-06~1,0,0,0 07-16~0,0,0,0 05-21~0,0,0,0 05-12~0,0,0,0 07-20~0,0,0,0 06-13~0,0,0,0 08-13~0,0,0,0 08-10~0,0,0,0 08-05~0,0,0,0 08-23~0,0,0,0 07-24~0,0,0,0 2026-09M~0,0,0,0 06-06~0,0,0,0 08-16~0,0,0,0 06-20~0,0,0,0 05-02~0,0,0,0 2026-08~0,0,2,2 05-22~0,0,0,0 06-27~0,0,0,0 07-05~0,0,0,0 06-30~0,0,0,0 07-28~0,0,0,0 06-01~0,0,1,1 07-19~0,0,0,0 05-07~0,0,0,0 07-21~0,0,0,0 06-09~0,0,0,0 07-11~0,0,0,0 08-11~0,0,0,0 06-26~0,0,0,0 07-07~0,0,0,0 05-26~0,0,0,0
Lebanon|06-01~0,0,0,0 07-19~0,0,0,0 05-04~0,0,0,0 05-09~0,0,0,0 07-24~0,0,0,0 05-05~0,0,0,0 07-05~0,0,0,0 07-07~0,0,0,0 2026-07~0,0,2,2 06-27~0,0,0,0 06-25~0,0,0,0 05-20~0,0,0,0 07-04~0,0,0,0 05-01~0,0,0,0 06-10~0,0,0,0 07-08~0,0,0,0 2026-05~0,0,2,1 06-30~0,0,0,0 07-28~0,0,0,0 05-12~0,0,0,0 06-03~0,0,0,0 05-02~0,0,0,0 07-06~0,0,0,0 2026-08M~0,0,0,0 07-21~0,0,0,0 08-03~0,0,0,0 08-01~0,0,0,0 05-28~0,0,0,0 07-17~0,0,0,0 05-23~0,0,0,0 2026-09~0,0,0,0 08-14~0,0,0,0 08-08~0,0,0,0 07-15~0,0,0,0 05-26~0,0,0,0 07-16~0,0,0,0 05-07~0,0,0,0 08-05~0,0,0,0 06-23~0,0,0,0 06-05~0,0,0,0 08-30~0,0,0,0 07-29~0,0,0,0 05-13~0,0,0,0 07-26~0,0,0,0 2026-08~0,0,1,1 08-31~0,0,0,0 07-27~0,0,0,0 08-21~0,0,0,0 06-09~0,0,0,0 07-11~0,0,0,0 08-18~0,0,0,0 06-13~0,0,0,0 06-21~0,0,0,0 05-14~0,0,0,0 07-30~0,0,0,0 06-28~0,0,0,0 07-03~0,0,0,0 2026-07M~0,0,0,0 07-09~0,0,0,0 06-11~0,0,0,0 08-13~0,0,0,0 06-29~0,0,0,0 07-31~0,0,0,0 06-22~0,0,0,0 09-02~0,0,0,0 05-11~0,0,0,0 08-11~0,0,0,0 08-06~0,0,0,0 08-20~0,0,0,0 05-19~0,0,0,0 08-25~0,0,0,0 05-30~0,0,0,0 08-10~0,0,0,0 08-22~0,0,0,0 08-04~0,0,0,0 06-06~0,0,0,0 08-24~0,0,0,0 2026-09M~0,0,0,0 08-28~0,0,0,0 05-06~0,0,0,0 08-19~0,0,0,0 09-01~0,0,0,0 07-12~0,0,0,0 08-23~0,0,0,0 05-21~0,0,0,0 05-16~0,0,0,0 all~1,0,8,7 05-10~0,0,0,0 06-16~0,0,0,0 08-07~0,0,0,0 06-24~0,0,1,0 05-15~0,0,0,0 06-18~0,0,0,0 07-02~0,0,0,0 08-02~0,0,0,0 08-27~0,0,0,0 07-23~0,0,0,0 08-29~0,0,0,0 07-20~0,0,0,0 2026-06~1,0,3,2 05-29~0,0,0,0 08-09~0,0,0,0 2026-06M~0,0,0,0 06-20~0,0,0,0 08-17~0,0,0,0 07-14~0,0,1,1 05-03~0,0,0,0 08-15~0,0,0,0 06-12~0,0,0,0 05-08~0,0,0,0 07-25~0,0,0,0 08-26~0,0,0,0 06-04~0,0,0,0 06-14~0,0,0,0 05-27~0,0,0,0 05-24~0,0,0,0 05-31~0,0,0,0 05-17~0,0,0,0 2026-05M~0,0,0,0 05-22~0,0,0,0 07-10~0,0,0,0 06-08~0,0,0,0 07-01~0,0,0,0 06-19~0,0,0,0 08-16~0,0,0,0 06-15~0,0,0,0 06-17~0,0,0,0 06-26~0,0,0,0 07-18~0,0,0,0 07-22~0,0,0,0 07-13~0,0,0,0 06-02~0,0,0,0 06-07~0,0,0,0 05-18~0,0,1,1 05-25~0,0,0,0 08-12~0,0,0,0
Lesotho|07-24~0,0,0,0 2026-06~0,0,1,0 06-29~0,0,0,0 06-27~0,0,0,0 07-01~0,0,0,0 all~0,0,1,0 2026-07~0,0,0,0 06-26~0,0,0,0 06-28~0,0,0,0 07-30~0,0,0,0 2026-07M~0,0,0,0 06-30~0,0,1,0 07-02~0,0,0,0
Libya|07-04~0,0,0,0 08-21~0,0,0,0 06-12~0,0,0,0 2026-08M~0,0,0,0 05-26~0,0,0,0 05-31~0,0,0,0 07-18~0,0,0,0 05-10~0,0,0,0 07-22~0,0,0,0 08-07~0,0,0,0 05-28~0,0,0,0 08-05~0,0,0,0 07-20~0,0,0,0 07-19~0,0,0,0 05-11~0,0,0,0 07-15~0,0,0,0 08-30~0,0,0,0 06-03~0,0,0,0 08-10~0,0,0,0 06-23~0,0,0,0 06-10~0,0,0,0 08-23~0,0,0,0 07-06~0,0,0,0 05-13~0,0,0,0 08-19~0,0,0,0 2026-06~0,0,1,1 2026-08~0,0,0,0 07-08~0,0,0,0 05-23~0,0,0,0 07-29~0,0,0,0 05-21~0,0,0,0 05-03~0,0,0,0 06-30~0,0,0,0 08-03~0,0,0,0 07-26~0,0,0,0 06-16~0,0,0,0 05-08~0,0,0,0 08-25~0,0,0,0 06-22~0,0,0,0 08-11~0,0,0,0 2026-09~0,0,0,0 08-29~0,0,0,0 05-04~0,0,0,0 2026-06M~0,0,0,0 07-16~0,0,0,0 07-24~0,0,0,0 08-01~0,0,0,0 05-25~0,0,0,0 08-08~0,0,0,0 06-08~0,0,0,0 07-14~0,0,0,0 06-02~0,0,0,0 08-31~0,0,0,0 05-27~0,0,0,0 05-24~0,0,0,0 08-02~0,0,0,0 07-27~0,0,0,0 08-15~0,0,0,0 06-26~0,0,0,0 07-30~0,0,0,0 2026-07M~0,0,0,0 07-03~0,0,0,0 06-15~0,0,0,0 08-26~0,0,0,0 06-27~0,0,0,0 08-14~0,0,0,0 07-31~0,0,0,0 09-02~0,0,0,0 09-01~0,0,0,0 06-24~0,0,0,0 08-17~0,0,0,0 08-13~0,0,0,0 06-20~0,0,1,1 05-07~0,0,0,0 06-19~0,0,0,0 06-21~0,0,0,0 08-12~0,0,0,0 05-22~0,0,0,0 07-13~0,0,0,0 06-05~0,0,0,0 08-04~0,0,0,0 05-29~0,0,0,0 07-21~0,0,0,0 05-15~0,0,0,0 06-09~0,0,0,0 05-17~0,0,0,0 2026-07~0,0,0,0 all~0,0,1,1 06-28~0,0,0,0 08-16~0,0,0,0 06-25~0,0,0,0 08-18~0,0,0,0 07-25~0,0,0,0 2026-09M~0,0,0,0 07-09~0,0,0,0 06-01~0,0,0,0 07-17~0,0,0,0 05-30~0,0,0,0 08-24~0,0,0,0 06-17~0,0,0,0 07-01~0,0,0,0 07-28~0,0,0,0 05-20~0,0,0,0 06-07~0,0,0,0 05-19~0,0,0,0 07-11~0,0,0,0 2026-05~0,0,0,0 08-28~0,0,0,0 05-14~0,0,0,0 05-18~0,0,0,0 07-10~0,0,0,0 07-12~0,0,0,0 06-04~0,0,0,0 07-23~0,0,0,0 08-06~0,0,0,0 07-05~0,0,0,0 06-13~0,0,0,0 08-20~0,0,0,0 06-29~0,0,0,0 06-18~0,0,0,0 05-06~0,0,0,0 08-22~0,0,0,0 06-11~0,0,0,0 07-07~0,0,0,0 07-02~0,0,0,0 08-27~0,0,0,0 06-14~0,0,0,0
Lithuania|05-20~2,1,0,0 07-25~0,0,0,0 05-07~0,0,0,0 05-02~0,0,0,0 08-16~1,1,0,0 06-17~0,0,1,1 07-18~0,0,0,0 06-21~0,0,0,0 05-01~0,0,0,0 06-23~0,0,0,0 07-03~1,0,1,1 06-19~1,0,0,0 07-01~1,1,1,0 08-22~1,1,0,0 06-20~0,0,0,0 05-09~0,0,0,0 07-14~1,1,0,0 05-11~0,0,0,0 07-27~0,0,1,0 06-22~0,0,1,0 2026-09~0,0,0,0 08-10~0,0,0,0 08-04~0,0,0,0 06-05~0,0,0,0 05-16~1,1,0,0 05-14~0,0,1,1 08-13~0,0,0,0 05-23~0,0,0,0 08-06~0,0,0,0 2026-07~11,7,11,4 08-28~0,0,0,0 08-31~0,0,0,0 07-29~0,0,1,1 08-20~0,0,0,0 05-03~0,0,0,0 06-12~0,0,1,1 07-08~0,0,0,0 06-10~0,0,0,0 all~27,18,34,20 05-10~0,0,0,0 07-07~0,0,1,1 07-21~0,0,0,0 07-15~0,0,0,0 05-04~0,0,0,0 06-02~0,0,0,0 08-30~0,0,0,0 05-08~0,0,0,0 08-11~0,0,1,1 05-05~0,0,0,0 08-23~1,1,0,0 06-03~0,0,0,0 08-01~0,0,1,0 08-09~0,0,0,0 08-21~0,0,0,0 05-06~0,0,0,0 08-24~0,0,0,0 05-26~0,0,0,0 08-08~0,0,0,0 05-21~0,0,0,0 08-07~0,0,0,0 2026-06~3,0,10,6 07-05~1,0,0,0 05-28~1,0,0,0 06-14~0,0,2,0 08-05~0,0,0,0 06-27~0,0,1,0 08-02~0,0,0,0 2026-08~5,4,5,4 06-16~0,0,1,1 06-15~0,0,0,0 07-06~0,0,0,0 2026-05~7,5,4,2 08-26~0,0,0,0 07-11~0,0,0,0 06-09~0,0,1,1 05-30~0,0,0,0 05-25~0,0,0,0 09-01~0,0,0,0 08-19~0,0,0,0 07-22~0,0,2,0 08-18~0,0,0,0 06-08~0,0,0,0 07-10~0,0,0,0 07-13~1,0,0,0 08-14~0,0,0,0 05-12~0,0,0,0 07-17~0,0,0,0 08-25~0,0,0,0 05-27~0,0,1,1 2026-06M~0,0,0,0 05-31~0,0,0,0 07-16~0,0,0,0 06-13~0,0,0,0 06-18~0,0,0,0 05-29~0,0,0,0 08-12~0,0,0,0 06-24~0,0,0,0 2026-07M~2,1,2,0 06-26~0,0,0,0 06-07~0,0,0,0 08-15~0,0,0,0 07-12~0,0,0,0 05-13~0,0,0,0 06-04~0,0,0,0 08-27~1,0,0,0 05-15~1,1,0,0 07-04~0,0,0,0 05-17~0,0,0,0 07-28~0,0,0,0 06-30~0,0,0,0 08-29~0,0,0,0 07-19~1,1,1,1 06-01~0,0,0,0 09-02~0,0,0,0 07-20~0,0,0,0 08-17~0,0,0,0 06-11~0,0,0,0 07-09~2,2,0,0 06-28~0,0,0,0 07-30~0,0,0,0 05-18~0,0,0,0 2026-09M~0,0,0,0 06-25~2,0,2,2 08-03~0,0,0,0 07-31~0,0,0,0 06-29~0,0,0,0 07-02~1,0,1,0 07-24~0,0,0,0 2026-05M~0,0,0,0 06-06~0,0,0,0 07-26~0,0,0,0 07-23~0,0,1,0 2026-08M~0,0,1,0 05-22~1,1,1,0 05-24~0,0,0,0 05-19~1,1,0,0
Luxembourg|08-31~0,0,0,0 05-05~0,0,0,0 05-30~0,0,0,0 06-20~0,0,0,0 06-23~0,0,0,0 05-01~0,0,0,0 05-16~0,0,0,0 05-13~0,0,0,0 07-26~0,0,0,0 07-25~0,0,0,0 06-16~0,0,0,0 05-08~0,0,0,0 07-16~0,0,0,0 06-24~0,0,0,0 06-27~0,0,0,0 08-19~0,0,0,0 07-28~0,0,0,0 2026-05~0,0,0,0 08-06~0,0,0,0 05-19~0,0,0,0 07-23~0,0,0,0 08-20~0,0,0,0 05-20~0,0,0,0 2026-09M~0,0,0,0 2026-08~0,0,3,3 08-24~0,0,2,2 08-13~0,0,0,0 06-13~0,0,0,0 08-17~0,0,0,0 2026-05M~0,0,0,0 07-30~0,0,1,1 08-26~0,0,0,0 06-15~0,0,0,0 07-31~0,0,0,0 05-07~0,0,0,0 08-30~0,0,0,0 07-01~0,0,0,0 07-21~0,0,0,0 05-06~0,0,0,0 07-10~0,0,0,0 05-27~0,0,0,0 08-28~0,0,0,0 08-01~0,0,0,0 07-02~0,0,0,0 05-29~0,0,0,0 07-03~0,0,0,0 06-18~0,0,0,0 07-27~0,0,0,0 2026-07M~0,0,0,0 06-22~0,0,0,0 06-03~0,0,0,0 08-18~0,0,0,0 07-24~0,0,0,0 2026-06M~0,0,1,1 07-07~0,0,0,0 08-12~0,0,0,0 05-24~0,0,0,0 06-25~0,0,0,0 07-09~0,0,0,0 05-28~0,0,0,0 07-29~0,0,0,0 07-08~0,0,0,0 05-18~0,0,0,0 06-26~0,0,0,0 07-04~0,0,0,0 08-05~0,0,0,0 05-03~0,0,0,0 07-18~1,0,0,0 06-12~0,0,0,0 06-14~0,0,0,0 08-23~0,0,0,0 2026-06~1,0,2,2 05-09~0,0,0,0 05-21~0,0,0,0 08-03~0,0,0,0 08-08~0,0,0,0 08-14~0,0,0,0 06-02~0,0,1,1 07-06~0,0,0,0 06-10~0,0,0,0 06-07~0,0,0,0 07-05~0,0,0,0 07-11~0,0,0,0 05-26~0,0,0,0 06-30~0,0,0,0 06-17~0,0,0,0 07-14~0,0,0,0 08-15~0,0,0,0 09-01~0,0,0,0 05-11~0,0,0,0 all~3,0,6,6 08-09~0,0,0,0 2026-07~1,0,1,1 08-25~0,0,0,0 06-28~0,0,0,0 06-21~1,0,1,1 2026-08M~0,0,0,0 06-19~0,0,0,0 09-02~0,0,0,0 05-12~0,0,0,0 08-11~0,0,0,0 05-15~0,0,0,0 06-08~0,0,0,0 08-16~0,0,0,0 06-06~0,0,0,0 07-17~0,0,0,0 06-29~0,0,0,0 07-20~0,0,0,0 07-22~0,0,0,0 05-10~0,0,0,0 05-25~0,0,0,0 06-05~0,0,0,0 07-15~0,0,0,0 06-11~0,0,0,0 05-02~0,0,0,0 08-10~0,0,0,0 08-21~0,0,0,0 05-04~0,0,0,0 07-12~0,0,0,0 05-17~0,0,0,0 05-23~0,0,0,0 05-31~0,0,0,0 08-04~0,0,0,0 08-29~0,0,0,0 06-09~0,0,0,0 05-14~0,0,0,0 08-22~0,0,0,0 08-02~0,0,0,0 08-27~0,0,0,0 06-04~0,0,0,0 06-01~0,0,0,0 05-22~0,0,0,0 2026-09~0,0,0,0 07-13~0,0,0,0 07-19~0,0,0,0 08-07~0,0,0,0
Madagascar|08-01~0,0,0,0 07-01~0,0,0,0 all~0,0,5,0 08-27~0,0,0,0 07-16~0,0,0,0 05-28~0,0,0,0 07-10~0,0,0,0 07-21~0,0,0,0 08-02~0,0,0,0 05-26~0,0,0,0 06-11~0,0,0,0 06-20~0,0,0,0 07-22~0,0,0,0 05-23~0,0,0,0 08-15~0,0,0,0 06-28~0,0,0,0 08-19~0,0,0,0 06-08~0,0,0,0 06-29~0,0,0,0 07-07~0,0,0,0 07-17~0,0,0,0 07-18~0,0,0,0 05-25~0,0,0,0 07-23~0,0,0,0 06-27~0,0,2,0 07-31~0,0,0,0 2026-08M~0,0,0,0 07-26~0,0,0,0 06-30~0,0,0,0 07-11~0,0,0,0 2026-06~0,0,2,0 2026-08~0,0,1,0 07-29~0,0,0,0 05-27~0,0,0,0 07-27~0,0,0,0 07-08~0,0,0,0 06-01~0,0,0,0 08-05~0,0,1,0 2026-07M~0,0,0,0 07-24~0,0,0,0 2026-06M~0,0,0,0 07-19~0,0,0,0 07-30~0,0,0,0 05-06~0,0,0,0 2026-05~0,0,1,0 07-28~0,0,0,0 2026-07~0,0,1,0 05-13~0,0,1,0 07-25~0,0,0,0 07-20~0,0,0,0
Malaysia|06-23~0,0,0,0 05-19~0,0,0,0 05-26~0,0,0,0 08-08~0,0,0,0 08-29~0,0,0,0 07-11~0,0,0,0 06-09~0,0,0,0 05-14~0,0,0,0 07-06~0,0,0,0 05-27~0,0,0,0 07-27~0,0,0,0 07-25~0,0,0,0 08-10~0,0,0,0 06-05~0,0,0,0 2026-07~0,0,1,0 06-07~0,0,0,0 05-02~0,0,0,0 07-26~0,0,0,0 05-23~0,0,0,0 2026-05M~0,0,0,0 05-17~0,0,0,0 06-12~0,0,0,0 05-30~0,0,0,0 06-21~0,0,0,0 05-20~0,0,0,0 07-24~0,0,0,0 all~0,0,5,1 09-02~0,0,1,0 07-03~0,0,0,0 08-21~0,0,0,0 08-23~0,0,0,0 05-08~0,0,0,0 05-01~0,0,0,0 08-18~0,0,0,0 05-04~0,0,0,0 2026-08M~0,0,0,0 07-14~0,0,0,0 07-16~0,0,0,0 05-25~0,0,0,0 08-27~0,0,0,0 07-19~0,0,0,0 06-01~0,0,0,0 06-27~0,0,0,0 2026-07M~0,0,0,0 08-12~0,0,0,0 06-13~0,0,0,0 05-31~0,0,0,0 2026-09M~0,0,1,0 07-04~0,0,0,0 08-13~0,0,0,0 05-16~0,0,0,0 07-05~0,0,0,0 08-03~0,0,0,0 08-17~0,0,0,0 05-18~0,0,0,0 2026-09~0,0,1,0 07-29~0,0,1,0 08-16~0,0,0,0 05-15~0,0,0,0 2026-05~0,0,2,0 09-01~0,0,0,0 08-19~0,0,1,1 06-03~0,0,0,0 07-12~0,0,0,0 2026-06M~0,0,0,0 07-21~0,0,0,0 2026-06~0,0,0,0 06-08~0,0,0,0 07-10~0,0,0,0 08-31~0,0,0,0 07-13~0,0,0,0 07-18~0,0,0,0 06-17~0,0,0,0 08-24~0,0,0,0 08-02~0,0,0,0 08-07~0,0,0,0 05-12~0,0,0,0 05-29~0,0,0,0 08-26~0,0,0,0 06-24~0,0,0,0 08-06~0,0,0,0 06-16~0,0,0,0 06-15~0,0,0,0 06-11~0,0,0,0 07-09~0,0,0,0 05-24~0,0,0,0 06-28~0,0,0,0 07-30~0,0,0,0 07-08~0,0,0,0 06-10~0,0,0,0 08-15~0,0,0,0 08-01~0,0,0,0 05-03~0,0,0,0 07-15~0,0,0,0 08-25~0,0,0,0 06-06~0,0,0,0 05-22~0,0,1,0 05-11~0,0,0,0 05-10~0,0,0,0 07-22~0,0,0,0 07-20~0,0,0,0 08-20~0,0,0,0 08-05~0,0,0,0 06-19~0,0,0,0 07-01~0,0,0,0 06-14~0,0,0,0 07-02~0,0,0,0 08-28~0,0,0,0 06-02~0,0,0,0 05-09~0,0,0,0 2026-08~0,0,1,1 05-21~0,0,0,0 07-28~0,0,0,0 06-30~0,0,0,0 07-07~0,0,0,0 08-04~0,0,0,0 06-26~0,0,0,0 08-09~0,0,0,0 07-17~0,0,0,0 05-05~0,0,0,0 05-06~0,0,0,0 05-13~0,0,1,0 05-28~0,0,0,0 08-22~0,0,0,0 08-14~0,0,0,0 07-23~0,0,0,0 06-04~0,0,0,0 06-22~0,0,0,0 06-18~0,0,0,0 07-31~0,0,0,0 06-29~0,0,0,0 06-20~0,0,0,0 06-25~0,0,0,0 08-11~0,0,0,0 05-07~0,0,0,0 08-30~0,0,0,0
Maldives|08-08~0,0,0,0 07-11~0,0,0,0 06-09~0,0,0,0 05-14~0,0,0,0 07-06~0,0,0,0 07-27~0,0,0,0 07-25~0,0,0,0 08-10~0,0,0,0 2026-08M~0,0,0,0 05-02~0,0,0,0 2026-09~0,0,0,0 07-26~0,0,0,0 05-30~0,0,0,0 05-20~0,0,0,0 07-24~0,0,0,0 2026-05~0,0,0,0 all~4,1,8,4 09-02~0,0,0,0 07-03~0,0,0,0 08-21~0,0,0,0 08-23~0,0,0,0 08-18~0,0,0,0 2026-05M~0,0,0,0 05-04~0,0,0,0 2026-06M~0,0,0,0 07-14~0,0,0,0 07-16~0,0,0,0 05-25~0,0,0,0 08-27~0,0,0,0 07-19~0,0,0,0 06-01~0,0,0,0 06-27~1,0,0,0 08-12~0,0,0,0 07-04~0,0,0,0 08-13~0,0,0,0 05-16~0,0,0,0 07-05~0,0,0,0 08-03~0,0,0,0 08-17~0,0,0,0 07-29~0,0,0,0 08-16~0,0,0,0 09-01~0,0,0,0 07-12~0,0,0,0 07-21~0,0,0,0 2026-07~1,0,1,1 07-10~0,0,1,0 08-31~0,0,0,0 07-13~0,0,0,0 07-18~0,0,0,0 06-17~0,0,0,0 08-02~0,0,0,0 08-07~0,0,0,0 05-12~0,0,0,0 08-26~0,0,0,0 08-06~0,0,0,0 06-15~0,0,0,0 06-11~0,0,1,0 07-09~0,0,0,0 06-28~0,0,2,1 07-30~0,0,0,0 07-08~1,0,1,1 08-15~0,0,0,0 08-01~0,0,0,0 05-03~0,0,0,0 07-15~0,0,0,0 08-25~0,0,0,0 05-11~0,0,0,0 05-10~0,0,0,0 07-22~0,0,0,0 07-20~0,0,0,0 08-20~0,0,0,0 08-05~0,0,0,0 06-19~0,0,0,0 07-01~0,0,0,0 2026-08~0,0,0,0 07-02~0,0,0,0 05-09~0,0,0,0 07-28~0,0,0,0 06-30~0,0,0,0 07-07~0,0,0,0 08-04~0,0,0,0 06-26~0,0,1,0 07-17~0,0,0,0 05-05~0,0,0,0 05-28~0,0,0,0 2026-09M~0,0,0,0 08-14~0,0,0,0 07-23~0,0,0,0 06-04~0,0,0,0 06-22~0,0,0,0 07-31~0,0,0,0 06-29~0,0,0,0 06-20~0,0,0,0 06-25~0,0,0,0 2026-07M~0,0,0,0 05-07~0,0,0,0 2026-06~2,0,7,3 08-30~0,0,0,0
Mali|07-16~0,0,0,0 08-06~0,0,0,0 06-30~0,0,0,0 08-08~0,0,0,0 05-18~0,0,0,0 06-19~0,0,0,0 all~0,0,3,0 06-14~0,0,0,0 07-14~0,0,0,0 09-01~0,0,0,0 05-09~0,0,0,0 2026-05~0,0,0,0 06-13~0,0,0,0 06-11~0,0,0,0 08-22~0,0,0,0 07-18~0,0,0,0 2026-09~0,0,0,0 06-26~0,0,0,0 2026-07~0,0,0,0 08-20~0,0,0,0 08-03~0,0,0,0 08-01~0,0,0,0 07-19~0,0,0,0 08-23~0,0,1,0 06-15~0,0,0,0 08-28~0,0,0,0 05-08~0,0,0,0 07-26~0,0,0,0 06-01~0,0,0,0 08-13~0,0,0,0 07-29~0,0,0,0 08-24~0,0,0,0 05-15~0,0,0,0 07-22~0,0,0,0 06-28~0,0,1,0 05-17~0,0,0,0 05-24~0,0,0,0 05-02~0,0,0,0 06-17~0,0,0,0 05-31~0,0,0,0 2026-06M~0,0,0,0 05-01~0,0,0,0 08-09~0,0,0,0 08-16~0,0,0,0 07-21~0,0,0,0 06-16~0,0,0,0 06-10~0,0,0,0 06-12~0,0,0,0 05-11~0,0,0,0 08-21~0,0,0,0 2026-05M~0,0,0,0 2026-08M~0,0,0,0 2026-09M~0,0,0,0 06-08~0,0,0,0 05-06~0,0,0,0 08-25~0,0,0,0 2026-06~0,0,1,0 05-30~0,0,0,0 2026-08~0,0,1,0 08-17~0,0,0,0 08-26~0,0,0,0 07-15~0,0,0,0
Malta|08-12~0,0,0,0 06-21~0,0,0,0 07-16~0,0,0,0 2026-05M~0,0,0,0 05-27~0,0,0,0 07-03~1,1,0,0 08-26~0,0,0,0 06-15~0,0,0,0 07-12~0,0,0,0 06-04~0,0,0,0 08-14~0,0,0,0 06-27~0,0,0,0 09-02~0,0,0,0 07-31~0,0,0,0 07-25~0,0,0,0 06-08~0,0,0,0 05-16~0,0,0,0 05-14~0,0,0,0 09-01~1,1,0,0 08-17~0,0,0,0 06-24~0,0,0,0 08-02~0,0,0,0 07-27~0,0,0,0 07-09~0,0,0,0 05-01~0,0,0,0 06-06~0,0,0,0 05-18~0,0,0,0 07-10~0,0,0,0 07-15~0,0,0,0 06-03~0,0,0,0 08-30~0,0,0,0 06-17~0,0,0,0 05-09~0,0,0,0 08-24~0,0,0,0 07-01~0,0,0,0 2026-08M~0,0,0,0 07-18~0,0,0,0 05-10~0,0,0,0 08-08~0,0,0,0 05-25~0,0,0,0 07-13~0,0,0,0 06-05~0,0,0,0 05-24~0,0,0,0 08-09~0,0,0,0 05-19~0,0,0,0 06-07~0,0,0,0 07-11~0,0,0,0 06-26~0,0,0,0 08-15~0,0,0,0 07-30~0,0,0,0 07-02~0,0,0,0 06-14~0,0,0,0 08-27~0,0,0,0 all~4,3,3,2 08-19~0,0,0,0 08-05~0,0,0,0 05-28~0,0,0,0 07-20~0,0,0,0 07-28~0,0,0,0 05-20~0,0,0,0 08-25~0,0,0,0 05-08~0,0,0,0 06-16~0,0,0,0 07-05~0,0,0,0 08-20~0,0,0,0 06-13~0,0,0,0 07-29~0,0,0,0 05-21~1,0,1,1 08-03~0,0,0,0 06-30~0,0,0,0 07-26~0,0,0,0 07-24~0,0,0,0 08-01~0,0,0,0 2026-06~0,0,0,0 07-23~0,0,0,0 08-06~0,0,0,0 05-06~0,0,0,0 06-18~0,0,0,0 06-11~0,0,0,0 08-22~0,0,0,0 07-07~0,0,0,0 05-04~0,0,0,0 08-29~0,0,0,0 05-13~0,0,0,0 08-18~0,0,0,0 05-30~0,0,0,0 08-28~0,0,0,0 05-05~0,0,0,0 06-29~0,0,0,0 07-19~0,0,0,0 05-11~0,0,0,0 05-31~0,0,0,0 06-23~0,0,0,0 08-10~0,0,1,0 07-04~0,0,0,0 06-12~0,0,0,0 08-21~0,0,0,0 05-22~0,0,0,0 06-28~0,0,0,0 05-29~0,0,0,0 08-04~0,0,0,0 07-21~0,0,0,0 2026-09M~1,1,0,0 05-12~0,0,0,0 06-25~0,0,0,0 08-16~0,0,0,0 2026-05~1,0,2,2 2026-07~1,1,0,0 05-17~0,0,0,0 06-09~0,0,0,0 08-11~0,0,0,0 06-22~0,0,0,0 08-23~0,0,0,0 06-10~0,0,0,0 07-06~0,0,0,0 06-01~0,0,0,0 07-17~0,0,0,0 07-14~0,0,0,0 08-31~0,0,0,0 06-02~0,0,0,0 05-02~0,0,0,0 07-08~0,0,0,0 2026-07M~0,0,0,0 06-20~0,0,0,0 08-13~0,0,0,0 2026-06M~0,0,0,0 2026-09~1,1,0,0 05-15~0,0,0,0 05-23~0,0,0,0 07-22~0,0,0,0 08-07~0,0,0,0 05-03~0,0,0,0 2026-08~1,1,1,0 05-26~0,0,0,0 06-19~0,0,0,0 05-07~0,0,0,0
Mexico|2026-09~0,0,0,0 05-23~0,0,3,3 05-08~0,0,0,0 07-12~0,0,0,0 05-17~0,0,0,0 08-26~0,0,0,0 08-24~0,0,0,0 07-07~0,0,1,1 08-11~0,0,10,9 2026-06~14,1,113,8 08-31~0,0,0,0 08-02~0,0,0,0 05-25~0,0,0,0 07-16~0,0,0,0 05-30~0,0,0,0 2026-07M~0,0,1,0 05-16~0,0,1,1 05-03~0,0,0,0 07-21~0,0,0,0 06-02~0,0,0,0 07-18~0,0,0,0 07-23~2,0,2,0 05-06~0,0,0,0 2026-06M~0,0,0,0 05-20~0,0,0,0 06-15~0,0,0,0 07-14~0,0,0,0 2026-07~4,1,6,3 05-14~0,0,1,1 07-11~0,0,0,0 06-09~0,0,0,0 05-18~0,0,0,0 07-05~0,0,0,0 05-22~0,0,2,2 2026-08~0,0,19,14 06-04~2,0,10,0 08-22~0,0,0,0 08-04~0,0,0,0 05-04~0,0,0,0 07-29~0,0,0,0 07-17~0,0,0,0 08-30~0,0,0,0 05-21~0,0,0,0 07-28~0,0,0,0 06-30~0,0,0,0 07-15~0,0,0,0 07-06~0,0,0,0 2026-09M~0,0,0,0 06-20~0,0,0,0 07-24~0,0,0,0 08-08~0,0,1,1 07-04~0,0,0,0 06-19~0,0,1,1 07-01~0,0,1,0 05-10~0,0,0,0 2026-05M~0,0,0,0 08-12~0,0,2,1 07-22~0,0,0,0 08-20~0,0,0,0 05-31~0,0,0,0 08-29~0,0,0,0 07-20~0,0,0,0 09-02~0,0,0,0 05-24~0,0,0,0 07-27~0,0,0,0 08-10~0,0,4,3 06-12~0,0,0,0 08-28~0,0,0,0 05-27~0,0,0,0 05-01~0,0,0,0 08-23~0,0,0,0 07-03~1,1,0,0 07-08~0,0,0,0 06-10~0,0,0,0 06-07~4,0,22,0 06-21~0,0,1,1 06-24~0,0,0,0 05-11~0,0,0,0 06-11~0,0,0,0 07-09~0,0,0,0 06-23~0,0,0,0 06-05~1,0,18,0 08-07~0,0,0,0 06-25~0,0,0,0 07-31~0,0,0,0 06-29~0,0,0,0 06-18~0,0,1,1 06-22~0,0,0,0 07-25~0,0,0,0 2026-08M~0,0,0,0 all~19,2,148,36 08-17~0,0,0,0 06-06~1,0,20,0 08-25~0,0,0,0 05-29~0,0,0,0 09-01~0,0,0,0 08-19~0,0,0,0 06-03~0,0,2,0 06-26~0,0,0,0 06-28~0,0,1,0 07-30~0,0,0,0 07-02~0,0,0,0 2026-05~1,0,7,7 07-13~0,0,0,0 06-08~2,0,17,0 07-10~0,0,0,0 05-19~0,0,0,0 08-21~0,0,0,0 06-16~0,0,0,0 05-02~0,0,0,0 06-14~1,1,0,0 08-13~0,0,0,0 06-27~0,0,0,0 08-05~0,0,1,0 08-15~0,0,0,0 05-26~0,0,0,0 05-09~0,0,0,0 05-07~0,0,0,0 07-19~0,0,1,1 06-01~0,0,0,0 08-09~0,0,0,0 05-15~0,0,0,0 08-18~0,0,1,0 07-26~0,0,0,0 06-17~1,0,2,1 08-14~0,0,0,0 08-16~0,0,0,0 08-27~0,0,0,0 08-01~0,0,0,0 05-12~0,0,0,0 05-28~1,0,0,0 08-03~0,0,0,0 08-06~0,0,0,0 05-05~0,0,0,0 05-13~0,0,0,0 06-13~0,0,1,1
Moldova|08-27~0,0,0,0 06-19~0,0,0,0 07-01~0,0,0,0 08-05~0,0,0,0 05-11~0,0,0,0 05-30~0,0,0,0 2026-05M~0,0,0,0 08-06~0,0,0,0 06-14~0,0,0,0 05-09~0,0,0,0 2026-09M~0,0,0,0 07-22~0,0,0,0 05-25~0,0,0,0 06-16~0,0,0,0 08-29~0,0,0,0 08-16~0,0,0,0 07-07~0,0,0,0 07-14~0,0,0,0 07-12~0,0,0,0 05-17~0,0,0,0 07-21~0,0,0,0 05-03~0,0,0,0 08-11~0,0,0,0 08-13~0,0,0,0 05-14~0,0,0,0 08-18~0,0,0,0 06-20~0,0,0,0 08-24~0,0,0,0 05-01~0,0,0,0 06-02~0,0,0,0 07-24~0,0,0,0 07-02~0,0,0,0 06-17~0,0,0,0 2026-07M~0,0,0,0 06-22~0,0,0,0 05-27~0,0,0,0 06-18~0,0,0,0 08-04~0,0,0,0 08-17~0,0,0,0 06-04~0,0,0,0 07-26~0,0,0,0 08-28~0,0,0,0 08-03~0,0,0,0 08-07~0,0,0,0 07-03~0,0,0,0 05-16~0,0,0,0 all~1,0,4,4 08-02~0,0,0,0 05-24~0,0,0,0 05-06~0,0,0,0 06-25~0,0,0,0 05-26~0,0,1,1 08-01~0,0,0,0 05-23~0,0,0,0 08-21~0,0,0,0 08-26~0,0,0,0 06-03~0,0,0,0 07-17~0,0,0,0 07-13~0,0,0,0 05-02~0,0,0,0 2026-08~0,0,1,1 07-06~0,0,0,0 06-26~0,0,0,0 05-05~0,0,0,0 07-15~0,0,0,0 05-28~0,0,0,0 07-05~0,0,0,0 07-23~0,0,0,0 07-18~0,0,0,0 05-21~0,0,0,0 06-27~0,0,0,0 08-22~0,0,0,0 08-30~0,0,0,0 05-19~0,0,0,0 05-13~0,0,0,0 08-15~0,0,0,0 05-22~0,0,0,0 08-20~0,0,0,0 07-29~0,0,0,0 05-18~0,0,0,0 09-02~0,0,0,0 05-07~0,0,0,0 06-24~0,0,0,0 2026-05~0,0,1,1 06-08~0,0,0,0 07-10~0,0,0,0 08-08~0,0,0,0 08-09~0,0,1,1 05-15~0,0,0,0 06-13~0,0,0,0 2026-09~0,0,0,0 07-28~0,0,0,0 06-30~0,0,0,0 2026-08M~0,0,0,0 05-12~0,0,0,0 08-14~0,0,0,0 06-07~0,0,0,0 05-20~0,0,0,0 06-15~0,0,0,0 08-12~0,0,0,0 05-31~0,0,0,0 06-23~0,0,0,0 06-05~0,0,0,0 08-10~0,0,0,0 06-11~0,0,0,0 07-09~0,0,0,0 07-20~0,0,0,0 07-19~0,0,0,0 06-01~0,0,0,0 05-10~0,0,0,0 2026-07~0,0,1,1 07-04~0,0,0,0 08-31~0,0,0,0 07-11~0,0,0,0 06-09~0,0,0,0 09-01~0,0,0,0 08-19~0,0,0,0 07-25~0,0,0,0 06-21~0,0,0,0 05-04~0,0,0,0 2026-06~0,0,1,1 06-28~0,0,0,0 07-30~0,0,0,0 06-12~0,0,0,0 07-27~0,0,0,0 07-16~0,0,0,0 2026-06M~0,0,0,0 05-08~0,0,0,0 06-06~0,0,0,0 08-25~0,0,0,0 08-23~0,0,0,0 07-31~0,0,0,0 06-29~0,0,0,0 07-08~0,0,0,0 06-10~0,0,1,1 05-29~0,0,0,0
Montenegro|07-12~0,0,0,0 07-11~0,0,0,0 06-26~0,0,0,0 06-23~0,0,0,0 05-02~0,0,0,0 08-06~0,0,0,0 08-05~0,0,0,0 07-18~0,0,0,0 05-07~0,0,0,0 05-17~0,0,0,0 05-03~0,0,0,0 05-05~0,0,0,0 08-08~0,0,0,0 07-26~0,0,0,0 05-01~0,0,0,0 06-09~0,0,0,0 all~0,0,1,0 06-29~0,0,0,0 06-05~0,0,0,0 06-06~0,0,0,0 08-03~0,0,0,0 05-30~0,0,0,0 07-14~0,0,0,0 07-20~0,0,0,0 2026-09M~0,0,0,0 06-10~0,0,0,0 08-20~0,0,0,0 08-14~0,0,0,0 07-04~0,0,0,0 06-03~0,0,1,0 08-10~0,0,0,0 07-06~0,0,0,0 07-19~0,0,0,0 08-11~0,0,0,0 07-10~0,0,0,0 08-21~0,0,0,0 08-01~0,0,0,0 08-30~0,0,0,0 06-17~0,0,0,0 07-08~0,0,0,0 07-21~0,0,0,0 08-22~0,0,0,0 07-13~0,0,0,0 06-19~0,0,0,0 2026-08M~0,0,0,0 08-23~0,0,0,0 05-28~0,0,0,0 08-07~0,0,0,0 08-13~0,0,0,0 09-02~0,0,0,0 05-12~0,0,0,0 08-04~0,0,0,0 08-27~0,0,0,0 05-04~0,0,0,0 06-14~0,0,0,0 2026-06~0,0,1,0 05-15~0,0,0,0 08-29~0,0,0,0 06-18~0,0,0,0 08-09~0,0,0,0 08-28~0,0,0,0 06-28~0,0,0,0 05-16~0,0,0,0 2026-08~0,0,0,0 08-24~0,0,0,0 05-06~0,0,0,0 07-25~0,0,0,0 08-12~0,0,0,0 06-08~0,0,0,0 07-03~0,0,0,0 2026-05M~0,0,0,0 08-17~0,0,0,0 06-11~0,0,0,0 07-23~0,0,0,0 2026-05~0,0,0,0 07-28~0,0,0,0 08-26~0,0,0,0 05-20~0,0,0,0 08-18~0,0,0,0 06-30~0,0,0,0 08-25~0,0,0,0 2026-07~0,0,0,0 08-31~0,0,0,0 06-16~0,0,0,0 06-07~0,0,0,0 06-21~0,0,0,0 07-29~0,0,0,0 07-05~0,0,0,0 09-01~0,0,0,0 05-11~0,0,0,0 2026-09~0,0,0,0 05-29~0,0,0,0 06-22~0,0,0,0 07-31~0,0,0,0 06-25~0,0,0,0 08-19~0,0,0,0 07-15~0,0,0,0 06-02~0,0,0,0 08-16~0,0,0,0 08-02~0,0,0,0 06-04~0,0,0,0 06-20~0,0,0,0 07-16~0,0,0,0 06-15~0,0,0,0 05-08~0,0,0,0 2026-07M~0,0,0,0 07-30~0,0,0,0 07-01~0,0,0,0 07-17~0,0,0,0 06-27~0,0,0,0 06-13~0,0,0,0 06-01~0,0,0,0 08-15~0,0,0,0 2026-06M~0,0,0,0 07-24~0,0,0,0 07-09~0,0,0,0 06-24~0,0,0,0 07-02~0,0,0,0 07-22~0,0,0,0 07-07~0,0,0,0 05-31~0,0,0,0 06-12~0,0,0,0 07-27~0,0,0,0
Morocco|06-03~0,0,0,0 06-24~0,0,0,0 07-03~0,0,0,0 06-21~0,0,0,0 08-16~0,0,0,0 07-31~0,0,0,0 06-29~0,0,0,0 06-16~0,0,0,0 05-23~0,0,0,0 07-02~0,0,0,0 05-02~0,0,0,0 06-22~0,0,0,0 08-30~0,0,0,0 2026-05~0,0,0,0 08-10~0,0,1,1 08-09~0,0,0,0 2026-07M~0,0,0,0 07-27~0,0,0,0 2026-08M~0,0,0,0 05-03~0,0,0,0 07-06~0,0,0,0 07-15~0,0,0,0 07-05~0,0,0,0 05-01~0,0,0,0 08-28~0,0,0,0 08-08~0,0,0,0 05-26~0,0,0,0 05-10~0,0,0,0 07-24~0,0,0,0 08-04~0,0,0,0 07-18~0,0,2,2 08-26~1,0,0,0 08-18~0,0,0,0 05-12~0,0,0,0 08-06~0,0,0,0 07-21~0,0,0,0 06-20~0,0,0,0 05-31~0,0,0,0 05-11~0,0,0,0 06-18~0,0,0,0 08-20~0,0,0,0 09-02~0,0,0,0 2026-07~1,0,11,10 07-14~0,0,0,0 06-27~0,0,1,1 05-21~0,0,0,0 06-23~0,0,0,0 2026-06~0,0,7,5 06-26~0,0,1,0 05-20~0,0,0,0 08-01~0,0,0,0 07-08~0,0,0,0 06-10~0,0,0,0 05-16~0,0,0,0 all~2,0,40,34 06-25~0,0,1,1 2026-09M~0,0,0,0 06-05~0,0,0,0 06-28~0,0,0,0 07-30~0,0,0,0 06-02~0,0,0,0 08-27~0,0,0,0 06-11~0,0,0,0 07-09~0,0,2,2 07-13~0,0,0,0 05-04~0,0,0,0 08-02~0,0,0,0 2026-09~0,0,0,0 08-29~0,0,0,0 08-24~0,0,0,0 06-13~0,0,0,0 07-16~0,0,0,0 08-03~0,0,1,1 06-06~0,0,1,1 06-14~0,0,0,0 05-19~0,0,0,0 2026-06M~0,0,0,0 05-28~0,0,0,0 07-29~0,0,0,0 06-19~0,0,0,0 07-01~0,0,0,0 06-04~0,0,0,0 05-15~0,0,0,0 08-15~0,0,0,0 06-12~0,0,0,0 08-11~0,0,1,1 07-26~0,0,0,0 05-30~0,0,0,0 07-11~1,0,0,0 06-09~0,0,0,0 07-17~0,0,0,0 05-09~0,0,0,0 07-07~0,0,0,0 07-12~0,0,0,0 05-07~0,0,0,0 05-05~0,0,0,0 05-24~0,0,0,0 08-14~0,0,0,0 05-29~0,0,0,0 07-28~0,0,0,0 06-30~0,0,0,0 08-23~0,0,0,0 05-27~0,0,0,0 08-31~0,0,0,0 2026-05M~0,0,0,0 08-07~0,0,5,5 08-21~0,0,0,0 05-13~0,0,0,0 07-04~0,0,0,0 08-25~0,0,0,0 06-17~0,0,0,0 05-22~0,0,0,0 08-13~0,0,5,5 07-20~0,0,0,0 07-23~0,0,0,0 06-08~0,0,0,0 07-10~0,0,1,1 08-17~0,0,0,0 06-15~0,0,0,0 07-25~0,0,0,0 09-01~0,0,0,0 08-19~0,0,0,0 05-17~0,0,0,0 05-06~0,0,0,0 08-05~0,0,1,1 2026-08~1,0,18,18 05-08~0,0,0,0 05-25~0,0,0,0 05-14~0,0,0,0 05-18~0,0,0,0 08-12~0,0,0,0 08-22~0,0,0,0 07-19~0,0,1,1 06-01~0,0,0,0 06-07~0,0,0,0 07-22~0,0,0,0
Mozambique|08-19~0,0,0,0 05-29~0,0,0,0 05-20~0,0,0,0 2026-06~0,0,1,0 06-19~0,0,0,0 05-31~0,0,0,0 06-28~0,0,0,0 2026-05~0,0,0,0 06-12~0,0,0,0 08-14~0,0,0,0 08-06~0,0,0,0 2026-07M~0,0,0,0 07-19~0,0,0,0 06-26~0,0,0,0 05-01~0,0,0,0 06-30~0,0,0,0 07-24~0,0,0,0 2026-06M~0,0,0,0 06-02~0,0,0,0 05-05~0,0,0,0 07-27~0,0,0,0 07-01~0,0,0,0 05-30~0,0,0,0 05-27~0,0,0,0 all~0,0,1,0 07-23~0,0,0,0 06-25~0,0,0,0 06-11~0,0,0,0 06-27~0,0,0,0 2026-08~0,0,0,0 08-27~0,0,0,0 2026-07~0,0,0,0 2026-05M~0,0,0,0 08-04~0,0,0,0 05-04~0,0,0,0 06-05~0,0,1,0 06-01~0,0,0,0 07-15~0,0,0,0 05-23~0,0,0,0 05-06~0,0,0,0 05-25~0,0,0,0 06-29~0,0,0,0 07-04~0,0,0,0
Namibia|06-06~0,0,0,0 09-02~0,0,0,0 08-12~0,0,0,0 08-21~0,0,0,0 08-19~0,0,0,0 09-01~0,0,0,0 2026-09M~0,0,0,0 07-13~0,0,0,0 05-16~0,0,0,0 all~0,0,1,0 06-25~0,0,0,0 08-04~0,0,0,0 06-09~0,0,0,0 07-11~0,0,0,0 08-11~0,0,0,0 08-09~0,0,0,0 07-18~0,0,0,0 06-13~0,0,0,0 06-15~0,0,0,0 05-08~0,0,0,0 06-26~0,0,1,0 05-27~0,0,0,0 2026-06M~0,0,0,0 08-07~0,0,0,0 07-27~0,0,0,0 07-05~0,0,0,0 06-23~0,0,0,0 06-05~0,0,0,0 05-30~0,0,0,0 07-10~0,0,0,0 2026-05M~0,0,0,0 06-08~0,0,0,0 07-29~0,0,0,0 08-02~0,0,0,0 08-08~0,0,0,0 2026-09~0,0,0,0 2026-07M~0,0,0,0 06-21~0,0,0,0 05-14~0,0,0,0 08-18~0,0,0,0 06-04~0,0,0,0 05-15~0,0,0,0 08-10~0,0,0,0 05-09~0,0,0,0 2026-08M~0,0,0,0 05-05~0,0,0,0 07-22~0,0,0,0 2026-05~0,0,0,0 05-11~0,0,0,0 05-10~0,0,0,0 08-13~0,0,0,0 07-04~0,0,0,0 06-10~0,0,0,0 07-08~0,0,0,0 08-30~0,0,0,0 06-14~0,0,0,0 06-01~0,0,0,0 07-21~0,0,0,0 06-12~0,0,0,0 06-02~0,0,0,0 06-24~0,0,0,0 08-28~0,0,0,0 05-22~0,0,0,0 05-04~0,0,0,0 07-20~0,0,0,0 05-01~0,0,0,0 08-14~0,0,0,0 05-06~0,0,0,0 08-22~0,0,0,0 2026-06~0,0,1,0 08-29~0,0,0,0 05-07~0,0,0,0 08-05~0,0,0,0 07-23~0,0,0,0 06-17~0,0,0,0 05-23~0,0,0,0 08-17~0,0,0,0 08-16~0,0,0,0 07-14~0,0,0,0 05-03~0,0,0,0 06-18~0,0,0,0 07-12~0,0,0,0 07-24~0,0,0,0 07-02~0,0,0,0 07-16~0,0,0,0 06-27~0,0,0,0 05-02~0,0,0,0 2026-08~0,0,0,0 07-30~0,0,0,0 06-28~0,0,0,0 06-03~0,0,0,0 08-03~0,0,0,0 08-15~0,0,0,0 06-16~0,0,0,0 08-06~0,0,0,0 06-30~0,0,0,0 07-28~0,0,0,0 2026-07~0,0,0,0 07-15~0,0,0,0 07-09~0,0,0,0 06-11~0,0,0,0 05-17~0,0,0,0 06-29~0,0,0,0 07-31~0,0,0,0 07-01~0,0,0,0 06-19~0,0,0,0 08-01~0,0,0,0 07-17~0,0,0,0
Nepal|05-23~0,0,0,0 06-25~0,0,0,0 08-16~0,0,0,0 07-09~0,0,0,0 07-01~0,0,0,0 05-09~0,0,0,0 06-28~0,0,0,0 08-17~0,0,0,0 06-24~0,0,0,0 09-01~0,0,0,0 07-17~0,0,0,0 06-01~0,0,0,0 06-20~0,0,0,0 08-13~0,0,1,1 08-27~0,0,1,0 07-02~0,0,0,0 06-23~0,0,0,0 2026-06~0,0,1,0 2026-07M~0,0,0,0 2026-06M~0,0,0,0 all~0,0,3,1 07-11~0,0,0,0 05-19~0,0,0,0 07-08~0,0,0,0 07-30~0,0,0,0 06-26~0,0,0,0 08-15~0,0,0,0 2026-08~0,0,2,1 06-19~0,0,0,0 05-03~0,0,0,0 06-15~0,0,1,0 07-03~0,0,0,0 06-16~0,0,0,0 08-06~0,0,0,0 2026-07~0,0,0,0 07-26~0,0,0,0 06-30~0,0,0,0 05-26~0,0,0,0 06-11~0,0,0,0 09-02~0,0,0,0 07-31~0,0,0,0 06-27~0,0,0,0 08-09~0,0,0,0 07-16~0,0,0,0 07-21~0,0,0,0 08-12~0,0,0,0 06-21~0,0,0,0 08-07~0,0,0,0 06-12~0,0,0,0 08-21~0,0,0,0 08-20~0,0,0,0 06-13~0,0,0,0 07-05~0,0,0,0 07-18~0,0,0,0 06-08~0,0,0,0 2026-09~0,0,0,0 06-29~0,0,0,0 07-10~0,0,0,0 07-06~0,0,0,0 06-10~0,0,0,0 08-05~0,0,0,0 08-18~0,0,0,0 2026-05~0,0,0,0 2026-09M~0,0,0,0 07-29~0,0,0,0 07-12~0,0,0,0
New Zealand|05-10~0,0,0,0 07-02~0,0,0,0 08-15~0,0,0,0 07-28~0,0,2,2 05-06~0,0,0,0 06-08~0,0,0,0 all~11,4,42,36 07-25~0,0,2,2 06-05~0,0,0,0 06-20~0,0,0,0 05-07~0,0,0,0 06-09~0,0,0,0 07-10~0,0,0,0 08-07~0,0,0,0 08-05~0,0,0,0 07-12~0,0,0,0 08-06~0,0,1,1 07-11~1,0,1,1 05-03~0,0,0,0 08-31~0,0,0,0 07-26~0,0,2,2 05-22~0,0,0,0 06-10~0,0,1,1 08-27~1,0,0,0 07-30~0,0,0,0 08-17~0,0,1,0 2026-08M~0,0,0,0 07-13~0,0,0,0 08-04~0,0,0,0 2026-09~0,0,0,0 06-25~0,0,1,1 08-20~0,0,0,0 08-22~0,0,0,0 08-29~0,0,0,0 05-13~0,0,0,0 08-19~0,0,0,0 05-30~0,0,0,0 2026-09M~0,0,0,0 07-31~0,0,0,0 08-26~0,0,0,0 05-05~0,0,0,0 2026-07~6,2,19,17 07-06~0,0,0,0 08-11~0,0,7,0 05-23~0,0,1,1 06-11~0,0,1,1 06-22~0,0,0,0 2026-05M~0,0,0,0 07-27~0,0,0,0 08-30~0,0,0,0 06-23~0,0,0,0 06-03~0,0,0,0 07-29~0,0,1,1 05-16~0,0,0,0 06-18~0,0,0,0 08-09~0,0,0,0 07-24~1,1,0,0 05-11~0,0,0,0 06-02~1,1,0,0 06-16~0,0,0,0 09-01~0,0,0,0 05-18~0,0,0,0 2026-08~2,0,12,11 08-01~0,0,0,0 07-16~0,0,0,0 2026-07M~1,0,0,0 06-30~0,0,0,0 05-27~0,0,1,0 06-29~0,0,0,0 06-13~0,0,0,0 05-15~0,0,0,0 2026-06M~1,1,0,0 07-23~0,0,1,0 06-07~0,0,0,0 05-09~0,0,0,0 07-05~0,0,0,0 08-12~0,0,1,0 05-26~0,0,1,1 06-28~0,0,0,0 05-25~0,0,0,0 08-24~0,0,0,0 05-21~0,0,0,0 05-04~0,0,0,0 05-17~0,0,0,0 06-19~0,0,0,0 07-09~0,0,0,0 06-01~0,0,0,0 05-20~0,0,0,0 06-14~0,0,0,0 06-12~0,0,0,0 05-02~0,0,0,0 06-17~0,0,0,0 05-19~0,0,0,0 07-20~0,0,1,1 07-21~0,0,0,0 08-02~0,0,0,0 07-15~0,0,2,2 07-17~0,0,0,0 06-27~0,0,1,1 05-29~0,0,1,0 05-24~0,0,0,0 08-25~0,0,0,0 06-24~0,0,0,0 08-23~0,0,0,0 2026-06~2,1,5,5 08-21~0,0,0,0 08-18~1,0,0,0 05-01~0,0,0,0 08-08~0,0,0,0 06-04~0,0,0,0 06-21~0,0,0,0 08-10~0,0,0,0 07-07~0,0,0,0 05-31~0,0,0,0 07-19~0,0,0,0 07-22~0,0,2,2 06-15~0,0,0,0 09-02~0,0,0,0 06-06~0,0,0,0 05-08~0,0,0,0 08-28~0,0,0,0 07-14~0,0,0,0 08-03~0,0,0,0 07-18~1,1,0,0 08-14~0,0,0,0 07-03~0,0,0,0 06-26~0,0,0,0 05-28~0,0,0,0 07-08~0,0,0,0 07-01~1,0,0,0 08-16~0,0,1,1 08-13~0,0,1,1 07-04~0,0,0,0 2026-05~1,1,5,3 05-12~0,0,0,0 05-14~0,0,0,0
Nigeria|06-06~0,0,0,0 05-25~0,0,0,0 06-27~0,0,0,0 08-07~0,0,0,0 08-10~0,0,0,0 08-31~0,0,0,0 05-03~0,0,0,0 07-06~0,0,0,0 05-23~0,0,0,0 08-09~0,0,0,0 2026-08M~0,0,0,0 08-30~0,0,0,0 2026-05~0,0,2,1 05-01~0,0,0,0 05-08~0,0,0,0 2026-06~0,0,7,5 06-23~0,0,0,0 07-18~0,0,1,1 06-14~0,0,0,0 08-15~0,0,0,0 06-03~0,0,0,0 08-23~0,0,0,0 06-16~0,0,0,0 05-15~0,0,0,0 07-20~0,0,10,2 06-21~0,0,1,1 06-24~0,0,0,0 08-21~0,0,0,0 07-28~0,0,0,0 06-30~0,0,0,0 08-02~0,0,0,0 08-22~0,0,0,0 05-13~0,0,0,0 07-31~0,0,1,0 06-29~0,0,0,0 08-29~0,0,0,0 05-29~0,0,0,0 2026-05M~0,0,0,0 07-04~0,0,0,0 06-22~0,0,0,0 08-12~0,0,1,1 07-05~0,0,0,0 06-20~0,0,0,0 07-19~0,0,6,6 06-01~0,0,0,0 2026-06M~0,0,1,1 08-13~0,0,1,1 07-15~0,0,0,0 06-11~0,0,0,0 07-09~0,0,0,0 08-25~0,0,0,0 06-19~0,0,0,0 07-01~0,0,0,0 07-29~0,0,0,0 06-18~0,0,0,0 06-17~0,0,0,0 05-14~0,0,0,0 05-18~0,0,0,0 08-04~0,0,0,0 06-15~0,0,1,0 05-09~0,0,0,0 05-31~0,0,0,0 06-12~0,0,0,0 08-06~0,0,0,0 07-27~0,0,0,0 08-05~0,0,0,0 05-17~0,0,0,0 09-01~0,0,0,0 08-19~0,0,0,0 2026-08~0,0,10,9 07-25~0,0,0,0 07-14~0,0,0,0 05-30~0,0,0,0 2026-07M~0,0,0,0 07-11~0,0,0,0 06-09~0,0,0,0 07-24~0,0,2,0 07-16~0,0,1,1 06-28~0,0,0,0 07-30~0,0,0,0 06-08~0,0,0,0 07-10~0,0,0,0 08-18~0,0,0,0 06-04~0,0,0,0 08-26~0,0,2,2 05-26~0,0,0,0 2026-09~0,0,1,1 05-22~0,0,0,0 07-03~0,0,0,0 07-17~0,0,2,1 07-08~0,0,0,0 06-10~0,0,2,1 08-03~0,0,0,0 08-08~0,0,0,0 06-02~0,0,1,1 05-04~0,0,0,0 07-13~0,0,0,0 08-17~0,0,0,0 05-27~0,0,0,0 06-05~0,0,0,0 09-02~0,0,1,1 05-10~0,0,0,0 08-14~0,0,0,0 05-02~0,0,0,0 06-26~0,0,0,0 06-25~0,0,0,0 05-12~0,0,0,0 07-23~0,0,0,0 05-06~0,0,0,0 08-20~0,0,0,0 2026-07~1,0,36,22 2026-09M~0,0,1,1 all~1,0,66,47 05-16~0,0,2,1 07-21~0,0,1,1 08-11~0,0,0,0 07-12~0,0,0,0 08-28~0,0,0,0 06-07~0,0,0,0 08-01~0,0,0,0 05-20~0,0,0,0 05-24~0,0,0,0 08-24~0,0,0,0 07-02~0,0,0,0 06-13~0,0,0,0 07-22~0,0,0,0 08-16~0,0,0,0 08-27~0,0,0,0 05-05~0,0,0,0 05-28~0,0,0,0 05-19~0,0,0,0 07-07~0,0,0,0 05-21~0,0,0,0 05-11~0,0,0,0 05-07~0,0,0,0 07-26~0,0,0,0
North Macedonia|06-18~0,0,0,0 05-05~0,0,0,0 07-27~0,0,0,0 07-18~0,0,0,0 08-26~0,0,0,0 07-22~0,0,0,0 2026-06~0,0,0,0 07-15~0,0,0,0 07-19~0,0,0,0 06-01~0,0,0,0 05-19~0,0,0,0 07-21~0,0,0,0 08-12~0,0,0,0 05-23~0,0,0,0 05-21~0,0,0,0 08-05~0,0,0,0 06-24~0,0,0,0 05-18~0,0,0,0 06-05~0,0,0,0 05-14~0,0,0,0 08-29~0,0,0,0 07-29~0,0,0,0 06-16~0,0,0,0 07-31~0,0,0,0 06-29~0,0,0,0 05-07~0,0,0,0 08-20~0,0,0,0 06-06~0,0,0,0 08-13~0,0,0,0 08-06~0,0,0,0 06-27~0,0,0,0 07-03~0,0,0,0 08-03~0,0,0,0 08-25~0,0,0,0 08-28~0,0,0,0 08-11~0,0,0,0 05-09~0,0,0,0 06-22~0,0,0,0 08-27~0,0,0,0 07-23~0,0,0,0 2026-09M~0,0,0,0 05-28~0,0,0,0 06-28~0,0,0,0 07-30~0,0,0,0 06-03~0,0,0,0 05-27~0,0,0,0 05-01~0,0,0,0 08-01~0,0,0,0 06-17~0,0,0,0 07-24~0,0,0,0 07-20~0,0,0,0 08-24~0,0,0,0 07-28~0,0,0,0 06-30~0,0,0,0 07-25~0,0,0,0 09-02~0,0,0,0 07-13~0,0,0,0 07-26~0,0,0,0 07-06~0,0,0,0 08-15~0,0,0,0 05-17~0,0,0,0 06-19~0,0,0,0 07-01~0,0,0,0 05-25~0,0,0,0 07-12~0,0,0,0 08-30~0,0,0,0 07-08~0,0,0,0 06-10~0,0,0,0 08-21~0,0,0,0 09-01~0,0,0,0 08-19~0,0,0,0 05-15~0,0,0,0 08-22~0,0,0,0 08-04~0,0,0,0 05-26~0,0,0,0 05-31~0,0,0,0 06-08~0,0,0,0 07-10~0,0,0,0 06-15~0,0,0,0 08-18~0,0,0,0 07-05~0,0,0,0 2026-09~0,0,0,0 08-14~0,0,0,0 07-17~0,0,0,0 05-02~0,0,0,0 2026-08~0,0,0,0 05-30~0,0,0,0 06-02~0,0,0,0 07-07~0,0,0,0 07-11~0,0,0,0 06-09~0,0,0,0 06-25~0,0,0,0 2026-05M~0,0,0,0 06-12~0,0,0,0 06-14~0,0,0,0 2026-06M~0,0,0,0 05-12~0,0,0,0 05-20~0,0,0,0 06-04~0,0,0,0 06-11~0,0,0,0 07-09~0,0,0,0 2026-05~0,0,0,0 2026-07M~0,0,0,0 05-24~0,0,0,0 05-08~0,0,0,0 08-07~0,0,0,0 06-07~0,0,0,0 05-16~0,0,0,0 all~0,0,0,0 07-14~0,0,0,0 2026-07~0,0,0,0 05-29~0,0,0,0 05-10~0,0,0,0 08-08~0,0,0,0 08-23~0,0,0,0 06-23~0,0,0,0 06-20~0,0,0,0 06-13~0,0,0,0 07-16~0,0,0,0 2026-08M~0,0,0,0 06-26~0,0,0,0 08-02~0,0,0,0 08-10~0,0,0,0 05-11~0,0,0,0 05-13~0,0,0,0 05-22~0,0,0,0 05-04~0,0,0,0 08-17~0,0,0,0 05-06~0,0,0,0 05-03~0,0,0,0 08-31~0,0,0,0 08-09~0,0,0,0 07-02~0,0,0,0 07-04~0,0,0,0 06-21~0,0,0,0 08-16~0,0,0,0
Norway|08-24~1,0,0,0 05-07~0,0,0,0 07-17~1,1,0,0 2026-06~20,11,55,47 08-19~0,0,0,0 09-01~0,0,0,0 06-17~0,0,1,1 08-02~0,0,1,1 05-24~0,0,3,3 07-23~0,0,0,0 05-08~0,0,0,0 08-15~1,0,2,2 08-26~1,0,0,0 05-01~0,0,0,0 05-12~0,0,0,0 05-14~0,0,1,1 06-09~1,0,0,0 07-11~1,0,1,1 05-27~0,0,0,0 07-05~1,0,0,0 06-26~1,0,2,1 06-24~0,0,3,1 07-12~0,0,3,2 07-07~1,1,1,1 2026-08~30,15,36,30 05-22~0,0,2,2 05-04~0,0,0,0 07-29~0,0,1,1 07-30~1,1,0,0 06-28~4,2,4,3 05-09~0,0,0,0 2026-07M~0,0,1,1 05-30~0,0,0,0 08-28~0,0,0,0 07-21~1,0,1,0 05-06~0,0,0,0 08-09~2,1,1,1 06-20~0,0,3,3 08-06~1,1,0,0 08-20~0,0,0,0 05-20~1,1,2,2 2026-06M~0,0,0,0 06-15~0,0,1,0 08-14~3,2,0,0 05-05~0,0,0,0 06-14~1,0,0,0 06-29~1,1,1,0 07-31~0,0,1,1 07-10~3,1,0,0 06-08~0,0,0,0 07-22~1,1,1,1 09-02~0,0,0,0 06-04~0,0,3,1 06-18~0,0,3,3 06-10~1,1,1,1 07-08~0,0,2,2 07-20~0,0,0,0 07-25~0,0,0,0 07-09~4,2,0,0 06-11~1,1,0,0 07-06~0,0,0,0 08-04~1,1,0,0 05-11~0,0,0,0 05-15~1,0,4,4 07-04~0,0,0,0 2026-09M~0,0,0,0 07-03~0,0,2,2 05-13~0,0,1,1 05-03~0,0,0,0 05-25~0,0,4,4 08-07~2,1,2,1 07-27~1,1,1,0 08-10~2,0,1,1 06-23~0,0,1,1 06-05~0,0,0,0 07-18~0,0,0,0 06-07~0,0,1,1 06-21~0,0,1,1 08-23~1,1,1,0 06-01~0,0,0,0 07-19~2,2,1,1 08-11~0,0,2,1 08-12~1,1,4,2 07-15~1,0,0,0 08-16~0,0,0,0 07-24~1,0,0,0 2026-05~5,5,41,40 08-17~0,0,1,1 all~84,51,165,145 06-12~1,1,1,1 06-06~0,0,1,1 07-01~0,0,0,0 06-19~1,1,3,3 05-16~0,0,2,2 06-22~1,0,0,0 08-01~1,1,0,0 07-13~2,1,0,0 06-27~1,0,3,3 06-02~0,0,0,0 07-14~0,0,0,0 08-13~0,0,3,3 05-19~0,0,1,1 07-26~0,0,1,1 08-05~0,0,3,3 08-29~1,1,1,1 05-26~0,0,2,2 06-30~2,1,1,1 07-28~2,2,2,2 08-18~1,1,1,1 06-03~1,0,1,1 08-21~3,0,1,1 07-16~0,0,0,0 08-08~1,0,1,1 08-31~0,0,0,0 05-29~0,0,2,2 05-02~0,0,0,0 2026-07~25,15,24,19 05-17~0,0,4,4 05-23~0,0,2,2 2026-09~0,0,0,0 06-25~0,0,2,2 05-31~0,0,1,0 06-13~0,0,1,1 07-02~0,0,1,1 08-30~1,0,1,1 08-03~2,0,0,0 08-25~0,0,1,1 2026-08M~1,1,1,1 08-27~1,0,2,1 08-22~3,0,0,0 05-21~0,0,1,1 2026-05M~0,0,0,0 05-10~0,0,0,0 06-16~0,0,1,1 05-28~0,0,0,0 05-18~0,0,0,0
Pakistan|2026-06M~0,0,0,0 06-07~0,0,0,0 05-02~0,0,0,0 05-30~0,0,0,0 07-22~0,0,0,0 05-03~0,0,0,0 07-03~0,0,0,0 06-19~1,0,0,0 07-01~0,0,0,0 06-21~0,0,0,0 06-23~0,0,0,0 08-18~0,0,0,0 05-26~0,0,1,0 07-02~0,0,0,0 05-07~0,0,0,0 06-16~0,0,0,0 2026-05~0,0,2,0 05-14~0,0,0,0 2026-06~1,0,0,0 06-05~0,0,0,0 05-04~0,0,0,0 2026-07M~0,0,0,0 06-18~0,0,0,0 08-09~0,0,0,0 07-27~0,0,0,0 08-05~0,0,2,2 08-07~0,0,0,0 08-29~0,0,0,0 07-11~0,0,0,0 06-09~0,0,0,0 05-25~0,0,0,0 05-19~0,0,0,0 08-12~0,0,0,0 07-13~0,0,0,0 09-02~0,0,0,0 05-20~0,0,0,0 06-28~0,0,0,0 07-30~0,0,0,0 06-08~0,0,0,0 07-10~0,0,0,0 05-01~0,0,0,0 08-03~0,0,0,0 06-25~0,0,0,0 06-03~0,0,0,0 08-08~0,0,0,0 05-15~0,0,0,0 07-20~0,0,0,0 09-01~0,0,0,0 08-19~0,0,0,0 2026-09M~0,0,0,0 07-21~0,0,0,0 08-27~0,0,0,0 05-09~0,0,0,0 07-17~0,0,0,0 06-15~0,0,0,0 05-31~0,0,1,0 06-27~0,0,0,0 2026-08M~0,0,0,0 05-08~0,0,0,0 05-12~0,0,0,0 07-05~0,0,0,0 06-17~0,0,0,0 08-15~0,0,0,0 06-24~0,0,0,0 05-17~0,0,0,0 08-17~0,0,0,0 08-26~0,0,0,0 08-23~0,0,0,0 2026-08~0,0,3,3 08-16~0,0,0,0 08-24~0,0,0,0 08-02~0,0,0,0 07-18~0,0,0,0 08-22~0,0,0,0 07-29~0,0,0,0 05-28~0,0,0,0 07-14~0,0,0,0 2026-05M~0,0,0,0 08-31~0,0,0,0 08-25~0,0,0,0 05-27~0,0,0,0 2026-09~0,0,0,0 07-31~0,0,0,0 06-29~0,0,0,0 05-10~0,0,0,0 05-16~0,0,0,0 07-08~0,0,0,0 06-10~0,0,0,0 all~3,0,7,3 08-01~0,0,0,0 06-22~0,0,0,0 05-06~0,0,0,0 05-13~0,0,0,0 08-28~0,0,0,0 07-06~1,0,0,0 07-04~0,0,0,0 08-04~0,0,0,0 08-21~0,0,0,0 07-25~0,0,0,0 07-28~1,0,0,0 06-30~0,0,0,0 05-29~0,0,0,0 07-26~0,0,0,0 06-26~0,0,0,0 08-11~0,0,1,1 07-12~0,0,0,0 05-05~0,0,0,0 08-13~0,0,0,0 06-14~0,0,0,0 07-23~0,0,0,0 08-20~0,0,0,0 06-02~0,0,0,0 06-12~0,0,0,0 05-21~0,0,0,0 05-22~0,0,0,0 05-11~0,0,0,0 05-24~0,0,0,0 2026-07~2,0,2,0 08-06~0,0,0,0 07-16~0,0,0,0 08-30~0,0,0,0 07-07~0,0,0,0 08-10~0,0,0,0 06-13~0,0,0,0 06-11~0,0,0,0 07-09~0,0,1,0 06-20~0,0,0,0 06-06~0,0,0,0 07-24~0,0,0,0 07-15~0,0,0,0 06-04~0,0,0,0 07-19~0,0,0,0 06-01~0,0,0,0 05-18~0,0,0,0 05-23~0,0,0,0 08-14~0,0,0,0
Papua New Guinea|2026-08M~0,0,0,0 2026-07M~0,0,0,0 07-01~0,0,0,0 06-19~0,0,0,0 06-26~0,0,0,0 06-12~0,0,0,0 05-30~0,0,0,0 08-20~0,0,0,0 07-17~0,0,0,0 07-02~0,0,0,0 05-31~0,0,0,0 2026-06M~0,0,0,0 05-16~0,0,0,0 06-30~0,0,0,0 08-03~0,0,0,0 06-10~0,0,0,0 07-30~0,0,0,0 06-28~0,0,1,0 06-13~0,0,0,0 07-03~0,0,0,0 06-16~0,0,0,0 06-20~0,0,0,0 2026-05~0,0,0,0 2026-06~0,0,1,0 all~0,0,2,0 07-07~0,0,0,0 05-29~0,0,0,0 05-18~0,0,0,0 06-01~0,0,0,0 07-19~0,0,0,0 06-29~0,0,0,0 2026-08~0,0,0,0 06-22~0,0,0,0 05-14~0,0,0,0 08-24~0,0,0,0 05-19~0,0,0,0 07-18~0,0,0,0 08-01~0,0,0,0 05-23~0,0,0,0 08-15~0,0,0,0 06-27~0,0,0,0 06-08~0,0,0,0 08-27~0,0,0,0 06-25~0,0,0,0 08-29~0,0,0,0 05-24~0,0,0,0 2026-07~0,0,1,0 07-29~0,0,0,0 07-12~0,0,0,0
Paraguay|05-23~0,0,0,0 07-26~1,0,0,0 05-04~0,0,0,0 05-01~0,0,0,0 08-15~0,0,0,0 06-14~0,0,0,0 05-09~0,0,0,0 06-22~0,0,0,0 05-02~0,0,0,0 06-20~0,0,2,0 06-18~0,0,0,0 07-02~0,0,1,1 08-21~0,0,0,0 06-23~0,0,0,0 2026-05M~0,0,0,0 07-17~0,0,1,0 07-24~0,0,2,0 2026-05~0,0,1,1 06-21~0,0,0,0 08-30~0,0,0,0 2026-09~0,0,0,0 08-13~0,0,0,0 08-07~0,0,0,0 06-06~0,0,0,0 05-15~0,0,1,1 05-17~0,0,0,0 08-10~0,0,0,0 2026-08M~0,0,0,0 07-28~0,0,0,0 06-30~1,0,1,0 08-05~0,0,0,0 08-23~0,0,0,0 05-19~0,0,0,0 06-11~0,0,1,0 07-09~0,0,0,0 06-13~0,0,1,1 07-29~0,0,0,0 2026-07M~1,0,3,1 05-13~0,0,0,0 07-04~0,0,0,0 07-22~0,0,1,0 08-31~0,0,0,0 07-16~0,0,0,0 07-19~0,0,0,0 05-03~0,0,0,0 08-12~0,0,0,0 05-06~0,0,0,0 08-20~0,0,0,0 07-18~0,0,1,0 08-02~0,0,0,0 05-30~0,0,0,0 08-22~0,0,0,0 05-05~0,0,0,0 08-27~0,0,0,0 08-04~0,0,0,0 07-06~0,0,3,0 05-31~0,0,0,0 06-17~0,0,1,0 08-06~0,0,0,0 06-24~1,0,1,0 08-01~0,0,0,0 2026-09M~0,0,0,0 06-15~0,0,0,0 06-16~1,0,4,0 07-05~0,0,1,0 08-25~0,0,0,0 07-12~0,0,0,0 2026-07~3,0,24,4 05-26~0,0,0,0 09-02~0,0,0,0 07-21~0,0,0,0 07-13~0,0,1,0 06-08~0,0,0,0 07-10~0,0,0,0 08-17~0,0,0,0 07-14~0,0,1,0 08-26~0,0,0,0 05-24~0,0,0,0 all~6,0,49,7 07-15~0,0,3,2 08-08~0,0,0,0 08-03~0,0,0,0 07-08~0,0,0,0 06-10~0,0,0,0 05-29~0,0,0,0 07-31~0,0,0,0 06-29~0,0,2,0 07-03~0,0,1,0 2026-06M~0,0,0,0 08-11~0,0,0,0 06-27~0,0,1,0 06-25~0,0,2,0 08-18~0,0,0,0 06-04~0,0,0,0 08-16~0,0,0,0 07-11~0,0,0,0 06-09~0,0,0,0 06-07~0,0,0,0 08-24~0,0,0,0 2026-08~0,0,1,1 07-07~0,0,0,0 08-28~0,0,0,0 2026-06~3,0,22,1 06-02~0,0,0,0 09-01~0,0,0,0 08-19~0,0,0,0 07-23~0,0,0,0 06-12~0,0,1,0 05-28~0,0,0,0 08-09~0,0,0,0 06-26~0,0,0,0 08-29~0,0,0,0 06-28~0,0,2,0 07-30~0,0,0,0 06-19~0,0,2,0 07-01~1,0,2,0 07-27~0,0,0,0 07-25~0,0,0,0 07-20~1,0,2,0 05-21~0,0,0,0
Peru|07-07~0,0,1,0 06-13~0,0,0,0 2026-06M~0,0,1,0 06-16~0,0,0,0 08-17~0,0,0,0 06-21~0,0,0,0 2026-09M~0,0,0,0 08-21~0,0,0,0 06-15~0,0,0,0 07-19~0,0,0,0 08-23~0,0,0,0 05-25~0,0,0,0 07-21~0,0,0,0 07-23~0,0,0,0 08-19~0,0,0,0 05-09~0,0,0,0 06-08~0,0,1,0 08-20~0,0,0,0 06-29~0,0,0,0 07-16~0,0,0,0 06-05~0,0,2,0 07-05~0,0,0,0 08-22~0,0,0,0 07-18~0,0,0,0 05-18~0,0,0,0 08-05~0,0,0,0 05-14~0,0,0,0 05-16~1,0,0,0 06-02~0,0,0,0 07-09~0,0,0,0 05-03~0,0,0,0 08-31~0,0,0,0 06-17~0,0,0,0 07-28~0,0,1,0 08-12~0,0,1,0 08-10~0,0,0,0 2026-08M~0,0,0,0 07-08~0,0,0,0 06-04~1,0,0,0 05-12~0,0,0,0 07-25~0,0,0,0 07-03~0,0,0,0 2026-06~1,0,11,1 05-27~0,0,0,0 05-19~0,0,0,0 09-01~0,0,0,0 06-10~0,0,0,0 08-02~0,0,0,0 all~3,0,27,4 06-14~0,0,0,0 05-26~0,0,0,0 06-11~0,0,1,0 05-08~0,0,0,0 08-03~0,0,0,0 06-27~0,0,1,1 05-22~0,0,1,0 06-12~0,0,0,0 07-15~0,0,0,0 05-23~0,0,0,0 07-27~0,0,0,0 06-26~0,0,1,0 08-14~0,0,0,0 08-27~0,0,0,0 05-29~0,0,0,0 07-17~0,0,0,0 08-16~0,0,0,0 05-04~0,0,0,0 08-15~0,0,0,0 07-24~0,0,0,0 08-09~0,0,0,0 06-24~0,0,1,0 05-06~0,0,0,0 05-11~0,0,0,0 06-18~0,0,0,0 05-07~0,0,0,0 06-23~0,0,0,0 05-13~0,0,0,0 08-08~0,0,1,1 07-31~0,0,0,0 06-06~0,0,0,0 2026-09~0,0,0,0 06-25~0,0,0,0 05-20~0,0,0,0 06-09~0,0,0,0 08-13~0,0,1,0 07-29~0,0,0,0 09-02~0,0,0,0 07-10~0,0,0,0 05-10~0,0,0,0 08-18~0,0,1,1 07-22~0,0,0,0 06-28~0,0,0,0 08-24~0,0,0,0 08-26~0,0,0,0 05-15~0,0,0,0 05-30~0,0,1,0 08-07~0,0,0,0 2026-08~0,0,4,2 07-30~1,0,1,1 06-07~0,0,0,0 08-04~0,0,0,0 06-01~0,0,1,0 07-26~0,0,0,0 06-03~0,0,0,0 08-30~0,0,0,0 05-02~0,0,0,0 07-14~0,0,1,0 06-20~0,0,0,0 08-01~0,0,0,0 05-31~0,0,1,0 07-02~0,0,0,0 08-11~0,0,0,0 07-12~0,0,0,0 08-28~0,0,0,0 06-19~0,0,0,0 06-22~0,0,0,0 2026-07M~0,0,0,0 2026-05~1,0,6,0 05-17~0,0,1,0 05-21~0,0,1,0 08-25~0,0,0,0 05-28~0,0,1,0 05-01~0,0,0,0 08-29~0,0,0,0 07-13~0,0,0,0 07-11~0,0,0,0 07-20~0,0,0,0 07-06~0,0,0,0 08-06~0,0,0,0 07-04~0,0,0,0 07-01~0,0,0,0 2026-07~1,0,5,1 05-24~0,0,0,0 06-30~0,0,1,0 2026-05M~0,0,0,0 05-05~0,0,0,0
Philippines|07-25~0,0,2,0 06-13~0,0,0,0 08-24~0,0,0,0 06-16~0,0,0,0 09-01~0,0,0,0 05-18~0,0,0,0 07-02~0,0,0,0 08-15~0,0,0,0 05-10~0,0,0,0 08-29~0,0,0,0 08-25~0,0,0,0 05-25~0,0,0,0 06-15~0,0,0,0 09-02~0,0,0,0 05-27~0,0,0,0 06-29~0,0,0,0 08-19~0,0,0,0 06-06~0,0,1,1 05-08~0,0,0,0 05-24~0,0,0,0 08-21~0,0,0,0 06-26~0,0,1,0 05-28~0,0,0,0 05-13~0,0,0,0 07-17~0,0,1,1 05-05~0,0,0,0 08-22~0,0,1,0 05-26~0,0,0,0 06-28~0,0,3,0 2026-05~0,0,0,0 08-09~0,0,0,0 05-02~0,0,0,0 06-05~0,0,0,0 2026-09~0,0,0,0 08-31~0,0,0,0 07-26~0,0,2,0 2026-07~1,0,14,6 06-17~0,0,0,0 05-19~0,0,0,0 08-10~0,0,0,0 07-07~0,0,1,0 07-05~0,0,0,0 08-12~0,0,0,0 05-04~0,0,0,0 08-27~0,0,0,0 07-30~0,0,0,0 08-01~0,0,0,0 07-16~0,0,0,0 06-10~0,0,0,0 07-19~0,0,0,0 06-14~0,0,0,0 05-12~0,0,0,0 06-11~0,0,0,0 07-18~0,0,0,0 06-12~0,0,0,0 07-23~0,0,0,0 06-25~0,0,0,0 05-11~0,0,0,0 07-24~0,0,0,0 07-08~0,0,1,1 07-01~0,0,0,0 08-16~0,0,0,0 05-23~0,0,0,0 06-27~0,0,1,0 05-29~0,0,0,0 08-14~0,0,0,0 07-03~0,0,0,0 08-17~0,0,0,0 08-05~0,0,0,0 07-12~0,0,0,0 07-28~0,0,0,0 all~1,0,24,8 07-20~0,0,0,0 05-16~0,0,0,0 06-18~0,0,0,0 05-30~0,0,0,0 2026-08M~0,0,0,0 07-13~0,0,1,0 08-04~0,0,0,0 07-10~0,0,0,0 08-07~0,0,0,0 05-06~0,0,0,0 06-08~0,0,0,0 07-14~0,0,1,1 08-03~0,0,1,0 07-31~0,0,1,1 08-26~0,0,0,0 07-22~0,0,1,0 2026-05M~0,0,0,0 08-02~0,0,0,0 07-15~0,0,0,0 06-07~0,0,0,0 05-09~0,0,0,0 07-06~0,0,0,0 08-11~0,0,0,0 07-29~0,0,0,0 06-20~0,0,0,0 2026-09M~0,0,0,0 08-20~0,0,0,0 05-15~0,0,0,0 05-14~0,0,0,0 05-20~0,0,0,0 05-22~0,0,0,0 08-06~0,0,1,0 07-11~0,0,0,0 05-07~0,0,0,0 06-09~0,0,0,0 08-08~0,0,0,0 05-01~0,0,0,0 07-09~0,0,0,0 05-03~0,0,0,0 2026-07M~0,0,0,0 08-23~0,0,0,0 2026-06M~0,0,0,0 06-24~0,0,0,0 08-28~0,0,0,0 08-13~0,0,1,1 07-04~0,0,0,0 06-22~0,0,0,0 06-01~0,0,0,0 06-02~0,0,0,0 05-17~0,0,0,0 06-19~0,0,0,0 06-04~0,0,0,0 06-30~0,0,0,0 2026-06~0,0,6,1 05-21~0,0,0,0 2026-08~0,0,4,1 06-23~0,0,0,0 06-21~0,0,0,0 08-18~0,0,0,0 05-31~0,0,0,0 07-27~0,0,0,0 08-30~0,0,0,0 07-21~0,0,1,0 06-03~0,0,0,0
Poland|06-14~1,1,0,0 08-08~0,0,0,0 07-27~0,0,0,0 07-01~0,0,0,0 06-19~0,0,0,0 05-04~0,0,0,0 07-21~0,0,8,8 06-20~0,0,0,0 05-28~0,0,1,1 08-16~0,0,0,0 07-03~0,0,0,0 08-03~0,0,0,0 08-24~0,0,0,0 06-12~1,0,0,0 06-01~0,0,0,0 07-19~0,0,0,0 06-07~0,0,0,0 06-21~0,0,0,0 05-19~0,0,0,0 08-15~0,0,0,0 08-29~0,0,3,3 07-17~0,0,4,4 07-29~0,0,0,0 06-17~0,0,0,0 2026-08~2,0,6,6 05-22~0,0,0,0 07-02~0,0,0,0 06-23~0,0,0,0 08-10~0,0,0,0 06-15~0,0,0,0 08-09~0,0,0,0 09-02~1,0,0,0 08-31~0,0,0,0 06-09~0,0,0,0 07-11~1,0,0,0 05-06~0,0,0,0 08-25~0,0,0,0 06-16~0,0,0,0 05-07~0,0,0,0 08-02~1,0,0,0 05-29~0,0,1,1 05-17~0,0,0,0 07-30~0,0,0,0 06-28~0,0,0,0 05-03~0,0,0,0 06-27~0,0,0,0 05-02~0,0,0,0 08-01~0,0,0,0 07-16~0,0,0,0 06-02~0,0,0,0 08-22~0,0,0,0 06-06~0,0,0,0 06-13~0,0,0,0 05-08~0,0,0,0 07-18~0,0,2,2 05-25~0,0,0,0 06-10~0,0,1,1 07-08~0,0,0,0 07-15~0,0,1,1 2026-06~3,3,7,7 08-27~0,0,0,0 05-27~0,0,0,0 2026-07M~0,0,0,0 05-30~0,0,0,0 05-16~0,0,0,0 05-13~0,0,1,1 06-26~1,1,0,0 08-06~0,0,0,0 05-26~0,0,0,0 05-14~0,0,0,0 05-12~0,0,0,0 08-18~0,0,1,1 08-30~0,0,0,0 2026-05~0,0,5,5 07-24~0,0,1,1 07-20~0,0,2,2 05-01~0,0,0,0 05-15~0,0,0,0 all~9,4,37,37 08-17~0,0,0,0 06-29~0,0,0,0 07-31~0,0,0,0 08-20~0,0,0,0 08-26~0,0,0,0 06-05~0,0,0,0 05-31~0,0,0,0 08-23~0,0,0,0 08-05~0,0,0,0 08-04~0,0,0,0 05-18~0,0,0,0 07-06~0,0,0,0 05-11~0,0,0,0 07-25~1,0,0,0 08-19~0,0,0,0 09-01~0,0,0,0 07-12~0,0,0,0 2026-07~2,0,19,19 06-18~0,0,1,1 07-10~0,0,0,0 06-08~0,0,0,0 05-21~0,0,0,0 07-04~0,0,0,0 07-14~0,0,0,0 05-23~0,0,0,0 2026-09~1,0,0,0 2026-09M~1,0,0,0 2026-05M~0,0,0,0 05-10~0,0,0,0 07-22~0,0,0,0 07-09~0,0,0,0 06-11~0,0,0,0 08-11~0,0,0,0 08-12~0,0,0,0 08-07~0,0,0,0 08-21~0,0,0,0 07-26~0,0,0,0 06-04~0,0,1,1 08-14~0,0,1,1 06-30~0,0,0,0 07-28~0,0,0,0 06-22~0,0,0,0 05-09~0,0,0,0 05-20~0,0,1,1 2026-06M~0,0,0,0 06-25~0,0,0,0 07-07~0,0,0,0 06-03~0,0,0,0 05-05~0,0,0,0 07-23~0,0,0,0 07-13~0,0,0,0 08-28~0,0,0,0 2026-08M~1,0,0,0 08-13~1,0,1,1 06-24~0,0,0,0 07-05~0,0,0,0 05-24~0,0,0,0
Portugal|05-01~0,0,0,0 2026-07M~0,0,0,0 07-04~0,0,0,0 05-26~0,0,7,6 05-19~1,0,6,6 05-23~1,1,13,13 08-16~0,0,0,0 05-14~0,0,5,5 06-21~0,0,1,1 05-18~0,0,5,5 07-18~0,0,1,1 05-20~0,0,9,9 2026-06M~0,0,0,0 06-02~0,0,0,0 07-22~0,0,4,4 07-20~0,0,3,3 08-03~0,0,0,0 06-01~0,0,0,0 07-19~0,0,0,0 07-15~2,2,2,2 05-28~0,0,1,1 05-30~0,0,0,0 07-06~0,0,1,1 06-03~0,0,0,0 08-12~0,0,1,1 08-31~0,0,0,0 08-25~0,0,0,0 06-24~0,0,1,1 06-12~3,2,0,0 05-02~0,0,0,0 08-27~0,0,0,0 08-09~0,0,0,0 08-10~0,0,0,0 08-15~0,0,0,0 06-10~0,0,3,2 07-08~0,0,0,0 2026-09~0,0,0,0 08-01~0,0,0,0 05-22~1,1,13,13 2026-06~7,5,45,41 07-29~0,0,0,0 06-13~0,0,2,2 05-31~0,0,0,0 08-18~0,0,1,1 07-26~1,0,0,0 06-18~0,0,3,3 08-13~0,0,0,0 05-25~0,0,12,11 06-23~0,0,1,1 2026-09M~0,0,0,0 05-21~3,3,15,14 08-11~0,0,2,1 05-29~0,0,4,4 08-30~0,0,0,0 05-24~7,7,13,12 08-02~0,0,0,0 06-22~0,0,2,2 08-20~0,0,0,0 05-12~0,0,0,0 06-14~0,0,2,1 08-28~0,0,0,0 05-27~0,0,8,8 08-05~0,0,1,1 05-07~0,0,0,0 07-16~0,0,3,3 08-29~0,0,0,0 08-26~0,0,0,0 2026-07~6,5,34,32 07-24~0,0,2,2 05-13~0,0,1,1 05-09~0,0,0,0 08-24~0,0,0,0 06-06~0,0,1,0 08-23~0,0,0,0 07-14~0,0,1,1 2026-08~1,0,8,7 07-27~0,0,0,0 08-07~0,0,0,0 07-30~0,0,0,0 06-28~0,0,0,0 05-11~0,0,0,0 05-04~0,0,0,0 05-16~0,0,5,5 08-19~0,0,0,0 09-01~0,0,0,0 07-03~0,0,1,1 06-29~1,1,0,0 07-31~0,0,0,0 08-04~0,0,0,0 05-06~0,0,0,0 06-17~0,0,1,1 05-10~0,0,0,0 08-21~0,0,0,0 07-13~0,0,1,1 09-02~0,0,0,0 07-21~0,0,0,0 05-08~0,0,0,0 2026-05~16,16,161,159 all~36,32,253,244 06-05~0,0,0,0 06-07~0,0,2,1 06-26~0,0,0,0 06-25~0,0,4,4 08-06~0,0,0,0 08-17~0,0,0,0 08-14~0,0,0,0 07-25~0,0,0,0 07-09~0,0,0,0 06-11~0,0,2,2 08-08~0,0,0,0 07-17~1,1,0,0 05-15~1,1,11,11 06-20~1,1,2,1 07-01~0,0,0,0 06-19~1,0,3,3 06-30~0,0,0,0 07-28~0,0,3,3 06-09~0,0,3,3 07-11~0,0,1,1 2026-05M~0,0,0,0 05-17~0,0,19,19 2026-08M~0,0,0,0 06-15~0,0,2,1 06-04~0,0,0,0 08-22~0,0,0,0 07-10~0,0,0,0 06-08~0,0,1,0 07-12~0,0,1,1 07-23~0,0,0,0 07-05~0,0,0,0 06-27~0,0,3,2 06-16~1,1,2,2 07-07~0,0,1,1 07-02~0,0,0,0 05-03~0,0,0,0 05-05~0,0,0,0
Qatar|08-13~0,0,0,0 06-20~0,0,0,0 08-04~0,0,0,0 05-29~0,0,0,0 07-21~0,0,0,0 06-16~0,0,0,0 08-25~0,0,0,0 07-02~0,0,0,0 08-27~0,0,0,0 06-14~0,0,0,0 05-30~0,0,0,0 06-17~0,0,0,0 05-09~0,0,0,0 07-01~0,0,0,0 08-28~0,0,0,0 05-25~0,0,0,0 08-08~0,0,0,0 06-08~0,0,0,0 07-03~0,0,0,0 06-15~0,0,0,0 08-26~0,0,0,0 08-01~0,0,0,0 07-12~1,0,1,1 06-04~0,0,0,0 2026-08M~0,0,0,0 06-06~0,0,0,0 07-10~0,0,0,0 08-16~0,0,0,0 06-25~0,0,0,0 06-27~0,0,0,0 08-14~0,0,0,0 07-31~0,0,0,0 07-13~0,0,0,0 06-05~0,0,0,0 06-28~0,0,0,0 07-18~0,0,0,0 08-09~0,0,0,0 07-23~0,0,0,0 08-06~0,0,0,0 2026-06M~0,0,0,0 07-22~0,0,0,0 08-07~0,0,0,0 2026-07M~0,0,0,0 07-14~0,0,0,0 06-02~0,0,0,0 08-31~0,0,0,0 2026-05M~0,0,0,0 2026-05~0,0,0,0 06-18~0,0,0,0 08-19~0,0,0,0 08-10~0,0,0,0 06-23~0,0,0,0 06-10~0,0,0,0 07-06~0,0,0,0 06-21~0,0,0,0 08-12~0,0,0,0 06-22~0,0,0,0 08-11~0,0,0,0 06-29~0,0,0,0 2026-07~1,0,1,1 07-28~0,0,0,0 05-20~0,0,0,0 07-29~0,0,0,0 05-21~0,0,0,0 05-22~0,0,0,0 05-26~0,0,0,0 06-01~0,0,0,0 07-17~0,0,0,0 05-27~0,0,0,0 06-24~0,0,0,0 08-17~0,0,0,0 05-31~0,0,0,0 07-05~0,0,0,0 06-13~0,0,0,0 08-20~0,0,0,0 08-22~0,0,0,0 06-11~0,0,0,0 07-07~0,0,0,0 06-30~0,0,0,0 08-03~0,0,0,0 07-26~0,0,0,0 07-25~0,0,0,0 2026-06~0,0,0,0 08-18~0,0,0,0 07-11~0,0,0,0 2026-08~0,0,0,0 06-19~0,0,0,0 05-28~0,0,0,0 08-05~0,0,0,0 07-20~0,0,0,0 07-19~0,0,0,0 08-15~0,0,0,0 06-26~0,0,0,0 07-30~0,0,0,0 07-09~0,0,0,0 07-15~0,0,0,0 06-03~0,0,0,0 07-04~0,0,0,0 08-21~0,0,0,0 06-12~0,0,0,0 all~1,0,1,1 07-08~0,0,0,0 05-02~0,0,0,0 08-02~0,0,0,0 07-27~0,0,0,0 07-16~0,0,0,0 06-09~0,0,0,0
Romania|08-23~1,0,0,0 06-05~0,0,0,0 09-01~0,0,1,1 08-19~0,0,0,0 08-11~1,1,0,0 08-22~0,0,0,0 09-02~0,0,0,0 06-08~0,0,0,0 07-10~1,0,0,0 05-15~0,0,0,0 06-28~0,0,1,1 07-30~0,0,2,0 07-29~0,0,1,0 06-26~0,0,1,0 08-07~0,0,0,0 08-26~0,0,0,0 07-12~0,0,0,0 08-12~0,0,0,0 06-03~0,0,2,0 08-25~1,1,1,1 05-28~0,0,0,0 07-08~0,0,1,0 06-10~0,0,1,0 06-16~0,0,0,0 07-28~0,0,3,1 06-30~1,1,1,0 06-25~0,0,1,0 05-24~0,0,0,0 05-26~0,0,0,0 05-08~0,0,0,0 08-04~1,1,1,0 07-24~0,0,3,0 07-06~1,1,2,0 06-20~1,1,1,0 06-06~0,0,0,0 07-13~0,0,1,1 07-26~0,0,2,0 08-01~0,0,2,0 06-04~0,0,1,0 08-18~0,0,1,1 08-20~0,0,0,0 06-18~0,0,0,0 05-22~0,0,0,0 06-22~2,1,1,1 05-17~0,0,2,0 05-29~0,0,1,0 06-07~0,0,0,0 all~32,22,93,22 05-16~0,0,1,0 08-13~2,1,1,1 05-06~0,0,0,0 07-21~0,0,0,0 08-28~0,0,0,0 2026-06~7,5,19,6 05-12~0,0,0,0 05-13~1,1,0,0 08-10~1,1,0,0 07-07~0,0,0,0 08-29~0,0,0,0 06-13~0,0,0,0 06-17~0,0,0,0 06-02~0,0,0,0 07-22~1,1,1,0 05-19~1,0,0,0 06-11~0,0,0,0 07-09~0,0,1,0 07-19~0,0,0,0 06-01~0,0,0,0 2026-08M~0,0,4,1 06-27~0,0,2,0 07-04~0,0,0,0 05-21~0,0,0,0 05-07~0,0,0,0 07-23~1,1,1,0 05-02~0,0,0,0 08-17~2,2,1,1 05-05~0,0,0,0 05-23~0,0,2,0 2026-09~0,0,1,1 05-03~0,0,0,0 08-09~0,0,0,0 08-21~3,2,0,0 2026-05~2,1,13,1 07-31~0,0,2,0 06-29~0,0,0,0 05-10~0,0,0,0 05-04~0,0,0,0 08-06~0,0,1,0 2026-07M~0,0,2,1 07-20~0,0,0,0 08-31~0,0,0,0 06-14~0,0,0,0 05-20~0,0,0,0 08-27~0,0,0,0 2026-05M~0,0,0,0 08-14~1,1,0,0 08-15~0,0,0,0 05-09~0,0,0,0 07-17~0,0,0,0 05-25~0,0,1,1 08-08~0,0,0,0 07-03~1,1,1,0 07-11~0,0,1,0 06-09~0,0,0,0 07-27~0,0,4,0 06-19~0,0,0,0 07-01~0,0,0,0 05-30~0,0,0,0 07-15~0,0,1,0 06-24~0,0,2,2 08-24~0,0,0,0 07-05~0,0,0,0 05-01~0,0,0,0 2026-09M~0,0,1,1 07-18~0,0,1,0 08-03~0,0,0,0 08-16~0,0,1,0 08-30~0,0,0,0 06-15~0,0,0,0 08-05~0,0,0,0 06-21~0,0,0,0 05-27~0,0,0,0 2026-07~7,5,37,4 05-11~0,0,0,0 07-25~0,0,0,0 2026-06M~0,0,0,0 05-18~0,0,2,0 05-31~0,0,4,0 07-16~0,0,1,0 2026-08~13,10,14,9 06-23~0,0,0,0 06-12~1,0,1,1 05-14~0,0,0,0 07-02~0,0,2,1 08-02~0,0,2,1 07-14~1,0,2,1
Russia|05-02~0,0,0,0 07-07~0,0,0,0 05-25~0,0,0,0 2026-06M~0,0,0,0 05-20~0,0,0,0 08-15~0,0,0,0 05-28~0,0,0,0 05-17~0,0,0,0 06-22~0,0,0,0 06-03~0,0,0,0 2026-09~0,0,0,0 05-23~0,0,0,0 07-19~0,0,0,0 06-01~0,0,0,0 07-21~0,0,0,0 07-23~0,0,0,0 06-02~0,0,0,0 07-16~0,0,0,0 07-05~0,0,0,0 07-18~0,0,0,0 08-11~0,0,0,0 08-26~0,0,0,0 06-27~0,0,0,0 08-31~0,0,0,0 06-11~0,0,0,0 07-09~0,0,0,0 05-01~0,0,0,0 08-24~0,0,0,0 08-13~0,0,0,0 08-16~0,0,0,0 06-13~0,0,0,0 08-02~0,0,0,0 05-21~0,0,0,0 07-28~0,0,0,0 06-30~0,0,0,0 07-08~0,0,0,0 06-10~0,0,0,0 05-19~0,0,0,0 07-25~0,0,0,0 07-03~0,0,0,0 2026-08M~0,0,0,0 08-10~0,0,0,0 05-26~0,0,0,0 06-20~0,0,0,0 05-22~0,0,0,0 2026-08~1,1,1,0 08-12~0,0,0,0 05-27~0,0,0,0 08-01~0,0,0,0 06-21~0,0,0,0 08-23~0,0,0,0 05-11~0,0,0,0 06-17~0,0,0,0 08-03~0,0,0,0 05-24~0,0,0,0 08-06~0,0,0,0 05-04~0,0,0,0 07-15~0,0,0,0 05-29~0,0,0,0 05-03~0,0,0,0 08-25~0,0,0,0 07-27~0,0,0,0 05-10~0,0,0,0 2026-05M~0,0,0,0 08-27~0,0,0,0 06-05~0,0,0,0 08-20~0,0,0,0 07-17~0,0,0,0 07-24~0,0,0,0 08-04~0,0,0,0 05-12~0,0,0,0 08-18~0,0,0,0 2026-09M~0,0,0,0 05-07~0,0,0,0 05-15~0,0,0,0 09-02~0,0,0,0 06-18~0,0,0,0 07-31~0,0,0,0 06-29~0,0,0,0 05-30~0,0,0,0 2026-07M~0,0,0,0 05-18~0,0,0,0 08-07~0,0,0,0 05-05~0,0,0,0 06-14~0,0,0,0 05-13~0,0,0,0 08-29~0,0,0,0 08-22~0,0,0,0 07-29~0,0,0,0 05-08~0,0,0,0 06-08~0,0,0,0 07-10~0,0,0,0 09-01~0,0,0,0 08-19~0,0,0,0 07-22~0,0,0,0 2026-07~0,0,0,0 2026-06~0,0,3,3 08-30~0,0,0,0 06-06~0,0,0,0 06-04~0,0,0,0 06-25~0,0,0,0 06-28~0,0,1,1 07-30~0,0,0,0 05-31~0,0,0,0 06-26~0,0,0,0 08-05~0,0,0,0 08-14~0,0,0,0 all~1,1,5,4 08-17~0,0,0,0 07-26~0,0,0,0 08-09~0,0,0,0 06-12~0,0,0,0 07-14~0,0,0,0 05-16~0,0,0,0 06-23~0,0,0,0 07-02~0,0,0,0 07-12~0,0,0,0 2026-05~0,0,0,0 05-09~0,0,0,0 05-14~0,0,0,0 06-16~0,0,0,0 08-28~0,0,0,0 06-07~0,0,0,0 08-21~0,0,0,0 08-08~0,0,0,0 07-13~0,0,0,0 07-11~0,0,0,0 06-09~0,0,0,0 07-20~0,0,0,0 07-06~0,0,0,0 06-24~0,0,0,0 06-15~0,0,0,0 07-04~0,0,0,0 06-19~0,0,0,0 07-01~0,0,0,0 05-06~0,0,0,0
Rwanda|2026-06~0,0,1,0 2026-07~0,0,0,0 07-23~0,0,0,0 07-18~0,0,0,0 2026-05~0,0,0,0 06-26~0,0,0,0 06-25~0,0,0,0 06-27~0,0,0,0 06-29~0,0,0,0 07-15~0,0,0,0 06-06~0,0,0,0 all~0,0,1,0 05-20~0,0,0,0 06-28~0,0,0,0
Saudi Arabia|07-16~0,0,0,0 06-25~0,0,0,0 07-31~0,0,0,0 05-12~0,0,0,0 08-06~0,0,0,0 07-03~0,0,0,0 06-18~0,0,0,0 09-01~0,0,0,0 05-14~0,0,0,0 06-03~0,0,0,0 06-01~0,0,0,0 2026-05M~0,0,0,0 2026-08M~0,0,0,0 08-10~0,0,0,0 09-02~0,0,0,0 08-31~0,0,0,0 08-05~0,0,0,0 06-14~0,0,0,0 all~0,0,1,0 07-18~0,0,0,0 08-22~0,0,0,0 07-27~0,0,0,0 06-27~0,0,0,0 07-08~0,0,0,0 05-19~0,0,0,0 07-20~0,0,0,0 07-22~0,0,0,0 08-18~0,0,0,0 07-29~0,0,0,0 08-13~0,0,0,0 07-15~0,0,0,0 05-22~0,0,0,0 2026-07~0,0,0,0 06-29~0,0,0,0 05-02~0,0,0,0 08-16~0,0,0,0 06-08~0,0,0,0 07-26~0,0,0,0 05-24~0,0,0,0 06-07~0,0,0,0 06-21~0,0,0,0 06-15~0,0,0,0 08-23~0,0,0,0 07-19~0,0,0,0 08-08~0,0,0,0 08-04~0,0,0,0 08-09~0,0,0,0 05-05~0,0,0,0 07-05~0,0,0,0 07-30~0,0,0,0 07-10~0,0,0,0 08-07~0,0,0,0 07-17~0,0,0,0 05-23~0,0,0,0 06-05~0,0,0,0 07-04~0,0,0,0 08-24~0,0,0,0 05-06~0,0,0,0 2026-07M~0,0,0,0 06-06~0,0,0,0 05-20~0,0,0,0 06-11~0,0,0,0 07-06~0,0,0,0 08-21~0,0,0,0 2026-09~0,0,0,0 05-07~0,0,0,0 07-13~0,0,0,0 08-29~0,0,0,0 2026-09M~0,0,0,0 07-01~0,0,0,0 06-22~0,0,0,0 06-10~0,0,0,0 06-13~0,0,0,0 07-24~0,0,0,0 06-17~0,0,0,0 07-11~0,0,0,0 05-11~0,0,0,0 07-07~0,0,0,0 05-15~0,0,0,0 06-16~0,0,0,0 08-11~0,0,0,0 05-04~0,0,0,0 08-26~0,0,0,0 08-20~0,0,0,0 05-28~0,0,0,0 2026-08~0,0,0,0 08-30~0,0,0,0 08-25~0,0,0,0 08-03~0,0,0,0 08-02~0,0,0,0 2026-06M~0,0,0,0 05-10~0,0,0,0 06-12~0,0,0,0 07-25~0,0,0,0 05-27~0,0,0,0 08-19~0,0,0,0 07-23~0,0,0,0 2026-05~0,0,1,0 2026-06~0,0,0,0 05-03~0,0,0,0 05-25~0,0,0,0 06-04~0,0,0,0 07-21~0,0,0,0 05-31~0,0,0,0 06-28~0,0,0,0 05-18~0,0,0,0 07-09~0,0,0,0 05-21~0,0,0,0 07-02~0,0,0,0 06-19~0,0,0,0 06-20~0,0,0,0 06-09~0,0,0,0 06-30~0,0,0,0 05-17~0,0,0,0 08-17~0,0,0,0 08-14~0,0,0,0 08-01~0,0,0,0 08-27~0,0,0,0 05-13~0,0,0,0 05-29~0,0,0,0 08-12~0,0,0,0 07-28~0,0,0,0 05-01~0,0,0,0 06-02~0,0,0,0 06-24~0,0,0,0 05-08~0,0,0,0 06-26~0,0,0,0 06-23~0,0,0,0 05-16~0,0,1,0 05-26~0,0,0,0 07-14~0,0,0,0 08-28~0,0,0,0 07-12~0,0,0,0 08-15~0,0,0,0 05-09~0,0,0,0 05-30~0,0,0,0
Senegal|07-18~0,0,0,0 07-25~0,0,0,0 07-06~0,0,0,0 2026-06~0,0,0,0 06-26~0,0,0,0 06-11~0,0,0,0 07-29~0,0,0,0 06-02~0,0,0,0 07-16~0,0,0,0 2026-08~0,0,0,0 2026-05~0,0,0,0 08-04~0,0,0,0 06-30~0,0,0,0 07-27~0,0,0,0 06-08~0,0,0,0 06-12~0,0,0,0 2026-05M~0,0,0,0 2026-07M~0,0,0,0 07-31~0,0,0,0 06-29~0,0,0,0 06-28~0,0,0,0 07-30~0,0,0,0 06-07~0,0,0,0 08-18~0,0,0,0 08-06~0,0,0,0 06-25~0,0,0,0 07-01~0,0,0,0 2026-06M~0,0,0,0 08-28~0,0,0,0 2026-07~0,0,0,0 05-02~0,0,0,0 08-14~0,0,0,0 07-24~0,0,0,0 05-30~0,0,0,0 all~0,0,0,0 05-23~0,0,0,0 06-27~0,0,0,0 07-12~0,0,0,0 05-24~0,0,0,0
Serbia|08-22~0,0,2,1 05-01~0,0,0,0 06-09~2,0,1,0 07-11~0,0,1,1 07-30~0,0,0,0 06-28~0,0,0,0 08-08~0,0,0,0 2026-09M~0,0,0,0 07-09~0,0,0,0 06-11~0,0,1,0 2026-06~7,0,37,2 08-04~0,0,1,0 08-06~0,0,0,0 2026-08~2,0,11,4 05-22~0,0,0,0 07-25~0,0,1,0 08-13~0,0,0,0 08-20~0,0,0,0 05-07~0,0,0,0 05-14~0,0,0,0 05-12~0,0,0,0 07-17~0,0,0,0 05-21~0,0,0,0 07-03~0,0,1,0 09-02~0,0,0,0 06-20~1,0,1,0 06-22~0,0,4,1 07-14~0,0,2,1 07-01~1,0,0,0 06-19~0,0,1,0 05-24~0,0,0,0 05-02~0,0,0,0 2026-08M~0,0,0,0 07-27~0,0,1,0 06-26~0,0,2,0 08-26~0,0,0,0 05-26~0,0,0,0 06-13~0,0,0,0 08-12~0,0,0,0 05-03~0,0,0,0 06-12~0,0,1,0 07-16~0,0,0,0 07-24~0,0,0,0 06-02~0,0,4,0 07-06~0,0,1,0 06-16~0,0,1,0 07-26~0,0,3,0 07-23~0,0,2,0 08-30~0,0,0,0 06-17~1,0,1,0 06-18~0,0,0,0 08-02~0,0,0,0 05-17~0,0,0,0 05-13~0,0,0,0 07-02~1,0,0,0 05-06~0,0,0,0 07-05~0,0,0,0 05-15~0,0,0,0 08-09~0,0,1,1 06-30~0,0,0,0 07-28~0,0,1,0 05-05~0,0,0,0 05-23~0,0,0,0 2026-09~0,0,0,0 08-01~0,0,0,0 05-18~0,0,1,1 07-21~0,0,2,0 08-16~0,0,1,0 06-25~0,0,0,0 06-03~0,0,2,0 06-06~0,0,1,0 06-01~0,0,2,0 07-19~0,0,1,1 06-27~0,0,0,0 08-25~0,0,0,0 06-07~0,0,2,0 all~15,0,85,15 08-17~0,0,0,0 08-14~0,0,0,0 07-13~2,0,1,0 08-10~0,0,1,1 07-22~0,0,1,0 08-29~0,0,0,0 05-29~0,0,0,0 2026-07~5,0,26,6 08-11~0,0,1,0 06-14~1,0,1,0 07-18~0,0,0,0 07-07~0,0,0,0 2026-05M~0,0,0,0 05-10~0,0,0,0 06-24~0,0,0,0 08-07~0,0,0,0 07-15~0,0,0,0 06-21~0,0,0,0 06-04~0,0,2,0 08-18~0,0,0,0 05-28~0,0,1,0 07-12~0,0,1,0 08-15~0,0,2,1 07-20~0,0,0,0 06-29~0,0,1,0 07-31~0,0,2,0 08-03~0,0,0,0 05-09~0,0,0,0 05-20~0,0,0,0 2026-06M~0,0,6,0 05-19~0,0,1,0 08-31~0,0,0,0 06-05~0,0,1,0 08-27~0,0,0,0 07-10~0,0,0,0 06-08~0,0,3,0 2026-05~0,0,5,2 05-04~0,0,0,0 05-11~0,0,0,0 05-25~0,0,0,0 06-23~0,0,0,0 06-15~0,0,0,0 07-04~0,0,0,0 08-05~0,0,0,0 08-23~1,0,0,0 08-19~0,0,0,0 09-01~0,0,0,0 08-28~0,0,0,0 2026-07M~2,0,1,1 05-30~0,0,0,0 08-21~0,0,0,0 08-24~0,0,0,0 05-27~0,0,0,0 05-16~0,0,0,0 06-10~0,0,0,0 07-08~0,0,0,0 05-31~0,0,1,0 05-08~0,0,0,0 07-29~0,0,1,0
Slovakia|08-06~0,0,0,0 2026-08M~0,0,0,0 08-21~0,0,0,0 07-20~0,0,0,0 08-24~1,1,0,0 05-30~0,0,0,0 06-13~0,0,0,0 05-11~0,0,0,0 08-13~0,0,0,0 08-27~0,0,0,0 2026-07~3,0,9,1 05-28~0,0,0,0 06-15~0,0,0,0 07-14~0,0,0,0 07-03~0,0,1,0 05-04~0,0,0,0 2026-06~0,0,1,0 08-08~0,0,0,0 07-26~0,0,1,0 2026-09M~0,0,2,2 08-18~0,0,0,0 05-15~0,0,0,0 07-15~0,0,0,0 06-18~0,0,0,0 05-22~0,0,0,0 05-19~0,0,0,0 08-30~0,0,0,0 06-01~0,0,0,0 07-19~0,0,0,0 08-05~0,0,0,0 05-20~0,0,0,0 06-23~0,0,0,0 07-05~0,0,0,0 07-23~0,0,0,0 05-17~0,0,0,0 07-17~0,0,0,0 05-12~0,0,0,0 06-03~0,0,0,0 05-06~0,0,0,0 07-21~0,0,0,0 08-25~0,0,0,0 06-25~0,0,0,0 07-07~0,0,0,0 05-14~0,0,0,0 08-09~0,0,0,0 08-22~0,0,0,0 08-26~0,0,0,0 07-22~0,0,0,0 05-16~0,0,0,0 2026-08~2,1,1,1 08-23~0,0,0,0 05-05~0,0,0,0 2026-07M~0,0,1,0 05-27~0,0,0,0 06-04~0,0,0,0 2026-05M~0,0,0,0 08-15~0,0,0,0 05-07~0,0,0,0 08-20~0,0,0,0 05-02~0,0,0,0 07-13~0,0,0,0 08-07~0,0,0,0 05-21~0,0,0,0 06-22~0,0,0,0 2026-06M~0,0,0,0 08-14~0,0,0,0 05-23~0,0,0,0 07-27~0,0,1,0 06-07~0,0,0,0 05-24~0,0,0,0 05-09~0,0,0,0 07-24~0,0,2,0 07-02~0,0,1,0 06-21~0,0,0,0 08-16~0,0,0,0 06-06~0,0,0,0 08-03~0,0,0,0 07-12~0,0,1,1 08-11~0,0,0,0 2026-09~0,0,2,2 05-03~0,0,0,0 08-01~0,0,0,0 06-10~0,0,0,0 07-08~0,0,0,0 08-17~0,0,0,0 2026-05~1,1,1,1 06-14~0,0,0,0 05-26~0,0,0,0 06-05~0,0,0,0 all~6,2,14,5 06-29~0,0,0,0 07-31~0,0,0,0 09-02~0,0,1,1 08-29~0,0,0,0 08-28~1,0,1,1 05-18~0,0,0,0 07-09~0,0,0,0 06-11~0,0,0,0 06-26~0,0,0,0 05-01~0,0,0,0 05-10~0,0,0,0 05-13~0,0,0,0 06-02~0,0,0,0 06-24~0,0,0,0 08-31~0,0,0,0 06-30~0,0,1,0 07-28~0,0,0,0 07-01~0,0,0,0 06-19~0,0,0,0 08-19~0,0,0,0 09-01~0,0,1,1 06-20~0,0,0,0 08-12~0,0,0,0 05-31~0,0,0,0 06-16~0,0,0,0 07-25~0,0,0,0 06-12~0,0,0,0 08-10~0,0,0,0 07-30~0,0,0,0 06-28~0,0,0,0 07-04~0,0,0,0 07-16~0,0,0,0 07-18~0,0,0,0 05-25~0,0,0,0 06-09~0,0,0,0 07-11~1,0,0,0 07-06~0,0,0,0 05-29~0,0,0,0 06-17~0,0,0,0 06-27~0,0,0,0 08-04~0,0,0,0 08-02~0,0,0,0 07-10~0,0,0,0 06-08~0,0,0,0 07-29~0,0,1,0 05-08~0,0,0,0
Slovenia|05-28~0,0,0,0 06-12~0,0,0,0 06-17~0,0,0,0 08-20~0,0,0,0 2026-06M~0,0,0,0 05-02~0,0,0,0 07-07~0,0,0,0 06-20~0,0,0,0 05-15~0,0,0,0 06-14~0,0,0,0 08-06~0,0,0,0 08-26~0,0,0,0 08-28~0,0,0,0 07-11~0,0,0,0 06-09~0,0,0,0 06-28~0,0,0,0 07-30~0,0,0,0 08-04~0,0,0,0 07-04~0,0,0,0 05-19~0,0,0,0 07-23~0,0,0,0 06-04~0,0,0,0 08-18~0,0,0,0 05-10~0,0,0,0 06-03~0,0,0,0 07-19~0,0,0,0 06-01~0,0,0,0 05-26~0,0,0,0 07-12~0,0,0,0 2026-06~0,0,0,0 08-10~0,0,0,0 08-08~0,0,0,0 08-05~0,0,0,0 05-24~0,0,0,0 08-30~0,0,0,0 all~0,0,1,1 07-17~0,0,0,0 06-16~0,0,0,0 05-07~0,0,0,0 05-05~0,0,0,0 05-27~0,0,0,0 06-05~0,0,0,0 08-16~0,0,0,0 05-18~0,0,0,0 07-22~0,0,0,0 06-11~0,0,0,0 07-09~0,0,0,0 05-17~0,0,0,0 06-15~0,0,0,0 08-09~0,0,0,0 07-05~0,0,0,0 07-08~0,0,0,0 06-10~0,0,0,0 05-16~0,0,0,0 06-26~0,0,0,0 05-20~0,0,0,0 2026-07~0,0,0,0 06-13~0,0,0,0 07-06~0,0,0,0 08-11~0,0,0,0 05-08~0,0,0,0 06-27~0,0,0,0 07-25~0,0,0,0 09-01~0,0,0,0 08-19~0,0,0,0 05-01~0,0,0,0 2026-05M~0,0,0,0 2026-08M~0,0,0,0 05-03~0,0,0,0 08-29~0,0,0,0 08-12~0,0,0,0 06-25~0,0,0,0 07-20~0,0,0,0 07-28~0,0,0,0 06-30~0,0,0,0 06-19~0,0,0,0 07-01~0,0,0,0 06-22~0,0,0,0 06-07~0,0,0,0 05-23~0,0,0,0 08-23~0,0,0,0 06-24~0,0,0,0 08-27~0,0,0,0 06-08~0,0,0,0 07-10~0,0,0,0 05-06~0,0,0,0 07-27~0,0,0,0 07-21~0,0,0,0 09-02~0,0,0,0 07-31~0,0,0,0 06-29~0,0,0,0 07-24~0,0,0,0 07-02~0,0,0,0 07-03~0,0,0,0 08-01~0,0,0,0 2026-09M~0,0,0,0 05-31~0,0,0,0 05-12~0,0,0,0 08-22~0,0,0,0 06-06~0,0,0,0 08-15~0,0,0,0 05-11~0,0,0,0 08-07~0,0,1,1 07-18~0,0,0,0 08-31~0,0,0,0 08-17~0,0,0,0 05-09~0,0,0,0 06-02~0,0,0,0 08-03~0,0,0,0 05-25~0,0,0,0 08-13~0,0,0,0 2026-07M~0,0,0,0 06-21~0,0,0,0 05-14~0,0,0,0 05-04~0,0,0,0 08-25~0,0,0,0 2026-05~0,0,0,0 07-16~0,0,0,0 07-15~0,0,0,0 06-18~0,0,0,0 07-26~0,0,0,0 08-21~0,0,0,0 06-23~0,0,0,0 07-13~0,0,0,0 2026-09~0,0,0,0 05-21~0,0,0,0 05-30~0,0,0,0 05-29~0,0,0,0 05-13~0,0,0,0 05-22~0,0,0,0 2026-08~0,0,1,1 08-24~0,0,0,0 08-14~0,0,0,0 07-29~0,0,0,0 07-14~0,0,0,0 08-02~0,0,0,0
Somalia|05-24~0,0,0,0 06-15~0,0,0,0 08-15~0,0,0,0 06-27~0,0,2,0 07-29~0,0,0,0 07-07~0,0,0,0 2026-05~0,0,1,1 2026-07M~0,0,0,0 07-16~0,0,0,0 06-26~0,0,0,0 05-15~0,0,0,0 08-18~0,0,0,0 06-30~0,0,0,0 all~0,0,3,1 05-17~0,0,0,0 07-17~0,0,0,0 2026-06M~0,0,0,0 07-30~0,0,0,0 06-28~0,0,0,0 05-14~0,0,0,0 07-11~0,0,0,0 06-02~0,0,0,0 2026-08~0,0,0,0 05-21~0,0,0,0 2026-07~0,0,0,0 05-18~0,0,0,0 05-06~0,0,0,0 2026-06~0,0,2,0 05-19~0,0,0,0 05-20~0,0,0,0 07-01~0,0,0,0
South Africa|05-22~0,0,0,0 05-05~0,0,0,0 07-26~1,0,0,0 05-08~0,0,0,0 05-03~0,0,0,0 07-20~0,0,0,0 08-03~0,0,2,0 08-14~0,0,1,0 07-02~0,0,1,0 05-13~0,0,0,0 08-31~0,0,0,0 08-22~0,0,2,0 07-18~0,0,0,0 08-24~0,0,0,0 08-02~0,0,0,0 08-17~0,0,0,0 06-02~0,0,2,0 05-14~0,0,0,0 05-16~0,0,2,0 05-21~0,0,0,0 09-01~0,0,0,0 07-16~0,0,1,0 07-28~0,0,0,0 08-12~0,0,0,0 06-15~0,0,1,0 07-03~0,0,0,0 2026-09M~0,0,1,0 06-09~0,0,0,0 05-18~0,0,0,0 05-01~0,0,0,0 2026-06~7,0,67,0 05-12~0,0,0,0 07-10~0,0,0,0 06-04~0,0,1,0 2026-09~0,0,1,0 2026-08M~0,0,0,0 08-10~0,0,0,0 05-06~0,0,0,0 05-02~0,0,0,0 06-30~2,0,14,0 05-07~0,0,0,0 06-20~0,0,1,0 07-31~1,0,0,0 05-31~0,0,1,0 05-04~0,0,0,0 06-19~0,0,0,0 05-24~0,0,0,0 08-04~0,0,0,0 05-09~0,0,0,0 05-23~0,0,1,0 07-17~1,0,0,0 05-30~0,0,0,0 08-21~0,0,0,0 08-25~0,0,1,0 09-02~0,0,1,0 2026-07M~1,0,11,0 08-30~0,0,1,0 08-08~0,0,1,0 07-19~0,0,1,0 08-23~0,0,1,0 06-12~0,0,2,0 07-09~0,0,1,0 08-15~0,0,1,0 2026-08~0,0,20,1 07-14~0,0,1,0 06-10~0,0,1,0 06-07~0,0,1,0 06-21~0,0,0,0 08-09~0,0,0,0 05-27~0,0,1,0 06-24~0,0,0,0 08-05~0,0,0,0 06-11~0,0,1,0 06-23~0,0,0,0 06-05~0,0,3,0 06-25~0,0,4,0 06-29~0,0,6,0 05-10~0,0,0,0 06-18~0,0,0,0 05-25~0,0,2,0 07-25~0,0,2,0 07-21~0,0,0,0 06-22~0,0,0,0 07-30~0,0,1,0 2026-05~1,0,13,0 05-28~0,0,1,0 08-26~0,0,0,0 06-06~0,0,0,0 07-07~0,0,0,0 06-03~0,0,0,0 06-26~0,0,5,0 2026-05M~0,0,0,0 07-24~0,0,0,0 06-28~1,0,5,0 05-11~0,0,0,0 08-29~0,0,0,0 07-13~0,0,0,0 07-01~1,0,10,0 05-17~0,0,0,0 06-08~0,0,0,0 07-11~0,0,1,0 05-15~0,0,1,0 06-16~0,0,2,0 07-05~1,0,0,0 08-16~0,0,0,0 07-15~0,0,1,0 06-14~2,0,3,0 all~18,0,134,1 06-27~0,0,5,0 2026-07~8,0,29,0 07-23~0,0,0,0 08-19~0,0,2,1 07-08~0,0,2,0 05-19~0,0,2,0 05-29~0,0,0,0 07-27~2,0,2,0 08-27~0,0,1,0 08-13~0,0,1,0 07-29~1,0,2,0 06-01~0,0,0,0 08-01~0,0,0,0 06-17~0,0,1,0 2026-06M~0,0,2,0 08-06~0,0,1,0 07-06~0,0,1,0 08-11~0,0,0,0 08-20~0,0,0,0 08-18~0,0,2,0 07-22~0,0,0,0 07-12~0,0,0,0 08-28~0,0,0,0 05-20~0,0,1,0 05-26~1,0,1,0 08-07~0,0,0,0 07-04~0,0,2,0 06-13~1,0,0,0
South Korea|06-19~0,0,0,0 05-17~0,0,0,0 05-12~0,0,0,0 06-14~0,0,0,0 08-23~0,0,0,0 08-06~0,0,0,0 06-21~0,0,0,0 08-13~0,0,0,0 08-11~0,0,0,0 05-02~0,0,0,0 06-20~0,0,0,0 05-19~0,0,0,0 06-17~0,0,0,0 06-01~0,0,0,0 08-28~0,0,0,0 06-22~0,0,0,0 05-08~0,0,0,0 06-06~0,0,0,0 06-04~0,0,1,1 05-31~0,0,0,0 05-04~0,0,0,0 2026-09M~0,0,0,0 08-18~0,0,0,0 08-17~0,0,0,0 07-20~0,0,0,0 all~0,0,1,1 08-04~0,0,0,0 2026-07M~0,0,0,0 06-16~0,0,0,0 09-01~0,0,0,0 08-05~0,0,0,0 2026-06~0,0,1,1 06-18~0,0,0,0 2026-09~0,0,0,0 05-21~0,0,0,0 06-15~0,0,0,0 09-02~0,0,0,0 07-02~0,0,0,0 08-15~0,0,0,0 08-24~0,0,0,0 08-30~0,0,0,0 2026-06M~0,0,0,0 2026-05~0,0,0,0 2026-05M~0,0,0,0 07-01~0,0,0,0 08-16~0,0,0,0 08-26~0,0,0,0 2026-08~0,0,0,0 08-21~0,0,0,0 07-19~0,0,0,0 06-02~0,0,0,0 08-09~0,0,0,0 08-27~0,0,0,0 2026-07~0,0,0,0 08-10~0,0,0,0 07-07~0,0,0,0 08-31~0,0,0,0 06-11~0,0,0,0 06-10~0,0,0,0 05-28~0,0,0,0 06-26~0,0,0,0 06-03~0,0,0,0 08-14~0,0,0,0 07-03~0,0,0,0 05-30~0,0,0,0 08-29~0,0,0,0 05-20~0,0,0,0 08-22~0,0,0,0 07-10~0,0,0,0 08-07~0,0,0,0 08-19~0,0,0,0 06-13~0,0,0,0 07-24~0,0,0,0 08-20~0,0,0,0 08-12~0,0,0,0 07-17~0,0,0,0 06-30~0,0,0,0 06-09~0,0,0,0
Spain|07-13~0,0,1,0 06-05~0,0,0,0 06-22~0,0,0,0 08-11~0,0,0,0 05-03~0,0,0,0 06-27~0,0,1,0 08-14~1,1,0,0 07-31~0,0,1,1 09-02~0,0,1,1 2026-06~9,5,24,5 05-31~0,0,2,0 06-10~0,0,0,0 08-23~0,0,2,1 07-06~0,0,1,0 05-02~0,0,0,0 09-01~0,0,1,0 06-24~0,0,0,0 08-17~0,0,1,0 2026-07M~0,0,2,0 2026-05M~0,0,0,0 05-27~0,0,1,1 06-18~0,0,0,0 05-06~0,0,0,0 all~37,23,79,32 05-15~0,0,0,0 07-22~0,0,0,0 08-07~2,2,0,0 05-05~0,0,0,0 08-28~1,1,2,0 07-25~0,0,2,0 08-02~1,1,2,0 07-27~3,1,0,0 08-09~0,0,0,0 05-24~0,0,0,0 05-18~0,0,0,0 06-06~0,0,1,0 07-10~0,0,1,0 2026-08~13,9,18,11 07-29~1,0,0,0 05-21~0,0,0,0 08-15~0,0,1,1 06-26~0,0,1,0 07-30~1,1,2,0 07-23~0,0,0,0 08-06~0,0,0,0 07-08~0,0,0,0 2026-06M~0,0,1,0 2026-08M~1,1,3,0 05-14~0,0,1,1 06-21~0,0,1,0 08-12~0,0,0,0 08-16~0,0,0,0 06-25~1,1,1,0 08-13~0,0,2,1 06-20~2,1,0,0 06-16~0,0,0,0 05-08~0,0,0,0 08-25~0,0,0,0 08-10~1,0,0,0 06-23~1,0,1,1 07-15~0,0,0,0 08-30~0,0,0,0 06-03~0,0,0,0 05-30~0,0,1,0 07-12~0,0,0,0 06-04~0,0,0,0 2026-09M~0,0,2,1 08-24~1,1,0,0 05-09~0,0,0,0 06-17~0,0,0,0 07-01~0,0,1,0 05-13~1,1,2,0 07-03~0,0,1,1 06-15~0,0,0,0 08-26~1,1,1,1 05-16~0,0,0,0 06-08~0,0,1,0 07-16~0,0,0,0 06-29~4,0,1,1 07-04~0,0,0,0 08-21~1,0,0,0 06-12~0,0,3,0 08-04~0,0,0,0 05-29~0,0,1,0 07-21~0,0,0,0 07-09~1,1,1,1 05-01~0,0,0,0 07-14~0,0,1,1 06-02~0,0,0,0 08-31~0,0,0,0 2026-05~1,1,9,2 07-02~0,0,1,0 08-27~0,0,0,0 06-14~0,0,1,1 05-26~0,0,0,0 07-19~0,0,0,0 05-11~0,0,0,0 06-09~0,0,1,0 05-17~0,0,0,0 05-07~0,0,0,0 06-19~0,0,1,0 05-12~0,0,0,0 08-19~0,0,0,0 08-18~0,0,0,0 05-28~0,0,0,0 08-05~0,0,0,0 07-20~0,0,0,0 06-30~0,0,1,0 08-03~0,0,1,1 07-26~0,0,0,0 07-24~1,0,1,0 08-01~0,0,0,0 08-29~2,2,0,0 05-04~0,0,0,0 08-22~0,0,0,0 06-11~0,0,1,0 07-07~0,0,0,0 07-28~0,0,0,0 05-20~0,0,0,0 05-23~0,0,0,0 06-28~0,0,0,0 07-18~0,0,1,0 05-10~0,0,0,0 2026-07~11,4,16,6 07-05~0,0,0,0 06-13~0,0,0,0 08-20~0,0,0,0 05-25~0,0,0,0 08-08~0,0,2,2 2026-09~0,0,2,1 06-07~0,0,0,0 05-19~0,0,0,0 07-11~1,0,0,0 06-01~0,0,1,0 07-17~1,0,0,0 05-22~0,0,0,0
Sri Lanka|06-08~0,0,0,0 07-10~0,0,0,0 05-15~0,0,0,0 07-08~0,0,0,0 06-10~0,0,0,0 06-22~0,0,0,0 07-05~0,0,0,0 05-28~0,0,0,0 06-11~0,0,0,0 07-09~0,0,0,0 05-09~0,0,0,0 07-31~0,0,0,0 06-29~0,0,0,0 2026-06~1,0,1,0 08-02~0,0,0,0 05-31~0,0,0,0 2026-08~0,0,2,2 08-15~0,0,0,0 05-08~0,0,0,0 06-15~0,0,0,0 05-04~0,0,0,0 06-21~0,0,0,0 05-24~0,0,0,0 06-06~0,0,0,0 07-21~0,0,0,0 05-17~0,0,0,0 08-30~0,0,0,0 06-16~0,0,0,0 08-23~0,0,0,0 08-25~0,0,0,0 08-03~0,0,0,0 08-16~0,0,0,0 07-26~0,0,0,0 07-24~0,0,0,0 07-13~0,0,0,0 08-13~0,0,0,0 08-01~0,0,0,0 2026-05M~0,0,0,0 05-19~0,0,0,0 all~1,0,3,2 2026-09M~0,0,0,0 07-20~0,0,0,0 06-13~0,0,0,0 05-11~0,0,0,0 08-11~0,0,0,0 05-25~0,0,0,0 06-07~0,0,0,0 06-28~1,0,1,0 07-30~0,0,0,0 06-20~0,0,0,0 07-03~0,0,0,0 07-16~0,0,0,0 08-05~0,0,1,1 05-07~0,0,0,0 06-23~0,0,0,0 07-11~0,0,0,0 06-09~0,0,0,0 07-02~0,0,0,0 08-20~0,0,0,0 07-18~0,0,0,0 08-24~0,0,0,0 08-31~0,0,0,0 08-09~0,0,0,0 05-05~0,0,0,0 08-22~0,0,0,0 2026-09~0,0,0,0 08-14~0,0,0,0 05-21~0,0,0,0 06-18~0,0,0,0 06-05~0,0,0,0 08-08~0,0,0,0 07-15~0,0,0,0 08-04~0,0,0,0 06-24~0,0,0,0 07-07~0,0,0,0 05-12~0,0,0,0 05-20~0,0,0,0 05-23~0,0,0,0 07-22~0,0,0,0 05-27~0,0,0,0 06-12~0,0,0,0 07-17~0,0,0,0 06-19~0,0,0,0 07-01~0,0,0,0 09-02~0,0,0,0 2026-07~0,0,0,0 05-26~0,0,0,0 06-02~0,0,0,0 06-04~0,0,0,0 05-02~0,0,0,0 08-27~0,0,0,0 2026-08M~0,0,0,0 05-30~0,0,0,0 06-14~0,0,0,0 07-19~0,0,0,0 06-01~0,0,0,0 06-27~0,0,0,0 06-26~0,0,0,0 05-22~0,0,0,0 07-23~0,0,0,0 08-28~0,0,0,0 07-25~0,0,0,0 07-27~0,0,0,0 05-18~0,0,0,0 08-17~0,0,0,0 06-17~0,0,0,0 05-06~0,0,0,0 07-04~0,0,0,0 05-29~0,0,0,0 2026-06M~0,0,0,0 05-10~0,0,0,0 2026-07M~0,0,0,0 2026-05~0,0,0,0 08-18~0,0,0,0 07-28~0,0,0,0 06-30~0,0,0,0 06-25~0,0,0,0 06-03~0,0,0,0 07-06~0,0,0,0 08-26~0,0,0,0 08-12~0,0,0,0 05-01~0,0,0,0 05-03~0,0,0,0 05-14~0,0,0,0 08-07~0,0,0,0 05-16~0,0,0,0 05-13~0,0,0,0 08-10~0,0,0,0 08-21~0,0,0,0 09-01~0,0,0,0 08-19~0,0,0,0 08-29~0,0,0,0 07-12~0,0,0,0 07-14~0,0,0,0 07-29~0,0,0,0 08-06~0,0,0,0
Suriname|06-06~0,0,0,0 05-25~0,0,0,0 06-27~0,0,0,0 08-07~0,0,0,0 2026-06M~0,0,0,0 08-10~0,0,0,0 08-31~0,0,0,0 05-03~0,0,0,0 07-06~0,0,0,0 05-23~0,0,0,0 2026-05M~0,0,0,0 2026-05~0,0,0,0 08-09~0,0,0,0 08-30~0,0,0,0 05-01~0,0,0,0 05-08~0,0,0,0 06-23~0,0,0,0 07-18~0,0,0,0 06-14~0,0,0,0 08-15~0,0,0,0 06-03~0,0,0,0 08-23~0,0,0,0 06-16~0,0,0,0 05-15~0,0,0,0 07-20~0,0,0,0 06-21~0,0,0,0 06-24~0,0,0,0 08-21~0,0,0,0 06-30~0,0,0,0 07-28~0,0,0,0 08-02~0,0,0,0 08-22~0,0,0,0 05-13~0,0,0,0 06-29~0,0,0,0 07-31~0,0,0,0 08-29~0,0,0,0 2026-08~0,0,0,0 05-29~0,0,0,0 07-04~0,0,0,0 06-22~0,0,0,0 2026-06~0,0,0,0 08-12~0,0,0,0 07-05~0,0,0,0 06-20~0,0,0,0 06-01~0,0,0,0 07-19~0,0,0,0 08-13~0,0,0,0 07-15~0,0,0,0 07-09~0,0,0,0 06-11~0,0,0,0 08-25~0,0,0,0 07-01~0,0,0,0 06-19~0,0,0,0 07-29~0,0,0,0 06-18~0,0,0,0 2026-07~0,0,0,0 06-17~0,0,0,0 05-14~0,0,0,0 05-18~0,0,0,0 08-04~0,0,0,0 06-15~0,0,0,0 05-09~0,0,0,0 05-31~0,0,0,0 06-12~0,0,0,0 08-06~0,0,0,0 2026-09M~0,0,0,0 07-27~0,0,0,0 08-05~0,0,0,0 05-17~0,0,0,0 08-19~0,0,0,0 09-01~0,0,0,0 07-25~0,0,0,0 07-14~0,0,0,0 05-30~0,0,0,0 all~0,0,0,0 06-09~0,0,0,0 07-11~0,0,0,0 07-24~0,0,0,0 07-16~0,0,0,0 07-30~0,0,0,0 06-28~0,0,0,0 07-10~0,0,0,0 06-08~0,0,0,0 2026-08M~0,0,0,0 08-18~0,0,0,0 06-04~0,0,0,0 08-26~0,0,0,0 2026-09~0,0,0,0 05-26~0,0,0,0 05-22~0,0,0,0 07-03~0,0,0,0 07-17~0,0,0,0 06-10~0,0,0,0 07-08~0,0,0,0 08-03~0,0,0,0 08-08~0,0,0,0 06-02~0,0,0,0 05-04~0,0,0,0 07-13~0,0,0,0 08-17~0,0,0,0 05-27~0,0,0,0 06-05~0,0,0,0 09-02~0,0,0,0 05-10~0,0,0,0 08-14~0,0,0,0 05-02~0,0,0,0 06-26~0,0,0,0 06-25~0,0,0,0 05-12~0,0,0,0 07-23~0,0,0,0 05-06~0,0,0,0 08-20~0,0,0,0 05-16~0,0,0,0 07-21~0,0,0,0 08-11~0,0,0,0 07-12~0,0,0,0 08-28~0,0,0,0 06-07~0,0,0,0 08-01~0,0,0,0 05-20~0,0,0,0 2026-07M~0,0,0,0 05-24~0,0,0,0 08-24~0,0,0,0 07-02~0,0,0,0 06-13~0,0,0,0 07-22~0,0,0,0 08-16~0,0,0,0 08-27~0,0,0,0 05-05~0,0,0,0 05-19~0,0,0,0 07-07~0,0,0,0 05-21~0,0,0,0 05-11~0,0,0,0 05-07~0,0,0,0 07-26~0,0,0,0
Sweden|2026-09M~2,2,1,1 08-19~2,0,1,0 09-01~0,0,0,0 08-26~0,0,1,1 07-18~1,1,3,3 05-08~0,0,0,0 05-29~1,1,0,0 08-14~0,0,0,0 08-27~0,0,0,0 07-15~0,0,0,0 2026-05M~0,0,0,0 05-10~0,0,0,0 06-23~0,0,0,0 08-02~0,0,2,0 08-23~0,0,0,0 07-17~0,0,0,0 08-17~1,0,0,0 all~66,28,87,54 08-30~1,0,0,0 06-06~2,1,0,0 08-20~1,0,0,0 2026-07~17,6,32,20 06-15~0,0,0,0 06-13~0,0,0,0 06-20~0,0,1,1 05-21~1,0,0,0 05-23~0,0,0,0 2026-09~2,2,1,1 08-08~1,1,2,1 08-01~2,1,0,0 07-21~0,0,0,0 05-18~0,0,6,5 07-03~0,0,0,0 06-25~0,0,0,0 06-03~1,0,0,0 2026-05~8,4,20,18 07-16~0,0,1,1 07-23~0,0,1,1 08-04~3,2,0,0 06-01~0,0,0,0 07-19~0,0,0,0 08-25~3,2,0,0 07-05~1,0,3,1 05-27~1,1,0,0 06-27~0,0,1,0 05-12~0,0,0,0 2026-06~11,3,14,4 08-31~0,0,0,0 09-02~2,2,1,1 06-02~0,0,0,0 05-13~0,0,0,0 08-16~0,0,1,1 05-03~0,0,0,0 07-24~0,0,0,0 05-17~0,0,0,0 08-18~0,0,0,0 05-16~1,0,0,0 08-15~0,0,1,0 05-19~0,0,1,1 07-02~1,0,0,0 06-16~0,0,0,0 06-12~0,0,0,0 06-07~1,1,1,0 07-27~2,1,1,1 06-14~0,0,0,0 05-31~0,0,0,0 06-04~0,0,0,0 06-22~1,0,1,0 07-01~0,0,1,0 06-19~2,1,1,0 2026-08M~2,1,2,0 05-24~0,0,0,0 05-02~0,0,0,0 07-26~0,0,0,0 05-07~0,0,0,0 08-12~0,0,0,0 08-29~1,0,1,0 05-26~1,1,2,2 05-06~0,0,0,0 08-24~1,0,0,0 07-30~0,0,0,0 06-28~0,0,0,0 05-15~0,0,0,0 05-01~0,0,0,0 08-03~1,0,0,0 07-25~1,0,0,0 07-09~1,0,7,3 06-11~0,0,0,0 05-25~0,0,0,0 08-22~0,0,0,0 08-11~0,0,0,0 08-10~1,1,0,0 07-12~0,0,0,0 05-20~0,0,0,0 2026-06M~0,0,0,0 05-05~0,0,0,0 06-29~1,0,0,0 07-31~0,0,1,0 07-06~0,0,1,1 07-14~0,0,1,1 05-28~2,1,1,0 07-22~0,0,0,0 07-04~1,0,0,0 08-09~0,0,0,0 07-10~1,0,0,0 06-08~0,0,0,0 06-21~0,0,0,0 08-21~1,1,0,0 06-18~0,0,0,0 05-04~0,0,0,0 05-09~0,0,0,0 06-05~0,0,0,0 08-05~1,1,0,0 08-06~0,0,0,0 08-13~0,0,0,0 08-28~0,0,0,0 06-10~0,0,0,0 07-08~0,0,2,2 06-24~0,0,1,0 2026-08~24,11,14,5 05-22~0,0,0,0 05-14~0,0,0,0 07-20~0,0,0,0 07-29~2,1,2,2 07-13~0,0,0,0 06-26~1,0,2,1 06-17~0,0,1,0 05-11~0,0,0,0 07-07~3,1,1,0 08-07~1,0,0,0 06-30~0,0,0,0 07-28~0,0,2,1 06-09~0,0,1,0 07-11~1,1,0,0 2026-07M~1,0,1,0 05-30~0,0,0,0
Switzerland|2026-06~3,1,6,4 05-14~0,0,0,0 07-20~0,0,0,0 05-23~0,0,1,1 2026-07~1,1,6,6 05-19~0,0,0,0 06-17~0,0,0,0 07-26~0,0,1,1 08-31~0,0,1,1 08-26~0,0,0,0 07-31~0,0,0,0 07-28~0,0,0,0 09-02~0,0,0,0 06-15~0,0,1,1 05-12~0,0,0,0 06-29~1,0,0,0 05-27~0,0,0,0 06-01~0,0,0,0 05-09~0,0,0,0 06-07~0,0,0,0 07-30~0,0,1,1 08-27~0,0,0,0 08-16~0,0,0,0 07-01~0,0,0,0 06-25~0,0,0,0 05-29~0,0,0,0 06-27~0,0,0,0 2026-06M~0,0,1,0 07-18~0,0,0,0 07-03~0,0,0,0 08-14~0,0,0,0 05-01~0,0,0,0 06-19~0,0,0,0 05-17~0,0,0,0 05-25~0,0,0,0 06-14~0,0,0,0 08-25~0,0,0,0 05-20~0,0,0,0 08-29~0,0,0,0 05-15~0,0,0,0 2026-05~1,1,4,4 06-09~0,0,0,0 05-07~0,0,0,0 06-23~0,0,0,0 07-09~0,0,0,0 06-28~0,0,0,0 05-26~0,0,0,0 06-18~0,0,0,0 05-16~0,0,0,0 07-08~0,0,0,0 05-24~0,0,0,0 07-16~0,0,0,0 08-01~0,0,0,0 07-04~0,0,1,1 08-13~0,0,1,1 2026-07M~0,0,0,0 06-30~0,0,0,0 2026-05M~0,0,0,0 08-21~0,0,0,0 2026-09M~0,0,0,0 08-15~0,0,0,0 07-02~0,0,0,0 06-02~0,0,1,0 05-08~0,0,0,0 06-06~0,0,0,0 08-17~0,0,0,0 05-13~0,0,0,0 07-07~0,0,0,0 08-10~0,0,0,0 05-10~0,0,0,0 07-29~0,0,0,0 05-03~0,0,0,0 06-20~0,0,0,0 07-17~0,0,0,0 07-12~0,0,0,0 08-05~0,0,0,0 08-20~0,0,0,0 2026-09~0,0,0,0 07-15~0,0,0,0 08-02~0,0,0,0 06-22~0,0,0,0 08-04~0,0,0,0 07-13~0,0,0,0 2026-08M~0,0,0,0 08-08~0,0,0,0 07-23~0,0,0,0 08-30~0,0,0,0 07-27~0,0,0,0 08-19~0,0,1,1 08-03~0,0,0,0 07-14~0,0,0,0 08-12~0,0,0,0 07-05~0,0,0,0 06-05~0,0,1,1 06-21~0,0,0,0 07-19~0,0,0,0 06-10~0,0,0,0 06-24~0,0,0,0 08-07~1,1,0,0 07-10~0,0,1,1 07-22~0,0,0,0 08-09~0,0,0,0 05-04~0,0,0,0 05-18~0,0,0,0 09-01~0,0,0,0 06-16~0,0,0,0 05-22~0,0,0,0 05-21~0,0,0,0 08-28~0,0,0,0 06-08~0,0,0,0 05-06~0,0,0,0 05-31~0,0,0,0 06-12~1,0,1,0 05-02~0,0,0,0 07-11~0,0,0,0 08-06~0,0,0,0 07-25~0,0,0,0 05-11~0,0,0,0 07-21~0,0,0,0 2026-08~1,1,6,5 06-04~0,0,1,1 05-28~0,0,0,0 06-26~0,0,0,0 08-24~0,0,0,0 08-18~0,0,0,0 08-11~0,0,1,1 07-06~0,0,0,0 05-30~0,0,0,0 all~7,5,25,21 08-23~0,0,1,1 06-11~0,0,0,0 06-03~0,0,0,0 07-24~0,0,0,0 05-05~0,0,0,0 08-22~0,0,0,0 06-13~0,0,1,1
Taiwan|06-11~0,0,0,0 07-09~0,0,0,0 05-14~0,0,0,0 07-23~0,0,0,0 05-26~0,0,0,0 05-19~0,0,0,0 05-15~0,0,0,0 07-15~0,0,0,0 2026-07~0,0,0,0 07-17~0,0,0,0 08-22~0,0,0,0 05-30~0,0,0,0 2026-07M~0,0,0,0 07-14~0,0,0,0 05-11~0,0,0,0 07-18~0,0,0,0 05-25~0,0,0,0 06-20~0,0,0,0 05-02~0,0,0,0 06-13~0,0,0,0 05-12~0,0,0,0 07-16~0,0,0,0 08-28~0,0,0,0 07-31~0,0,0,0 06-29~0,0,0,0 08-13~0,0,0,0 08-11~0,0,0,0 07-07~0,0,0,0 08-04~0,0,0,0 08-18~0,0,0,0 07-05~0,0,0,0 2026-05~0,0,0,0 07-26~0,0,0,0 07-24~0,0,0,0 07-06~0,0,0,0 05-17~0,0,0,0 08-15~0,0,0,0 06-15~0,0,0,0 08-20~0,0,0,0 06-21~0,0,0,0 05-03~0,0,0,0 05-28~0,0,0,0 2026-06~1,0,0,0 08-21~0,0,0,0 05-24~0,0,0,0 05-29~0,0,0,0 08-31~0,0,0,0 06-19~0,0,0,0 07-01~0,0,0,0 08-25~0,0,0,0 08-08~0,0,0,0 06-03~0,0,0,0 08-24~0,0,0,0 05-27~0,0,0,0 07-29~0,0,0,0 05-04~0,0,0,0 07-20~0,0,0,0 08-29~0,0,0,0 07-13~0,0,0,0 2026-08M~0,0,0,0 07-19~0,0,0,0 06-01~0,0,0,0 07-22~0,0,0,0 08-03~0,0,0,0 07-21~0,0,0,0 06-25~0,0,0,0 05-01~0,0,0,0 08-01~0,0,0,0 08-16~0,0,0,0 08-30~0,0,0,0 05-09~0,0,0,0 2026-06M~0,0,0,0 05-20~0,0,0,0 08-14~0,0,0,0 06-16~0,0,0,0 06-24~0,0,0,0 06-27~0,0,0,0 06-23~0,0,0,0 05-16~0,0,0,0 08-09~0,0,0,0 07-02~0,0,0,0 06-22~0,0,0,0 08-27~0,0,0,0 05-31~0,0,0,0 07-27~0,0,0,0 05-06~0,0,0,0 06-06~0,0,0,0 all~1,0,1,0 08-17~0,0,0,0 05-10~0,0,0,0 2026-05M~0,0,0,0 05-05~0,0,0,0 05-23~0,0,0,0 2026-09~0,0,0,0 05-22~0,0,0,0 2026-08~0,0,0,0 2026-09M~0,0,0,0 06-08~0,0,0,0 07-10~0,0,0,0 07-12~0,0,0,0 08-12~0,0,0,0 06-26~0,0,0,0 06-28~0,0,0,0 07-30~0,0,0,0 09-02~0,0,0,0 09-01~0,0,0,0 08-19~0,0,0,0 07-28~0,0,0,0 06-30~1,0,0,0 08-07~0,0,0,0 07-04~0,0,0,0 05-13~0,0,0,0 08-05~0,0,0,0 06-02~0,0,0,0 05-18~0,0,0,0 06-14~0,0,0,0 07-25~0,0,0,0 06-04~0,0,0,0 05-21~0,0,0,0 05-07~0,0,0,0 08-10~0,0,0,0 06-18~0,0,0,0 08-26~0,0,0,0 07-11~0,0,0,0 06-09~0,0,0,0 08-06~0,0,0,0 06-05~0,0,0,0 06-07~0,0,0,0 07-08~0,0,0,0 06-10~0,0,0,0 07-03~0,0,0,0 06-12~0,0,0,0 06-17~0,0,0,0 08-23~0,0,0,0 05-08~0,0,0,0 08-02~0,0,0,0
Tanzania|2026-05M~0,0,0,0 05-03~0,0,0,0 2026-07~0,0,0,0 05-31~0,0,0,0 2026-09M~0,0,0,0 07-23~0,0,0,0 05-02~0,0,0,0 07-02~0,0,0,0 06-20~0,0,0,0 06-22~0,0,0,0 08-19~0,0,0,0 09-01~0,0,0,0 07-03~0,0,0,0 05-06~0,0,0,0 06-17~0,0,0,0 06-04~0,0,0,0 05-05~0,0,0,0 07-01~0,0,0,0 06-19~0,0,0,0 08-08~0,0,0,0 08-06~0,0,0,0 2026-08M~0,0,0,0 08-28~0,0,0,0 07-10~0,0,0,0 06-08~0,0,0,0 05-18~0,0,0,0 08-13~0,0,0,0 07-12~0,0,0,0 05-21~0,0,0,0 07-31~0,0,0,0 07-11~0,0,0,0 06-24~0,0,0,0 05-14~0,0,0,0 07-21~0,0,0,0 2026-05~0,0,0,0 08-18~0,0,0,0 05-08~0,0,0,0 07-16~0,0,0,0 06-14~0,0,0,0 06-26~0,0,0,0 05-09~0,0,0,0 07-04~0,0,0,0 06-16~0,0,0,0 08-14~0,0,0,0 06-25~0,0,0,0 08-16~0,0,0,0 08-01~0,0,0,0 08-25~0,0,0,0 08-03~0,0,0,0 06-01~0,0,0,0 07-19~0,0,0,0 08-23~0,0,0,0 06-30~0,0,0,0 07-28~0,0,0,0 05-01~0,0,0,0 2026-08~0,0,0,0 08-30~0,0,0,0 07-30~0,0,0,0 06-28~0,0,0,0 05-17~0,0,0,0 07-09~0,0,0,0 06-11~0,0,0,0 06-23~0,0,0,0 2026-06~0,0,0,0 05-07~0,0,0,0 08-29~0,0,0,0 07-07~0,0,0,0 07-05~0,0,0,0 08-20~0,0,0,0 07-24~0,0,0,0 07-29~0,0,0,0 05-28~0,0,0,0 07-27~0,0,0,0 06-27~0,0,0,0 07-13~0,0,0,0 05-04~0,0,0,0 08-12~0,0,0,0 07-22~0,0,0,0 08-21~0,0,0,0 06-03~0,0,0,0 06-13~0,0,0,0 05-23~0,0,0,0 05-10~0,0,0,0 all~0,0,0,0 05-25~0,0,0,0 08-07~0,0,0,0 07-17~0,0,0,0 08-31~0,0,0,0 07-06~0,0,0,0 2026-09~0,0,0,0 06-12~0,0,0,0 2026-06M~0,0,0,0 06-21~0,0,0,0 2026-07M~0,0,0,0 06-05~0,0,0,0 07-18~0,0,0,0 08-15~0,0,0,0
Thailand|08-17~0,0,0,0 08-30~0,0,0,0 07-31~0,0,0,0 06-29~0,0,0,0 05-21~0,0,0,0 06-02~0,0,0,0 08-02~0,0,0,0 06-24~0,0,0,0 06-04~0,0,0,0 07-05~0,0,0,0 07-12~0,0,0,0 05-15~0,0,0,0 06-26~0,0,0,0 09-01~0,0,0,0 08-19~0,0,0,0 08-26~0,0,0,0 2026-05~0,0,0,0 08-09~0,0,0,0 05-04~0,0,0,0 07-24~0,0,0,0 07-22~0,0,0,0 05-27~0,0,0,0 07-04~0,0,0,0 07-11~0,0,0,0 06-09~0,0,0,0 05-08~0,0,0,0 08-21~0,0,0,0 08-23~0,0,0,0 05-24~0,0,0,0 08-28~0,0,0,0 07-08~0,0,0,0 06-10~0,0,0,0 08-14~0,0,0,0 05-31~0,0,0,0 07-14~0,0,0,0 05-06~0,0,0,0 06-27~0,0,0,0 07-06~0,0,0,0 2026-06M~0,0,0,0 05-03~0,0,0,0 06-12~0,0,0,0 05-17~0,0,0,0 06-28~0,0,1,0 07-30~0,0,0,0 08-27~0,0,0,0 07-16~0,0,0,0 05-05~0,0,0,0 08-18~0,0,0,0 all~2,0,8,3 05-07~0,0,0,0 05-26~0,0,0,0 05-14~0,0,0,0 06-15~0,0,0,0 08-04~0,0,0,0 05-16~0,0,0,0 08-31~0,0,1,1 05-13~0,0,0,0 08-11~0,0,0,0 07-02~0,0,0,0 08-16~0,0,0,0 05-30~0,0,0,0 08-05~0,0,0,0 07-27~0,0,0,0 07-23~0,0,0,0 2026-06~0,0,1,0 06-16~0,0,0,0 07-25~0,0,0,0 05-18~0,0,0,0 2026-05M~0,0,0,0 07-13~0,0,0,0 07-28~0,0,0,0 06-30~0,0,0,0 05-11~0,0,0,0 08-07~0,0,0,0 09-02~0,0,0,0 06-17~0,0,0,0 08-12~0,0,0,0 07-03~0,0,0,0 05-29~0,0,0,0 05-23~0,0,0,0 08-25~0,0,0,0 05-12~0,0,0,0 08-10~0,0,0,0 07-19~0,0,0,0 06-01~0,0,0,0 08-06~0,0,0,0 06-05~0,0,0,0 05-28~0,0,0,0 06-14~0,0,0,0 07-20~1,0,1,0 05-25~0,0,0,0 06-23~0,0,0,0 05-09~0,0,0,0 07-18~0,0,1,0 05-22~0,0,0,0 08-24~0,0,0,0 05-10~0,0,0,0 06-25~0,0,0,0 08-22~0,0,0,0 05-01~0,0,0,0 05-02~0,0,0,0 06-13~0,0,0,0 08-20~0,0,0,0 06-21~0,0,0,0 06-08~0,0,0,0 07-10~0,0,0,0 08-08~0,0,0,0 07-29~0,0,0,0 08-03~0,0,0,0 2026-08~0,0,1,1 05-20~0,0,0,0 06-07~0,0,0,0 06-03~0,0,0,0 08-01~0,0,0,0 07-21~1,0,1,0 08-29~0,0,0,0 07-15~0,0,0,0 07-07~0,0,0,0 2026-07~2,0,5,1 06-11~0,0,0,0 07-09~0,0,0,0 2026-07M~0,0,0,0 2026-09~0,0,0,0 06-18~0,0,0,0 06-22~0,0,0,0 07-17~0,0,0,0 07-26~0,0,0,0 2026-08M~0,0,0,0 06-06~0,0,0,0 08-15~0,0,0,0 08-13~0,0,0,0 06-19~0,0,0,0 07-01~0,0,0,0 2026-09M~0,0,0,0 06-20~0,0,0,0 05-19~0,0,0,0
The Netherlands|2026-07~12,7,22,15 06-01~1,1,0,0 07-19~1,1,1,1 05-22~0,0,2,2 06-20~0,0,0,0 08-17~1,0,0,0 2026-06~9,6,15,7 07-01~1,1,0,0 06-19~0,0,0,0 05-24~0,0,1,0 08-28~1,0,1,0 06-24~1,1,2,0 06-07~0,0,1,1 05-29~0,0,0,0 06-13~1,0,1,1 08-12~0,0,3,2 07-30~1,0,1,0 06-28~1,0,0,0 06-04~0,0,0,0 08-24~0,0,0,0 05-30~2,2,0,0 07-09~0,0,1,0 06-11~0,0,1,0 05-12~0,0,0,0 07-27~1,0,1,0 06-26~0,0,0,0 06-23~0,0,0,0 08-26~1,0,1,1 08-05~0,0,1,0 08-07~0,0,1,0 08-25~1,1,0,0 2026-09M~1,1,0,0 05-14~0,0,1,0 08-08~0,0,0,0 07-03~0,0,1,1 06-25~0,0,0,0 09-02~0,0,0,0 08-15~0,0,0,0 07-02~0,0,1,0 06-27~0,0,1,1 06-06~0,0,1,0 08-14~0,0,0,0 07-12~1,1,2,1 06-16~0,0,0,0 08-22~0,0,0,0 07-06~0,0,0,0 07-07~0,0,0,0 2026-07M~1,1,1,0 06-10~0,0,0,0 07-08~0,0,0,0 05-13~0,0,0,0 2026-08M~1,0,2,0 08-03~1,1,0,0 06-12~1,1,0,0 08-30~3,2,1,1 06-15~0,0,4,2 08-01~1,0,1,0 07-20~0,0,1,1 08-02~0,0,1,0 08-09~0,0,0,0 07-29~0,0,0,0 07-22~0,0,0,0 07-13~0,0,0,0 07-16~1,1,0,0 07-23~1,0,1,0 2026-08~12,5,21,16 06-09~1,1,0,0 07-11~0,0,1,1 07-17~0,0,1,1 06-03~0,0,1,0 08-18~0,0,1,1 2026-05~7,6,13,9 08-21~0,0,0,0 05-21~0,0,0,0 05-25~0,0,2,2 08-19~0,0,0,0 09-01~1,1,0,0 07-04~0,0,0,0 07-10~1,1,1,1 06-08~0,0,1,1 06-17~0,0,0,0 08-04~0,0,0,0 05-18~0,0,0,0 06-05~0,0,0,0 08-31~0,0,2,2 06-29~0,0,0,0 07-31~1,0,0,0 07-14~0,0,0,0 08-10~0,0,1,1 2026-06M~1,1,1,0 05-20~0,0,1,1 06-02~0,0,1,0 05-17~1,0,0,0 08-13~0,0,0,0 06-30~2,0,0,0 07-28~1,0,1,1 06-21~0,0,0,0 06-22~0,0,0,0 05-15~0,0,1,1 07-24~0,0,0,0 08-27~0,0,1,1 05-28~0,0,0,0 05-11~0,0,0,0 07-26~0,0,0,0 08-16~1,1,0,0 07-15~0,0,0,0 07-18~0,0,1,1 08-06~1,0,0,0 05-27~0,0,0,0 05-23~0,0,1,1 2026-09~1,1,0,0 05-19~0,0,0,0 08-23~0,0,0,0 07-05~0,0,0,0 05-31~2,2,1,0 06-14~0,0,0,0 07-25~1,0,3,3 08-11~0,0,2,1 08-20~0,0,0,0 08-29~0,0,1,1 06-18~0,0,0,0 05-26~0,0,0,0 all~50,34,77,50 05-16~0,0,0,0 07-21~0,0,2,1
Togo|2026-09~0,0,0,0 09-02~0,0,0,0 06-25~0,0,0,0 08-05~0,0,0,0 2026-09M~0,0,0,0 2026-08~0,0,0,0 07-03~0,0,0,0 08-25~0,0,0,0 08-15~0,0,0,0 06-24~0,0,0,0 06-27~0,0,0,0 08-12~0,0,0,0 2026-07~0,0,0,0 2026-07M~0,0,0,0 08-11~0,0,0,0 06-03~0,0,0,0 06-20~0,0,0,0 07-29~0,0,0,0 06-22~0,0,0,0 06-26~0,0,1,0 09-01~0,0,0,0 2026-06~0,0,1,0 06-14~0,0,0,0 all~0,0,1,0 07-24~0,0,0,0 06-29~0,0,0,0 07-01~0,0,0,0 06-11~0,0,0,0 06-21~0,0,0,0
Trinidad and Tobago|2026-06~0,0,2,1 08-07~0,0,0,0 07-10~0,0,0,0 05-19~0,0,0,0 06-17~0,0,0,0 05-24~0,0,0,0 08-30~0,0,0,0 07-27~0,0,0,0 06-01~0,0,0,0 05-22~0,0,0,0 08-08~0,0,0,0 07-16~0,0,0,0 08-01~0,0,0,0 07-23~0,0,0,0 2026-09M~0,0,0,0 06-11~0,0,0,0 06-21~0,0,0,0 06-12~0,0,0,0 2026-08~0,0,0,0 06-09~0,0,0,0 08-12~0,0,0,0 07-05~0,0,0,0 06-24~0,0,1,0 08-04~0,0,0,0 07-13~0,0,0,0 2026-08M~0,0,0,0 08-21~0,0,0,0 07-21~0,0,0,0 08-09~0,0,0,0 07-24~0,0,0,0 08-29~0,0,0,0 07-11~0,0,0,0 08-06~0,0,0,0 2026-09~0,0,0,0 07-03~0,0,0,0 08-14~0,0,0,0 07-29~0,0,0,0 05-28~0,0,0,0 06-26~0,0,0,0 06-03~0,0,0,0 07-22~0,0,0,0 07-12~0,0,0,0 08-05~0,0,0,0 06-02~0,0,0,0 07-20~0,0,0,0 06-10~0,0,1,1 2026-07M~0,0,0,0 05-12~0,0,0,0 05-08~0,0,0,0 06-06~0,0,0,0 08-28~0,0,0,0 05-09~0,0,0,0 06-07~0,0,0,0 06-08~0,0,0,0 05-06~0,0,0,0 07-04~0,0,0,0 08-13~0,0,0,0 07-08~0,0,0,0 07-17~0,0,0,0 06-30~0,0,0,0 08-26~0,0,0,0 07-31~0,0,0,0 08-03~0,0,0,0 07-14~0,0,0,0 06-23~0,0,0,0 07-07~0,0,0,0 08-10~0,0,0,0 08-24~0,0,0,0 05-13~0,0,0,0 06-18~0,0,0,0 08-25~0,0,0,0 05-11~0,0,0,0 07-28~0,0,0,0 06-19~0,0,0,0 09-02~0,0,0,0 06-15~0,0,0,0 06-29~0,0,0,0 05-27~0,0,0,0 05-23~0,0,0,0 2026-06M~0,0,0,0 08-18~0,0,0,0 06-13~0,0,0,0 05-14~0,0,0,0 06-28~0,0,0,0 05-26~0,0,0,0 06-14~0,0,0,0 08-17~0,0,0,0 all~0,0,2,1 07-26~0,0,0,0 08-31~0,0,0,0 07-25~0,0,0,0 08-15~0,0,0,0 07-02~0,0,0,0 08-22~0,0,0,0 07-18~0,0,0,0 06-20~0,0,0,0 08-11~0,0,0,0 07-06~0,0,0,0 08-20~0,0,0,0 05-15~0,0,0,0 05-18~0,0,0,0 09-01~0,0,0,0 06-16~0,0,0,0 05-21~0,0,0,0 07-15~0,0,0,0 08-02~0,0,0,0 05-25~0,0,0,0 08-19~0,0,0,0 06-25~0,0,0,0 08-23~0,0,0,0 2026-07~0,0,0,0 05-30~0,0,0,0 2026-05~0,0,0,0 05-29~0,0,0,0 06-27~0,0,0,0 07-09~0,0,0,0 05-20~0,0,0,0 08-16~0,0,0,0 07-01~0,0,0,0 05-31~0,0,0,0 07-19~0,0,0,0 07-30~0,0,0,0 08-27~0,0,0,0
Tunisia|2026-09~0,0,0,0 05-16~0,0,0,0 all~3,0,9,5 06-14~0,0,0,0 08-23~0,0,0,0 08-02~0,0,0,0 05-30~0,0,0,0 05-10~0,0,0,0 05-09~0,0,0,0 06-01~0,0,0,0 07-19~0,0,0,0 08-03~0,0,0,0 08-01~0,0,0,0 06-10~0,0,1,1 07-08~0,0,0,0 05-28~0,0,0,0 05-08~0,0,0,0 06-27~0,0,0,0 08-26~0,0,0,0 07-04~0,0,0,0 07-06~0,0,0,0 06-30~0,0,0,0 07-28~0,0,1,0 08-10~0,0,0,0 05-04~0,0,0,0 06-25~0,0,0,0 05-26~0,0,0,0 05-18~0,0,0,0 07-13~1,0,0,0 06-12~0,0,0,0 06-17~0,0,0,0 08-12~0,0,0,0 05-06~0,0,0,0 06-03~0,0,0,0 2026-08~1,0,1,1 08-31~1,0,0,0 08-11~0,0,0,0 05-20~0,0,0,0 07-02~0,0,0,0 09-02~0,0,0,0 07-09~0,0,3,0 06-11~0,0,0,0 08-21~0,0,0,0 06-13~0,0,0,0 2026-08M~0,0,0,0 07-18~0,0,0,0 08-20~0,0,0,0 07-26~0,0,0,0 06-22~0,0,0,0 05-01~0,0,0,0 08-16~0,0,0,0 06-02~0,0,0,0 06-07~0,0,0,0 06-24~0,0,0,0 05-27~0,0,0,0 2026-07M~0,0,0,0 06-26~0,0,0,0 08-04~0,0,0,0 05-02~0,0,0,0 06-21~0,0,0,0 05-29~0,0,0,0 07-14~0,0,0,0 05-24~0,0,0,0 06-05~0,0,0,0 07-16~0,0,0,0 07-01~0,0,0,0 06-19~0,0,0,0 07-27~0,0,0,0 05-03~0,0,0,0 07-22~0,0,0,0 2026-07~1,0,5,1 07-17~0,0,0,0 07-25~0,0,0,0 07-03~0,0,0,0 08-19~0,0,0,0 09-01~0,0,0,0 07-23~0,0,0,0 08-28~0,0,0,0 06-06~0,0,2,1 08-15~0,0,0,0 05-15~0,0,0,0 05-11~0,0,0,0 07-30~0,0,0,0 06-28~0,0,0,0 07-24~0,0,0,0 06-23~0,0,0,0 08-30~0,0,0,0 08-09~0,0,0,0 06-18~0,0,0,0 2026-05~0,0,0,0 07-29~0,0,0,0 08-07~0,0,0,0 08-05~0,0,0,0 07-05~0,0,0,0 07-20~0,0,0,0 08-24~0,0,1,0 05-14~0,0,0,0 08-29~0,0,0,0 05-23~0,0,0,0 08-27~0,0,0,0 06-04~0,0,0,0 05-31~0,0,0,0 06-15~0,0,0,0 06-16~0,0,0,0 05-07~0,0,0,0 05-21~0,0,0,0 07-10~0,0,0,0 06-08~0,0,0,0 2026-09M~0,0,0,0 08-13~0,0,0,0 05-25~0,0,0,0 07-12~0,0,0,0 08-22~0,0,0,0 07-21~0,0,0,0 05-13~0,0,0,0 2026-06~0,0,3,3 05-17~0,0,0,0 05-19~0,0,0,0 07-07~0,0,0,0 08-17~0,0,0,0 06-29~0,0,0,0 07-31~0,0,1,1 2026-05M~0,0,0,0 08-06~0,0,0,0 05-05~0,0,0,0 06-20~0,0,0,0 06-09~0,0,0,0 07-11~0,0,0,0 2026-06M~0,0,0,0 08-08~0,0,0,0 08-25~0,0,0,0 08-14~0,0,0,0 08-18~0,0,0,0 05-12~0,0,0,0 05-22~0,0,0,0 07-15~0,0,0,0
Türkiye|05-31~0,0,0,0 05-16~0,0,0,0 05-29~0,0,0,0 05-13~0,0,0,0 08-07~0,0,0,0 08-26~0,0,0,0 06-06~0,0,0,0 05-24~0,0,0,0 06-11~0,0,1,1 07-09~0,0,3,3 05-28~0,0,0,0 07-28~0,0,0,0 06-30~1,0,0,0 05-10~0,0,0,0 07-12~0,0,0,0 06-08~0,0,0,0 07-10~0,0,0,0 07-29~1,0,0,0 07-25~0,0,0,0 05-18~0,0,0,0 07-05~0,0,0,0 2026-08~2,0,3,2 08-22~0,0,1,1 2026-05M~0,0,0,0 08-01~1,0,0,0 08-15~0,0,0,0 06-14~0,0,0,0 05-07~0,0,0,0 05-05~0,0,0,0 08-02~0,0,1,0 06-22~0,0,0,0 08-17~0,0,0,0 2026-06M~0,0,0,0 2026-05~0,0,0,0 08-20~0,0,0,0 08-25~0,0,0,0 06-20~0,0,0,0 2026-08M~1,0,1,0 08-31~0,0,0,0 05-12~0,0,0,0 06-03~0,0,0,0 07-19~1,0,0,0 06-01~0,0,0,0 06-23~0,0,0,0 05-01~0,0,0,0 2026-07M~0,0,1,1 08-28~0,0,0,0 07-16~1,0,0,0 06-28~0,0,0,0 07-30~0,0,0,0 08-23~0,0,0,0 07-04~0,0,0,0 05-15~0,0,0,0 06-13~0,0,0,0 05-11~0,0,0,0 08-21~0,0,0,0 05-19~0,0,0,0 05-14~0,0,0,0 06-12~0,0,1,1 08-10~0,0,0,0 05-22~0,0,0,0 06-24~0,0,0,0 08-18~0,0,0,0 08-30~0,0,0,0 05-17~0,0,0,0 07-26~0,0,1,0 09-01~0,0,1,0 08-19~0,0,0,0 05-30~0,0,0,0 08-16~0,0,0,0 07-14~0,0,0,0 05-23~0,0,0,0 06-05~0,0,0,0 08-14~0,0,0,0 08-13~0,0,0,0 07-24~0,0,0,0 06-07~0,0,0,0 06-04~0,0,0,0 07-17~0,0,0,0 06-18~0,0,0,0 05-21~0,0,0,0 08-08~0,0,0,0 2026-06~1,0,8,8 05-26~0,0,0,0 08-29~0,0,0,0 08-09~0,0,0,0 06-19~0,0,0,0 07-01~0,0,0,0 07-02~0,0,1,1 08-05~0,0,0,0 05-03~0,0,0,0 07-06~0,0,0,0 06-27~0,0,0,0 05-20~0,0,0,0 07-07~0,0,0,0 09-02~0,0,0,0 08-11~1,0,0,0 2026-07~3,0,9,7 06-02~0,0,0,0 07-23~0,0,0,0 07-11~0,0,1,1 06-09~0,0,0,0 08-03~0,0,0,0 2026-09M~0,0,1,0 06-16~0,0,0,0 08-04~0,0,1,1 07-03~0,0,1,1 05-02~0,0,0,0 06-15~0,0,0,0 05-04~0,0,0,0 08-27~0,0,0,0 08-24~0,0,0,0 all~8,1,23,19 07-15~0,0,0,0 05-06~0,0,0,0 06-21~0,0,0,0 07-27~0,0,0,0 05-25~0,0,0,0 07-08~0,0,0,0 06-10~0,0,3,3 07-31~0,0,0,0 06-29~0,0,0,0 08-06~0,0,0,0 07-18~0,0,0,0 07-21~0,0,0,0 05-09~0,0,0,0 05-27~0,0,0,0 2026-09~0,0,1,0 06-25~0,0,0,0 08-12~0,0,0,0 07-20~0,0,0,0 07-22~0,0,0,0 07-13~0,0,0,0 06-17~0,0,1,1 06-26~0,0,0,0 05-08~0,0,0,0
Uganda|08-29~0,0,0,0 05-14~0,0,0,0 07-06~0,0,0,0 06-07~0,0,0,0 05-02~0,0,0,0 2026-09~0,0,0,0 2026-07M~0,0,0,0 06-21~0,0,0,0 07-24~0,0,0,0 09-02~0,0,0,0 07-03~0,0,0,0 08-21~0,0,0,0 05-08~0,0,0,0 05-01~0,0,0,0 08-18~0,0,0,0 2026-09M~0,0,0,0 05-04~0,0,0,0 08-27~0,0,0,0 07-19~0,0,0,0 08-12~0,0,0,0 08-13~0,0,0,0 08-03~0,0,1,0 2026-07~0,0,0,0 all~0,0,1,0 08-17~0,0,0,0 07-29~0,0,0,0 08-16~0,0,0,0 08-19~0,0,0,0 06-03~0,0,0,0 2026-06~0,0,0,0 07-21~0,0,0,0 06-08~0,0,0,0 08-31~0,0,0,0 07-13~0,0,0,0 08-24~0,0,0,0 05-12~0,0,0,0 08-26~0,0,0,0 06-24~0,0,0,0 08-06~0,0,0,0 07-09~0,0,0,0 06-28~0,0,0,0 07-30~0,0,0,0 2026-05~0,0,0,0 06-10~0,0,0,0 08-15~0,0,0,0 05-03~0,0,0,0 08-25~0,0,0,0 06-06~0,0,0,0 2026-08~0,0,1,0 05-11~0,0,0,0 05-10~0,0,0,0 2026-05M~0,0,0,0 08-20~0,0,0,0 08-05~0,0,0,0 07-01~0,0,0,0 06-14~0,0,0,0 07-02~0,0,0,0 08-28~0,0,0,0 05-09~0,0,0,0 05-21~0,0,0,0 06-30~0,0,0,0 08-04~0,0,0,0 06-26~0,0,0,0 07-17~0,0,0,0 05-28~0,0,0,0 08-22~0,0,0,0 08-14~0,0,0,0 06-29~0,0,0,0 06-20~0,0,0,0 06-25~0,0,0,0 08-11~0,0,0,0 08-30~0,0,0,0
Ukraine|05-17~0,0,0,0 07-07~0,0,0,0 07-26~0,0,0,0 08-09~0,0,0,0 08-28~0,0,0,0 06-07~0,0,0,0 2026-08M~0,0,0,0 05-23~0,0,0,0 2026-05M~0,0,0,0 08-12~0,0,0,0 08-10~0,0,0,0 08-29~0,0,0,0 08-25~0,0,0,0 05-18~0,0,0,0 08-05~0,0,0,0 05-11~0,0,0,0 07-22~0,0,0,0 05-02~0,0,0,0 05-04~0,0,0,0 07-01~0,0,2,1 06-19~0,0,0,0 05-22~0,0,0,0 07-15~0,0,0,0 07-02~0,0,0,0 07-17~0,0,0,0 05-14~0,0,0,0 06-21~0,0,0,0 07-20~0,0,0,0 05-19~0,0,1,1 05-20~0,0,0,0 07-25~0,0,0,0 06-29~0,0,0,0 07-31~0,0,0,0 all~2,0,18,8 05-16~0,0,0,0 08-19~0,0,0,0 09-01~0,0,0,0 06-30~0,0,0,0 07-28~0,0,0,0 08-16~0,0,0,0 08-30~0,0,0,0 05-30~0,0,0,0 06-05~0,0,0,0 07-23~0,0,0,0 08-04~0,0,0,0 05-15~0,0,0,0 06-04~0,0,0,0 07-21~0,0,0,0 06-18~0,0,0,0 06-14~0,0,0,0 07-10~0,0,0,0 06-08~0,0,0,0 07-18~0,0,0,0 07-30~0,0,0,0 06-28~0,0,0,0 2026-07~0,0,7,4 05-24~0,0,0,0 08-26~0,0,0,0 06-01~0,0,0,0 07-19~0,0,0,0 07-16~0,0,0,0 08-14~0,0,0,0 05-01~0,0,0,0 2026-09~0,0,0,0 05-05~0,0,0,0 07-14~0,0,0,0 05-10~0,0,0,0 05-28~0,0,0,0 07-13~0,0,0,0 08-24~0,0,0,0 05-03~0,0,0,0 06-26~0,0,0,0 05-13~0,0,0,0 08-17~1,0,0,0 06-24~0,0,2,1 06-15~0,0,0,0 05-29~0,0,0,0 06-10~0,0,0,0 07-08~0,0,0,0 05-25~0,0,0,0 06-25~0,0,0,0 06-17~0,0,0,0 07-29~0,0,1,1 07-09~0,0,0,0 06-11~0,0,0,0 08-01~0,0,0,0 08-02~0,0,0,0 2026-06M~0,0,0,0 07-05~0,0,0,0 08-06~0,0,0,0 2026-06~1,0,3,1 2026-07M~0,0,2,1 08-07~0,0,0,0 06-02~0,0,0,0 06-16~0,0,0,0 06-09~0,0,0,0 07-11~0,0,3,2 09-02~0,0,0,0 08-23~0,0,0,0 05-06~0,0,0,0 08-11~0,0,0,0 2026-08~1,0,4,1 07-03~0,0,0,0 06-12~1,0,0,0 07-04~0,0,0,0 08-03~0,0,2,1 05-09~0,0,0,0 07-27~0,0,0,0 07-24~0,0,0,0 08-15~0,0,0,0 06-22~0,0,0,0 06-20~0,0,0,0 08-27~0,0,0,0 08-08~0,0,0,0 06-13~0,0,0,0 08-31~0,0,0,0 07-06~0,0,0,0 08-18~0,0,0,0 08-21~0,0,0,0 05-12~0,0,0,0 05-07~0,0,0,0 2026-09M~0,0,0,0 05-21~0,0,0,0 06-03~0,0,1,0 07-12~0,0,0,0 06-23~0,0,0,0 08-20~0,0,0,0 08-22~0,0,1,0 08-13~0,0,0,0 05-26~0,0,0,0 05-31~0,0,0,0 06-06~0,0,0,0 05-08~0,0,0,0 2026-05~0,0,2,1 05-27~0,0,1,0 06-27~0,0,0,0
United Arab Emirates|06-22~0,0,0,0 06-18~0,0,0,0 05-12~0,0,0,0 07-23~0,0,0,0 08-19~0,0,0,0 06-10~0,0,0,0 06-23~0,0,0,0 07-15~0,0,0,0 07-17~0,0,0,0 08-15~0,0,0,0 08-17~0,0,0,0 07-14~0,0,0,0 06-27~0,0,0,0 08-22~0,0,0,0 07-18~0,0,0,0 06-13~0,0,0,0 08-02~0,0,0,0 08-31~0,0,0,0 06-24~0,0,0,0 05-16~0,0,0,0 05-21~0,0,0,0 07-31~0,0,0,0 05-18~0,0,0,0 07-07~0,0,0,0 05-23~0,0,0,0 05-14~0,0,0,0 2026-06M~0,0,0,0 05-11~0,0,0,0 06-19~0,0,0,0 07-06~0,0,0,0 06-21~0,0,0,0 08-11~0,0,0,0 2026-08~0,0,0,0 05-29~0,0,0,0 05-17~0,0,0,0 08-03~0,0,0,0 05-28~0,0,0,0 05-15~0,0,0,0 06-12~0,0,0,0 05-06~0,0,0,0 05-24~0,0,0,0 06-29~0,0,0,0 07-01~0,0,0,0 05-04~0,0,0,0 05-01~0,0,0,0 08-21~0,0,0,0 06-11~0,0,0,0 09-01~0,0,0,0 05-22~0,0,0,0 08-13~0,0,0,0 07-29~0,0,0,0 07-20~0,0,0,0 05-20~0,0,0,0 08-29~0,0,0,0 07-13~0,0,0,0 05-27~0,0,0,0 07-19~0,0,0,0 08-23~0,0,0,0 08-18~0,0,0,0 07-22~0,0,0,0 07-21~0,0,0,0 08-10~0,0,0,0 2026-08M~0,0,0,0 08-07~0,0,0,0 05-08~0,0,0,0 2026-05M~0,0,0,0 06-16~0,0,0,0 05-09~0,0,0,0 08-06~0,0,0,0 08-05~0,0,0,0 05-31~0,0,0,0 06-08~0,0,0,0 08-01~0,0,0,0 06-20~0,0,0,0 07-02~0,0,0,0 2026-07~0,0,0,0 2026-09M~0,0,0,0 06-07~0,0,0,0 07-27~0,0,0,0 06-30~0,0,0,0 08-24~0,0,0,0 08-16~0,0,0,0 06-26~0,0,0,0 06-15~0,0,0,0 all~0,0,1,1 06-14~0,0,0,0 07-12~0,0,0,0 08-28~0,0,0,0 08-09~0,0,0,0 2026-06~0,0,0,0 05-30~0,0,0,0 08-04~0,0,0,0 06-09~0,0,0,0 2026-07M~0,0,0,0 07-30~0,0,0,0 05-02~0,0,0,0 05-13~0,0,0,0 05-10~0,0,0,0 07-28~0,0,0,0 08-12~0,0,0,0 06-25~0,0,0,0 08-20~0,0,0,0 07-25~0,0,0,0 08-26~0,0,0,0 06-01~0,0,0,0 06-02~0,0,0,0 06-17~0,0,0,0 2026-05~0,0,0,0 06-04~0,0,0,0 05-19~0,0,0,0 07-11~0,0,0,0 05-26~0,0,0,0 08-27~0,0,0,0 08-25~0,0,0,0 08-14~0,0,0,0 08-08~0,0,0,0 07-03~0,0,0,0 08-30~0,0,0,0 2026-09~0,0,0,0 09-02~0,0,0,0 06-03~0,0,0,0
United Kingdom|08-05~0,0,0,0 08-22~0,0,0,0 07-23~0,0,0,0 08-27~0,0,0,0 07-08~0,0,0,0 06-10~1,0,0,0 05-12~0,0,0,0 08-10~0,0,0,0 08-24~0,0,0,0 06-16~0,0,1,1 07-17~0,0,0,0 06-18~2,0,0,0 05-07~0,0,0,0 08-18~0,0,0,0 07-25~0,0,0,0 05-16~0,0,1,1 06-28~0,0,0,0 07-30~0,0,0,0 07-16~0,0,0,0 07-03~1,0,0,0 05-21~1,0,1,1 05-18~1,0,1,1 08-31~0,0,0,0 06-02~0,0,1,1 08-06~0,0,0,0 2026-09~0,0,0,0 05-23~0,0,0,0 06-20~1,0,0,0 07-06~0,0,0,0 07-20~0,0,0,0 05-14~1,0,0,0 07-14~0,0,0,0 05-11~0,0,0,0 07-18~0,0,0,0 05-05~0,0,0,0 07-22~0,0,0,0 08-26~0,0,0,0 06-26~0,0,0,0 07-04~0,0,0,0 05-29~2,0,1,1 05-17~2,0,0,0 08-21~0,0,0,0 08-25~0,0,0,0 07-21~0,0,0,0 05-28~2,0,0,0 05-15~0,0,0,0 08-20~0,0,0,0 05-06~0,0,0,0 05-24~0,0,0,0 06-07~0,0,0,0 08-16~0,0,0,0 2026-06~31,8,11,8 05-04~0,0,0,0 08-23~0,0,0,0 05-01~0,0,0,0 08-03~0,0,0,0 06-08~1,0,0,0 07-10~0,0,0,0 2026-07~2,1,1,1 2026-08M~0,0,0,0 08-04~0,0,0,0 05-22~0,0,1,1 2026-08~0,0,1,1 06-21~1,0,0,0 08-17~0,0,0,0 all~45,9,24,20 07-31~0,0,0,0 06-29~0,0,0,0 2026-06M~0,0,1,1 05-20~0,0,3,3 07-24~0,0,0,0 06-04~2,1,0,0 05-27~0,0,0,0 07-27~0,0,0,0 06-19~0,0,0,0 07-01~0,0,0,0 06-22~2,0,0,0 05-03~0,0,0,0 08-15~0,0,0,0 08-08~0,0,0,0 05-08~0,0,0,0 06-05~1,1,0,0 07-11~0,0,0,0 06-09~0,0,1,1 08-29~0,0,0,0 05-09~0,0,0,0 08-12~0,0,0,0 05-31~0,0,0,0 08-02~0,0,0,0 06-13~2,0,1,1 08-14~0,0,0,0 06-17~1,0,0,0 05-25~0,0,0,0 06-06~0,0,0,0 08-09~0,0,0,0 09-01~0,0,0,0 08-19~0,0,0,0 07-29~0,0,0,0 06-12~3,1,0,0 05-30~0,0,0,0 2026-07M~1,1,0,0 06-25~3,0,1,0 05-02~0,0,0,0 08-30~0,0,0,0 05-13~1,0,1,0 05-10~0,0,0,0 2026-05M~0,0,0,0 07-19~0,0,0,0 06-01~0,0,0,0 06-27~0,0,0,0 07-02~1,1,0,0 09-02~0,0,0,0 06-23~0,0,2,2 08-11~0,0,0,0 06-15~4,2,0,0 07-26~0,0,0,0 2026-09M~0,0,0,0 08-28~0,0,0,0 06-11~1,0,0,0 07-09~0,0,0,0 08-13~0,0,0,0 07-07~0,0,0,0 05-19~0,0,0,0 07-15~0,0,0,0 2026-05~11,0,11,10 06-03~1,1,0,0 05-26~0,0,1,1 07-12~0,0,0,0 07-28~0,0,0,0 06-30~0,0,0,0 07-05~0,0,0,0 06-14~1,0,0,0 06-24~2,1,0,0 08-07~0,0,0,0 08-01~0,0,0,0 07-13~0,0,0,0
United States|all~149,7,452,186 2026-05~15,1,53,26 05-14~0,0,0,0 2026-05M~0,0,0,0 08-12~0,0,3,1 06-21~1,0,1,0 2026-08~24,3,106,47 06-07~0,0,5,0 05-19~1,0,2,1 07-11~2,0,1,1 08-14~0,0,2,0 06-27~2,0,2,0 09-02~0,0,1,0 07-31~2,0,1,1 07-28~0,0,3,0 05-20~0,0,2,0 06-29~3,0,5,1 07-13~3,0,3,3 06-05~1,0,2,0 05-12~0,0,0,0 07-09~0,0,3,2 05-01~0,0,0,0 05-07~0,0,0,0 06-19~0,0,1,1 07-29~0,0,0,0 05-21~0,0,2,1 08-19~0,0,2,0 07-25~0,0,0,0 06-11~4,0,9,3 08-22~0,0,3,1 07-07~3,0,5,3 05-31~0,0,4,3 06-09~1,0,5,2 05-17~1,0,2,0 07-12~1,0,6,3 06-04~1,0,2,1 05-23~1,0,3,2 08-02~1,0,3,0 07-27~2,0,4,1 05-15~2,0,0,0 05-09~0,0,0,0 06-17~1,0,2,0 08-24~0,0,5,3 07-01~0,0,3,2 2026-06~41,0,124,33 05-16~0,0,7,5 06-08~0,0,1,0 2026-07~53,0,131,62 08-05~5,2,6,4 05-28~1,0,0,0 07-20~1,0,9,4 05-27~2,0,3,0 2026-09~0,0,3,1 08-23~1,0,7,5 06-10~3,0,5,1 07-06~2,0,5,0 2026-06M~0,0,5,0 05-02~0,0,0,0 06-18~3,0,2,1 05-06~0,0,0,0 05-13~1,0,1,0 07-23~2,0,2,0 08-06~1,0,4,0 07-08~0,0,3,3 07-18~2,0,5,3 05-10~0,0,0,0 06-28~3,0,3,2 07-05~2,0,4,1 08-20~0,0,5,2 06-13~2,0,1,0 07-22~2,0,1,0 08-07~1,0,3,3 05-26~0,0,2,1 2026-09M~0,0,3,1 08-11~0,0,2,1 06-22~2,0,1,0 06-26~1,0,5,3 08-15~3,1,2,1 07-30~0,0,1,1 05-29~1,0,4,2 08-04~2,0,2,0 07-21~2,0,4,0 08-28~0,0,1,1 05-05~0,0,0,0 07-16~1,0,4,1 06-23~0,0,5,2 08-10~0,0,3,0 07-02~1,0,4,2 06-14~3,0,5,2 08-27~0,0,2,1 05-18~1,0,3,1 06-06~0,0,5,0 07-10~0,0,2,0 08-03~0,0,1,0 06-30~0,0,6,0 07-26~1,0,2,0 08-25~0,0,2,1 06-16~4,0,3,0 05-08~0,0,0,0 07-14~1,0,5,4 08-31~1,0,2,0 06-02~0,0,3,0 08-18~0,0,3,0 07-04~2,0,3,0 06-12~1,0,2,0 08-21~0,0,7,5 09-01~0,0,2,1 08-17~2,0,1,0 06-24~0,0,5,1 07-19~4,0,2,0 05-11~0,0,0,0 06-20~2,0,2,1 08-13~0,0,3,0 05-04~0,0,0,0 08-29~0,0,2,0 05-30~0,0,2,1 2026-08M~2,0,3,0 05-22~0,0,1,1 07-24~3,0,6,3 08-01~1,0,0,0 08-08~0,0,3,1 05-25~2,1,8,3 06-01~0,0,2,0 07-17~3,0,5,2 05-03~0,0,0,0 06-25~2,0,6,2 08-16~2,0,3,1 07-03~2,0,5,4 08-26~0,0,3,2 06-15~0,0,4,1 2026-07M~1,0,7,4 05-24~0,0,0,0 08-09~1,0,4,1 07-15~2,0,5,2 06-03~0,0,7,1 08-30~0,0,1,1
Uruguay|06-14~0,0,0,0 08-08~0,0,6,6 06-19~0,0,0,0 07-01~0,0,0,0 07-21~0,0,0,0 05-28~0,0,0,0 08-16~0,0,0,0 07-03~0,0,0,0 08-03~0,0,0,0 08-24~0,0,0,0 06-12~0,0,0,0 07-19~0,0,0,0 06-01~0,0,0,0 06-07~0,0,0,0 06-21~1,0,0,0 08-15~0,0,0,0 2026-08M~0,0,0,0 07-17~0,0,0,0 06-17~0,0,0,0 07-02~0,0,0,0 06-23~0,0,0,0 08-10~0,0,0,0 06-15~0,0,0,0 08-09~0,0,0,0 06-09~0,0,0,0 06-16~0,0,0,0 05-29~0,0,0,0 06-28~0,0,0,0 05-03~0,0,0,0 08-01~0,0,0,0 06-02~0,0,0,0 08-22~0,0,0,0 06-06~0,0,1,1 2026-05~0,0,0,0 06-13~0,0,5,0 07-08~0,0,0,0 06-10~0,0,0,0 05-30~0,0,0,0 2026-06M~0,0,0,0 all~1,0,17,14 05-13~0,0,0,0 06-26~0,0,0,0 05-14~0,0,0,0 05-12~0,0,0,0 08-18~0,0,0,0 08-17~0,0,0,0 07-31~0,0,0,0 08-20~0,0,0,0 08-26~0,0,0,0 2026-08~0,0,6,6 08-05~0,0,0,0 08-04~0,0,0,0 07-06~0,0,0,0 2026-06~1,0,11,8 08-19~0,0,0,0 06-18~0,0,0,0 06-08~0,0,0,0 07-10~0,0,0,0 07-04~0,0,0,0 07-14~0,0,0,0 06-11~0,0,0,0 08-11~0,0,0,0 08-07~0,0,0,0 08-21~0,0,0,0 2026-07M~0,0,0,0 07-28~0,0,0,0 06-22~0,0,0,0 2026-07~0,0,0,0 05-09~0,0,0,0 06-25~0,0,0,0 07-07~0,0,0,0 07-13~0,0,0,0 06-24~0,0,2,2
Uzbekistan|06-03~0,0,0,0 05-21~0,0,0,0 07-06~0,0,0,0 06-26~0,0,0,0 2026-07M~0,0,0,0 07-22~0,0,0,0 06-13~0,0,0,0 08-09~0,0,0,0 06-20~0,0,0,0 07-14~0,0,0,0 06-16~0,0,0,0 07-07~0,0,0,0 08-04~0,0,0,0 06-05~0,0,0,0 06-25~0,0,0,0 06-09~0,0,0,0 all~0,0,1,1 07-18~0,0,0,0 08-21~0,0,0,0 08-01~0,0,0,0 08-07~0,0,0,0 08-18~0,0,0,0 05-06~0,0,0,0 07-10~0,0,0,0 07-02~0,0,0,0 07-01~0,0,0,0 05-29~0,0,0,0 08-16~0,0,0,0 05-26~0,0,0,0 05-03~0,0,0,0 07-04~0,0,0,0 06-15~0,0,0,0 05-24~0,0,0,0 08-20~0,0,1,1 05-01~0,0,0,0 05-16~0,0,0,0 08-22~0,0,0,0 06-11~0,0,0,0 2026-06~0,0,0,0 06-22~0,0,0,0 06-18~0,0,0,0 08-23~0,0,0,0 08-25~0,0,0,0 2026-07~0,0,0,0 08-05~0,0,0,0 2026-08~0,0,1,1 08-24~0,0,0,0 06-24~0,0,0,0 05-27~0,0,0,0 05-02~0,0,0,0 07-29~0,0,0,0 06-04~0,0,0,0 06-17~0,0,0,0 05-28~0,0,0,0 06-01~0,0,0,0 08-27~0,0,0,0 06-21~0,0,0,0 05-31~0,0,0,0 05-05~0,0,0,0 06-07~0,0,0,0 08-12~0,0,0,0 07-24~0,0,0,0 2026-06M~0,0,0,0 06-27~0,0,0,0 05-20~0,0,0,0 07-16~0,0,0,0 08-14~0,0,0,0 08-02~0,0,0,0 07-20~0,0,0,0 07-23~0,0,0,0 05-13~0,0,0,0 08-29~0,0,0,0 07-21~0,0,0,0 07-13~0,0,0,0 07-25~0,0,0,0 07-09~0,0,0,0 05-23~0,0,0,0 05-14~0,0,0,0 06-10~0,0,0,0 05-25~0,0,0,0 05-17~0,0,0,0 06-29~0,0,0,0 08-15~0,0,0,0 06-30~0,0,0,0 07-19~0,0,0,0 05-15~0,0,0,0 08-03~0,0,0,0 07-11~0,0,0,0 2026-05M~0,0,0,0 08-17~0,0,0,0 06-08~0,0,0,0 06-19~0,0,0,0 2026-08M~0,0,0,0 08-11~0,0,0,0 06-06~0,0,0,0 05-04~0,0,0,0 06-12~0,0,0,0 07-27~0,0,0,0 05-30~0,0,0,0 05-07~0,0,0,0 07-30~0,0,0,0 08-19~0,0,0,0 2026-05~0,0,0,0 07-28~0,0,0,0 05-22~0,0,0,0 07-03~0,0,0,0 07-05~0,0,0,0 05-12~0,0,0,0 08-06~0,0,0,0 07-26~0,0,0,0 08-26~0,0,0,0 07-31~0,0,0,0 05-10~0,0,0,0 07-12~0,0,0,0 08-13~0,0,0,0 06-23~0,0,0,0
Venezuela|2026-06~0,0,9,0 08-29~0,0,0,0 06-02~0,0,0,0 05-21~0,0,0,0 06-23~0,0,0,0 08-03~0,0,1,0 08-14~0,0,0,0 05-07~0,0,0,0 07-02~0,0,0,0 05-27~0,0,0,0 05-29~0,0,0,0 2026-05M~0,0,0,0 2026-08M~0,0,0,0 05-05~0,0,0,0 08-18~0,0,0,0 2026-08~0,0,2,1 06-27~0,0,1,0 05-19~0,0,0,0 06-04~0,0,0,0 07-08~0,0,1,1 06-10~0,0,0,0 08-11~0,0,0,0 07-31~0,0,0,0 06-29~0,0,0,0 06-07~0,0,0,0 08-27~0,0,0,0 2026-05~0,0,0,0 06-12~0,0,0,0 05-11~0,0,0,0 05-09~0,0,0,0 07-24~0,0,0,0 06-25~0,0,0,0 05-04~0,0,0,0 06-20~0,0,0,0 08-25~0,0,0,0 05-31~0,0,0,0 08-06~0,0,1,1 08-04~0,0,0,0 08-26~0,0,0,0 05-17~0,0,0,0 06-18~0,0,0,0 06-26~0,0,3,0 09-01~0,0,0,0 08-19~0,0,0,0 2026-09~0,0,0,0 08-16~0,0,0,0 05-08~0,0,0,0 06-19~0,0,0,0 07-01~0,0,1,0 06-24~0,0,0,0 06-05~0,0,0,0 08-17~0,0,0,0 07-11~0,0,0,0 06-09~0,0,0,0 06-15~0,0,0,0 08-21~0,0,0,0 07-05~0,0,0,0 07-28~0,0,0,0 06-30~0,0,2,0 07-04~0,0,0,0 2026-07~2,0,9,2 06-13~0,0,1,0 05-10~0,0,0,0 08-09~0,0,0,0 05-18~0,0,0,0 06-11~0,0,0,0 07-09~0,0,0,0 2026-07M~0,0,1,0 06-16~0,0,0,0 08-02~0,0,0,0 07-23~0,0,0,0 08-01~0,0,0,0 05-28~0,0,0,0 05-13~0,0,0,0 all~4,0,22,3 07-21~0,0,0,0 06-08~0,0,0,0 07-10~0,0,1,0 07-15~0,0,0,0 2026-09M~0,0,0,0 07-20~0,0,0,0 07-12~1,0,2,0 07-14~0,0,0,0 07-18~0,0,1,0 07-29~0,0,0,0 08-22~0,0,0,0 05-22~0,0,0,0 05-26~0,0,0,0 09-02~0,0,0,0 07-07~0,0,0,0 07-13~0,0,1,0 06-14~0,0,0,0 08-07~0,0,0,0 2026-06M~0,0,0,0 06-06~0,0,0,0 08-30~0,0,0,0 07-17~0,0,0,0 08-13~0,0,0,0 05-23~0,0,0,0 07-19~0,0,0,0 06-01~0,0,0,0 05-14~0,0,0,0 08-10~0,0,0,0 05-06~0,0,0,0 06-22~0,0,0,0 06-21~0,0,0,0 05-30~0,0,0,0 05-16~0,0,0,0 08-08~0,0,0,0 07-27~0,0,0,0 05-02~0,0,0,0 08-24~0,0,0,0 05-12~0,0,0,0 07-25~0,0,0,0 08-15~0,0,0,0 07-16~1,0,0,0 06-03~0,0,0,0 08-05~0,0,0,0 05-24~0,0,0,0 05-20~0,0,0,0 06-28~0,0,2,0 07-30~0,0,0,0 08-20~0,0,0,0 07-06~0,0,0,0 08-31~0,0,0,0 06-17~0,0,0,0 07-26~0,0,0,0 08-28~0,0,0,0 08-12~0,0,0,0 08-23~0,0,0,0 05-01~0,0,0,0 07-03~0,0,0,0 05-25~0,0,0,0 05-15~0,0,0,0 05-03~0,0,0,0 07-22~0,0,0,0
Vietnam|2026-08~0,0,5,4 2026-06M~0,0,0,0 06-16~0,0,0,0 08-17~0,0,0,0 08-21~0,0,0,0 08-23~0,0,0,0 05-13~0,0,1,1 07-16~0,0,0,0 09-01~0,0,0,0 08-19~0,0,0,0 06-22~0,0,0,0 08-20~0,0,0,0 05-11~0,0,0,0 2026-06~0,0,5,4 05-18~0,0,0,0 08-22~0,0,0,0 07-08~0,0,0,0 06-10~0,0,0,0 06-04~0,0,0,0 08-05~0,0,0,0 07-27~0,0,0,0 07-25~0,0,0,0 06-13~0,0,0,0 05-27~0,0,0,0 06-06~0,0,0,0 05-05~0,0,0,0 06-28~0,0,0,0 07-30~0,0,0,0 07-29~0,0,0,0 05-10~0,0,0,0 05-29~0,0,0,0 08-31~0,0,0,0 05-25~0,0,0,0 06-20~0,0,0,0 08-12~0,0,0,0 08-10~0,0,0,0 05-03~0,0,0,0 07-21~0,0,0,0 07-14~0,0,1,1 2026-07~0,0,5,5 08-02~0,0,0,0 07-15~0,0,0,0 07-28~0,0,0,0 06-30~0,0,0,0 06-11~0,0,0,0 07-09~0,0,0,0 06-23~0,0,0,0 08-03~0,0,0,0 07-05~0,0,1,1 07-19~0,0,0,0 06-01~0,0,0,0 05-22~0,0,0,0 07-11~0,0,2,2 06-09~0,0,0,0 06-21~0,0,0,0 06-24~0,0,1,1 06-08~0,0,0,0 07-10~0,0,0,0 2026-09~0,0,0,0 06-07~0,0,0,0 05-04~0,0,0,0 05-08~0,0,0,0 08-14~0,0,0,0 06-05~0,0,0,0 08-27~0,0,1,0 05-19~0,0,0,0 05-21~0,0,0,0 06-02~0,0,0,0 08-16~0,0,0,0 08-15~0,0,2,2 2026-07M~0,0,0,0 05-07~0,0,0,0 06-26~0,0,1,1 08-09~0,0,0,0 2026-05~0,0,2,2 07-22~0,0,0,0 07-04~0,0,0,0 05-20~0,0,0,0 06-19~0,0,0,0 07-01~0,0,0,0 07-06~0,0,0,0 07-20~0,0,0,0 06-18~0,0,0,0 08-08~0,0,0,0 06-14~0,0,0,0 06-25~0,0,0,0 07-13~0,0,0,0 07-07~0,0,0,0 07-18~0,0,0,0 05-23~0,0,0,0 08-13~0,0,1,1 07-23~0,0,0,0 08-18~0,0,0,0 06-12~0,0,0,0 05-14~0,0,0,0 08-24~0,0,0,0 08-26~0,0,0,0 07-26~0,0,0,0 07-03~0,0,0,0 08-07~0,0,0,0 2026-05M~0,0,0,0 06-15~0,0,0,0 08-04~0,0,0,0 2026-09M~0,0,0,0 06-27~0,0,0,0 05-12~0,0,0,0 05-24~0,0,0,0 05-02~0,0,0,0 05-16~0,0,0,0 all~0,0,17,15 08-30~0,0,0,0 05-06~0,0,0,0 07-31~0,0,0,0 06-29~0,0,0,0 08-01~0,0,0,0 07-02~0,0,0,0 06-17~0,0,0,0 08-11~0,0,0,0 08-28~0,0,0,0 05-30~0,0,0,0 07-24~0,0,0,0 05-28~0,0,0,0 07-12~0,0,0,0 08-25~0,0,0,0 05-26~0,0,0,0 06-03~0,0,0,0 08-29~0,0,0,0 09-02~0,0,0,0 08-06~0,0,0,0 05-15~0,0,0,0 05-09~0,0,0,0 07-17~0,0,0,0 05-31~0,0,0,0 05-01~0,0,0,0 2026-08M~0,0,0,0 05-17~0,0,0,0
Zambia|08-06~0,0,0,0 05-25~0,0,0,0 07-14~0,0,0,0 09-02~0,0,0,0 08-18~0,0,0,0 05-28~0,0,0,0 05-08~0,0,0,0 05-11~0,0,0,0 08-20~0,0,0,0 08-22~0,0,0,0 05-06~0,0,0,0 07-01~0,0,0,0 all~0,0,1,0 08-17~0,0,0,0 2026-09~0,0,0,0 08-19~0,0,0,0 07-10~0,0,0,0 2026-07M~0,0,0,0 2026-05M~0,0,0,0 05-10~0,0,0,0 05-05~0,0,0,0 07-27~0,0,0,0 2026-09M~0,0,0,0 06-04~0,0,0,0 06-06~0,0,0,0 07-30~0,0,0,0 06-28~0,0,0,0 08-08~0,0,0,0 07-25~0,0,0,0 06-13~0,0,0,0 07-12~0,0,0,0 05-24~0,0,0,0 08-29~0,0,0,0 08-09~0,0,0,0 06-02~0,0,0,0 08-24~0,0,0,0 08-02~0,0,0,0 05-02~0,0,0,0 05-27~0,0,0,0 06-18~0,0,0,0 06-26~0,0,0,0 05-19~0,0,0,0 07-02~0,0,0,0 08-26~0,0,0,0 07-26~0,0,0,0 2026-08~0,0,0,0 05-22~0,0,0,0 07-21~0,0,0,0 08-16~0,0,0,0 06-14~0,0,0,0 2026-08M~0,0,0,0 08-25~0,0,0,0 07-05~0,0,0,0 06-01~0,0,0,0 07-19~0,0,0,0 06-27~0,0,0,0 06-17~0,0,0,0 06-25~0,0,0,0 06-03~0,0,0,0 08-01~0,0,0,0 07-06~0,0,0,0 06-30~0,0,1,0 07-23~0,0,0,0 05-18~0,0,0,0 08-28~0,0,0,0 07-18~0,0,0,0 08-23~0,0,0,0 06-29~0,0,0,0 07-31~0,0,0,0 2026-05~0,0,0,0 06-05~0,0,0,0 06-20~0,0,0,0 08-31~0,0,0,0 06-10~0,0,0,0 2026-07~0,0,0,0 05-04~0,0,0,0 06-12~0,0,0,0 08-03~0,0,0,0 2026-06M~0,0,0,0 05-01~0,0,0,0 06-07~0,0,0,0 07-29~0,0,0,0 07-20~0,0,0,0 07-09~0,0,0,0 06-11~0,0,0,0 08-21~0,0,0,0 08-05~0,0,0,0 05-03~0,0,0,0 05-15~0,0,0,0 2026-06~0,0,1,0 06-15~0,0,0,0