c|packed
Afghanistan|08-13~1,1,0,0,0 07-29~2,1,0,0,0 all~43,10,4,1,0 07-15~2,0,0,0,0 07-28~2,1,0,0,0 08-12~1,1,0,0,0 07-01~1,0,0,0,0 2026-06~8,2,1,0,0 2026-05~7,0,0,0,0 06-03~1,0,0,0,0 07-31~1,0,0,0,0 07-14~1,0,0,0,0 08-18~2,0,0,0,0 08-17~3,2,1,1,0 05-28~1,0,0,0,0 07-27~2,0,0,0,0 07-19~2,0,0,0,0 06-24~2,0,0,0,0 08-06~1,0,0,0,0 07-30~2,0,0,0,0 05-22~3,0,0,0,0 07-13~1,1,1,0,0 08-11~1,0,0,0,0 06-20~1,1,1,0,0 06-28~1,1,0,0,0 05-02~3,0,0,0,0 08-16~1,1,0,0,0 2026-08~14,5,2,1,0 06-04~2,0,0,0,0 08-27~1,0,0,0,0 2026-07~15,3,1,0,0 08-05~1,1,1,0,0 06-05~1,0,0,0,0 08-09~1,0,0,0,0 2026-05M~3,0,0,0,0 2026-07M~1,0,0,0,0 08-03~3,0,0,0,0
Albania|05-31~5,0,0,0,0 08-29~11,0,0,0,0 06-03~6,3,1,1,0 05-18~2,0,0,0,0 07-06~10,0,0,0,0 05-15~6,2,0,0,0 2026-07~140,58,31,20,17 08-13~15,2,0,0,0 06-02~3,1,0,0,0 2026-05~49,13,3,2,1 05-19~6,2,0,0,0 07-23~11,2,1,1,1 07-11~10,3,1,1,1 06-09~5,1,0,0,0 08-22~17,1,1,1,0 all~352,136,55,36,26 07-31~17,4,3,1,1 06-29~12,3,2,2,0 08-04~10,2,0,0,0 06-22~9,0,0,0,0 08-26~15,1,0,0,0 05-25~5,1,0,0,0 06-14~8,0,0,0,0 07-15~13,2,0,0,0 06-26~9,0,0,0,0 06-18~8,0,0,0,0 07-19~16,2,2,1,1 06-01~4,2,0,0,0 05-08~6,2,0,0,0 08-21~17,0,0,0,0 06-23~12,1,0,0,0 07-07~7,1,0,0,0 08-14~15,3,2,0,0 07-16~7,0,0,0,0 05-05~4,1,0,0,0 2026-09~20,3,0,0,0 05-10~3,0,0,0,0 06-19~10,3,1,1,1 07-01~12,0,0,0,0 08-05~10,3,0,0,0 06-06~5,0,0,0,0 07-22~13,1,1,1,1 07-08~8,1,1,0,0 06-10~11,3,0,0,0 2026-09M~20,3,0,0,0 08-11~13,0,0,0,0 08-18~16,1,0,0,0 05-27~7,1,0,0,0 06-21~10,3,1,1,0 2026-08~132,41,11,5,4 2026-07M~14,1,0,0,0 08-16~14,1,0,0,0 08-24~12,0,0,0,0 08-23~13,1,0,0,0 07-04~12,1,0,0,0 08-07~11,1,0,0,0 08-28~13,1,0,0,0 2026-06~73,28,9,8,3 07-03~14,6,5,2,2 07-13~14,2,1,0,0 05-29~5,0,0,0,0 06-12~6,1,0,0,0 05-06~1,0,0,0,0 05-07~5,3,0,0,0 09-02~18,3,0,0,0 06-08~9,0,0,0,0 07-10~8,1,0,0,0 08-06~11,2,1,0,0 08-27~12,0,0,0,0 06-20~8,1,0,0,0 05-09~5,1,0,0,0 05-22~2,0,0,0,0 05-23~4,2,1,1,0 05-21~2,0,0,0,0 09-01~12,0,0,0,0 08-19~18,0,0,0,0 05-01~1,0,0,0,0 07-12~11,1,0,0,0 05-28~5,0,0,0,0 08-10~19,5,3,2,2 08-09~35,6,0,0,0 05-02~1,0,0,0,0 05-03~2,1,0,0,0 06-05~8,4,1,1,1 08-17~18,3,1,1,1 06-16~8,1,0,0,0 07-24~14,5,1,0,0 07-26~16,3,0,0,0 05-24~4,2,1,1,1 06-11~9,3,0,0,0 07-09~11,3,1,1,0 2026-05M~2,0,0,0,0 06-27~9,1,0,0,0 08-20~16,2,0,0,0 06-15~9,3,0,0,0 06-24~11,1,1,1,0 08-03~11,0,0,0,0 07-18~14,5,5,4,3 06-07~7,0,0,0,0 05-17~5,1,0,0,0 07-17~11,0,0,0,0 07-02~9,1,0,0,0 07-20~15,5,2,1,1 06-13~7,1,0,0,0 07-14~13,3,1,1,1 05-20~5,2,0,0,0 06-04~6,1,1,1,0 05-14~4,1,1,0,0 07-28~13,2,2,0,0 06-30~8,0,0,0,0 05-11~4,1,0,0,0 06-17~9,1,0,0,0 05-04~2,1,0,0,0 05-26~3,0,0,0,0 05-30~3,1,0,0,0 05-13~5,0,0,0,0 06-25~12,1,1,0,0 08-02~11,3,0,0,0 08-15~16,1,0,0,0 05-16~2,0,0,0,0 05-12~5,1,0,0,0 08-12~16,0,0,0,0 08-31~12,0,0,0,0 07-29~25,5,0,0,0 07-25~16,4,2,1,1 07-05~11,0,0,0,0 2026-08M~17,4,0,0,0 08-08~12,3,3,1,1 2026-06M~6,3,0,0,0 08-25~13,0,0,0,0 08-30~11,1,0,0,0 06-28~7,0,0,0,0 07-30~16,2,1,1,1 07-27~14,1,1,1,1 07-21~17,3,1,1,1 08-01~12,1,0,0,0 sr~451,316 se~1646,687,63,10.1,4.65
Algeria|07-14~20,1,1,1,0 06-11~28,2,2,0,0 07-09~21,1,1,0,0 06-25~25,2,1,0,0 08-06~26,0,0,0,0 05-23~22,3,2,0,0 06-28~28,2,0,0,0 07-30~23,0,0,0,0 08-01~20,2,1,0,0 06-21~18,0,0,0,0 06-24~28,1,0,0,0 05-06~22,1,0,0,0 07-28~21,0,0,0,0 06-30~64,39,29,5,0 2026-08~153,35,21,12,4 05-10~29,1,0,0,0 08-15~35,5,3,1,1 07-08~23,3,2,0,0 06-10~31,2,0,0,0 06-04~22,1,1,1,0 09-01~21,0,0,0,0 08-19~20,0,0,0,0 07-25~24,1,0,0,0 08-08~25,3,2,2,2 08-12~28,1,0,0,0 07-17~21,2,2,0,0 05-17~27,1,0,0,0 05-14~27,2,1,0,0 07-12~17,1,1,1,0 2026-09~25,1,1,1,0 06-18~23,0,0,0,0 06-03~24,2,2,2,0 05-29~20,1,1,0,0 08-17~28,0,0,0,0 07-11~22,2,1,1,0 06-09~21,0,0,0,0 08-29~23,0,0,0,0 05-30~22,0,0,0,0 08-25~24,3,1,0,0 05-25~24,1,1,1,0 06-13~21,1,0,0,0 2026-06M~35,1,1,1,0 08-05~24,0,0,0,0 05-22~21,0,0,0,0 09-02~21,1,1,1,0 06-22~24,0,0,0,0 07-20~23,3,2,1,0 08-20~21,2,1,1,0 05-13~22,0,0,0,0 06-12~30,0,0,0,0 05-24~25,1,1,1,0 05-07~27,1,0,0,0 08-14~23,0,0,0,0 07-02~21,1,1,0,0 05-12~21,0,0,0,0 08-26~25,3,2,2,1 06-02~24,1,1,1,0 06-17~17,0,0,0,0 08-10~20,1,1,1,0 08-16~30,1,0,0,0 08-02~24,3,2,2,0 05-21~22,0,0,0,0 08-28~21,0,0,0,0 08-24~31,2,1,0,0 2026-07~162,61,43,12,0 07-19~24,1,0,0,0 06-01~25,0,0,0,0 2026-07M~57,25,17,1,0 06-27~27,3,3,2,0 05-09~27,0,0,0,0 06-05~25,1,1,0,0 05-26~18,2,0,0,0 08-07~28,2,2,0,0 06-14~26,0,0,0,0 08-31~22,1,0,0,0 07-23~18,1,1,0,0 2026-09M~25,1,1,1,0 07-22~23,4,3,0,0 06-23~20,2,1,1,0 08-13~23,1,0,0,0 06-20~20,1,1,1,1 08-03~27,0,0,0,0 07-07~20,2,1,0,0 07-06~22,3,2,1,0 07-04~20,1,1,0,0 07-24~22,0,0,0,0 06-15~23,1,0,0,0 2026-06~179,67,46,17,1 07-27~22,3,3,0,0 07-26~23,0,0,0,0 06-16~17,0,0,0,0 08-30~19,0,0,0,0 2026-05~102,18,6,2,0 06-07~18,1,1,1,0 05-08~27,2,0,0,0 05-01~23,0,0,0,0 05-03~26,2,0,0,0 06-19~24,2,1,1,0 07-01~52,24,16,1,0 07-29~33,4,4,2,0 06-08~19,1,1,0,0 07-10~22,1,0,0,0 05-11~21,0,0,0,0 05-28~24,0,0,0,0 05-19~23,0,0,0,0 08-09~20,0,0,0,0 07-16~22,0,0,0,0 05-16~20,0,0,0,0 08-22~25,1,1,0,0 08-18~30,1,1,0,0 05-27~22,0,0,0,0 05-05~22,0,0,0,0 2026-05M~28,0,0,0,0 05-31~26,0,0,0,0 07-05~18,0,0,0,0 07-31~19,0,0,0,0 06-29~25,0,0,0,0 07-21~22,1,1,0,0 07-03~23,0,0,0,0 07-15~21,2,0,0,0 07-13~18,0,0,0,0 05-18~25,0,0,0,0 08-27~20,1,1,0,0 07-18~21,0,0,0,0 08-23~22,0,0,0,0 06-06~23,2,2,1,0 2026-08M~30,5,3,2,0 08-21~33,0,0,0,0 05-20~17,0,0,0,0 06-26~23,0,0,0,0 08-11~27,4,2,1,0 all~463,179,116,47,5 08-04~26,1,1,1,0 05-15~21,1,0,0,0 05-02~24,0,0,0,0 05-04~23,0,0,0,0 sr~496,334 se~8885,988,162,4.4,4.87
American Samoa|all~1,0,0,0,0 06-30~1,0,0,0,0 2026-06~1,0,0,0,0
Andorra|06-09~1,0,0,0,0 06-10~1,0,0,0,0 07-28~1,0,0,0,0 05-05~1,0,0,0,0 2026-05~5,1,0,0,0 05-15~1,1,0,0,0 05-06~1,0,0,0,0 07-23~1,0,0,0,0 2026-06~3,0,0,0,0 07-21~1,0,0,0,0 05-11~1,0,0,0,0 05-08~1,0,0,0,0 08-04~1,0,0,0,0 2026-08~1,0,0,0,0 06-28~1,0,0,0,0 2026-07~4,0,0,0,0 07-07~1,0,0,0,0 all~12,1,0,0,0
Angola|all~62,30,15,10,0 08-17~1,0,0,0,0 06-27~8,3,1,1,0 08-09~1,0,0,0,0 07-20~1,0,0,0,0 06-29~3,1,0,0,0 05-18~1,1,0,0,0 2026-05M~1,0,0,0,0 06-08~2,1,0,0,0 06-24~2,0,0,0,0 09-01~1,0,0,0,0 05-19~1,0,0,0,0 05-07~1,1,0,0,0 06-12~1,0,0,0,0 2026-07~9,4,1,1,0 07-29~1,0,0,0,0 06-15~1,0,0,0,0 06-05~1,0,0,0,0 06-26~8,3,2,2,0 2026-07M~7,4,1,1,0 05-02~1,0,0,0,0 08-26~1,1,1,1,0 07-01~7,4,1,1,0 2026-06~43,20,10,7,0 2026-08~3,1,1,1,0 06-28~8,6,2,1,0 05-21~1,1,1,0,0 2026-09M~1,0,0,0,0 05-09~1,0,0,0,0 2026-05~9,5,3,0,0 2026-09~1,0,0,0,0 06-30~7,4,3,2,0 05-14~1,1,1,0,0 05-27~2,1,1,0,0 06-25~3,2,2,1,0
Antarctica|08-20~3,0,0,0,0 08-19~1,0,0,0,0 2026-08~4,0,0,0,0 all~4,0,0,0,0
Antigua and Barbuda|all~4,1,0,0,0 05-11~1,1,0,0,0 2026-08~2,0,0,0,0 2026-05~1,1,0,0,0 05-12~1,0,0,0,0 08-03~1,0,0,0,0 08-28~1,0,0,0,0 2026-07~1,0,0,0,0 05-08~1,1,0,0,0 07-14~1,0,0,0,0
Argentina|2026-06M~207,73,47,29,0 07-24~6745,54,7,1,0 05-21~30,4,2,0,0 07-19~9832,20,8,2,2 2026-08~930,295,208,139,80 08-24~16,1,1,1,1 06-17~385,40,21,12,0 08-19~36,7,7,3,1 06-02~143,51,29,16,0 08-26~22,2,0,0,0 05-19~39,7,1,0,0 05-27~96,25,19,4,0 06-21~560,17,5,1,0 08-12~76,21,8,5,3 05-06~35,4,0,0,0 07-08~183,34,27,15,1 07-25~5081,50,7,1,0 08-16~38,6,1,0,0 07-22~4439,70,8,5,0 05-15~54,19,14,9,6 06-16~219,25,16,7,3 05-02~42,4,0,0,0 07-02~296,45,30,21,7 06-01~75,23,18,13,0 07-26~4992,47,5,3,2 08-02~68,17,12,9,6 07-13~71,19,12,7,5 08-22~33,7,5,4,4 06-20~530,31,18,8,0 06-14~164,17,11,5,1 06-27~157,22,13,6,0 06-15~295,27,15,9,0 05-01~44,5,0,0,0 05-26~26,5,2,2,0 07-12~59,12,9,7,6 06-12~533,37,23,12,1 08-03~81,10,6,4,3 08-27~26,1,0,0,0 07-29~109,13,10,1,0 06-23~704,62,16,10,0 07-04~249,31,15,10,0 06-11~715,56,32,15,1 07-31~82,10,9,7,1 05-14~32,8,7,4,0 08-20~39,10,6,0,0 07-17~8244,41,10,6,3 2026-06~9224,1366,884,513,86 08-14~40,4,2,2,0 07-10~96,37,26,23,20 06-09~222,39,28,12,0 08-28~24,3,3,1,0 06-19~569,23,14,8,0 2026-08M~136,25,16,10,6 05-18~53,9,9,6,1 05-29~99,31,23,7,0 08-25~25,0,0,0,0 2026-07~81272,1082,420,273,111 07-09~73,24,19,12,2 07-23~6054,78,9,4,0 09-01~14,0,0,0,0 05-11~35,8,0,0,0 08-18~39,3,3,2,1 07-20~5217,72,11,6,3 08-30~16,1,1,1,0 08-09~35,1,0,0,0 07-15~66,26,18,15,13 05-09~37,14,0,0,0 05-17~56,15,12,7,2 07-14~90,27,20,12,2 07-30~92,10,2,2,0 08-21~31,8,6,1,1 07-21~11645,124,12,6,4 05-20~45,6,3,1,0 2026-07M~431,80,45,33,8 2026-05M~78,9,0,0,0 08-17~39,5,3,1,0 05-31~107,45,28,6,0 all~91789,3052,1721,1092,340 06-10~291,53,37,13,0 05-16~96,59,46,30,13 2026-05~1087,437,235,117,39 07-28~145,11,5,3,0 08-01~76,8,4,1,0 05-30~71,13,9,4,0 06-06~444,118,92,54,0 07-05~219,53,32,15,1 2026-09M~23,2,0,0,0 08-31~28,2,0,0,0 08-04~73,16,10,3,0 07-07~335,24,14,6,0 06-13~317,58,43,24,4 05-23~65,21,17,2,0 06-07~364,111,90,56,14 07-18~12537,38,16,7,0 08-05~57,13,11,4,2 08-07~72,21,17,10,5 07-01~176,35,15,12,1 07-11~102,29,17,14,10 07-27~6345,54,5,3,0 08-11~81,27,22,18,17 08-29~24,1,0,0,0 08-10~62,29,23,19,13 07-03~199,37,21,13,3 06-25~262,35,22,10,3 06-08~229,67,48,28,11 07-06~216,46,26,17,4 08-15~49,14,10,6,1 05-04~49,9,0,0,0 05-24~32,7,2,1,0 06-29~82,12,9,3,0 06-22~1131,51,25,12,3 09-02~16,2,0,0,0 05-12~57,21,0,0,0 05-05~47,13,0,0,0 08-13~99,43,23,15,1 06-03~181,63,48,24,4 06-26~156,31,16,9,3 05-07~34,7,0,0,0 08-08~63,23,20,14,10 05-08~35,7,0,0,0 05-03~70,20,0,0,0 2026-09~23,2,0,0,0 05-13~51,10,6,5,4 05-22~42,6,4,1,0 05-25~30,4,2,1,0 06-24~467,99,27,22,2 05-10~53,27,0,0,0 05-28~134,42,33,14,0 08-23~28,1,0,0,0 06-18~503,32,19,14,0 06-05~330,96,73,29,3 07-16~40,11,4,0,0 08-06~61,13,8,6,6 06-28~157,28,18,11,0 06-04~318,71,51,25,8 06-30~173,32,16,8,2 sr~92467,73198 se~103206,189,7,37.0,1.76
Armenia|07-30~15,2,1,0,0 06-28~13,0,0,0,0 06-12~19,1,1,0,0 08-19~11,1,0,0,0 09-01~15,0,0,0,0 06-01~15,1,1,1,1 07-19~10,0,0,0,0 08-22~5,1,1,0,0 05-07~14,0,0,0,0 07-14~16,1,1,0,0 06-13~14,0,0,0,0 08-25~8,0,0,0,0 06-05~16,0,0,0,0 08-18~11,0,0,0,0 07-18~13,1,0,0,0 05-22~16,0,0,0,0 08-08~7,1,0,0,0 06-14~14,1,0,0,0 2026-09M~37,0,0,0,0 05-10~14,0,0,0,0 08-31~15,1,0,0,0 06-20~15,1,1,1,0 07-01~13,0,0,0,0 06-19~18,1,1,0,0 05-30~11,0,0,0,0 2026-05~368,27,11,3,2 07-24~12,0,0,0,0 06-27~12,2,1,0,0 06-17~17,0,0,0,0 2026-06M~32,3,2,2,2 05-14~23,7,2,0,0 08-01~13,1,1,1,0 05-01~18,0,0,0,0 08-24~8,0,0,0,0 05-18~18,3,3,0,0 06-16~17,1,0,0,0 08-12~10,0,0,0,0 08-11~7,0,0,0,0 07-09~9,0,0,0,0 06-11~24,1,1,1,1 08-21~9,1,0,0,0 05-06~16,1,0,0,0 05-17~12,0,0,0,0 06-06~15,0,0,0,0 07-04~16,0,0,0,0 08-04~17,1,0,0,0 06-09~19,0,0,0,0 2026-07M~30,6,4,4,4 07-11~12,0,0,0,0 05-23~14,0,0,0,0 05-09~13,1,0,0,0 08-17~8,0,0,0,0 08-30~7,0,0,0,0 07-26~5,0,0,0,0 08-29~9,0,0,0,0 2026-08M~16,1,1,1,1 08-02~8,0,0,0,0 06-26~16,1,0,0,0 2026-06~327,15,10,5,3 08-26~9,0,0,0,0 05-05~16,2,0,0,0 08-10~5,0,0,0,0 06-25~22,0,0,0,0 06-03~19,2,2,1,0 06-21~12,0,0,0,0 05-02~11,0,0,0,0 08-23~8,0,0,0,0 05-12~17,1,0,0,0 06-30~11,0,0,0,0 07-28~15,2,1,0,0 08-15~6,0,0,0,0 07-07~15,0,0,0,0 2026-08~142,10,4,3,3 07-06~13,0,0,0,0 06-07~13,0,0,0,0 05-11~16,2,0,0,0 08-28~8,0,0,0,0 06-04~21,1,0,0,0 08-27~8,0,0,0,0 2026-05M~28,0,0,0,0 06-10~18,0,0,0,0 07-08~19,0,0,0,0 07-23~12,0,0,0,0 07-22~15,2,2,0,0 07-20~13,0,0,0,0 06-18~18,0,0,0,0 05-13~17,1,1,1,0 07-29~18,0,0,0,0 07-03~18,0,0,0,0 07-02~20,6,4,4,4 08-14~8,0,0,0,0 2026-09~37,0,0,0,0 06-23~16,1,1,0,0 05-25~17,0,0,0,0 05-27~18,2,1,0,0 07-25~11,0,0,0,0 05-08~16,1,0,0,0 06-15~17,0,0,0,0 09-02~27,0,0,0,0 05-19~14,0,0,0,0 08-06~13,0,0,0,0 07-16~13,0,0,0,0 05-16~12,2,1,0,0 05-03~11,0,0,0,0 05-21~18,1,0,0,0 08-13~12,1,1,1,1 08-16~9,1,1,1,1 05-15~15,1,0,0,0 07-21~16,0,0,0,0 07-15~11,0,0,0,0 05-29~21,1,1,1,1 07-10~10,0,0,0,0 06-08~16,0,0,0,0 07-05~12,0,0,0,0 07-27~15,0,0,0,0 06-29~14,0,0,0,0 2026-07~238,17,11,5,4 07-31~14,0,0,0,0 07-12~14,2,1,0,0 07-17~16,1,1,1,0 07-13~15,0,0,0,0 08-03~16,2,0,0,0 06-24~23,0,0,0,0 08-07~11,0,0,0,0 05-28~15,1,0,0,0 05-24~14,0,0,0,0 06-22~14,0,0,0,0 08-05~17,0,0,0,0 05-04~14,1,0,0,0 06-02~21,2,1,1,1 08-09~6,0,0,0,0 08-20~9,0,0,0,0 all~1055,68,37,18,12 05-31~15,2,2,0,0 05-26~18,0,0,0,0 05-20~17,2,0,0,0 sr~1101,217 se~3683,857,9,15.7,6.68
Aruba|all~4,2,0,0,0 08-15~2,2,0,0,0 2026-06M~1,0,0,0,0 06-01~1,0,0,0,0 2026-07~1,0,0,0,0 2026-08~2,2,0,0,0 2026-06~1,0,0,0,0 07-18~1,0,0,0,0
Australia|08-02~175,66,2,1,1 07-02~1097,103,8,4,1 06-22~479,9,4,4,1 08-13~111,24,3,0,0 05-11~53,8,0,0,0 09-01~129,71,2,2,0 2026-05M~120,9,0,0,0 08-17~136,34,3,0,0 08-19~36,3,3,1,1 05-29~187,10,5,1,0 07-08~934,66,5,3,0 05-06~26,3,0,0,0 06-27~1161,15,5,4,0 06-11~878,31,9,5,2 07-12~944,72,10,4,1 06-19~571,18,9,4,1 2026-08M~323,128,5,2,1 06-12~614,8,3,1,0 05-14~49,10,6,2,0 07-22~410,23,5,1,1 05-08~39,6,0,0,0 08-22~35,5,3,1,0 08-25~26,5,2,0,0 2026-07~13800,1326,159,84,13 08-26~30,1,0,0,0 07-13~789,45,5,1,0 08-03~133,34,1,0,0 06-02~194,8,2,2,0 08-30~204,99,4,0,0 05-28~278,21,13,3,0 05-24~115,13,7,1,0 08-23~34,2,1,0,0 07-25~145,35,5,4,1 05-02~67,5,0,0,0 07-14~704,29,6,3,0 08-16~307,122,5,4,0 08-08~181,91,3,2,0 08-18~60,3,1,0,0 06-06~121,11,8,0,0 07-04~370,8,4,3,0 05-19~82,16,8,4,0 06-09~218,12,6,3,0 2026-09M~221,120,4,3,0 06-18~431,10,4,1,0 07-24~103,28,2,1,0 2026-06M~301,14,6,4,0 07-09~997,61,6,3,0 08-07~153,60,3,1,0 06-14~741,11,6,3,1 07-05~405,12,2,1,0 05-30~141,15,9,6,1 07-30~112,25,3,2,0 07-20~524,43,3,1,0 05-01~65,4,0,0,0 07-10~852,76,14,9,1 05-25~84,16,9,4,0 05-09~44,11,0,0,0 all~30485,3324,540,269,41 08-10~231,113,4,0,0 07-21~483,36,4,1,0 05-20~92,21,17,7,0 05-22~103,11,8,3,0 07-06~918,55,7,5,0 05-27~69,12,6,3,1 05-10~31,7,0,0,0 06-26~1071,22,10,3,0 07-19~636,71,7,3,1 06-17~372,10,7,2,0 06-01~137,6,4,2,0 08-27~52,17,4,1,1 05-04~38,0,0,0,0 06-25~953,23,11,5,0 08-20~29,2,1,0,0 08-04~202,65,0,0,0 07-15~759,50,7,2,0 06-21~594,15,7,4,0 07-27~125,32,3,2,1 05-12~34,11,0,0,0 09-02~111,49,2,1,0 06-29~695,14,5,2,0 07-18~529,53,4,1,0 05-15~44,8,6,3,0 06-15~500,6,3,1,0 05-03~64,7,0,0,0 07-31~117,34,2,1,0 06-05~126,7,4,1,1 06-28~1010,22,8,3,0 08-06~66,9,2,0,0 06-07~164,12,7,4,1 08-29~166,87,2,0,0 07-01~454,15,5,2,0 08-05~214,53,1,0,0 07-29~134,35,5,2,2 08-14~105,23,4,0,0 08-09~228,98,0,0,0 07-17~542,59,4,2,0 2026-09~221,120,4,3,0 06-13~650,14,5,1,1 08-01~169,62,3,1,0 07-07~1003,61,5,1,0 2026-06~13016,387,174,85,14 05-13~62,17,1,0,0 06-04~144,8,5,0,0 06-03~214,8,2,0,0 07-16~614,42,4,3,1 08-28~86,38,1,0,0 08-12~75,5,3,2,0 06-23~665,14,9,3,2 06-08~135,11,5,3,0 05-31~190,10,5,1,0 05-05~42,6,0,0,0 05-17~96,14,9,5,1 06-20~680,10,4,1,0 07-03~1014,59,4,2,1 06-24~592,10,3,3,0 07-11~919,79,11,9,0 08-24~30,0,0,0,0 2026-08~3051,1254,71,25,5 05-18~77,15,11,6,0 07-26~142,43,2,1,0 05-07~30,5,0,0,0 2026-07M~1481,118,13,6,1 08-11~179,33,1,0,0 05-21~83,9,2,0,0 06-10~413,20,11,3,0 06-30~641,19,3,2,0 08-31~219,102,2,1,0 08-21~49,8,4,4,0 05-23~77,10,7,6,0 07-23~52,5,4,2,0 06-16~413,16,4,2,0 08-15~186,56,4,2,1 05-26~29,5,4,3,0 2026-05~1611,291,139,67,7 07-28~105,21,3,1,0 05-16~47,9,6,2,0 sr~30725,25458 se~50051,344,4,26.2,2.45
Austria|07-26~40,4,1,0,0 06-04~66,19,13,2,1 2026-09M~93,22,3,1,0 06-23~323,6,3,1,1 06-17~240,2,2,1,0 05-11~32,8,0,0,0 2026-08M~1165,259,4,1,0 07-02~114,5,4,4,2 06-05~51,4,3,2,0 06-13~264,6,2,0,0 06-16~170,5,4,2,0 06-02~50,7,4,4,2 05-22~44,4,3,1,1 05-06~52,3,0,0,0 08-27~103,25,5,5,5 06-22~333,12,10,2,1 07-17~83,7,4,2,1 08-20~1050,374,3,2,0 07-25~51,3,3,2,1 05-25~36,3,1,0,0 05-26~28,2,1,1,0 07-20~60,3,1,1,1 07-29~513,136,2,2,0 07-19~71,7,5,4,3 06-01~45,5,1,0,0 08-25~145,40,5,2,0 07-23~53,7,5,2,1 05-02~54,10,0,0,0 05-29~59,3,3,0,0 08-17~1269,534,1,1,0 05-17~29,2,2,0,0 07-18~94,7,4,1,1 08-04~641,92,3,2,2 08-07~736,129,1,1,1 06-21~323,9,5,1,0 06-07~66,7,5,1,0 05-10~46,10,0,0,0 05-01~43,6,0,0,0 08-28~102,25,3,2,2 07-08~85,6,5,3,3 06-10~160,10,5,2,1 07-12~77,2,1,1,0 08-12~406,66,7,6,5 05-21~31,3,2,2,1 07-07~102,2,1,0,0 06-20~326,4,2,2,1 05-16~40,8,5,2,0 2026-06~4547,222,125,63,23 05-09~59,5,0,0,0 08-08~662,115,2,2,1 08-01~620,161,3,1,0 08-26~113,37,9,8,6 all~19114,4347,350,226,125 06-28~266,9,5,4,0 07-30~541,148,1,1,1 05-20~37,4,3,2,2 08-14~389,117,4,4,3 07-28~527,159,7,5,4 06-30~122,10,3,2,1 2026-08~11254,3300,94,76,43 06-25~292,8,2,0,0 08-22~218,59,3,3,0 08-24~167,44,9,8,3 08-30~80,20,4,3,0 05-13~36,5,2,0,0 08-06~543,127,0,0,0 09-02~63,12,2,0,0 08-16~1254,501,3,3,1 06-15~294,5,3,2,0 05-14~35,2,1,0,0 05-04~40,2,0,0,0 06-26~295,6,5,4,4 08-03~573,133,0,0,0 2026-05M~81,15,0,0,0 07-11~81,5,4,3,2 06-09~109,9,2,2,0 06-08~46,4,1,1,1 07-10~65,4,1,1,1 06-11~224,15,6,3,2 07-09~81,5,3,2,2 08-21~855,308,1,0,0 05-07~45,3,0,0,0 06-12~256,6,2,0,0 08-31~74,20,3,3,3 2026-09~93,22,3,1,0 06-06~52,11,10,3,1 08-29~97,17,1,0,0 07-16~58,3,3,2,2 05-05~42,1,0,0,0 06-27~307,8,1,0,0 07-15~91,7,5,3,1 07-14~75,7,3,1,1 06-24~271,4,2,1,1 08-02~576,101,1,0,0 2026-07~3276,755,92,65,49 05-19~28,3,1,0,0 05-31~46,4,2,1,1 06-03~50,7,4,2,0 07-22~63,4,2,2,2 05-28~72,7,4,2,0 08-09~644,89,2,1,1 05-23~39,3,0,0,0 07-24~47,2,1,0,0 05-24~38,5,3,3,2 05-08~52,3,0,0,0 08-10~636,117,2,1,0 06-18~242,8,5,3,3 09-01~56,12,1,1,0 08-19~947,384,3,2,2 05-15~42,5,3,1,1 08-05~622,127,4,3,2 05-03~48,5,0,0,0 07-03~81,5,3,3,3 07-06~88,1,1,1,0 05-18~23,0,0,0,0 2026-05~567,121,42,20,10 07-13~80,3,3,2,1 07-31~567,153,1,1,1 06-29~202,2,1,1,1 07-27~335,67,4,2,2 07-21~55,5,4,1,1 07-04~113,2,1,1,1 06-19~219,11,6,3,0 07-01~114,5,4,3,2 07-05~119,9,6,6,6 08-18~803,297,1,1,0 08-15~1143,434,4,3,1 08-11~671,118,0,0,0 08-13~97,14,3,3,3 05-12~38,5,0,0,0 06-14~362,10,5,5,1 08-23~200,58,4,3,0 2026-07M~196,10,8,7,4 05-27~43,8,3,1,0 2026-06M~78,12,6,4,2 05-30~47,4,4,2,1 sr~19684,14919 se~39688,567,14,26.5,2.91
Azerbaijan|07-10~4,2,2,1,0 08-07~2,1,0,0,0 08-14~2,2,2,1,0 07-03~4,0,0,0,0 08-25~2,0,0,0,0 06-28~2,0,0,0,0 05-26~1,0,0,0,0 07-21~3,0,0,0,0 06-25~1,1,1,1,0 2026-07~18,8,6,5,3 08-24~2,0,0,0,0 05-22~1,0,0,0,0 06-29~2,1,1,1,0 05-27~1,1,1,1,0 06-15~1,0,0,0,0 05-03~1,0,0,0,0 07-02~4,3,3,3,3 08-15~4,1,0,0,0 07-18~2,0,0,0,0 07-13~2,0,0,0,0 08-04~1,1,0,0,0 2026-08M~12,3,2,0,0 06-09~1,0,0,0,0 08-01~6,2,1,0,0 07-16~2,0,0,0,0 06-02~1,1,1,1,0 08-08~2,1,1,0,0 06-30~4,0,0,0,0 08-02~6,1,1,0,0 07-15~2,0,0,0,0 05-08~1,0,0,0,0 06-06~2,0,0,0,0 07-27~2,0,0,0,0 08-30~1,1,0,0,0 08-27~2,0,0,0,0 07-30~1,0,0,0,0 07-01~2,0,0,0,0 08-16~1,1,1,0,0 06-03~3,0,0,0,0 all~107,39,25,16,4 07-20~2,0,0,0,0 08-28~1,0,0,0,0 05-21~1,0,0,0,0 06-20~1,1,1,1,0 08-17~1,1,0,0,0 07-26~1,0,0,0,0 08-20~2,0,0,0,0 06-14~3,0,0,0,0 2026-05~13,4,2,2,0 07-08~2,0,0,0,0 06-01~1,0,0,0,0 05-13~1,0,0,0,0 08-09~2,0,0,0,0 07-05~2,0,0,0,0 08-12~2,1,0,0,0 07-23~4,0,0,0,0 05-24~1,0,0,0,0 05-14~3,1,1,1,0 2026-08~56,23,14,5,0 07-19~3,0,0,0,0 07-24~1,0,0,0,0 07-06~1,0,0,0,0 08-11~3,1,0,0,0 05-20~1,0,0,0,0 05-23~1,0,0,0,0 08-19~2,1,1,1,0 08-10~4,1,1,0,0 07-07~1,0,0,0,0 08-23~1,0,0,0,0 08-13~1,1,1,1,0 07-04~4,0,0,0,0 05-15~3,0,0,0,0 05-12~1,0,0,0,0 07-29~2,1,0,0,0 06-12~2,0,0,0,0 06-10~4,1,0,0,0 07-14~1,0,0,0,0 08-03~2,0,0,0,0 06-04~4,0,0,0,0 08-05~1,1,0,0,0 07-12~2,0,0,0,0 05-05~2,0,0,0,0 07-31~1,0,0,0,0 08-26~3,1,1,0,0 08-21~4,2,1,0,0 05-29~1,0,0,0,0 06-27~2,0,0,0,0 08-29~1,1,1,0,0 07-25~1,0,0,0,0 05-18~2,0,0,0,0 06-16~3,0,0,0,0 08-18~2,2,1,0,0 2026-06M~2,1,1,1,0 08-22~5,0,0,0,0 06-24~1,0,0,0,0 05-10~1,1,0,0,0 06-21~1,0,0,0,0 07-28~4,0,0,0,0 07-09~3,0,0,0,0 08-06~1,1,1,1,0 07-11~3,1,0,0,0 07-17~4,0,0,0,0 06-23~2,0,0,0,0 2026-06~31,5,4,4,0 06-19~2,0,0,0,0 05-17~1,0,0,0,0 06-13~2,0,0,0,0 07-22~2,1,1,0,0 05-16~2,0,0,0,0 2026-07M~5,3,3,3,3 06-08~3,0,0,0,0 06-11~2,0,0,0,0 05-19~4,1,0,0,0 06-17~1,0,0,0,0 se~366,2044,149,13.4,39.7
Bahamas|2026-08~4,1,0,0,0 2026-06~4,0,0,0,0 2026-09~1,0,0,0,0 05-06~1,0,0,0,0 06-19~1,0,0,0,0 06-10~1,0,0,0,0 08-14~1,1,0,0,0 08-03~1,0,0,0,0 09-02~1,0,0,0,0 06-11~2,0,0,0,0 2026-09M~1,0,0,0,0 05-05~2,1,0,0,0 2026-05~2,1,0,0,0 08-24~1,0,0,0,0 2026-07~1,0,0,0,0 05-07~1,0,0,0,0 07-22~1,0,0,0,0 all~12,2,0,0,0 08-15~1,0,0,0,0
Bahrain|08-15~1,0,0,0,0 2026-06~17,1,1,1,0 05-16~2,0,0,0,0 08-08~3,0,0,0,0 05-21~1,0,0,0,0 06-05~1,0,0,0,0 08-14~1,0,0,0,0 2026-05M~2,0,0,0,0 05-07~2,0,0,0,0 05-23~1,0,0,0,0 06-12~5,0,0,0,0 07-28~3,0,0,0,0 08-02~1,0,0,0,0 05-02~2,0,0,0,0 2026-08M~3,0,0,0,0 06-02~2,0,0,0,0 05-20~2,0,0,0,0 05-31~1,0,0,0,0 05-12~2,0,0,0,0 06-13~2,0,0,0,0 05-11~2,0,0,0,0 08-06~2,0,0,0,0 05-18~2,0,0,0,0 06-07~2,1,1,1,0 05-26~3,1,1,1,0 05-03~2,0,0,0,0 06-11~2,0,0,0,0 06-09~2,0,0,0,0 07-31~1,0,0,0,0 07-26~1,1,1,0,0 06-22~1,0,0,0,0 06-21~1,0,0,0,0 07-12~1,0,0,0,0 08-04~1,0,0,0,0 05-25~2,0,0,0,0 05-14~2,0,0,0,0 2026-05~3,1,1,1,0 05-27~2,0,0,0,0 06-10~2,0,0,0,0 05-28~1,0,0,0,0 07-29~3,1,1,1,0 05-30~1,0,0,0,0 all~48,6,6,4,0 06-16~3,0,0,0,0 06-06~1,0,0,0,0 07-10~2,0,0,0,0 06-08~2,0,0,0,0 06-01~1,0,0,0,0 05-04~2,0,0,0,0 05-13~2,0,0,0,0 05-05~1,0,0,0,0 08-24~1,0,0,0,0 2026-06M~2,0,0,0,0 08-07~1,0,0,0,0 05-15~1,0,0,0,0 05-10~2,0,0,0,0 07-24~2,0,0,0,0 2026-07M~1,0,0,0,0 08-03~1,0,0,0,0 06-20~4,0,0,0,0 06-15~1,0,0,0,0 05-22~2,0,0,0,0 05-24~2,0,0,0,0 08-16~2,0,0,0,0 08-11~1,0,0,0,0 05-09~2,0,0,0,0 07-01~1,0,0,0,0 06-19~2,0,0,0,0 08-19~1,0,0,0,0 08-05~2,1,1,0,0 05-19~2,0,0,0,0 2026-07~15,3,3,2,0 08-12~1,0,0,0,0 07-20~1,0,0,0,0 06-23~1,0,0,0,0 08-01~2,0,0,0,0 07-30~2,0,0,0,0 2026-08~19,1,1,0,0 06-24~2,0,0,0,0 06-14~1,0,0,0,0 06-03~2,0,0,0,0 05-01~2,0,0,0,0 06-04~2,0,0,0,0 05-08~1,0,0,0,0 08-21~2,0,0,0,0 08-27~1,0,0,0,0 05-06~2,0,0,0,0 07-23~1,1,1,1,0 06-26~2,0,0,0,0 08-20~1,0,0,0,0 06-17~4,0,0,0,0 se~231,428,50,12.6,3.7
Bangladesh|06-12~2,0,0,0,0 08-20~5,0,0,0,0 06-01~1,0,0,0,0 06-30~1,0,0,0,0 08-30~3,0,0,0,0 08-21~6,0,0,0,0 2026-08~51,6,0,0,0 08-26~4,0,0,0,0 08-18~8,1,0,0,0 06-11~3,0,0,0,0 07-08~1,0,0,0,0 06-14~1,0,0,0,0 08-17~5,0,0,0,0 06-08~1,0,0,0,0 05-06~2,0,0,0,0 08-25~4,1,0,0,0 06-29~1,0,0,0,0 05-27~1,0,0,0,0 05-19~1,0,0,0,0 05-30~1,1,0,0,0 08-13~1,0,0,0,0 08-24~4,1,0,0,0 06-03~1,0,0,0,0 08-23~5,0,0,0,0 08-16~5,0,0,0,0 06-22~1,0,0,0,0 07-22~7,0,0,0,0 06-02~1,0,0,0,0 06-24~1,0,0,0,0 07-16~1,0,0,0,0 05-04~1,0,0,0,0 08-14~3,1,0,0,0 2026-09M~10,0,0,0,0 07-18~2,0,0,0,0 05-15~3,0,0,0,0 05-21~1,0,0,0,0 2026-06M~1,0,0,0,0 07-02~1,0,0,0,0 08-15~4,1,0,0,0 08-22~8,0,0,0,0 08-29~4,1,0,0,0 08-28~4,0,0,0,0 06-19~1,0,0,0,0 07-19~3,0,0,0,0 08-09~3,0,0,0,0 05-25~1,0,0,0,0 08-05~2,0,0,0,0 05-22~1,0,0,0,0 08-27~3,0,0,0,0 06-16~1,0,0,0,0 09-01~7,0,0,0,0 08-12~1,0,0,0,0 08-19~5,0,0,0,0 2026-07M~1,0,0,0,0 06-10~1,0,0,0,0 07-09~1,0,0,0,0 2026-06~14,0,0,0,0 07-25~2,0,0,0,0 05-29~1,0,0,0,0 07-14~1,0,0,0,0 08-03~1,0,0,0,0 all~111,7,0,0,0 05-20~1,0,0,0,0 05-31~1,0,0,0,0 08-31~2,0,0,0,0 07-26~10,0,0,0,0 07-23~3,0,0,0,0 05-05~1,0,0,0,0 06-13~1,0,0,0,0 06-15~2,0,0,0,0 09-02~5,0,0,0,0 07-21~4,0,0,0,0 07-24~1,0,0,0,0 2026-07~36,0,0,0,0 08-06~6,0,0,0,0 07-11~1,0,0,0,0 2026-05~11,1,0,0,0 06-20~1,0,0,0,0 07-29~1,0,0,0,0 2026-09~10,0,0,0,0 07-13~1,0,0,0,0 08-04~1,0,0,0,0 2026-08M~1,0,0,0,0 08-02~1,0,0,0,0 se~499,377,5,22.2,1.47
Barbados|2026-06~1,1,0,0,0 2026-08~2,1,0,0,0 07-10~1,0,0,0,0 2026-07~1,0,0,0,0 all~4,2,0,0,0 08-18~1,0,0,0,0 08-05~1,1,0,0,0 06-26~1,1,0,0,0
Belarus|05-01~1,1,0,0,0 08-28~1,1,0,0,0 06-03~1,0,0,0,0 06-06~2,1,0,0,0 2026-06~12,7,2,1,0 06-12~1,0,0,0,0 06-26~2,2,1,1,0 2026-08M~1,0,0,0,0 07-30~1,1,0,0,0 06-21~2,0,0,0,0 2026-07M~1,0,0,0,0 05-12~3,2,0,0,0 08-07~1,0,0,0,0 08-14~1,0,0,0,0 06-17~1,1,1,0,0 08-27~1,1,0,0,0 08-02~1,0,0,0,0 07-28~2,1,0,0,0 06-30~1,0,0,0,0 05-19~1,0,0,0,0 05-25~1,0,0,0,0 08-11~2,0,0,0,0 07-20~1,0,0,0,0 08-04~1,0,0,0,0 08-16~1,1,1,0,0 06-23~1,0,0,0,0 06-05~1,0,0,0,0 2026-07~10,3,0,0,0 2026-09M~1,0,0,0,0 07-01~1,0,0,0,0 06-01~3,2,0,0,0 06-02~1,1,0,0,0 2026-08~9,4,1,0,0 07-06~1,0,0,0,0 2026-06M~3,3,0,0,0 2026-09~1,0,0,0,0 07-05~1,0,0,0,0 09-02~1,0,0,0,0 05-09~1,0,0,0,0 05-23~1,1,1,1,1 2026-05M~2,1,0,0,0 06-13~1,0,0,0,0 08-19~1,1,0,0,0 all~40,19,4,3,2 05-18~2,1,0,0,0 08-09~1,0,0,0,0 05-13~1,1,0,0,0 07-27~1,0,0,0,0 2026-05~12,6,1,1,1 07-31~1,0,0,0,0 06-09~1,0,0,0,0 07-15~1,1,0,0,0 08-01~1,0,0,0,0 05-22~1,0,0,0,0 05-02~1,0,0,0,0
Belgium|06-04~1,0,0,0,0 2026-05~1,0,0,0,0 06-19~2,0,0,0,0 08-07~1,0,0,0,0 06-14~2,0,0,0,0 all~13,0,0,0,0 2026-07~2,0,0,0,0 2026-06~8,0,0,0,0 06-10~1,0,0,0,0 05-14~1,0,0,0,0 2026-08~2,0,0,0,0 08-30~1,0,0,0,0 07-28~2,0,0,0,0 06-12~1,0,0,0,0 06-13~1,0,0,0,0
Belize|2026-07~1,0,0,0,0 all~2,0,0,0,0 2026-06~1,0,0,0,0 07-17~1,0,0,0,0 06-27~1,0,0,0,0
Benin|07-29~9,2,2,2,0 08-06~1,1,0,0,0 2026-05~5,0,0,0,0 2026-07M~2,1,0,0,0 2026-07~13,5,3,2,0 08-31~1,1,0,0,0 08-15~1,0,0,0,0 05-05~1,0,0,0,0 06-09~1,1,1,1,0 06-13~1,0,0,0,0 05-03~1,0,0,0,0 05-11~1,0,0,0,0 06-27~5,2,1,1,0 06-30~1,1,0,0,0 2026-08~4,2,0,0,0 07-10~2,2,0,0,0 06-20~1,1,1,0,0 2026-06~11,6,4,2,0 05-07~1,0,0,0,0 all~32,12,7,4,0 08-20~1,0,0,0,0 06-25~1,0,0,0,0 06-26~1,1,1,0,0 07-15~1,1,1,0,0 05-06~1,0,0,0,0 06-29~1,0,0,0,0 05-04~1,0,0,0,0 05-21~1,0,0,0,0 06-28~2,0,0,0,0 07-01~2,1,0,0,0
Bermuda|2026-05~1,0,0,0,0 2026-07~1,0,0,0,0 07-18~1,0,0,0,0 07-19~1,0,0,0,0 05-02~1,0,0,0,0 all~2,0,0,0,0 2026-05M~1,0,0,0,0
Bhutan|05-22~1,0,0,0,0 05-01~1,0,0,0,0 08-27~1,0,0,0,0 07-13~1,0,0,0,0 08-13~1,0,0,0,0 06-30~1,0,0,0,0 07-28~1,0,0,0,0 07-24~1,0,0,0,0 08-01~1,0,0,0,0 05-18~1,0,0,0,0 08-17~1,0,0,0,0 07-12~1,0,0,0,0 08-12~1,0,0,0,0 07-02~1,0,0,0,0 08-06~1,0,0,0,0 05-07~1,0,0,0,0 06-23~1,0,0,0,0 08-26~1,0,0,0,0 05-29~1,0,0,0,0 07-26~1,0,0,0,0 06-24~1,0,0,0,0 2026-09~2,0,0,0,0 08-05~1,0,0,0,0 06-21~1,0,0,0,0 07-07~1,0,0,0,0 2026-05~2,0,0,0,0 06-13~1,0,0,0,0 06-29~1,0,0,0,0 07-31~1,0,0,0,0 08-04~1,0,0,0,0 06-03~1,0,0,0,0 08-25~1,0,0,0,0 08-03~1,0,0,0,0 08-14~1,0,0,0,0 06-16~1,0,0,0,0 07-17~1,0,0,0,0 05-06~1,0,0,0,0 08-24~1,0,0,0,0 07-14~1,0,0,0,0 05-10~1,0,0,0,0 06-22~1,0,0,0,0 05-31~1,0,0,0,0 05-13~1,0,0,0,0 07-23~1,0,0,0,0 06-10~2,0,0,0,0 07-08~1,0,0,0,0 08-21~1,0,0,0,0 06-26~2,0,0,0,0 06-20~1,0,0,0,0 05-28~1,0,0,0,0 05-16~1,0,0,0,0 all~10,0,0,0,0 05-05~1,0,0,0,0 06-02~1,0,0,0,0 07-06~1,0,0,0,0 06-12~1,0,0,0,0 05-14~1,0,0,0,0 08-11~1,0,0,0,0 05-23~1,0,0,0,0 05-17~1,0,0,0,0 07-30~1,0,0,0,0 07-29~3,0,0,0,0 2026-06M~1,0,0,0,0 06-09~1,0,0,0,0 07-11~1,0,0,0,0 08-15~1,0,0,0,0 05-11~1,0,0,0,0 06-25~1,0,0,0,0 07-22~1,0,0,0,0 08-16~1,0,0,0,0 05-20~1,0,0,0,0 08-02~1,0,0,0,0 08-29~1,0,0,0,0 08-28~1,0,0,0,0 05-12~1,0,0,0,0 08-23~1,0,0,0,0 05-02~1,0,0,0,0 05-15~1,0,0,0,0 08-09~1,0,0,0,0 2026-05M~1,0,0,0,0 08-08~1,0,0,0,0 07-01~2,0,0,0,0 06-19~1,0,0,0,0 05-24~1,0,0,0,0 06-06~1,0,0,0,0 08-31~1,0,0,0,0 07-16~1,0,0,0,0 06-18~1,0,0,0,0 08-07~1,0,0,0,0 07-10~1,0,0,0,0 06-08~1,0,0,0,0 07-15~1,0,0,0,0 05-21~1,0,0,0,0 2026-07M~2,0,0,0,0 2026-07~4,0,0,0,0 05-08~1,0,0,0,0 07-27~1,0,0,0,0 2026-08~1,0,0,0,0 07-21~1,0,0,0,0 06-14~1,0,0,0,0 05-04~1,0,0,0,0 2026-08M~1,0,0,0,0 07-05~1,0,0,0,0 06-01~1,0,0,0,0 07-19~1,0,0,0,0 06-04~1,0,0,0,0 05-25~1,0,0,0,0 09-02~2,0,0,0,0 08-18~1,0,0,0,0 2026-06~6,0,0,0,0 05-09~1,0,0,0,0 08-19~1,0,0,0,0 07-04~1,0,0,0,0 05-19~1,0,0,0,0 07-09~1,0,0,0,0 06-11~1,0,0,0,0 06-15~1,0,0,0,0 08-30~1,0,0,0,0 06-17~1,0,0,0,0 08-10~1,0,0,0,0 06-27~2,0,0,0,0 05-03~1,0,0,0,0 05-26~1,0,0,0,0 05-30~1,0,0,0,0 2026-09M~2,0,0,0,0 05-27~2,0,0,0,0
Bolivia|05-01~1,0,0,0,0 08-19~6,0,0,0,0 09-01~7,0,0,0,0 05-28~3,0,0,0,0 05-25~1,0,0,0,0 08-23~4,1,1,0,0 05-29~3,1,1,0,0 07-13~5,1,1,0,0 07-05~3,0,0,0,0 07-21~8,4,3,2,1 05-09~4,2,0,0,0 2026-05~21,15,6,3,1 08-12~80,26,4,3,0 05-30~3,0,0,0,0 07-02~2,0,0,0,0 07-01~7,1,1,1,0 06-19~5,0,0,0,0 05-07~1,0,0,0,0 06-12~3,1,1,1,0 08-16~5,1,0,0,0 05-15~2,1,1,1,0 06-24~5,0,0,0,0 05-04~1,0,0,0,0 07-25~8,3,0,0,0 06-16~2,0,0,0,0 07-30~8,1,0,0,0 06-28~3,0,0,0,0 07-29~25,9,5,2,0 08-11~45,0,0,0,0 06-13~5,1,1,1,1 08-24~5,0,0,0,0 07-26~7,3,1,0,0 07-06~1,0,0,0,0 05-20~1,0,0,0,0 06-29~3,0,0,0,0 07-31~12,1,0,0,0 07-12~3,1,1,0,0 06-20~4,1,1,1,0 08-21~5,1,1,0,0 08-28~6,1,1,0,0 05-17~3,1,0,0,0 07-09~1,0,0,0,0 06-11~8,0,0,0,0 07-07~2,0,0,0,0 08-03~17,4,3,1,0 08-26~5,1,1,0,0 2026-09~10,1,1,0,0 06-03~2,0,0,0,0 08-14~3,1,0,0,0 08-13~45,19,5,3,1 06-04~1,0,0,0,0 08-18~8,2,1,1,1 08-04~16,7,2,2,0 08-07~38,5,3,1,1 05-08~2,1,0,0,0 2026-07M~8,1,1,1,0 07-23~7,3,1,0,0 05-19~2,0,0,0,0 06-22~4,0,0,0,0 07-20~9,3,1,0,0 08-17~10,4,2,1,1 06-10~3,0,0,0,0 07-08~4,0,0,0,0 05-12~6,3,0,0,0 05-13~2,0,0,0,0 05-11~3,0,0,0,0 2026-08~483,95,36,26,17 08-29~7,3,3,0,0 05-31~2,0,0,0,0 08-30~2,0,0,0,0 07-22~4,0,0,0,0 2026-08M~19,6,2,2,1 05-18~4,1,1,1,0 08-20~6,2,2,0,0 08-27~1,0,0,0,0 all~623,168,75,51,23 06-05~1,0,0,0,0 06-02~2,0,0,0,0 06-26~6,2,0,0,0 08-08~160,1,0,0,0 07-14~5,1,1,0,0 08-09~25,2,0,0,0 07-16~7,2,0,0,0 05-14~3,0,0,0,0 06-21~3,0,0,0,0 05-05~1,0,0,0,0 06-17~5,0,0,0,0 08-10~105,4,1,0,0 09-02~6,1,1,0,0 07-04~2,0,0,0,0 2026-06M~3,0,0,0,0 06-25~7,4,3,2,0 08-06~12,3,0,0,0 2026-06~45,15,10,8,1 06-14~6,1,1,1,0 05-03~2,1,0,0,0 2026-07~110,49,23,10,2 07-03~1,0,0,0,0 06-30~7,3,1,1,0 07-28~21,12,7,4,0 05-27~3,0,0,0,0 07-27~4,2,0,0,0 07-10~2,0,0,0,0 06-08~1,0,0,0,0 06-23~3,0,0,0,0 07-24~4,2,0,0,0 05-10~5,1,0,0,0 05-24~1,0,0,0,0 07-18~6,0,0,0,0 08-05~5,1,0,0,0 05-21~1,0,0,0,0 06-27~1,0,0,0,0 05-16~2,1,1,0,0 08-02~12,5,1,1,1 2026-09M~10,1,1,0,0 05-06~2,1,0,0,0 05-23~3,1,1,0,0 06-15~2,0,0,0,0 08-25~7,3,2,0,0 05-26~2,1,1,0,0 05-22~2,0,0,0,0 08-22~4,0,0,0,0 08-01~9,1,1,1,0 06-07~1,0,0,0,0 06-01~2,0,0,0,0 07-19~5,0,0,0,0 07-15~6,1,1,0,0 2026-05M~1,0,0,0,0 08-15~9,1,1,1,1 06-06~1,0,0,0,0 06-18~6,2,1,1,0 07-17~7,2,0,0,0 06-09~3,1,1,0,0 07-11~5,0,0,0,0 08-31~5,1,1,1,0 sr~645,130 se~1242,709,65,20.9,3.61
Bonaire, Sint Eustatius and Saba|08-11~1,0,0,0,0 all~1,0,0,0,0 2026-08~1,0,0,0,0
Bosnia and Herzegovina|07-16~15,1,0,0,0 2026-07M~24,4,2,2,0 08-24~12,1,0,0,0 05-27~16,2,0,0,0 05-10~11,2,0,0,0 2026-05~266,33,13,4,1 08-25~10,0,0,0,0 05-26~7,0,0,0,0 06-05~12,0,0,0,0 05-03~18,1,0,0,0 05-12~14,1,0,0,0 05-08~15,3,0,0,0 06-23~12,2,0,0,0 08-05~9,1,0,0,0 06-01~19,3,2,1,0 07-19~9,2,2,2,0 2026-06M~28,3,2,1,0 2026-05M~25,0,0,0,0 08-01~68,16,10,5,0 08-26~13,1,0,0,0 05-05~13,1,0,0,0 2026-07~845,239,175,109,5 06-06~9,1,1,0,0 08-04~25,3,0,0,0 05-11~7,1,0,0,0 08-29~8,1,1,0,0 05-23~17,0,0,0,0 08-09~15,2,2,2,0 2026-09M~16,4,2,2,0 06-22~9,0,0,0,0 08-21~14,1,0,0,0 05-20~20,1,1,1,0 07-24~97,28,14,8,0 05-29~22,1,0,0,0 07-05~15,0,0,0,0 07-27~74,14,11,4,0 08-06~8,0,0,0,0 08-08~12,0,0,0,0 06-14~16,0,0,0,0 07-29~81,24,17,8,0 05-17~12,0,0,0,0 08-14~6,0,0,0,0 2026-08M~125,29,19,14,0 06-03~14,1,1,0,0 06-04~9,0,0,0,0 07-22~64,26,16,13,0 05-18~10,2,1,0,0 06-29~14,2,1,0,0 07-31~55,4,3,2,0 06-20~13,1,1,0,0 07-20~18,4,3,2,0 06-18~9,0,0,0,0 08-13~12,1,1,1,0 07-17~14,3,2,1,0 06-13~20,0,0,0,0 06-10~35,3,1,0,0 07-08~12,2,2,2,1 07-23~103,30,22,14,0 05-04~10,3,0,0,0 05-14~10,1,1,0,0 2026-09~16,4,2,2,0 05-25~14,2,2,0,0 2026-08~367,60,36,24,0 07-25~76,15,11,9,0 05-09~10,1,0,0,0 all~1616,362,251,152,7 05-16~18,0,0,0,0 06-21~13,1,0,0,0 05-19~10,1,0,0,0 07-18~16,3,2,1,1 08-07~11,1,1,1,0 07-14~30,7,5,1,1 2026-06~303,36,24,10,1 05-01~12,0,0,0,0 07-26~77,17,12,8,0 06-27~22,5,3,1,0 07-21~59,18,14,8,0 08-22~12,1,1,1,0 06-30~38,5,2,1,0 07-28~70,16,12,9,0 07-10~21,5,3,0,0 06-08~11,0,0,0,0 05-22~14,1,1,1,0 08-12~8,0,0,0,0 08-15~10,0,0,0,0 08-31~8,0,0,0,0 07-07~18,1,1,0,0 07-06~15,0,0,0,0 08-19~8,1,0,0,0 09-01~9,4,2,2,0 05-24~18,2,0,0,0 06-07~9,0,0,0,0 05-21~7,0,0,0,0 07-15~23,3,1,1,0 07-09~13,1,1,0,0 06-11~28,1,0,0,0 08-03~40,9,5,1,0 06-24~14,1,1,0,0 05-06~11,1,0,0,0 05-13~9,0,0,0,0 05-15~19,2,1,0,0 08-27~13,1,1,0,0 08-20~11,1,1,1,0 07-30~75,11,11,6,0 06-28~15,2,2,2,0 08-28~10,0,0,0,0 05-31~13,0,0,0,0 05-02~16,0,0,0,0 05-28~24,4,2,0,0 07-03~12,1,1,0,0 07-02~15,1,0,0,0 08-23~12,1,0,0,0 08-17~10,1,0,0,0 06-09~15,4,3,1,0 07-11~17,1,1,0,0 06-12~21,2,1,0,0 08-30~9,0,0,0,0 07-01~14,3,2,2,0 06-19~11,3,3,1,0 06-15~23,1,0,0,0 08-02~67,13,9,8,0 06-25~14,1,1,1,0 05-07~14,0,0,0,0 05-30~18,4,4,1,0 06-16~12,0,0,0,0 08-10~7,0,0,0,0 08-16~8,0,0,0,0 09-02~7,0,0,0,0 07-12~18,3,3,1,0 07-04~21,4,1,0,0 06-02~13,0,0,0,0 06-17~11,1,1,1,0 08-11~8,1,1,1,0 07-13~16,2,0,0,0 08-18~11,3,3,1,0 06-26~13,0,0,0,0 sr~1636,613 se~3062,341,60,6.5,3.32
Botswana|08-02~1,1,0,0,0 06-26~4,2,0,0,0 08-06~1,0,0,0,0 all~55,25,3,2,0 09-02~1,1,0,0,0 2026-07~8,4,1,0,0 2026-08M~1,1,0,0,0 06-30~12,3,1,1,0 2026-08~7,3,1,1,0 06-27~5,1,0,0,0 07-06~1,1,1,0,0 07-19~1,1,0,0,0 07-29~1,1,0,0,0 05-07~1,1,0,0,0 05-25~1,1,0,0,0 06-29~8,3,0,0,0 08-07~1,1,0,0,0 08-19~2,1,1,1,0 09-01~1,1,0,0,0 08-31~1,0,0,0,0 07-01~4,1,0,0,0 2026-09~2,2,0,0,0 07-04~1,0,0,0,0 2026-05~4,4,0,0,0 06-28~9,3,0,0,0 2026-07M~4,1,0,0,0 05-26~1,1,0,0,0 2026-09M~2,2,0,0,0 08-08~1,0,0,0,0 05-08~1,0,0,0,0 05-12~1,1,0,0,0 2026-06~34,12,1,1,0
Brazil|06-15~101,11,8,8,4 06-06~56,3,1,1,0 08-25~76197,4696,10,4,3 07-13~102,16,8,5,1 08-29~1456,117,7,3,0 06-14~88,3,0,0,0 2026-08M~136353,9976,23,13,4 08-22~78908,4407,16,10,1 06-02~63,10,6,3,2 06-07~68,8,6,3,2 05-25~63,3,3,2,1 06-13~92,4,2,1,0 05-17~48,1,1,0,0 06-27~141,19,14,10,4 07-06~121,9,6,3,2 08-31~854,81,9,7,4 07-31~70469,4387,14,8,3 06-29~99,13,10,5,3 07-23~127,15,10,7,6 06-20~86,9,8,5,1 07-08~89,10,6,6,3 06-10~126,12,8,4,0 05-13~76,13,8,6,2 08-06~90119,3342,15,8,1 05-06~62,9,0,0,0 08-23~82249,4083,11,7,1 06-11~130,6,5,2,0 07-09~125,25,20,8,4 08-15~93318,2816,14,8,5 08-16~96776,2876,7,5,0 07-28~80429,3110,27,12,2 06-30~125,11,7,5,2 06-16~101,4,2,2,2 08-26~67824,5657,6,2,0 05-01~85,10,0,0,0 08-28~65226,2870,9,2,2 05-10~71,3,0,0,0 07-19~5956,10,4,2,2 06-01~77,3,1,1,1 07-03~108,8,7,4,4 08-03~86097,5632,10,4,1 09-02~553,40,4,3,1 05-30~70,4,2,1,1 2026-06M~116,12,7,5,3 07-16~128,23,15,10,7 07-29~67618,3526,36,16,3 05-07~76,11,0,0,0 05-18~57,9,5,4,2 09-01~660,51,9,5,3 08-19~88850,3089,9,7,3 05-24~74,8,6,4,2 08-10~59012,3018,10,6,1 07-21~136,16,8,6,3 05-31~89,6,3,2,1 2026-05~1197,259,87,67,30 08-05~87807,3345,16,10,5 06-21~70,4,2,2,0 08-21~80018,3951,18,13,3 05-02~82,12,0,0,0 08-17~85405,3034,8,7,2 08-07~92153,3418,8,6,0 06-22~101,11,6,5,4 2026-09~1147,78,13,8,4 06-04~61,4,3,2,0 06-26~133,25,20,9,4 05-05~80,6,0,0,0 08-24~78403,4069,7,4,0 05-15~66,7,5,4,3 08-12~24964,1529,22,13,4 06-18~87,7,7,5,2 06-19~100,11,9,3,3 07-01~119,15,11,5,2 07-18~7682,52,37,28,20 08-30~997,79,7,6,2 all~2374018,108764,1023,686,325 05-16~63,6,6,6,0 06-03~68,6,4,2,1 08-20~86212,2853,14,7,1 06-17~90,6,5,3,2 07-24~115,18,11,8,4 07-25~122,22,13,12,8 07-27~42260,1361,7,4,2 07-07~102,6,3,2,1 05-14~74,12,10,9,6 07-04~108,4,1,0,0 07-05~104,10,8,4,4 08-13~1173,141,28,11,4 06-24~110,9,7,5,4 05-08~71,8,0,0,0 05-22~87,6,4,3,0 05-20~59,7,6,5,3 07-22~100,11,8,8,3 06-12~104,15,8,7,0 08-18~86324,3117,12,8,3 2026-09M~1147,78,13,8,4 05-19~47,5,4,4,4 08-01~69381,4989,7,2,0 2026-05M~140,22,0,0,0 07-11~82,4,3,1,0 06-09~95,3,3,2,2 05-11~67,3,0,0,0 08-08~93223,3350,10,4,1 05-04~126,22,0,0,0 05-26~51,5,4,2,0 08-14~66996,2474,10,5,4 08-11~89686,4662,23,15,4 05-12~78,11,0,0,0 07-26~104,16,10,7,6 07-12~96,10,5,3,0 07-17~15178,59,20,14,5 05-09~64,4,0,0,0 07-02~120,11,8,4,4 07-20~160,22,14,10,4 2026-08~2027884,92308,363,221,71 06-28~111,10,7,6,4 07-30~68188,4739,13,8,3 07-15~116,21,13,9,1 06-08~66,5,2,1,0 07-10~105,22,16,9,2 07-14~112,18,14,12,6 08-09~46902,1884,8,5,2 08-04~87058,4366,9,4,2 06-23~144,18,15,12,9 2026-07~354480,17220,372,249,130 05-29~70,4,3,3,0 05-23~63,3,2,2,0 06-25~145,17,13,10,7 08-02~67866,5104,16,11,4 05-03~108,41,0,0,0 06-05~62,1,1,1,1 08-27~75025,5857,9,4,0 2026-06~1362,261,191,131,75 05-28~112,14,7,3,1 2026-07M~196,26,19,9,6 05-21~58,7,5,5,2 05-27~75,6,3,2,1 sr~2387229,2359525 se~2538594,174,4,45.7,1.47
British Virgin Islands|2026-07~1,0,0,0,0 07-29~1,0,0,0,0 all~1,0,0,0,0
Brunei|05-10~1,0,0,0,0 2026-08~8,5,5,3,0 05-18~1,0,0,0,0 08-03~1,1,1,1,0 all~27,21,18,15,11 08-07~2,1,1,1,0 05-15~1,0,0,0,0 07-21~6,5,4,3,3 07-17~1,1,1,1,1 07-20~5,2,2,1,1 08-24~1,0,0,0,0 06-27~1,0,0,0,0 07-29~3,0,0,0,0 2026-07~16,15,12,11,11 08-30~1,0,0,0,0 05-06~1,0,0,0,0 07-18~5,5,5,2,2 08-12~1,0,0,0,0 08-05~1,0,0,0,0 08-26~1,0,0,0,0 08-09~1,0,0,0,0 08-16~1,0,0,0,0 05-08~1,0,0,0,0 2026-05~1,0,0,0,0 05-26~1,0,0,0,0 06-29~1,0,0,0,0 08-21~1,0,0,0,0 08-31~1,1,1,0,0 05-23~1,0,0,0,0 05-22~1,0,0,0,0 08-19~1,1,1,0,0 05-05~1,0,0,0,0 07-28~2,1,0,0,0 06-30~2,1,1,1,0 08-22~2,1,1,1,0 06-26~1,0,0,0,0 2026-05M~1,0,0,0,0 07-23~8,0,0,0,0 07-01~1,1,0,0,0 2026-06~5,1,1,1,0 05-01~1,0,0,0,0 05-30~1,0,0,0,0 05-17~1,0,0,0,0 08-23~1,0,0,0,0 2026-07M~1,1,0,0,0 08-20~1,0,0,0,0
Bulgaria|06-23~9,1,1,0,0 06-19~7,2,0,0,0 07-01~8,0,0,0,0 07-26~15,3,1,1,0 05-11~6,3,0,0,0 08-12~9,0,0,0,0 07-12~12,2,2,1,0 08-29~6,1,1,1,1 06-07~6,1,1,1,0 08-25~12,1,1,0,0 06-18~5,3,2,0,0 05-10~7,1,0,0,0 07-16~6,1,0,0,0 08-13~12,3,2,1,1 07-13~8,3,3,1,0 05-29~8,2,1,0,0 08-03~11,1,1,1,0 07-07~10,1,1,1,0 07-27~13,4,4,2,1 2026-06~133,40,28,11,2 2026-07M~14,0,0,0,0 06-12~12,3,1,0,0 08-27~9,2,0,0,0 06-20~6,3,2,1,0 06-25~5,0,0,0,0 05-30~11,4,2,0,0 07-04~9,0,0,0,0 05-06~4,0,0,0,0 06-26~2,0,0,0,0 08-06~12,0,0,0,0 05-13~9,4,1,0,0 08-30~5,0,0,0,0 07-05~3,0,0,0,0 09-01~9,1,0,0,0 08-19~14,2,1,0,0 09-02~12,2,2,0,0 07-24~11,2,2,1,0 07-02~7,0,0,0,0 2026-05~108,38,13,7,0 05-31~9,0,0,0,0 08-24~8,1,1,1,0 07-15~11,3,0,0,0 06-17~6,0,0,0,0 08-16~15,2,0,0,0 2026-06M~17,5,3,0,0 06-02~12,3,1,0,0 07-25~18,6,6,3,0 05-14~7,1,1,1,0 08-15~8,1,1,0,0 05-28~9,0,0,0,0 05-02~6,2,0,0,0 08-22~8,0,0,0,0 05-21~8,2,2,1,0 08-09~12,2,0,0,0 07-20~10,2,2,2,0 2026-07~187,61,44,29,9 2026-09M~14,3,2,0,0 08-07~11,0,0,0,0 06-08~6,1,1,0,0 07-10~8,1,1,1,0 05-26~8,2,1,0,0 05-09~9,0,0,0,0 08-31~8,0,0,0,0 08-28~10,0,0,0,0 05-19~11,2,2,1,0 07-23~15,5,5,3,1 08-21~7,0,0,0,0 06-14~8,2,2,2,1 08-10~14,2,0,0,0 06-15~4,0,0,0,0 07-14~9,2,0,0,0 08-23~7,1,0,0,0 07-17~8,0,0,0,0 07-03~3,0,0,0,0 07-28~18,7,6,2,0 06-30~9,3,2,0,0 07-29~22,3,0,0,0 06-13~12,1,1,1,0 05-18~4,0,0,0,0 07-22~14,3,2,2,1 2026-08M~24,4,3,1,0 07-08~4,1,0,0,0 06-10~11,2,0,0,0 06-11~10,0,0,0,0 07-09~5,1,1,1,0 05-17~7,0,0,0,0 07-21~9,1,1,1,0 06-28~8,2,2,1,0 07-30~25,4,2,1,1 08-17~13,0,0,0,0 05-27~3,0,0,0,0 08-01~17,3,3,1,0 05-20~8,1,1,1,0 05-04~12,1,0,0,0 05-03~10,2,0,0,0 07-06~8,0,0,0,0 06-27~5,1,1,1,1 08-11~21,1,0,0,0 08-14~7,3,2,0,0 05-07~4,1,0,0,0 08-26~12,1,1,0,0 06-21~7,4,3,1,0 08-20~15,0,0,0,0 05-12~7,1,0,0,0 05-15~9,1,1,1,0 06-05~7,2,1,0,0 08-04~9,1,1,1,0 05-08~9,2,0,0,0 08-18~8,1,0,0,0 05-01~8,2,0,0,0 2026-05M~12,4,0,0,0 all~530,168,100,54,13 05-16~7,0,0,0,0 06-06~5,1,1,1,0 05-22~5,2,1,1,0 06-03~2,0,0,0,0 05-05~7,1,0,0,0 06-16~7,2,1,0,0 06-22~4,1,0,0,0 06-24~13,1,1,0,0 07-19~10,1,0,0,0 06-01~6,2,2,0,0 06-04~5,2,2,0,0 07-18~10,5,4,3,3 08-05~9,0,0,0,0 08-08~16,1,0,0,0 05-25~5,0,0,0,0 05-23~1,0,0,0,0 07-31~17,5,3,2,1 06-29~10,2,2,0,0 07-11~5,0,0,0,0 06-09~9,0,0,0,0 08-02~11,1,0,0,0 2026-09~14,3,2,0,0 05-24~6,2,0,0,0 2026-08~167,30,15,7,2 sr~681,440 se~2629,2950,131,12.8,53.29
Burkina Faso|05-19~1,0,0,0,0 07-16~1,0,0,0,0 08-09~1,0,0,0,0 08-03~1,1,1,0,0 06-30~1,0,0,0,0 05-27~1,0,0,0,0 06-05~1,0,0,0,0 07-14~1,0,0,0,0 06-26~1,1,0,0,0 07-30~1,1,1,0,0 08-14~1,0,0,0,0 06-27~2,0,0,0,0 06-06~1,0,0,0,0 07-29~20,5,4,1,0 05-21~1,0,0,0,0 05-28~1,0,0,0,0 2026-05~2,0,0,0,0 all~33,11,8,4,0 07-01~1,1,0,0,0 2026-07~24,7,5,1,0 07-02~1,0,0,0,0 2026-07M~2,1,0,0,0 2026-06~6,2,1,1,0 06-29~1,0,0,0,0 05-04~1,0,0,0,0 06-04~1,1,1,1,0 08-22~1,1,1,1,0 2026-08~4,2,2,1,0
Burundi|2026-07~1,0,0,0,0 all~2,0,0,0,0 08-23~1,0,0,0,0 2026-08~1,0,0,0,0 07-29~1,0,0,0,0
Cabo Verde|06-17~1,0,0,0,0 07-02~1,0,0,0,0 06-20~1,0,0,0,0 06-23~1,0,0,0,0 08-27~1,0,0,0,0 06-11~1,0,0,0,0 06-16~1,0,0,0,0 06-09~1,1,1,1,0 06-19~1,0,0,0,0 2026-07M~1,0,0,0,0 06-28~1,1,1,1,0 06-15~1,0,0,0,0 2026-07~2,0,0,0,0 06-12~1,0,0,0,0 06-18~1,0,0,0,0 08-06~2,1,1,1,0 06-13~1,0,0,0,0 07-20~1,0,0,0,0 2026-06~3,3,3,3,0 06-27~1,1,1,1,0 06-14~1,0,0,0,0 2026-08~3,1,1,1,0 all~7,4,4,4,0
Cambodia|07-24~1,0,0,0,0 05-28~1,1,0,0,0 07-01~2,1,0,0,0 07-17~1,0,0,0,0 2026-07~56,9,0,0,0 07-10~3,1,0,0,0 06-08~1,1,0,0,0 07-13~2,1,0,0,0 2026-08~12,4,0,0,0 07-18~3,0,0,0,0 08-04~2,2,0,0,0 07-22~2,0,0,0,0 06-23~1,0,0,0,0 2026-09~2,1,0,0,0 07-19~6,1,0,0,0 07-25~2,1,0,0,0 07-14~3,1,0,0,0 all~79,17,1,1,0 2026-08M~2,0,0,0,0 2026-07M~3,2,0,0,0 08-18~1,0,0,0,0 2026-05~3,1,0,0,0 07-15~2,0,0,0,0 07-09~1,0,0,0,0 08-06~1,0,0,0,0 08-01~1,0,0,0,0 08-25~1,0,0,0,0 06-16~1,0,0,0,0 08-16~2,0,0,0,0 07-21~5,0,0,0,0 08-05~4,1,0,0,0 08-09~1,0,0,0,0 05-03~1,0,0,0,0 07-30~2,0,0,0,0 06-28~1,0,0,0,0 05-21~1,0,0,0,0 06-17~1,0,0,0,0 07-08~1,0,0,0,0 09-02~1,0,0,0,0 07-06~6,0,0,0,0 07-04~1,0,0,0,0 08-02~1,0,0,0,0 07-16~2,2,0,0,0 2026-06~7,2,1,1,0 07-11~4,0,0,0,0 2026-09M~2,1,0,0,0 06-25~2,1,1,1,0 07-20~2,0,0,0,0 07-02~2,1,0,0,0 07-29~3,0,0,0,0 08-20~1,1,0,0,0 07-27~1,0,0,0,0 08-19~1,0,0,0,0 09-01~1,1,0,0,0 08-07~1,0,0,0,0 07-12~2,0,0,0,0
Cameroon|06-13~1,0,0,0,0 07-31~1,0,0,0,0 06-29~1,0,0,0,0 2026-07~30,5,5,3,0 07-16~1,0,0,0,0 05-21~1,0,0,0,0 08-22~1,0,0,0,0 07-22~1,0,0,0,0 09-01~1,0,0,0,0 08-19~1,0,0,0,0 08-15~1,0,0,0,0 06-28~1,0,0,0,0 07-30~2,0,0,0,0 07-26~1,0,0,0,0 08-23~1,0,0,0,0 07-23~2,0,0,0,0 05-19~1,0,0,0,0 07-17~1,0,0,0,0 2026-06~10,2,2,1,0 07-03~3,0,0,0,0 08-06~1,0,0,0,0 06-22~1,0,0,0,0 08-17~1,0,0,0,0 07-08~1,0,0,0,0 06-10~2,0,0,0,0 05-08~1,0,0,0,0 06-15~1,0,0,0,0 06-07~1,0,0,0,0 07-04~2,0,0,0,0 08-08~1,0,0,0,0 06-16~1,0,0,0,0 05-04~3,0,0,0,0 05-23~1,0,0,0,0 07-14~1,0,0,0,0 2026-05~16,2,1,0,0 05-01~2,0,0,0,0 08-05~1,0,0,0,0 07-25~1,0,0,0,0 06-27~1,0,0,0,0 08-26~2,0,0,0,0 all~58,11,10,6,0 07-15~1,0,0,0,0 05-24~1,0,0,0,0 08-25~1,0,0,0,0 05-18~1,0,0,0,0 06-05~1,0,0,0,0 05-03~2,0,0,0,0 08-12~2,0,0,0,0 05-11~1,0,0,0,0 07-05~2,0,0,0,0 06-08~1,0,0,0,0 07-10~1,0,0,0,0 2026-06M~1,0,0,0,0 07-06~1,0,0,0,0 07-02~3,0,0,0,0 08-01~1,0,0,0,0 08-18~1,0,0,0,0 05-29~1,0,0,0,0 07-13~1,0,0,0,0 05-30~2,1,1,0,0 08-11~1,0,0,0,0 06-24~1,0,0,0,0 08-20~1,0,0,0,0 06-25~3,0,0,0,0 08-13~1,0,0,0,0 05-02~3,0,0,0,0 2026-09~1,0,0,0,0 07-18~1,0,0,0,0 08-04~1,0,0,0,0 06-01~1,0,0,0,0 2026-08~8,2,2,2,0 06-03~1,0,0,0,0 06-23~1,0,0,0,0 2026-09M~1,0,0,0,0 05-28~1,0,0,0,0 07-12~1,0,0,0,0 05-27~1,0,0,0,0 07-11~1,0,0,0,0 06-09~1,0,0,0,0 08-30~1,1,1,1,0 2026-05M~5,0,0,0,0 06-18~1,0,0,0,0 08-27~3,1,1,0,0 08-31~1,0,0,0,0 06-17~1,0,0,0,0 08-21~1,0,0,0,0 05-05~1,0,0,0,0 08-24~1,0,0,0,0 05-06~1,0,0,0,0 08-03~1,0,0,0,0 08-16~1,0,0,0,0 06-11~2,0,0,0,0 07-09~1,0,0,0,0 05-09~3,0,0,0,0 08-10~1,0,0,0,0 05-22~1,0,0,0,0 2026-07M~5,1,1,1,0 08-07~2,0,0,0,0 05-31~2,0,0,0,0 05-26~1,0,0,0,0 05-12~1,0,0,0,0 2026-08M~1,0,0,0,0 06-26~3,1,1,0,0 06-12~1,0,0,0,0 06-14~2,0,0,0,0 07-29~21,4,4,2,0 05-07~2,1,0,0,0 08-02~1,0,0,0,0 07-28~1,0,0,0,0 06-30~2,1,1,1,0 07-07~2,0,0,0,0 05-15~1,0,0,0,0 05-13~2,0,0,0,0 07-01~2,1,1,1,0 07-21~1,0,0,0,0 05-14~1,0,0,0,0 se~205,290,41,11.2,2.26
Canada|07-29~26663,1096,14,10,1 07-13~275,14,9,6,4 05-03~212,26,0,0,0 06-18~181,9,6,2,0 06-15~219,16,6,3,1 07-12~326,13,8,3,1 05-02~189,27,0,0,0 07-04~269,6,3,1,1 2026-07M~691,20,12,7,1 08-01~25386,1137,8,2,0 06-19~238,20,12,0,0 07-01~399,13,6,3,1 08-11~4708,307,13,10,1 07-15~303,10,3,3,2 05-09~140,11,0,0,0 08-28~124,9,7,2,0 07-21~1799,63,7,4,3 08-24~161,15,8,4,1 07-18~5715,13,8,4,1 05-29~278,26,12,5,0 05-22~186,19,13,7,5 06-25~2396,56,14,5,0 07-26~4110,208,5,1,0 07-16~223,13,8,4,1 05-14~120,13,11,5,1 08-14~4711,275,12,5,1 05-26~96,21,17,10,9 08-18~4403,218,8,2,1 05-18~148,17,13,7,0 05-01~128,22,0,0,0 08-22~176,12,7,3,0 07-17~1049,25,7,3,2 08-08~5078,356,9,6,1 06-08~148,14,9,1,0 07-10~248,23,14,12,8 2026-09~166,18,10,7,2 05-23~135,21,13,10,6 08-27~144,12,4,0,0 07-07~385,9,6,4,0 06-05~187,22,16,4,1 08-04~4808,255,7,5,2 07-08~264,14,9,1,1 06-10~423,23,8,4,0 05-19~106,12,8,4,1 05-06~170,19,0,0,0 08-07~4842,327,5,1,0 2026-06M~476,35,27,12,4 05-10~158,17,0,0,0 08-29~108,11,5,3,1 06-27~2544,60,15,3,0 05-21~123,20,13,7,4 08-30~94,9,5,2,0 07-27~21230,785,5,1,0 08-09~4856,328,7,3,0 08-15~5149,292,15,6,2 09-01~110,11,7,4,0 08-19~2760,139,5,2,1 07-24~4223,234,12,4,2 07-02~367,9,6,4,0 07-20~4040,157,12,7,4 08-23~171,16,9,2,0 07-31~25646,1118,10,6,1 06-29~325,22,6,3,0 05-12~158,22,0,0,0 06-06~193,16,9,5,0 2026-09M~166,18,10,7,2 08-02~26540,1187,8,4,0 06-07~181,10,6,1,0 07-06~353,12,7,3,0 05-08~145,30,0,0,0 08-31~93,7,3,2,2 07-05~308,13,8,5,1 2026-08M~51730,2322,16,6,0 05-20~111,22,15,7,3 07-11~290,15,11,4,0 06-09~303,23,14,2,0 06-22~2175,77,11,4,1 08-26~144,29,24,5,0 06-23~3859,102,9,5,1 06-21~201,16,9,4,1 07-19~15120,33,13,6,3 06-01~228,15,11,4,1 06-28~1683,53,8,1,0 07-30~24436,1039,5,1,1 06-02~308,21,16,8,2 06-03~240,16,10,2,0 05-05~149,24,0,0,0 08-12~3082,176,7,4,0 2026-07~177545,6713,254,145,61 07-22~1789,109,12,6,3 08-05~2797,204,9,5,1 08-13~4824,327,19,8,4 all~332164,15338,1089,571,205 05-16~132,16,11,6,1 06-24~2178,84,9,5,1 05-11~191,22,0,0,0 07-14~295,15,12,6,5 08-03~12490,585,5,3,2 05-27~137,33,25,14,12 2026-08~132776,7156,269,126,35 08-06~3579,221,5,5,0 05-15~112,17,11,3,1 05-24~172,22,14,10,6 08-21~224,22,12,4,1 05-07~154,28,0,0,0 06-17~163,18,11,4,2 08-16~4785,326,12,7,1 08-25~172,12,7,2,0 05-13~164,21,5,1,0 06-20~187,24,20,11,2 05-04~143,29,0,0,0 06-14~186,16,8,4,3 05-30~176,13,6,0,0 2026-06~20824,890,308,134,30 2026-05M~283,49,0,0,0 06-11~812,37,15,5,0 07-09~257,10,6,3,2 05-17~175,26,12,5,2 06-04~168,14,6,2,1 06-26~2223,70,8,4,2 07-28~33049,1329,8,4,1 06-30~442,20,8,2,0 06-13~379,18,14,10,2 05-25~153,33,25,17,9 08-20~264,14,8,3,2 06-16~247,15,7,1,1 06-12~631,16,11,4,1 08-17~4517,296,12,5,1 09-02~88,7,3,3,2 07-25~3811,179,5,3,1 05-31~242,27,16,7,1 07-23~3609,156,7,5,4 07-03~339,11,8,4,1 08-10~4792,302,4,4,0 2026-05~2978,642,252,146,72 05-28~290,24,13,8,4 sr~334903,318312 se~368229,234,12,38.1,1.67
Cayman Islands|08-08~1,0,0,0,0 08-14~1,1,1,0,0 all~4,2,1,0,0 08-16~1,1,0,0,0 05-06~1,0,0,0,0 2026-05~1,0,0,0,0 08-31~1,1,0,0,0 2026-08~3,2,1,0,0
Central African Republic|2026-06~1,0,0,0,0 2026-07~1,1,0,0,0 07-12~1,1,0,0,0 05-09~1,0,0,0,0 06-28~1,0,0,0,0 05-19~2,0,0,0,0 all~4,1,0,0,0 2026-05~2,0,0,0,0
Chad|06-26~3,1,0,0,0 06-28~1,1,0,0,0 all~7,2,0,0,0 06-14~1,0,0,0,0 06-27~2,0,0,0,0 2026-06~7,2,0,0,0 06-25~1,1,0,0,0
Chile|07-17~19,3,1,0,0 06-28~37,4,4,1,0 07-30~27,4,3,0,0 05-07~11,3,0,0,0 08-04~29,3,1,1,0 07-04~67,3,1,1,0 06-11~126,10,5,2,0 07-09~27,5,4,4,1 07-16~15,3,1,1,0 05-06~14,2,0,0,0 06-18~23,2,2,2,0 08-05~21,6,3,2,1 07-05~56,4,2,1,0 08-15~20,5,4,3,3 07-11~32,6,5,3,1 06-09~62,16,13,3,0 05-29~47,14,11,7,0 07-31~31,8,6,4,0 06-29~54,20,20,20,19 07-25~20,6,2,1,0 08-20~15,2,1,0,0 06-04~58,6,4,2,0 08-31~14,0,0,0,0 2026-07~509,137,85,53,18 05-26~7,1,0,0,0 06-21~34,6,4,1,0 07-22~23,11,4,2,0 07-12~26,5,1,0,0 05-10~14,1,0,0,0 2026-05M~35,5,0,0,0 2026-08M~31,8,5,4,3 07-28~14,5,2,1,0 06-30~54,12,12,11,8 08-10~25,3,3,2,0 05-09~7,0,0,0,0 05-22~24,5,2,1,0 2026-08~261,99,77,35,21 05-05~14,1,0,0,0 08-26~15,0,0,0,0 07-13~28,6,4,1,1 07-14~30,5,4,1,0 05-27~29,7,6,2,0 08-23~8,0,0,0,0 07-03~49,4,2,1,0 07-19~13,2,1,1,1 06-01~39,6,2,1,0 09-01~9,0,0,0,0 08-19~15,1,0,0,0 06-14~31,2,1,0,0 05-02~12,0,0,0,0 08-03~31,10,6,3,2 05-14~9,1,0,0,0 06-23~42,2,0,0,0 05-25~14,3,1,0,0 07-23~23,7,4,1,0 08-29~10,0,0,0,0 05-18~18,5,5,1,0 08-11~22,7,6,6,6 07-20~13,1,1,1,1 07-06~57,7,5,4,3 05-30~34,6,3,1,0 2026-07M~109,6,3,2,0 07-24~18,4,3,2,1 08-27~9,0,0,0,0 2026-09M~14,1,1,1,1 05-16~25,9,7,5,1 08-08~29,7,4,3,3 06-02~33,9,8,2,0 08-06~15,0,0,0,0 06-03~37,5,2,0,0 07-02~88,3,2,1,0 06-19~33,7,4,1,0 07-01~41,3,1,0,0 05-24~15,2,2,1,0 07-15~22,3,3,3,0 06-26~45,13,12,12,12 08-22~8,0,0,0,0 06-27~51,21,18,16,13 06-25~57,14,13,9,9 06-05~72,11,8,3,0 06-06~87,16,10,4,0 06-07~67,9,5,3,0 05-01~26,5,0,0,0 08-16~18,2,1,1,0 08-09~46,30,30,2,0 07-26~17,2,0,0,0 08-01~18,3,1,0,0 05-31~77,19,16,7,0 all~1909,572,417,260,112 08-17~17,1,0,0,0 05-12~10,0,0,0,0 06-20~33,6,1,1,0 05-15~16,6,4,1,0 06-08~47,3,3,3,0 07-10~24,3,1,1,1 07-29~34,11,8,2,0 08-07~18,1,1,0,0 2026-09~14,1,1,1,1 05-23~14,2,1,0,0 08-02~17,5,4,4,3 05-28~70,20,15,6,0 05-11~7,1,0,0,0 2026-06M~60,15,10,3,0 05-20~16,5,5,0,0 08-25~11,1,0,0,0 08-30~11,2,1,1,0 2026-05~373,130,85,41,3 05-04~10,2,0,0,0 05-03~15,3,0,0,0 06-13~70,2,2,2,0 08-12~13,2,0,0,0 08-21~17,5,4,1,0 05-17~13,2,1,1,0 05-08~8,0,0,0,0 06-24~53,10,7,5,3 07-08~50,10,7,5,0 06-10~68,10,4,2,0 06-15~29,2,0,0,0 05-13~13,2,1,0,0 07-18~14,2,1,1,0 06-22~42,8,6,1,0 06-17~24,0,0,0,0 05-21~10,3,2,1,0 08-24~12,0,0,0,0 06-12~107,4,3,1,0 06-16~31,1,0,0,0 08-13~30,7,6,2,0 07-21~19,2,2,0,0 09-02~11,1,1,1,1 07-27~13,3,0,0,0 08-18~18,0,0,0,0 05-19~19,5,4,1,0 07-07~79,8,6,5,0 08-14~19,1,1,0,0 08-28~6,0,0,0,0 2026-06~1023,231,175,121,66 sr~2032,742 se~5442,435,63,11.8,3.12
China|08-01~2,0,0,0,0 05-02~2,0,0,0,0 08-25~1,1,0,0,0 2026-05M~2,0,0,0,0 2026-06~4,0,0,0,0 2026-08M~2,0,0,0,0 2026-05~4,0,0,0,0 06-23~1,0,0,0,0 05-03~1,0,0,0,0 08-04~1,0,0,0,0 2026-08~4,1,0,0,0 06-19~1,0,0,0,0 05-04~1,0,0,0,0 06-18~2,0,0,0,0 all~12,1,0,0,0
Colombia|08-15~5,0,0,0,0 05-14~2,0,0,0,0 07-04~5,0,0,0,0 05-07~1,0,0,0,0 07-19~7,4,1,1,1 06-01~2,0,0,0,0 05-15~1,0,0,0,0 07-05~2,0,0,0,0 05-03~3,1,0,0,0 05-06~2,1,0,0,0 06-24~4,0,0,0,0 all~297,116,18,13,10 06-16~1,0,0,0,0 08-13~26,13,0,0,0 05-26~2,0,0,0,0 2026-08~101,38,4,2,2 05-28~3,0,0,0,0 07-25~10,1,0,0,0 05-21~2,0,0,0,0 05-11~2,1,0,0,0 2026-07M~12,4,0,0,0 07-13~3,0,0,0,0 06-12~6,0,0,0,0 07-21~10,4,1,0,0 06-07~2,0,0,0,0 07-06~2,0,0,0,0 05-10~2,0,0,0,0 05-31~1,0,0,0,0 2026-05M~3,0,0,0,0 05-17~4,0,0,0,0 07-24~6,2,0,0,0 07-18~6,2,0,0,0 06-11~4,0,0,0,0 07-09~3,0,0,0,0 07-29~14,6,0,0,0 08-12~9,3,0,0,0 05-30~2,0,0,0,0 06-06~2,0,0,0,0 09-02~3,0,0,0,0 06-19~8,2,1,1,0 07-01~10,3,0,0,0 08-04~11,8,0,0,0 06-25~4,0,0,0,0 07-17~4,2,1,0,0 08-14~1,0,0,0,0 08-25~5,0,0,0,0 08-07~4,1,1,1,1 07-26~11,3,0,0,0 07-28~13,8,0,0,0 06-30~7,4,1,1,1 08-09~4,1,0,0,0 05-20~1,0,0,0,0 2026-09~4,1,0,0,0 08-02~7,1,0,0,0 06-03~3,0,0,0,0 08-11~4,1,0,0,0 08-18~5,0,0,0,0 05-23~3,0,0,0,0 08-20~7,2,0,0,0 08-28~4,0,0,0,0 08-03~5,1,0,0,0 05-27~4,0,0,0,0 06-04~3,0,0,0,0 06-14~3,0,0,0,0 07-15~4,2,0,0,0 05-19~3,0,0,0,0 05-18~3,0,0,0,0 05-01~3,0,0,0,0 2026-06M~5,2,0,0,0 08-05~4,1,0,0,0 06-17~1,0,0,0,0 09-01~2,1,0,0,0 07-27~8,1,0,0,0 05-16~1,0,0,0,0 08-06~3,1,0,0,0 2026-09M~4,1,0,0,0 06-15~1,0,0,0,0 2026-08M~9,1,0,0,0 08-16~3,1,0,0,0 08-01~4,0,0,0,0 07-02~3,1,0,0,0 08-08~5,1,0,0,0 08-30~3,2,2,1,0 2026-05~29,8,1,1,1 05-25~3,0,0,0,0 07-11~5,2,0,0,0 06-09~5,1,0,0,0 08-27~1,0,0,0,0 06-23~4,0,0,0,0 08-26~2,0,0,0,0 06-21~4,1,1,1,0 07-16~8,4,0,0,0 05-13~2,0,0,0,0 07-20~15,7,3,1,1 07-12~6,1,1,0,0 08-29~1,0,0,0,0 07-23~6,0,0,0,0 07-07~3,0,0,0,0 06-18~5,1,1,1,1 08-10~6,2,1,0,0 05-08~2,1,0,0,0 07-08~2,0,0,0,0 06-10~4,0,0,0,0 06-05~4,0,0,0,0 06-27~8,3,0,0,0 07-14~8,2,0,0,0 06-13~4,1,1,1,0 08-23~1,0,0,0,0 08-22~4,1,0,0,0 07-03~6,0,0,0,0 08-31~2,0,0,0,0 06-08~3,1,1,1,1 07-10~6,5,0,0,0 08-21~2,0,0,0,0 05-29~3,1,0,0,0 07-22~4,0,0,0,0 05-09~1,0,0,0,0 05-22~6,1,1,1,1 06-28~6,2,0,0,0 07-30~5,0,0,0,0 06-22~3,0,0,0,0 05-24~4,1,0,0,0 06-02~4,2,0,0,0 05-04~2,1,0,0,0 08-17~4,0,0,0,0 2026-07~131,59,7,3,3 08-24~4,1,0,0,0 07-31~6,3,0,0,0 06-29~3,0,0,0,0 2026-06~61,20,6,6,4 06-20~5,1,0,0,0 06-26~5,2,0,0,0 sr~366,210 se~1237,1068,140,8.1,4.63
Comoros|08-16~1,1,1,0,0 09-02~1,0,0,0,0 2026-05~1,0,0,0,0 2026-08~1,1,1,0,0 all~2,1,1,1,1 2026-09~1,0,0,0,0 05-12~1,0,0,0,0 2026-09M~1,0,0,0,0
Congo (DRC)|2026-07~7,1,1,1,0 08-22~1,0,0,0,0 2026-05~10,5,4,2,0 08-26~2,1,1,0,0 07-17~1,0,0,0,0 05-02~1,0,0,0,0 08-02~1,0,0,0,0 08-29~1,0,0,0,0 all~30,12,10,5,0 06-13~1,0,0,0,0 2026-08~5,3,2,1,0 07-16~1,0,0,0,0 2026-08M~1,0,0,0,0 05-30~1,0,0,0,0 2026-06~12,4,3,1,0 08-21~1,0,0,0,0 05-21~1,0,0,0,0 05-17~1,0,0,0,0 07-29~1,0,0,0,0 05-23~1,0,0,0,0 06-27~4,2,1,0,0 07-27~1,0,0,0,0 05-22~2,0,0,0,0 09-02~1,0,0,0,0 08-05~1,1,0,0,0 06-30~1,0,0,0,0 08-31~1,0,0,0,0 06-17~2,1,1,0,0 08-28~2,1,1,1,0 2026-05M~1,0,0,0,0 06-28~3,0,0,0,0 08-24~1,0,0,0,0 2026-09M~1,0,0,0,0 07-26~1,0,0,0,0 09-01~1,0,0,0,0 05-18~3,1,1,1,0 05-19~1,0,0,0,0 05-16~3,1,1,0,0 06-09~1,1,1,1,0 06-26~1,0,0,0,0 05-15~5,2,1,1,0 07-28~1,1,1,1,0 05-09~1,0,0,0,0 2026-09~1,0,0,0,0 05-14~1,1,1,0,0 07-03~1,0,0,0,0 08-30~1,0,0,0,0
Congo Republic|08-18~1,0,0,0,0 07-29~2,1,1,1,0 2026-06~6,4,3,3,0 2026-05~1,1,1,0,0 06-26~2,2,2,2,0 07-01~2,2,1,0,0 05-27~1,1,1,0,0 06-27~1,0,0,0,0 08-06~1,0,0,0,0 06-09~1,0,0,0,0 08-20~1,0,0,0,0 2026-08~2,1,1,1,0 06-30~2,2,1,1,0 2026-07~4,3,2,1,0 08-15~1,1,1,1,0 2026-07M~2,2,1,0,0 all~12,9,7,5,0
Cook Islands|2026-07~1,1,1,1,0 2026-08~1,0,0,0,0 07-29~1,1,1,1,0 08-22~1,0,0,0,0 all~2,1,1,1,0
Costa Rica|05-21~1,0,0,0,0 05-10~1,1,0,0,0 2026-08M~2,1,0,0,0 07-13~1,1,0,0,0 06-07~1,1,0,0,0 05-29~3,1,1,0,0 07-01~3,0,0,0,0 08-16~1,0,0,0,0 08-22~1,0,0,0,0 06-29~2,1,0,0,0 06-20~2,0,0,0,0 06-14~1,0,0,0,0 05-24~1,1,0,0,0 06-03~1,1,0,0,0 05-16~1,0,0,0,0 06-18~2,1,0,0,0 08-19~1,0,0,0,0 07-09~2,2,1,0,0 05-31~1,0,0,0,0 06-19~2,1,1,1,1 05-06~1,0,0,0,0 06-08~1,0,0,0,0 08-27~1,0,0,0,0 07-30~1,0,0,0,0 07-22~2,2,0,0,0 05-12~1,0,0,0,0 06-22~3,0,0,0,0 2026-05~16,8,1,0,0 08-02~2,1,0,0,0 06-26~3,1,0,0,0 05-15~1,0,0,0,0 06-05~1,0,0,0,0 07-07~3,0,0,0,0 07-06~1,0,0,0,0 07-11~1,1,0,0,0 05-08~2,2,0,0,0 08-28~2,1,0,0,0 all~78,29,4,1,1 07-03~1,0,0,0,0 07-02~1,0,0,0,0 08-15~1,1,0,0,0 07-23~3,3,1,0,0 06-16~3,0,0,0,0 06-11~4,1,0,0,0 05-25~1,0,0,0,0 05-07~1,1,0,0,0 06-09~2,0,0,0,0 07-29~1,0,0,0,0 06-13~2,0,0,0,0 06-30~2,1,0,0,0 2026-06~28,9,1,1,1 2026-07~19,9,2,0,0 08-09~8,0,0,0,0 06-17~1,0,0,0,0 05-19~1,1,0,0,0 2026-08~21,4,0,0,0 2026-07M~3,0,0,0,0 07-19~1,0,0,0,0 06-23~2,1,0,0,0 07-26~1,0,0,0,0 07-20~1,0,0,0,0 05-13~1,1,0,0,0 08-03~2,0,0,0,0 08-20~2,1,0,0,0
Croatia|08-14~12,0,0,0,0 05-15~13,2,1,0,0 07-05~31,3,2,1,0 05-06~8,0,0,0,0 07-18~23,3,1,0,0 2026-07~281,69,44,22,3 05-14~18,1,0,0,0 2026-09~16,1,1,1,1 07-04~31,1,1,0,0 05-02~12,3,0,0,0 05-07~15,6,0,0,0 06-25~21,1,1,1,0 05-13~13,3,2,1,0 06-17~20,4,2,1,0 08-12~9,1,1,1,1 05-27~22,5,3,3,0 05-29~21,1,1,0,0 09-02~12,1,1,1,1 07-24~18,2,1,1,0 05-20~11,1,0,0,0 05-10~14,4,0,0,0 07-12~20,1,1,1,0 06-13~20,1,1,1,0 07-20~24,2,2,1,0 06-06~16,3,3,2,0 07-07~29,2,2,1,0 05-11~9,0,0,0,0 05-30~33,7,6,2,0 05-16~15,1,1,0,0 2026-06~311,77,45,21,4 07-25~19,0,0,0,0 06-01~20,6,4,1,1 07-19~20,2,2,1,0 06-10~34,4,3,2,0 07-08~19,3,2,0,0 05-01~13,2,0,0,0 2026-08~81,12,7,6,2 06-30~24,0,0,0,0 07-28~20,5,3,2,0 08-13~13,0,0,0,0 05-31~17,3,3,1,0 06-07~34,8,5,2,0 06-18~22,4,3,1,0 08-05~9,0,0,0,0 06-24~29,1,1,0,0 07-16~20,4,2,1,0 08-15~9,0,0,0,0 08-24~14,1,1,1,0 08-06~17,1,1,1,1 07-27~22,3,2,2,0 07-29~33,5,2,0,0 08-08~10,0,0,0,0 05-21~10,1,1,0,0 all~751,212,125,63,10 08-03~13,1,0,0,0 06-02~18,1,1,1,0 08-10~12,0,0,0,0 2026-06M~28,7,5,2,1 08-19~11,0,0,0,0 09-01~12,0,0,0,0 08-01~13,0,0,0,0 05-22~17,2,1,1,0 08-21~10,0,0,0,0 05-04~11,0,0,0,0 2026-08M~20,0,0,0,0 08-29~12,0,0,0,0 08-02~14,0,0,0,0 05-26~8,0,0,0,0 06-05~21,2,0,0,0 06-15~19,1,0,0,0 07-14~19,1,0,0,0 05-18~10,0,0,0,0 05-19~9,2,1,0,0 08-04~10,0,0,0,0 06-16~21,3,1,1,0 05-03~13,3,0,0,0 08-18~8,0,0,0,0 2026-05M~19,5,0,0,0 07-26~20,3,2,2,0 05-17~9,0,0,0,0 08-07~7,0,0,0,0 06-14~23,1,1,0,0 08-17~10,0,0,0,0 07-03~33,1,1,0,0 08-09~9,2,1,1,0 08-31~10,0,0,0,0 05-24~13,1,0,0,0 07-10~18,1,1,0,0 06-08~25,5,3,1,0 08-26~9,0,0,0,0 06-22~20,2,0,0,0 08-27~9,0,0,0,0 06-20~19,2,2,0,0 07-17~19,1,1,1,0 05-12~13,1,0,0,0 07-21~24,3,0,0,0 2026-09M~16,1,1,1,1 07-13~22,2,2,0,0 08-28~9,0,0,0,0 07-22~24,5,3,1,1 07-06~21,2,1,0,0 07-01~22,1,1,1,0 06-19~21,7,4,2,1 08-11~10,1,0,0,0 05-09~9,0,0,0,0 07-09~18,2,2,1,0 06-11~39,4,2,0,0 06-04~27,2,0,0,0 06-26~23,3,2,2,1 07-15~19,0,0,0,0 06-12~23,2,1,0,0 08-22~12,2,1,1,0 08-23~12,2,2,1,0 07-02~39,3,1,1,0 08-30~8,0,0,0,0 06-09~24,3,1,0,0 07-11~21,2,2,1,1 08-20~11,0,0,0,0 05-28~26,4,3,0,0 07-23~21,2,0,0,0 05-08~11,0,0,0,0 2026-07M~51,4,2,2,0 05-23~16,3,3,2,0 06-29~22,2,1,0,0 07-31~9,2,0,0,0 06-23~16,1,1,0,0 05-25~18,4,2,0,0 06-03~23,4,2,1,0 05-05~11,2,0,0,0 08-16~8,0,0,0,0 08-25~11,1,0,0,0 2026-05~191,58,28,10,0 07-30~24,4,4,2,0 06-28~16,0,0,0,0 06-21~15,3,1,0,0 06-27~21,0,0,0,0 sr~870,480 se~4777,865,119,5.2,3.77
Cuba|all~8,4,1,1,0 2026-05~3,2,0,0,0 07-29~1,0,0,0,0 2026-08M~1,0,0,0,0 2026-06~1,1,1,1,0 06-13~1,1,1,1,0 08-19~1,1,0,0,0 05-10~1,0,0,0,0 05-09~3,2,0,0,0 07-27~1,0,0,0,0 07-30~1,0,0,0,0 2026-08~3,1,0,0,0 2026-07~2,0,0,0,0 08-16~1,0,0,0,0 08-01~1,0,0,0,0
Curaçao|08-08~1,1,0,0,0 08-27~1,1,0,0,0 08-03~1,1,0,0,0 06-06~1,0,0,0,0 2026-06~5,0,0,0,0 06-28~1,0,0,0,0 08-23~1,1,1,1,0 2026-08~11,10,1,1,0 07-16~1,0,0,0,0 08-28~1,1,0,0,0 07-06~1,1,0,0,0 2026-08M~1,1,0,0,0 08-30~1,1,0,0,0 07-19~1,1,0,0,0 07-28~1,1,0,0,0 08-25~1,1,0,0,0 06-17~1,0,0,0,0 07-15~1,1,1,1,0 06-22~1,0,0,0,0 07-25~1,1,0,0,0 2026-07~14,11,1,1,0 08-11~1,1,0,0,0 08-02~1,1,0,0,0 07-14~1,1,0,0,0 2026-05~1,0,0,0,0 05-19~1,0,0,0,0 all~31,21,2,2,0 06-20~1,0,0,0,0 07-24~2,1,0,0,0 08-21~1,1,0,0,0 08-19~1,0,0,0,0 07-07~1,1,0,0,0 07-23~1,0,0,0,0 07-22~2,2,0,0,0 07-13~1,1,0,0,0
Cyprus|05-17~3,1,0,0,0 06-25~5,0,0,0,0 07-20~2,1,0,0,0 06-24~4,0,0,0,0 07-05~1,0,0,0,0 08-04~6,1,1,1,0 05-26~2,0,0,0,0 05-14~1,0,0,0,0 07-14~2,0,0,0,0 07-17~2,0,0,0,0 08-22~5,1,0,0,0 06-04~1,0,0,0,0 05-03~2,0,0,0,0 05-18~5,0,0,0,0 05-28~1,0,0,0,0 05-12~2,0,0,0,0 07-18~6,0,0,0,0 07-26~4,1,0,0,0 06-27~3,0,0,0,0 05-29~4,1,0,0,0 2026-05~54,17,3,2,0 2026-06~43,5,0,0,0 05-08~4,1,0,0,0 08-07~5,0,0,0,0 06-05~2,1,0,0,0 07-21~5,0,0,0,0 06-28~4,1,0,0,0 07-30~9,0,0,0,0 05-23~2,1,0,0,0 06-08~1,0,0,0,0 07-10~2,0,0,0,0 05-09~1,0,0,0,0 07-27~4,2,0,0,0 08-23~2,0,0,0,0 06-20~2,0,0,0,0 2026-09~6,0,0,0,0 07-04~5,0,0,0,0 2026-05M~5,1,0,0,0 05-01~4,1,0,0,0 2026-08M~14,1,1,1,0 07-11~2,0,0,0,0 06-09~2,0,0,0,0 08-15~2,0,0,0,0 08-30~2,0,0,0,0 06-15~4,0,0,0,0 05-19~5,0,0,0,0 08-02~12,0,0,0,0 08-05~5,0,0,0,0 07-22~1,0,0,0,0 08-28~7,0,0,0,0 2026-07~65,15,5,3,1 08-21~6,0,0,0,0 09-01~6,0,0,0,0 08-19~4,1,0,0,0 06-12~7,1,0,0,0 08-12~4,2,1,0,0 08-11~3,1,0,0,0 07-25~5,0,0,0,0 05-20~3,1,1,1,0 05-21~5,0,0,0,0 08-20~6,1,1,1,1 08-01~5,1,1,1,0 06-06~4,0,0,0,0 2026-09M~6,0,0,0,0 05-04~5,3,0,0,0 05-05~3,2,0,0,0 05-07~2,2,0,0,0 05-27~6,0,0,0,0 08-26~2,0,0,0,0 05-24~2,0,0,0,0 05-25~3,1,1,0,0 06-23~2,0,0,0,0 08-31~8,2,1,1,0 08-09~3,1,0,0,0 2026-06M~4,0,0,0,0 06-13~5,0,0,0,0 06-14~2,0,0,0,0 07-28~10,3,1,0,0 06-30~1,0,0,0,0 07-02~3,0,0,0,0 06-18~4,0,0,0,0 05-02~2,0,0,0,0 05-13~1,0,0,0,0 07-19~4,1,0,0,0 06-01~2,0,0,0,0 08-06~7,0,0,0,0 2026-08~71,21,9,8,3 07-12~3,0,0,0,0 08-10~4,1,0,0,0 06-02~3,0,0,0,0 08-25~8,4,1,1,0 07-15~2,0,0,0,0 06-21~2,0,0,0,0 08-29~6,2,1,1,1 05-31~3,1,0,0,0 07-31~13,3,2,1,0 06-29~7,0,0,0,0 07-24~4,0,0,0,0 07-06~2,0,0,0,0 05-06~3,1,0,0,0 09-02~4,0,0,0,0 06-22~4,0,0,0,0 06-16~4,0,0,0,0 08-08~4,1,1,0,0 08-13~4,0,0,0,0 07-29~7,0,0,0,0 05-22~3,0,0,0,0 08-18~2,0,0,0,0 all~203,57,17,13,4 08-14~3,1,1,1,1 2026-07M~6,1,0,0,0 06-03~5,1,0,0,0 08-24~4,0,0,0,0 05-30~4,2,1,1,0 08-17~4,0,0,0,0 06-11~4,0,0,0,0 07-09~4,0,0,0,0 06-17~2,0,0,0,0 07-03~3,1,0,0,0 07-23~4,2,2,2,0 08-03~4,1,0,0,0 08-16~5,1,1,1,0 07-08~3,1,0,0,0 06-10~5,0,0,0,0 07-16~1,0,0,0,0 06-19~2,1,0,0,0 07-01~5,1,0,0,0 07-07~3,0,0,0,0 08-27~4,1,0,0,0 se~467,518,63,17.6,3.31
Czechia|06-13~49,5,2,2,0 06-29~27,2,2,2,0 07-31~29,4,3,2,1 07-16~36,5,3,2,1 05-21~26,4,3,1,0 08-22~22,6,3,2,0 07-22~42,9,5,3,1 08-19~24,1,0,0,0 09-01~26,5,5,4,0 08-15~36,4,3,2,0 07-30~36,1,1,0,0 06-28~28,2,2,1,0 05-20~23,1,0,0,0 07-26~33,0,0,0,0 08-23~22,2,1,0,0 07-23~32,3,2,2,1 05-19~31,6,6,5,1 07-17~35,4,2,1,0 07-03~41,4,2,1,1 08-06~25,2,1,1,1 06-22~37,2,1,0,0 08-17~33,3,1,1,1 06-10~93,7,4,2,0 07-08~34,3,3,1,0 05-08~29,5,0,0,0 06-15~56,6,3,1,0 06-07~38,3,1,0,0 2026-07~475,119,84,51,12 07-04~51,2,1,0,0 08-08~29,3,1,0,0 06-16~50,2,0,0,0 2026-08M~62,7,4,4,0 05-04~23,2,0,0,0 2026-09~48,10,8,7,1 05-23~26,4,2,2,0 08-29~24,4,2,2,2 07-14~29,4,3,2,0 09-02~36,5,3,3,1 05-01~27,3,0,0,0 08-14~33,7,5,2,1 08-05~54,31,1,1,0 07-25~37,6,5,2,1 06-27~32,1,0,0,0 2026-07M~77,9,8,7,1 08-26~30,4,3,1,0 07-15~32,5,3,3,0 05-24~23,0,0,0,0 08-25~24,3,3,3,0 05-18~26,3,1,1,0 06-05~38,3,1,1,0 05-03~23,2,0,0,0 08-12~24,1,0,0,0 05-11~24,2,0,0,0 07-05~60,4,4,2,0 07-10~28,3,2,1,0 06-08~35,4,4,0,0 2026-06~581,129,75,45,5 08-09~28,0,0,0,0 07-06~62,5,3,1,0 07-20~27,6,3,1,0 05-16~24,2,2,0,0 07-02~50,3,2,2,0 08-01~40,3,1,1,0 08-18~25,7,4,3,1 05-29~53,6,2,0,0 07-13~28,1,0,0,0 05-30~64,3,2,1,0 08-11~29,2,0,0,0 06-24~47,5,3,2,0 08-20~26,2,2,0,0 06-25~44,3,1,1,0 07-24~30,6,4,1,0 08-13~22,2,0,0,0 07-27~39,4,4,2,0 05-02~16,1,0,0,0 07-18~31,6,4,3,0 08-04~24,0,0,0,0 06-01~47,12,5,3,0 07-19~31,5,3,1,0 06-03~43,6,3,2,2 06-23~46,3,3,2,0 05-28~83,5,3,1,0 07-12~37,0,0,0,0 06-20~39,6,4,4,0 06-21~37,2,2,0,0 05-27~28,1,1,0,0 06-09~42,5,4,2,0 07-11~28,0,0,0,0 all~1427,474,259,164,40 08-30~30,6,3,1,0 06-18~48,5,2,1,0 08-27~22,1,1,1,1 05-17~22,5,3,3,2 2026-05M~36,5,0,0,0 08-31~28,7,4,3,2 05-10~27,2,0,0,0 06-06~29,4,3,2,0 06-17~33,3,2,0,0 08-21~20,4,3,2,0 05-05~34,8,0,0,0 08-24~18,3,3,2,2 05-06~22,5,0,0,0 08-03~28,1,1,0,0 08-16~27,2,1,1,0 07-09~34,4,1,1,0 06-11~99,8,4,2,0 05-09~27,7,0,0,0 08-10~26,2,0,0,0 05-22~40,4,1,1,1 05-25~21,0,0,0,0 08-07~37,5,4,2,1 2026-09M~48,10,8,7,1 08-28~29,5,2,0,0 05-31~60,8,3,0,0 06-02~39,5,4,1,0 05-26~28,4,3,1,0 05-12~22,5,0,0,0 06-26~53,3,2,1,0 06-04~33,6,2,0,0 06-12~62,7,3,1,0 06-14~45,9,3,2,1 07-29~45,9,5,2,0 05-07~24,5,0,0,0 08-02~32,4,3,3,0 06-30~45,3,2,1,0 07-28~33,7,6,2,1 2026-08~360,125,56,37,12 07-07~52,1,1,1,0 2026-05~433,110,35,19,5 05-15~22,4,1,1,0 05-13~30,2,1,1,1 07-01~43,6,6,5,1 06-19~40,4,4,2,0 07-21~31,5,3,1,0 2026-06M~69,16,9,4,0 05-14~24,2,1,0,0 sr~1547,1024 se~7739,832,170,7.4,4.2
Denmark|05-17~31,4,3,2,0 08-12~70,3,1,1,0 07-26~66,12,7,4,1 08-26~50,3,0,0,0 06-05~38,3,3,2,1 06-09~55,3,3,1,0 07-11~40,0,0,0,0 06-02~48,11,3,2,1 08-22~46,5,3,2,1 2026-08~711,208,96,76,32 07-27~73,9,5,4,0 08-27~50,2,1,0,0 2026-06M~74,14,3,2,1 06-16~51,4,2,1,0 08-13~59,10,4,3,2 08-07~71,11,5,4,0 07-02~62,7,3,2,1 07-13~28,4,2,2,0 07-09~40,2,1,0,0 06-11~74,2,1,1,1 08-09~71,13,5,4,3 05-18~36,0,0,0,0 08-30~49,3,2,2,0 06-14~43,6,3,3,1 06-26~43,3,2,1,0 06-03~25,1,1,1,1 07-04~62,6,4,3,1 08-31~57,3,1,1,0 08-10~71,13,3,2,1 06-06~34,2,2,1,1 2026-05M~48,5,0,0,0 07-10~43,0,0,0,0 06-08~45,10,5,2,0 07-01~49,1,0,0,0 06-19~66,9,8,5,2 08-21~59,7,3,1,0 06-23~60,6,2,1,0 07-22~53,14,6,4,1 2026-09M~81,9,5,5,2 08-11~74,8,2,2,2 07-21~59,16,10,7,2 05-25~25,3,1,1,0 06-30~63,5,3,3,1 07-28~60,9,3,3,3 2026-09~81,9,5,5,2 06-17~40,2,0,0,0 05-04~34,7,0,0,0 05-26~34,9,4,2,1 08-19~57,0,0,0,0 09-01~55,5,2,2,0 2026-05~522,142,32,20,7 05-28~42,3,1,1,0 07-16~50,15,3,3,1 06-25~74,14,9,2,0 08-01~63,7,5,4,0 08-14~56,6,2,0,0 06-13~35,2,1,0,0 06-15~52,11,9,7,2 05-23~24,0,0,0,0 06-01~40,3,0,0,0 07-19~52,8,3,3,0 05-30~34,2,2,0,0 06-27~42,1,1,1,0 05-21~32,8,4,2,1 2026-06~804,140,88,57,24 08-02~75,12,4,2,0 05-01~33,3,0,0,0 08-24~49,2,1,1,0 05-16~37,4,2,1,1 05-09~25,4,0,0,0 05-22~30,1,1,1,0 08-06~66,7,2,2,1 07-05~58,5,1,1,1 06-04~56,5,4,3,0 all~2374,617,318,242,109 08-17~57,10,3,2,0 07-15~34,5,2,1,1 07-24~64,14,6,3,1 08-20~56,3,1,1,0 05-24~24,3,1,0,0 06-10~85,6,5,3,0 07-08~43,4,2,1,1 07-17~37,4,2,1,1 08-23~49,3,1,1,0 07-18~47,6,3,1,0 05-19~27,1,1,0,0 05-15~31,5,3,2,1 06-18~52,1,1,1,0 05-27~29,1,0,0,0 08-16~75,17,4,4,1 05-20~33,1,1,1,1 08-15~75,13,6,5,2 05-29~43,4,2,0,0 05-11~36,9,0,0,0 08-04~79,9,5,5,3 07-23~50,7,5,0,0 05-06~36,13,0,0,0 05-07~32,11,0,0,0 09-02~52,4,3,3,2 07-25~48,7,3,3,0 07-20~50,7,4,3,1 05-14~22,2,0,0,0 05-08~39,6,0,0,0 07-07~52,3,0,0,0 07-12~34,3,1,1,0 2026-07~682,178,101,79,35 07-14~38,8,3,3,1 06-21~60,10,5,4,2 05-31~36,5,3,3,2 08-29~54,0,0,0,0 07-30~68,6,3,3,0 06-28~53,5,1,0,0 07-03~62,5,3,3,1 07-29~68,13,8,6,4 05-02~29,2,0,0,0 05-03~37,7,0,0,0 2026-08M~107,19,9,6,0 05-10~34,9,0,0,0 08-18~65,10,5,3,1 08-08~63,9,6,5,0 2026-07M~96,8,3,2,1 07-06~50,4,1,1,0 08-28~54,3,2,2,0 06-29~41,2,2,1,0 07-31~75,10,7,6,4 06-24~66,7,4,3,2 08-03~75,18,11,8,3 06-20~54,7,3,3,1 08-05~70,15,6,4,2 06-22~46,5,2,1,1 08-25~59,5,3,1,0 06-12~55,5,3,1,0 05-13~32,7,3,2,0 05-05~31,8,0,0,0 06-07~27,0,0,0,0 05-12~40,8,0,0,0 sr~2511,1184 se~11595,1120,120,7.0,5.66
Djibouti|05-09~1,0,0,0,0 07-29~2,0,0,0,0 2026-06~2,0,0,0,0 06-28~1,0,0,0,0 2026-07~3,1,1,1,0 07-15~1,1,1,1,0 all~6,1,1,1,0 2026-05~1,0,0,0,0 06-05~1,0,0,0,0
Dominica|07-25~1,0,0,0,0 06-14~1,0,0,0,0 06-11~1,0,0,0,0 all~3,0,0,0,0 06-16~1,0,0,0,0 06-25~1,0,0,0,0 06-13~1,0,0,0,0 07-29~1,0,0,0,0 06-21~1,0,0,0,0 2026-07~3,0,0,0,0 06-15~1,0,0,0,0 07-19~1,0,0,0,0 2026-06~1,0,0,0,0
Dominican Republic|07-08~2,0,0,0,0 08-28~1,0,0,0,0 05-15~1,0,0,0,0 06-17~2,0,0,0,0 05-19~1,0,0,0,0 05-23~1,0,0,0,0 2026-06~28,9,2,2,0 07-20~3,0,0,0,0 06-06~2,1,0,0,0 05-08~1,0,0,0,0 08-14~3,0,0,0,0 07-03~2,0,0,0,0 05-04~1,0,0,0,0 06-15~1,0,0,0,0 09-02~2,0,0,0,0 06-01~2,0,0,0,0 2026-06M~2,0,0,0,0 08-10~2,0,0,0,0 07-07~3,0,0,0,0 06-04~1,1,1,1,0 07-25~1,0,0,0,0 all~105,19,7,6,0 07-29~5,0,0,0,0 05-13~1,0,0,0,0 05-02~1,0,0,0,0 08-23~1,0,0,0,0 08-20~1,0,0,0,0 08-17~3,0,0,0,0 05-16~2,1,0,0,0 06-18~1,0,0,0,0 05-24~1,0,0,0,0 06-16~4,2,0,0,0 09-01~2,1,1,1,0 05-18~1,0,0,0,0 05-07~1,0,0,0,0 06-09~1,0,0,0,0 2026-05~7,3,1,0,0 06-25~1,0,0,0,0 07-31~2,0,0,0,0 08-26~1,0,0,0,0 05-21~1,0,0,0,0 06-07~1,0,0,0,0 05-09~1,0,0,0,0 08-02~2,1,0,0,0 07-15~2,0,0,0,0 06-26~5,3,1,1,0 05-28~1,0,0,0,0 05-26~1,0,0,0,0 06-28~1,0,0,0,0 06-10~3,1,0,0,0 07-05~1,0,0,0,0 08-12~4,0,0,0,0 06-03~1,0,0,0,0 06-05~1,0,0,0,0 07-02~1,0,0,0,0 08-15~2,0,0,0,0 06-23~2,0,0,0,0 05-11~1,0,0,0,0 05-30~2,1,1,0,0 08-21~1,0,0,0,0 07-24~2,0,0,0,0 07-28~1,0,0,0,0 06-21~2,0,0,0,0 07-10~1,0,0,0,0 08-07~6,0,0,0,0 07-09~1,0,0,0,0 07-18~2,0,0,0,0 06-22~1,0,0,0,0 05-03~3,1,0,0,0 05-14~1,0,0,0,0 08-24~2,0,0,0,0 06-13~1,0,0,0,0 06-24~3,0,0,0,0 06-11~2,0,0,0,0 2026-07~30,3,1,1,0 05-10~2,0,0,0,0 07-06~1,0,0,0,0 08-11~2,1,1,1,0 2026-07M~1,0,0,0,0 05-06~1,0,0,0,0 06-08~1,0,0,0,0 06-27~2,0,0,0,0 05-29~1,0,0,0,0 06-30~2,0,0,0,0 05-20~1,0,0,0,0 06-20~2,0,0,0,0 2026-05M~3,0,0,0,0 05-27~1,0,0,0,0 06-29~3,1,0,0,0 08-19~2,0,0,0,0 08-25~2,0,0,0,0 07-22~2,0,0,0,0 07-17~4,1,0,0,0 08-01~3,0,0,0,0 07-16~1,0,0,0,0 07-01~1,0,0,0,0 08-16~3,0,0,0,0 07-19~1,0,0,0,0 05-01~3,0,0,0,0 06-14~4,0,0,0,0 06-12~2,0,0,0,0 07-27~1,0,0,0,0 08-30~3,0,0,0,0 05-05~1,0,0,0,0 08-22~1,0,0,0,0 08-27~1,0,0,0,0 07-30~3,0,0,0,0 2026-08M~4,1,0,0,0 07-13~1,0,0,0,0 08-04~2,0,0,0,0 08-05~1,0,0,0,0 07-12~3,0,0,0,0 08-18~2,0,0,0,0 08-06~1,0,0,0,0 07-11~1,0,0,0,0 2026-09~3,1,1,1,0 05-25~1,0,0,0,0 2026-08~44,3,2,2,0 08-31~1,0,0,0,0 07-26~2,0,0,0,0 05-22~1,0,0,0,0 08-09~15,1,1,1,0 07-21~3,0,0,0,0 06-02~1,0,0,0,0 07-14~3,1,0,0,0 08-03~2,0,0,0,0 05-17~1,0,0,0,0 08-13~1,0,0,0,0 07-04~2,1,1,1,0 08-08~2,0,0,0,0 2026-09M~3,1,1,1,0 se~354,588,80,10.2,2.41
Ecuador|06-06~118,20,12,7,0 07-24~20,3,0,0,0 07-03~169,10,6,5,0 05-29~77,21,14,3,0 06-22~60,4,2,1,0 07-25~20,2,0,0,0 08-26~4,0,0,0,0 07-22~34,15,1,1,0 07-02~404,8,3,1,0 2026-08M~27,7,3,1,0 07-16~8,1,1,0,0 08-13~42,21,10,5,0 08-02~10,3,1,0,0 08-18~5,0,0,0,0 06-05~165,15,10,6,0 07-18~16,4,0,0,0 05-15~16,2,1,0,0 06-12~194,5,1,1,0 07-11~17,3,1,1,0 06-09~153,7,6,3,0 07-21~26,10,0,0,0 05-23~26,6,4,3,0 06-03~65,16,11,3,0 08-23~4,0,0,0,0 05-11~10,1,0,0,0 08-15~10,2,0,0,0 07-20~18,8,0,0,0 06-19~84,6,5,2,0 07-01~240,5,3,2,0 07-27~12,4,1,0,0 05-14~12,1,1,0,0 05-28~115,39,29,19,0 08-01~21,4,2,1,0 08-10~78,1,0,0,0 06-28~94,14,9,5,0 07-30~10,0,0,0,0 05-19~16,5,3,3,0 06-27~142,10,9,5,0 06-18~54,2,2,1,0 05-31~83,20,12,5,0 08-30~6,3,0,0,0 2026-07~1639,124,44,25,0 05-27~64,15,10,5,0 07-08~165,4,3,0,0 06-10~182,9,6,4,0 2026-09M~5,0,0,0,0 05-16~15,0,0,0,0 05-18~12,2,2,2,0 08-07~27,5,2,0,0 05-04~17,4,0,0,0 06-08~91,14,9,2,0 07-10~12,1,0,0,0 07-05~208,6,1,1,0 2026-05M~42,9,0,0,0 09-02~2,0,0,0,0 08-08~75,3,2,2,0 08-22~5,0,0,0,0 2026-09~5,0,0,0,0 07-13~18,6,3,2,0 05-03~24,4,0,0,0 07-17~21,4,0,0,0 08-14~4,0,0,0,0 07-06~158,7,2,2,0 05-25~21,9,5,1,0 08-04~19,6,3,2,0 07-29~22,4,3,2,0 07-28~26,7,5,3,0 06-30~195,12,7,4,1 07-31~22,5,3,1,0 06-29~59,3,1,0,0 09-01~5,0,0,0,0 08-19~4,0,0,0,0 08-06~8,4,2,1,0 08-09~32,0,0,0,0 05-17~17,2,2,1,0 07-26~16,2,0,0,0 06-15~74,8,6,2,0 08-11~47,1,1,0,0 06-14~74,0,0,0,0 06-16~54,3,2,2,0 2026-05~600,190,106,63,0 07-07~398,7,5,2,0 07-04~256,2,1,0,0 08-25~4,0,0,0,0 07-15~11,1,1,1,0 05-02~25,6,0,0,0 2026-06~2974,268,169,95,2 08-24~3,1,0,0,0 05-05~16,1,0,0,0 05-21~6,1,0,0,0 05-09~8,2,0,0,0 06-13~102,3,2,0,0 05-26~2,0,0,0,0 07-23~27,9,0,0,0 06-02~78,16,12,4,0 05-10~10,4,0,0,0 08-31~1,0,0,0,0 05-22~22,7,4,2,0 05-13~9,0,0,0,0 08-16~4,1,1,1,0 08-03~21,5,2,0,0 06-04~192,13,8,4,0 08-05~8,3,1,0,0 05-30~57,16,11,8,0 08-28~6,0,0,0,0 06-20~93,11,6,5,1 08-21~6,1,1,0,0 08-12~25,9,2,1,0 2026-07M~591,13,6,3,0 05-24~22,11,7,6,0 06-17~79,6,3,3,0 2026-06M~146,35,22,13,0 06-23~103,5,2,2,0 05-07~6,2,0,0,0 06-26~96,10,5,3,0 05-20~22,2,1,1,0 06-11~360,13,8,4,0 07-09~10,2,0,0,0 06-07~132,11,5,3,0 07-19~17,5,1,0,0 06-01~74,19,10,9,0 06-24~154,9,4,3,0 05-12~12,2,0,0,0 all~5086,624,349,203,4 08-17~3,1,0,0,0 06-21~91,5,3,2,0 06-25~114,3,3,1,0 08-20~7,1,1,0,0 07-12~16,1,1,0,0 08-29~4,0,0,0,0 05-06~11,1,0,0,0 07-14~12,3,0,0,0 08-27~3,0,0,0,0 2026-08~321,70,31,13,0 05-01~22,3,0,0,0 05-08~10,4,0,0,0 sr~5109,855 se~9154,324,10,22.2,2.72
Egypt|06-25~6,0,0,0,0 06-06~4,1,1,1,0 08-12~8,2,1,1,1 07-07~10,1,1,0,0 05-30~2,0,0,0,0 2026-07M~38,17,12,1,0 08-21~14,1,1,0,0 08-05~9,2,0,0,0 07-18~5,0,0,0,0 05-24~6,0,0,0,0 05-28~3,0,0,0,0 2026-09~11,1,0,0,0 05-23~8,5,2,0,0 08-26~7,0,0,0,0 08-25~5,0,0,0,0 06-08~4,1,0,0,0 07-10~2,0,0,0,0 2026-08M~11,0,0,0,0 08-18~11,1,1,0,0 05-26~4,1,0,0,0 05-18~1,1,1,1,0 08-01~6,0,0,0,0 05-14~2,0,0,0,0 08-14~20,0,0,0,0 05-31~4,0,0,0,0 05-07~2,0,0,0,0 05-04~1,0,0,0,0 08-13~13,2,2,0,0 06-18~7,1,1,1,0 08-02~9,0,0,0,0 05-11~3,0,0,0,0 05-08~4,1,0,0,0 08-22~9,1,0,0,0 07-19~4,0,0,0,0 06-01~5,0,0,0,0 08-15~11,1,0,0,0 07-11~2,0,0,0,0 06-09~2,0,0,0,0 06-17~2,0,0,0,0 05-02~4,1,0,0,0 07-05~8,0,0,0,0 06-07~4,0,0,0,0 05-25~4,2,2,0,0 06-14~5,1,1,1,0 08-23~9,0,0,0,0 07-27~3,0,0,0,0 07-02~8,1,0,0,0 05-17~2,0,0,0,0 06-28~16,4,2,0,0 07-30~6,0,0,0,0 05-21~5,1,1,0,0 05-27~3,0,0,0,0 06-11~8,0,0,0,0 07-09~7,0,0,0,0 08-10~5,1,1,0,0 06-02~2,0,0,0,0 05-05~1,0,0,0,0 05-19~1,1,0,0,0 07-13~5,2,2,2,2 05-15~2,1,0,0,0 06-13~6,0,0,0,0 06-24~11,0,0,0,0 07-20~8,2,1,0,0 07-23~6,0,0,0,0 07-08~15,3,1,1,1 06-10~7,0,0,0,0 all~386,106,71,26,8 08-17~10,3,1,0,0 2026-05~52,17,7,2,0 08-07~7,0,0,0,0 06-16~8,1,1,0,0 05-22~2,1,1,1,0 2026-08~85,18,10,3,1 08-04~4,0,0,0,0 07-12~4,1,0,0,0 06-27~18,6,5,3,1 06-15~6,0,0,0,0 07-14~3,0,0,0,0 08-06~5,0,0,0,0 07-04~5,1,0,0,0 06-05~4,0,0,0,0 06-12~7,0,0,0,0 08-09~10,1,1,0,0 07-03~9,0,0,0,0 06-23~6,2,1,0,0 05-01~3,0,0,0,0 05-09~4,1,0,0,0 2026-09M~11,1,0,0,0 09-02~9,1,0,0,0 08-30~8,0,0,0,0 06-26~14,3,2,1,0 08-20~13,0,0,0,0 09-01~5,0,0,0,0 08-19~7,1,1,1,0 07-22~3,0,0,0,0 08-28~8,1,1,1,0 07-17~7,1,0,0,0 2026-07~119,32,22,6,3 08-27~9,0,0,0,0 05-13~5,1,0,0,0 06-03~7,1,1,0,0 08-03~5,0,0,0,0 05-29~3,0,0,0,0 08-16~15,1,1,0,0 05-06~2,1,0,0,0 05-03~3,0,0,0,0 07-28~4,1,1,1,0 06-30~30,14,12,2,1 07-29~15,2,2,0,0 08-08~8,0,0,0,0 06-22~18,1,1,0,0 07-21~5,1,0,0,0 07-26~5,1,1,0,0 08-29~4,0,0,0,0 07-16~7,1,1,0,0 2026-06~172,41,32,12,2 06-19~21,1,1,1,0 07-01~32,16,12,1,0 07-06~6,0,0,0,0 05-16~3,0,0,0,0 05-12~1,0,0,0,0 07-25~3,0,0,0,0 08-31~7,0,0,0,0 05-10~4,0,0,0,0 2026-05M~6,1,0,0,0 08-11~4,0,0,0,0 2026-06M~6,0,0,0,0 05-20~3,0,0,0,0 06-04~7,3,1,0,0 06-21~7,1,1,1,0 07-31~4,0,0,0,0 06-29~13,1,1,1,0 07-24~3,0,0,0,0 06-20~7,0,0,0,0 08-24~11,1,0,0,0 07-15~4,0,0,0,0 sr~418,245 se~1350,438,52,14.9,3.24
El Salvador|06-20~2,0,0,0,0 08-27~2,0,0,0,0 2026-06~47,17,10,8,0 07-02~2,0,0,0,0 08-16~1,0,0,0,0 06-15~1,0,0,0,0 07-28~1,0,0,0,0 2026-05~13,8,0,0,0 05-12~1,0,0,0,0 09-02~1,0,0,0,0 05-07~1,0,0,0,0 06-28~5,2,1,0,0 06-18~3,1,1,0,0 08-20~7,0,0,0,0 05-11~3,1,0,0,0 05-31~2,0,0,0,0 07-03~1,0,0,0,0 06-27~3,0,0,0,0 06-09~2,0,0,0,0 05-30~1,0,0,0,0 08-07~1,0,0,0,0 08-22~4,0,0,0,0 06-10~2,0,0,0,0 09-01~1,0,0,0,0 08-10~2,0,0,0,0 2026-08M~2,1,1,1,0 2026-06M~1,1,0,0,0 08-17~5,1,1,1,0 05-03~1,0,0,0,0 06-29~7,5,1,1,0 07-09~1,0,0,0,0 2026-05M~2,0,0,0,0 2026-09M~2,0,0,0,0 07-12~1,0,0,0,0 08-28~3,1,0,0,0 05-04~1,1,0,0,0 06-13~3,0,0,0,0 06-22~1,1,1,1,0 06-11~2,0,0,0,0 07-08~1,0,0,0,0 07-29~2,1,1,1,0 08-24~2,1,1,1,0 07-07~1,0,0,0,0 2026-09~2,0,0,0,0 2026-08~38,4,3,3,0 07-19~2,0,0,0,0 08-23~1,0,0,0,0 07-21~1,0,0,0,0 2026-07M~6,0,0,0,0 06-25~4,1,1,1,0 05-09~3,3,0,0,0 2026-07~18,1,1,1,0 06-23~1,0,0,0,0 06-26~10,5,4,3,0 08-02~2,1,1,1,0 06-01~1,1,0,0,0 all~102,30,14,12,0 06-14~1,0,0,0,0 06-12~2,0,0,0,0 05-18~1,0,0,0,0 07-01~4,0,0,0,0 05-10~5,3,0,0,0 05-05~1,0,0,0,0 05-13~1,0,0,0,0 08-09~4,0,0,0,0 07-20~1,0,0,0,0 05-08~1,0,0,0,0 07-30~2,0,0,0,0 08-06~1,0,0,0,0 08-21~1,0,0,0,0 08-26~1,0,0,0,0 05-28~2,0,0,0,0 05-22~1,0,0,0,0 05-02~2,0,0,0,0 06-30~5,2,1,1,0 07-06~1,0,0,0,0 08-19~2,0,0,0,0 08-11~3,0,0,0,0 08-18~2,0,0,0,0
Equatorial Guinea|06-13~7,1,0,0,0 06-12~10,1,0,0,0 06-14~5,0,0,0,0 06-25~1,0,0,0,0 all~44,3,0,0,0 06-11~23,1,0,0,0 2026-06~44,3,0,0,0
Estonia|06-18~6,0,0,0,0 2026-06~52,9,5,4,2 06-22~5,1,0,0,0 06-05~7,0,0,0,0 08-29~8,3,1,1,1 07-29~16,1,0,0,0 08-12~10,0,0,0,0 07-24~6,0,0,0,0 06-23~5,1,0,0,0 08-15~5,0,0,0,0 08-28~8,1,1,1,0 06-30~14,1,1,1,0 07-28~17,1,1,1,1 05-12~3,0,0,0,0 06-24~6,0,0,0,0 05-04~3,0,0,0,0 05-20~5,0,0,0,0 08-01~14,0,0,0,0 06-04~3,0,0,0,0 06-10~7,0,0,0,0 07-08~6,0,0,0,0 06-29~8,0,0,0,0 07-31~15,2,0,0,0 08-06~7,0,0,0,0 07-03~7,1,0,0,0 05-03~6,0,0,0,0 07-06~6,1,0,0,0 07-14~6,2,1,0,0 06-17~8,1,0,0,0 06-27~8,0,0,0,0 08-03~12,1,0,0,0 07-05~3,0,0,0,0 05-24~3,0,0,0,0 08-31~5,2,1,1,0 2026-09M~10,1,1,0,0 05-31~6,1,1,1,0 08-14~6,1,0,0,0 05-28~3,0,0,0,0 06-26~7,1,1,1,1 08-22~6,0,0,0,0 08-21~5,1,1,1,0 06-07~1,0,0,0,0 06-21~7,0,0,0,0 08-11~11,0,0,0,0 05-27~2,1,0,0,0 05-07~4,0,0,0,0 07-21~7,1,0,0,0 06-06~4,0,0,0,0 05-30~6,0,0,0,0 2026-07~102,21,10,5,2 05-13~6,0,0,0,0 08-27~5,0,0,0,0 07-16~7,1,1,0,0 05-08~4,0,0,0,0 05-06~2,0,0,0,0 08-19~6,0,0,0,0 09-01~8,0,0,0,0 06-16~6,0,0,0,0 06-03~3,0,0,0,0 08-04~16,0,0,0,0 08-02~11,0,0,0,0 08-16~6,1,0,0,0 08-20~6,1,0,0,0 2026-05M~4,0,0,0,0 08-30~3,0,0,0,0 06-15~9,0,0,0,0 all~286,49,26,18,9 07-09~4,0,0,0,0 06-11~8,0,0,0,0 08-13~7,0,0,0,0 05-22~5,0,0,0,0 07-18~7,1,1,0,0 08-25~4,0,0,0,0 09-02~6,1,1,0,0 08-07~9,1,1,0,0 05-21~6,0,0,0,0 08-18~7,0,0,0,0 08-17~7,0,0,0,0 05-09~3,0,0,0,0 06-20~9,2,2,1,0 07-13~3,0,0,0,0 07-12~6,0,0,0,0 07-10~5,0,0,0,0 06-08~4,0,0,0,0 07-30~19,1,1,1,1 06-28~4,0,0,0,0 05-23~2,0,0,0,0 06-01~3,0,0,0,0 07-19~2,0,0,0,0 06-02~4,0,0,0,0 08-24~8,0,0,0,0 06-13~7,1,1,1,1 05-15~6,1,1,1,1 05-17~4,0,0,0,0 07-15~5,1,1,1,0 06-25~6,0,0,0,0 07-04~10,0,0,0,0 2026-08M~24,0,0,0,0 05-05~5,0,0,0,0 08-08~8,0,0,0,0 07-02~8,2,2,1,0 05-02~3,0,0,0,0 05-29~2,0,0,0,0 07-26~7,2,1,1,0 05-26~4,0,0,0,0 05-11~4,0,0,0,0 2026-09~10,1,1,0,0 08-23~4,0,0,0,0 08-26~9,1,1,0,0 05-25~3,0,0,0,0 06-09~5,0,0,0,0 07-11~3,0,0,0,0 07-25~6,1,0,0,0 05-19~4,0,0,0,0 07-20~8,1,0,0,0 07-17~5,0,0,0,0 07-01~5,0,0,0,0 06-19~3,0,0,0,0 07-07~8,1,0,0,0 07-22~6,0,0,0,0 08-09~15,1,0,0,0 07-27~14,2,1,0,0 07-23~5,0,0,0,0 2026-05~30,4,2,2,1 06-14~6,1,0,0,0 2026-08~141,18,8,6,3 05-18~5,0,0,0,0 05-14~4,1,0,0,0 06-12~7,0,0,0,0 08-05~8,0,0,0,0 2026-06M~5,0,0,0,0 08-10~15,4,2,2,2 2026-07M~9,2,2,1,0 05-01~4,0,0,0,0 05-16~8,0,0,0,0 05-10~3,0,0,0,0 sr~397,313 se~1409,867,102,11.6,3.96
Eswatini|06-15~1,0,0,0,0 2026-05~2,0,0,0,0 05-07~1,0,0,0,0 06-02~1,0,0,0,0 05-24~1,0,0,0,0 2026-06~5,1,1,0,0 05-01~2,0,0,0,0 05-08~1,0,0,0,0 07-15~1,0,0,0,0 2026-05M~2,0,0,0,0 07-01~2,1,0,0,0 all~10,2,1,0,0 05-04~1,0,0,0,0 2026-07~3,1,0,0,0 05-03~1,0,0,0,0 06-30~2,1,1,0,0 05-10~1,0,0,0,0 05-09~1,0,0,0,0 2026-07M~2,1,0,0,0 06-28~1,0,0,0,0 2026-08~1,0,0,0,0 08-11~1,0,0,0,0 06-04~1,0,0,0,0 05-16~1,0,0,0,0 2026-06M~1,0,0,0,0
Ethiopia|07-01~21,1,1,1,0 06-19~16,4,3,2,0 07-22~10,1,1,0,0 05-30~13,0,0,0,0 05-07~14,1,0,0,0 06-23~17,1,0,0,0 2026-07~169,63,40,25,1 05-31~7,0,0,0,0 2026-08M~17,2,2,0,0 05-21~10,2,0,0,0 2026-09M~44,11,7,3,3 07-24~10,1,1,1,0 05-18~9,0,0,0,0 06-12~22,1,1,1,0 05-14~11,2,1,1,0 05-05~13,1,0,0,0 09-02~34,8,6,2,2 08-19~21,0,0,0,0 09-01~30,3,1,1,1 08-12~16,1,1,1,0 06-16~11,0,0,0,0 08-24~24,2,0,0,0 05-24~16,0,0,0,0 08-16~19,2,1,1,0 05-28~14,2,0,0,0 08-28~18,2,2,2,2 2026-06~123,47,24,17,3 08-31~35,6,4,3,1 05-12~6,0,0,0,0 07-09~13,1,0,0,0 06-11~16,1,1,0,0 05-08~17,3,0,0,0 08-13~20,1,1,1,0 2026-07M~26,1,1,1,0 06-24~22,4,4,3,0 05-06~11,1,0,0,0 05-17~20,3,3,2,0 07-25~5,0,0,0,0 08-29~22,3,3,3,1 08-20~21,1,1,0,0 06-21~15,2,1,1,0 07-23~12,3,3,3,0 05-19~10,1,0,0,0 07-12~11,0,0,0,0 07-30~13,0,0,0,0 06-28~21,4,2,2,0 08-11~17,2,0,0,0 06-03~8,0,0,0,0 06-26~22,4,1,1,0 08-03~12,1,0,0,0 06-14~13,2,2,1,0 06-13~19,1,0,0,0 07-26~7,0,0,0,0 05-25~11,0,0,0,0 05-29~13,0,0,0,0 07-17~8,1,0,0,0 08-04~15,2,2,0,0 06-18~19,5,3,1,0 06-04~13,1,1,1,0 06-07~5,0,0,0,0 05-13~9,1,1,1,0 08-22~24,5,4,1,1 2026-08~121,56,41,29,13 05-03~13,0,0,0,0 05-01~14,1,0,0,0 2026-05~105,32,9,6,0 06-17~14,0,0,0,0 08-10~9,1,1,1,0 07-03~13,1,1,0,0 05-16~13,2,0,0,0 06-29~21,3,0,0,0 07-31~12,3,3,1,0 06-30~25,4,1,1,0 07-28~9,1,1,1,0 06-20~13,0,0,0,0 07-21~10,2,1,1,0 06-27~21,4,1,1,0 05-22~15,3,1,0,0 07-07~13,2,2,0,0 08-05~13,0,0,0,0 05-23~13,2,1,1,0 08-02~13,1,1,0,0 08-26~29,6,3,1,0 07-10~9,1,1,0,0 06-08~8,0,0,0,0 06-09~12,1,1,1,1 07-11~9,0,0,0,0 08-21~27,5,4,3,2 08-17~21,0,0,0,0 06-10~23,5,3,1,0 07-08~12,2,1,0,0 07-02~14,0,0,0,0 08-25~18,5,3,2,2 06-06~7,1,0,0,0 08-14~18,2,1,1,0 05-11~8,1,0,0,0 05-04~11,0,0,0,0 2026-09~44,11,7,3,3 05-02~14,0,0,0,0 08-30~17,0,0,0,0 07-27~5,0,0,0,0 2026-06M~13,2,0,0,0 05-26~8,0,0,0,0 05-15~14,1,0,0,0 08-08~10,1,1,1,0 08-23~29,3,3,1,1 07-14~15,1,0,0,0 07-15~8,0,0,0,0 07-06~15,2,1,0,0 06-05~9,0,0,0,0 08-27~20,1,0,0,0 07-16~10,1,1,1,0 06-02~8,1,0,0,0 08-15~21,2,2,1,0 all~421,198,120,83,23 05-10~11,1,0,0,0 06-25~16,1,0,0,0 05-27~8,1,0,0,0 06-22~13,0,0,0,0 06-01~11,1,0,0,0 07-19~10,0,0,0,0 08-07~11,1,1,1,0 08-01~13,1,1,0,0 05-20~13,5,2,1,0 07-20~7,0,0,0,0 07-05~8,0,0,0,0 07-13~13,2,1,0,0 05-09~16,0,0,0,0 06-15~16,0,0,0,0 07-18~8,1,0,0,0 08-06~12,1,0,0,0 07-04~19,1,0,0,0 08-18~19,1,0,0,0 2026-05M~19,1,0,0,0 08-09~11,1,1,0,0 07-29~89,35,21,16,1 sr~427,216 se~4099,765,150,5.4,4.27
Faroe Islands|05-21~1,0,0,0,0 05-02~1,0,0,0,0 05-04~1,0,0,0,0 08-07~1,0,0,0,0 05-29~1,0,0,0,0 all~7,2,2,1,0 05-05~1,0,0,0,0 05-13~1,0,0,0,0 05-19~1,0,0,0,0 05-03~1,0,0,0,0 2026-05M~1,0,0,0,0 05-10~1,0,0,0,0 2026-06~2,1,1,0,0 05-15~1,0,0,0,0 05-06~1,0,0,0,0 06-01~1,0,0,0,0 07-09~1,1,1,1,0 05-17~2,0,0,0,0 05-20~1,0,0,0,0 2026-06M~1,0,0,0,0 05-14~1,0,0,0,0 06-04~1,0,0,0,0 08-16~1,0,0,0,0 05-12~1,0,0,0,0 2026-05~3,0,0,0,0 05-23~2,0,0,0,0 05-11~1,0,0,0,0 05-08~1,0,0,0,0 05-18~1,0,0,0,0 05-01~1,0,0,0,0 05-16~1,0,0,0,0 05-27~1,0,0,0,0 05-30~1,0,0,0,0 05-31~1,0,0,0,0 05-28~1,0,0,0,0 2026-08~2,0,0,0,0 05-22~1,0,0,0,0 06-17~1,1,1,0,0 05-07~1,0,0,0,0 05-26~1,0,0,0,0 05-25~1,0,0,0,0 2026-07~1,1,1,1,0 05-24~1,0,0,0,0 05-09~1,0,0,0,0 se~258,2028,911,1.2,11.84
Fiji|06-11~1,0,0,0,0 06-25~1,1,1,0,0 06-27~2,0,0,0,0 2026-06M~1,0,0,0,0 06-02~1,0,0,0,0 all~7,1,1,0,0 2026-06~7,1,1,0,0 06-14~2,0,0,0,0
Finland|08-23~44,5,3,2,2 05-18~34,4,4,3,3 08-19~69,10,1,0,0 09-01~53,10,6,2,0 06-12~65,3,1,1,1 06-29~70,2,1,1,0 07-31~90,12,5,3,2 08-07~80,10,4,4,0 06-25~66,10,2,1,1 08-18~55,16,7,3,2 05-01~25,3,0,0,0 06-13~51,4,2,0,0 06-03~40,4,0,0,0 2026-07~1016,395,197,133,56 07-22~70,29,10,9,5 05-30~35,5,3,1,0 08-12~75,9,3,3,3 06-27~66,1,0,0,0 07-25~58,16,8,2,0 08-20~57,8,3,2,1 08-25~49,6,1,1,1 05-16~29,3,1,1,1 2026-06~688,110,54,24,13 07-20~56,16,5,2,1 08-26~58,15,9,4,3 06-06~41,5,3,1,1 2026-07M~168,10,5,4,1 07-12~48,8,0,0,0 06-30~82,1,1,1,1 07-28~111,25,9,4,1 07-01~91,5,3,3,1 06-19~65,2,1,1,1 07-02~117,5,2,1,0 2026-08M~147,24,9,3,0 09-02~51,13,2,2,1 05-06~38,3,0,0,0 06-24~66,8,3,0,0 08-17~57,10,1,0,0 07-17~57,13,5,3,1 06-16~92,4,3,2,0 08-02~85,12,4,3,0 05-17~24,1,1,1,0 06-15~66,3,1,0,0 05-09~27,0,0,0,0 07-04~107,4,2,1,0 05-03~34,5,0,0,0 05-19~34,4,3,2,1 07-23~66,26,11,6,1 05-28~55,3,1,0,0 05-21~31,4,1,1,1 05-04~44,12,0,0,0 06-22~53,3,2,1,0 06-09~65,10,6,1,1 07-11~52,8,4,2,2 2026-05~414,121,37,27,19 07-27~79,18,7,5,2 07-21~53,13,3,1,0 05-31~40,7,6,4,1 07-03~86,5,4,3,0 06-07~20,0,0,0,0 05-15~36,4,1,1,1 07-13~64,12,8,7,1 2026-08~923,286,112,72,34 08-08~65,4,3,2,1 05-26~27,4,3,3,2 05-25~33,6,2,1,1 07-29~100,23,5,2,1 07-30~111,22,10,7,2 06-28~64,2,1,1,0 07-06~65,5,4,0,0 06-21~49,2,1,0,0 08-14~55,11,5,3,1 06-10~92,4,4,1,0 07-08~73,24,11,10,7 08-15~52,3,1,0,0 05-08~42,6,0,0,0 07-24~72,22,9,6,3 06-23~54,4,3,1,0 05-14~37,5,4,3,2 08-30~30,7,2,0,0 08-31~45,14,7,5,3 08-13~78,21,3,1,0 05-12~27,4,0,0,0 2026-09~78,23,8,4,1 05-02~30,2,0,0,0 08-10~64,14,7,4,0 08-11~114,16,3,2,0 05-05~34,3,0,0,0 07-18~52,16,7,1,1 07-07~104,21,12,6,3 08-28~47,8,1,0,0 06-17~82,2,0,0,0 06-01~44,9,3,2,2 07-19~50,13,7,5,3 08-27~44,8,4,3,2 07-09~72,21,14,11,3 06-11~87,3,1,1,0 all~2612,887,403,264,125 06-14~63,4,1,0,0 05-24~28,1,0,0,0 05-11~37,10,0,0,0 06-26~69,5,1,0,0 08-21~53,6,3,1,1 06-20~49,4,3,0,0 07-15~65,14,4,2,1 08-05~80,11,4,2,0 06-04~94,1,1,1,0 06-18~60,3,0,0,0 2026-06M~76,20,10,7,5 07-05~83,7,4,2,2 08-06~83,13,9,5,1 05-27~37,3,1,1,1 08-03~78,15,4,4,1 08-16~59,10,2,1,0 2026-09M~78,23,8,4,1 08-22~47,5,1,0,0 05-20~35,2,1,1,1 08-24~47,9,3,2,1 08-01~84,12,5,0,0 05-10~26,1,0,0,0 05-07~41,9,0,0,0 08-04~80,12,3,3,0 06-05~49,2,2,1,1 07-10~60,15,4,1,1 06-08~47,3,2,1,1 2026-05M~42,5,0,0,0 07-14~73,22,10,9,2 05-23~37,1,1,0,0 08-29~42,11,7,3,1 07-16~66,15,6,3,0 08-09~60,2,0,0,0 06-02~56,11,7,5,3 07-26~62,21,6,5,1 05-29~41,1,0,0,0 05-22~44,6,3,2,2 05-13~32,3,0,0,0 sr~3133,2048 se~15374,840,81,8.8,3.49
France|05-22~7,3,2,1,0 05-01~4,0,0,0,0 2026-07M~13,0,0,0,0 08-27~12,0,0,0,0 07-13~8,3,2,1,1 08-13~13,1,1,0,0 06-30~9,2,0,0,0 07-28~47,1,0,0,0 07-24~7,1,1,1,1 08-01~33,0,0,0,0 05-18~4,0,0,0,0 08-17~27,3,1,1,0 07-12~5,1,1,0,0 08-12~21,2,0,0,0 07-02~9,0,0,0,0 08-06~41,2,0,0,0 2026-06M~8,0,0,0,0 05-07~4,0,0,0,0 06-23~9,2,1,1,0 08-26~16,1,0,0,0 05-29~4,2,1,1,0 2026-05M~5,0,0,0,0 07-26~6,1,1,0,0 06-24~9,1,0,0,0 2026-09~10,2,1,0,0 08-05~37,1,0,0,0 06-21~7,1,0,0,0 07-07~148,1,1,0,0 2026-05~58,24,13,8,3 06-13~8,0,0,0,0 06-29~14,2,2,0,0 07-31~54,1,0,0,0 08-04~30,0,0,0,0 07-18~24,1,1,1,0 06-03~4,0,0,0,0 08-25~14,1,0,0,0 08-03~29,1,0,0,0 07-25~7,3,3,1,0 08-14~24,4,0,0,0 06-16~14,0,0,0,0 07-17~20,3,2,2,1 05-06~6,0,0,0,0 08-24~16,0,0,0,0 07-14~9,2,2,0,0 05-10~4,2,0,0,0 06-05~5,1,0,0,0 06-22~12,0,0,0,0 05-31~7,0,0,0,0 05-13~2,0,0,0,0 07-23~11,1,0,0,0 06-10~11,0,0,0,0 07-08~8,1,0,0,0 08-21~25,2,1,0,0 06-26~5,1,1,0,0 06-20~11,0,0,0,0 05-28~8,5,3,1,1 all~1473,133,55,28,12 05-16~7,2,2,2,2 05-05~5,0,0,0,0 06-02~5,0,0,0,0 07-06~95,0,0,0,0 06-12~10,0,0,0,0 05-14~2,0,0,0,0 08-11~38,6,2,1,1 05-23~2,1,0,0,0 05-17~4,1,1,0,0 07-30~42,3,0,0,0 06-28~9,1,0,0,0 07-29~53,1,0,0,0 08-22~20,2,1,1,0 06-07~5,1,0,0,0 07-20~18,1,1,1,0 06-09~6,1,0,0,0 07-11~11,1,0,0,0 08-15~29,2,0,0,0 05-11~5,1,0,0,0 06-25~8,2,0,0,0 07-22~6,2,2,0,0 08-16~30,1,0,0,0 05-20~2,0,0,0,0 08-02~51,0,0,0,0 08-29~11,2,1,1,0 08-28~21,1,0,0,0 05-12~1,0,0,0,0 08-23~22,1,0,0,0 05-02~2,0,0,0,0 05-15~3,1,1,1,0 08-09~46,3,1,1,0 08-08~40,5,0,0,0 08-20~18,0,0,0,0 07-01~9,0,0,0,0 06-19~14,5,2,0,0 05-24~7,1,1,0,0 06-06~8,3,2,0,0 08-31~9,0,0,0,0 07-16~12,4,1,0,0 06-18~15,2,1,1,0 08-07~43,2,1,0,0 07-10~5,0,0,0,0 06-08~3,0,0,0,0 07-15~9,3,2,0,0 05-21~5,0,0,0,0 2026-07~584,37,22,10,5 05-08~5,1,0,0,0 07-27~37,3,1,1,0 2026-08~697,46,9,6,1 07-21~9,1,1,0,0 06-14~15,0,0,0,0 05-04~5,1,0,0,0 07-05~7,1,1,0,0 06-01~7,0,0,0,0 07-19~33,0,0,0,0 06-04~7,0,0,0,0 05-25~6,3,2,2,0 09-02~7,1,0,0,0 2026-09M~10,2,1,0,0 08-18~35,2,1,0,0 2026-06~170,27,10,3,1 05-09~5,0,0,0,0 08-19~21,2,0,0,0 09-01~6,1,1,0,0 07-04~7,0,0,0,0 05-19~3,1,0,0,0 07-09~6,1,1,0,0 06-11~17,1,1,1,1 06-15~18,1,0,0,0 2026-08M~82,0,0,0,0 08-30~8,0,0,0,0 06-17~10,0,0,0,0 08-10~55,3,0,0,0 07-03~9,0,0,0,0 06-27~4,1,0,0,0 05-03~4,0,0,0,0 05-26~3,0,0,0,0 05-30~4,0,0,0,0 05-27~3,0,0,0,0 sr~2196,1729 se~2935,585,22,28.9,3.8
French Guiana|07-29~1,0,0,0,0 08-11~1,0,0,0,0 2026-07~2,1,0,0,0 08-28~1,0,0,0,0 2026-08~10,0,0,0,0 08-04~2,0,0,0,0 08-15~2,0,0,0,0 06-06~1,1,0,0,0 08-05~2,0,0,0,0 08-06~1,0,0,0,0 2026-06~2,1,0,0,0 06-26~1,0,0,0,0 07-28~1,1,0,0,0 08-20~1,0,0,0,0 all~14,2,0,0,0
French Polynesia|05-17~2,1,1,0,0 05-23~1,0,0,0,0 08-28~1,0,0,0,0 06-16~1,0,0,0,0 all~17,3,1,1,0 2026-08~1,0,0,0,0 05-05~1,0,0,0,0 06-01~1,0,0,0,0 06-08~1,0,0,0,0 2026-05~10,3,1,1,0 2026-06M~1,0,0,0,0 2026-06~5,0,0,0,0 05-03~1,0,0,0,0 05-12~2,2,0,0,0 07-29~2,0,0,0,0 06-09~2,0,0,0,0 07-04~1,0,0,0,0 07-07~1,0,0,0,0 06-10~2,0,0,0,0 07-30~1,0,0,0,0 08-29~1,0,0,0,0 05-06~5,1,0,0,0 2026-07~4,0,0,0,0
Gabon|2026-08~12,0,0,0,0 07-20~2,0,0,0,0 07-19~2,0,0,0,0 2026-08M~2,0,0,0,0 07-18~1,0,0,0,0 08-09~1,0,0,0,0 08-20~1,0,0,0,0 08-11~1,0,0,0,0 08-24~1,0,0,0,0 07-27~1,0,0,0,0 08-15~3,0,0,0,0 07-17~2,0,0,0,0 08-02~2,0,0,0,0 08-03~1,0,0,0,0 07-09~1,0,0,0,0 2026-07~10,0,0,0,0 07-31~2,0,0,0,0 08-07~1,0,0,0,0 08-14~1,0,0,0,0 all~22,0,0,0,0
Gambia|07-09~1,0,0,0,0 06-11~1,0,0,0,0 2026-09M~2,0,0,0,0 08-18~1,0,0,0,0 08-05~3,0,0,0,0 07-10~1,0,0,0,0 06-08~2,0,0,0,0 08-19~1,0,0,0,0 09-01~2,0,0,0,0 08-20~1,0,0,0,0 08-12~1,0,0,0,0 06-17~1,0,0,0,0 07-21~1,0,0,0,0 08-31~1,0,0,0,0 07-07~1,0,0,0,0 07-25~1,0,0,0,0 05-31~1,0,0,0,0 2026-07~5,1,0,0,0 08-16~1,0,0,0,0 05-03~1,0,0,0,0 09-02~2,0,0,0,0 05-23~1,0,0,0,0 08-04~2,0,0,0,0 07-17~1,0,0,0,0 06-16~2,0,0,0,0 07-06~1,0,0,0,0 07-18~1,0,0,0,0 08-21~2,0,0,0,0 07-12~1,0,0,0,0 06-10~1,0,0,0,0 07-08~1,0,0,0,0 06-21~2,0,0,0,0 06-03~1,0,0,0,0 06-28~2,0,0,0,0 07-15~1,0,0,0,0 08-28~3,0,0,0,0 07-20~1,0,0,0,0 06-06~2,0,0,0,0 08-07~1,0,0,0,0 06-15~2,0,0,0,0 07-04~2,0,0,0,0 06-04~1,0,0,0,0 06-24~2,0,0,0,0 05-21~1,0,0,0,0 08-10~1,0,0,0,0 08-09~2,0,0,0,0 05-28~1,0,0,0,0 06-01~1,0,0,0,0 07-19~1,0,0,0,0 08-13~1,0,0,0,0 07-05~2,0,0,0,0 06-30~5,3,1,1,0 06-02~1,0,0,0,0 07-03~2,0,0,0,0 08-11~1,0,0,0,0 07-13~1,0,0,0,0 06-12~1,0,0,0,0 06-05~1,0,0,0,0 07-14~1,0,0,0,0 05-09~1,0,0,0,0 all~20,5,1,1,0 05-16~1,0,0,0,0 2026-09~2,0,0,0,0 08-29~1,0,0,0,0 2026-05M~1,0,0,0,0 06-23~2,0,0,0,0 08-27~2,0,0,0,0 06-22~1,0,0,0,0 08-25~1,0,0,0,0 2026-06~11,4,1,1,0 07-29~1,0,0,0,0 06-18~1,0,0,0,0 08-30~1,0,0,0,0 06-14~1,0,0,0,0 08-14~1,0,0,0,0 08-23~1,0,0,0,0 08-08~1,0,0,0,0 08-17~2,0,0,0,0 06-27~4,0,0,0,0 06-26~1,0,0,0,0 2026-07M~2,0,0,0,0 06-25~2,0,0,0,0 06-29~3,1,0,0,0 2026-05~4,0,0,0,0 07-01~2,0,0,0,0 06-19~2,0,0,0,0 07-16~2,1,0,0,0 06-09~2,0,0,0,0 07-11~1,0,0,0,0 05-01~1,0,0,0,0 2026-06M~2,0,0,0,0 08-26~2,0,0,0,0 2026-08~5,0,0,0,0 08-06~1,0,0,0,0 06-13~1,0,0,0,0 06-20~1,0,0,0,0 08-24~1,0,0,0,0 08-22~1,0,0,0,0
Georgia|08-07~78,23,12,0,0 09-02~89,20,10,8,0 all~4273,1279,553,166,24 07-15~77,11,0,0,0 08-23~22,1,0,0,0 06-01~123,29,21,2,0 07-19~38,4,0,0,0 05-25~84,26,7,2,1 07-12~26,1,0,0,0 2026-05~1391,423,124,29,5 06-27~57,7,0,0,0 07-06~92,13,4,1,0 05-14~97,26,15,1,0 06-12~118,27,16,8,2 06-03~139,35,17,3,1 07-01~122,19,4,3,0 06-19~71,10,6,2,0 08-04~90,21,9,3,0 08-01~34,3,0,0,0 05-10~37,2,0,0,0 08-13~77,12,6,2,0 08-08~26,1,0,0,0 07-04~38,1,0,0,0 08-02~28,5,1,1,0 06-22~100,13,4,0,0 07-13~76,18,9,4,0 06-14~45,2,0,0,0 07-25~21,2,1,0,0 07-26~16,2,0,0,0 08-18~92,11,1,0,0 2026-08M~60,8,1,1,0 05-17~27,1,0,0,0 07-16~91,20,5,1,0 05-22~109,34,10,0,0 07-18~44,5,0,0,0 07-09~108,23,11,3,0 06-11~156,33,9,2,0 08-29~26,1,0,0,0 08-26~63,5,1,0,0 08-19~78,9,3,3,0 09-01~116,40,26,13,0 07-29~99,21,9,2,0 07-20~87,13,4,0,0 05-27~136,40,18,5,0 07-07~90,18,6,3,0 08-11~129,12,1,1,0 05-05~99,22,0,0,0 05-20~98,23,2,1,0 06-06~46,2,0,0,0 08-09~24,1,0,0,0 05-12~51,1,0,0,0 07-03~77,15,3,1,0 07-05~29,1,0,0,0 05-15~148,51,27,3,0 06-09~138,43,21,8,0 07-11~37,4,1,1,0 07-27~72,8,3,3,0 06-23~85,7,3,1,0 05-31~30,1,0,0,0 05-29~219,62,36,6,1 05-09~41,2,0,0,0 05-02~36,3,0,0,0 05-01~123,20,0,0,0 06-15~111,10,2,0,0 07-14~113,20,6,1,1 2026-07~1021,298,127,39,5 07-22~79,13,5,0,0 06-05~121,24,2,0,0 08-30~19,2,0,0,0 08-31~106,37,20,6,0 08-28~32,2,1,0,0 06-18~91,12,10,2,1 06-07~48,7,0,0,0 05-30~48,2,0,0,0 07-10~88,21,12,3,0 06-08~133,41,15,3,0 05-11~107,26,0,0,0 08-14~78,8,1,0,0 06-10~115,29,12,5,1 07-08~106,25,16,0,0 08-15~31,0,0,0,0 08-17~89,17,8,5,0 05-26~47,6,0,0,0 05-28~120,25,3,1,0 05-21~82,16,5,1,0 06-24~116,27,15,8,6 05-19~87,20,6,1,1 07-23~89,9,3,0,0 2026-06M~188,48,31,3,0 06-25~104,17,12,1,0 2026-08~932,253,116,41,4 08-12~81,10,1,0,0 08-03~104,36,18,5,0 05-16~39,5,0,0,0 06-30~130,26,15,1,0 07-28~89,15,9,6,0 2026-09~162,54,36,23,0 06-17~100,15,7,3,2 06-02~107,21,11,2,0 08-05~77,14,4,2,0 2026-07M~176,34,10,5,1 06-04~147,33,6,2,0 06-29~98,10,6,2,0 07-31~97,17,4,2,1 08-21~70,11,1,0,0 06-20~58,5,0,0,0 06-13~48,6,1,1,0 07-24~81,11,2,0,0 07-21~89,18,7,0,0 08-16~33,4,0,0,0 2026-06~1453,421,195,60,17 08-22~20,0,0,0,0 05-18~100,14,3,3,0 05-03~39,1,0,0,0 08-27~54,7,4,2,0 08-10~75,8,7,1,0 05-08~92,16,0,0,0 08-06~78,20,13,3,0 05-04~128,34,0,0,0 08-25~66,13,5,3,0 06-16~86,15,4,1,1 05-23~45,4,1,0,0 2026-09M~162,54,36,23,0 08-20~63,11,5,0,0 08-24~78,21,15,5,1 06-21~43,4,0,0,0 05-24~40,3,0,0,0 07-30~82,19,10,2,0 06-28~59,9,0,0,0 05-07~99,20,0,0,0 2026-05M~146,23,0,0,0 06-26~99,15,3,2,2 07-02~96,19,6,2,0 07-17~101,21,8,2,0 05-13~110,25,4,2,0 05-06~131,33,0,0,0 sr~4410,1922 se~24268,762,29,21.6,4.74
Germany|07-23~567,46,12,5,1 07-19~45849,117,45,18,11 06-01~248,47,20,9,1 06-26~541,40,8,4,3 05-09~260,50,0,0,0 06-12~708,28,17,3,1 08-31~240,68,14,6,4 05-14~181,50,10,4,0 07-07~748,51,17,10,1 07-18~33096,118,53,28,20 05-08~230,20,0,0,0 06-16~362,39,27,6,2 06-13~524,33,23,14,5 05-31~264,48,19,13,1 06-07~297,42,24,5,0 05-27~212,43,25,8,3 05-03~282,28,0,0,0 08-22~401,112,18,11,1 06-27~609,35,8,3,1 07-12~862,83,46,29,17 08-25~315,101,17,11,0 07-20~23917,72,28,22,15 05-20~177,42,9,2,1 05-23~158,46,10,2,1 07-25~986,65,13,7,1 05-28~377,55,24,11,7 06-04~252,48,34,8,1 08-20~813,290,28,13,1 07-26~669,67,18,6,1 05-07~167,24,0,0,0 08-12~10666,1028,18,9,2 05-12~170,45,0,0,0 08-28~309,81,17,9,4 06-05~260,35,19,8,1 08-01~13976,786,56,34,4 2026-09M~325,84,21,9,2 08-02~13867,798,26,13,4 06-24~911,68,9,2,2 06-02~221,27,16,11,2 05-29~357,66,27,17,6 05-15~204,53,13,5,2 05-04~266,39,0,0,0 06-15~342,28,19,6,0 07-17~15883,165,26,10,7 08-17~5740,409,16,8,2 2026-05~3849,1213,271,140,49 05-24~175,64,17,6,2 07-02~843,31,7,2,0 06-25~658,73,20,6,0 05-13~145,36,2,1,1 05-30~256,50,16,6,1 08-04~10395,705,10,6,2 08-23~429,119,30,15,8 05-25~176,56,19,8,4 2026-07~198513,5309,641,357,174 08-11~12032,1605,21,11,4 06-20~281,29,15,7,2 08-27~281,82,12,4,1 08-21~648,213,22,11,2 05-16~174,41,10,6,1 08-03~11657,768,23,13,3 2026-08M~27633,1569,82,47,8 08-13~6330,824,30,13,4 all~385846,22640,2222,1147,413 07-08~697,37,17,5,1 06-10~582,47,28,10,3 2026-06M~395,73,36,20,3 05-11~218,40,0,0,0 08-29~248,74,15,7,4 08-30~251,66,9,5,0 05-01~254,21,0,0,0 06-23~2037,69,22,12,3 05-18~179,40,9,6,3 08-06~10420,704,24,11,2 07-14~503,47,25,14,8 08-08~11356,1221,25,10,2 07-15~817,83,32,18,12 06-14~344,33,18,6,0 08-24~397,118,19,7,4 05-02~287,18,0,0,0 06-17~293,37,27,6,0 06-03~341,38,14,9,0 06-28~832,68,13,7,1 07-30~14206,849,24,13,2 07-31~12831,776,24,17,3 06-29~537,43,9,2,0 2026-06~12332,1237,590,250,69 07-13~764,69,26,18,11 06-22~1653,53,20,11,4 06-08~229,25,11,5,2 07-10~699,48,18,7,1 07-11~713,42,14,7,2 06-09~389,42,19,3,0 06-21~270,26,15,7,0 08-18~5459,437,26,12,4 08-07~11511,1053,47,22,6 07-28~16498,867,9,2,1 06-30~782,49,18,5,1 09-01~219,61,11,4,1 08-19~1262,389,20,8,3 06-06~230,32,17,7,0 07-27~12168,518,19,8,2 08-09~11256,1093,17,7,1 2026-05M~475,39,0,0,0 05-26~148,39,11,6,3 2026-07M~1418,81,24,12,2 2026-08~174528,15069,716,357,99 07-21~5222,62,27,18,13 2026-09~325,84,21,9,2 05-21~157,38,10,7,2 08-15~8664,575,50,26,2 07-05~693,51,21,7,1 05-05~219,20,0,0,0 05-10~196,34,0,0,0 05-19~174,51,11,5,3 08-05~10239,665,16,6,3 05-06~164,24,0,0,0 07-06~624,25,6,3,0 07-03~620,60,18,9,3 07-16~509,68,27,14,11 07-22~415,41,15,8,2 07-24~681,43,11,4,2 06-19~349,53,31,10,4 07-01~720,50,17,9,2 07-04~620,22,4,1,0 06-18~340,63,44,24,18 08-10~12275,1443,16,2,0 08-14~5764,473,36,11,4 07-29~13785,853,20,3,1 08-16~8278,485,31,11,1 05-17~157,43,8,4,0 06-11~879,54,26,11,4 07-09~697,39,13,5,1 09-02~200,29,10,4,0 08-26~309,75,7,4,2 05-22~200,52,21,12,2 sr~388222,266617 se~466231,276,6,34.5,2.87
Ghana|07-13~2,0,0,0,0 07-30~6,1,0,0,0 06-28~6,4,0,0,0 08-21~2,0,0,0,0 2026-08~24,10,3,1,0 07-29~69,12,0,0,0 08-20~1,0,0,0,0 2026-09~1,0,0,0,0 08-19~1,0,0,0,0 09-01~1,0,0,0,0 07-18~5,3,0,0,0 05-06~1,0,0,0,0 06-26~10,4,1,0,0 06-04~2,0,0,0,0 05-08~1,1,0,0,0 08-04~4,1,0,0,0 08-01~4,1,1,1,0 05-14~2,0,0,0,0 05-05~1,0,0,0,0 06-27~7,5,0,0,0 08-24~1,1,0,0,0 07-21~2,1,1,0,0 08-18~1,0,0,0,0 2026-06~59,30,7,4,0 06-29~7,3,0,0,0 07-31~4,2,1,0,0 06-18~3,1,1,1,0 08-03~2,0,0,0,0 05-12~3,1,0,0,0 08-11~1,0,0,0,0 05-09~2,1,0,0,0 07-19~2,1,0,0,0 07-27~1,1,0,0,0 2026-09M~1,0,0,0,0 06-25~5,2,0,0,0 07-25~1,1,0,0,0 08-16~2,2,0,0,0 06-16~2,0,0,0,0 05-01~3,1,0,0,0 05-20~1,0,0,0,0 08-02~2,0,0,0,0 06-09~4,3,2,0,0 05-04~1,0,0,0,0 08-27~2,1,1,0,0 2026-07M~11,3,1,1,0 05-30~1,0,0,0,0 2026-05~27,9,1,1,0 05-27~1,0,0,0,0 all~208,74,14,7,0 08-17~1,0,0,0,0 05-31~2,1,1,1,0 07-02~3,2,1,1,0 07-03~1,0,0,0,0 08-05~1,0,0,0,0 05-24~1,1,0,0,0 06-14~1,1,1,1,0 08-06~2,1,0,0,0 06-21~1,1,0,0,0 05-03~2,0,0,0,0 05-16~1,1,0,0,0 08-09~1,1,0,0,0 2026-05M~7,2,0,0,0 05-10~2,0,0,0,0 05-07~1,1,0,0,0 2026-07~102,25,3,1,0 2026-08M~6,1,1,1,0 07-06~1,1,0,0,0 07-07~2,0,0,0,0 06-17~3,2,0,0,0 07-08~1,1,0,0,0 08-07~1,1,1,0,0 06-20~1,0,0,0,0 05-02~5,1,0,0,0 06-30~3,2,0,0,0 08-15~5,2,0,0,0 08-13~2,1,0,0,0 07-01~8,1,0,0,0 06-19~4,3,2,2,0 06-12~1,0,0,0,0 07-16~2,0,0,0,0 06-23~2,0,0,0,0 se~263,160,29,10.6,2.71
Gibraltar|2026-07~2,0,0,0,0 07-07~1,0,0,0,0 06-27~1,0,0,0,0 06-19~2,1,0,0,0 all~14,3,0,0,0 06-23~2,0,0,0,0 07-21~1,0,0,0,0 05-12~1,1,0,0,0 06-24~3,1,0,0,0 2026-06~8,2,0,0,0 06-20~1,0,0,0,0 08-23~1,0,0,0,0 08-31~1,0,0,0,0 2026-08~3,0,0,0,0 08-24~1,0,0,0,0 06-26~1,0,0,0,0 05-14~1,0,0,0,0 2026-05~2,1,0,0,0
Greece|05-30~12,1,0,0,0 08-28~15,0,0,0,0 06-02~11,2,1,1,1 05-19~4,2,2,0,0 07-07~17,0,0,0,0 05-14~4,0,0,0,0 08-12~15,0,0,0,0 06-03~8,0,0,0,0 05-18~5,0,0,0,0 07-22~13,2,1,1,1 07-10~9,1,0,0,0 06-08~6,0,0,0,0 2026-06M~16,2,1,1,1 08-23~18,0,0,0,0 05-01~7,2,0,0,0 2026-06~108,20,17,5,4 06-28~13,0,0,0,0 07-30~13,0,0,0,0 2026-08M~14,0,0,0,0 08-05~14,0,0,0,0 06-23~12,0,0,0,0 08-27~17,2,0,0,0 05-24~5,0,0,0,0 06-15~9,1,1,0,0 07-14~8,0,0,0,0 06-27~8,0,0,0,0 06-19~8,2,1,0,0 07-01~12,1,0,0,0 07-18~10,0,0,0,0 2026-05M~8,2,0,0,0 05-09~2,1,0,0,0 08-20~12,0,0,0,0 06-22~9,0,0,0,0 07-06~12,1,0,0,0 08-15~13,0,0,0,0 07-17~10,1,1,0,0 05-04~8,1,0,0,0 05-11~2,1,0,0,0 06-18~8,0,0,0,0 08-04~13,0,0,0,0 06-07~3,0,0,0,0 09-02~21,2,1,0,0 07-23~10,0,0,0,0 06-11~15,3,3,0,0 07-09~14,1,1,0,0 08-10~12,0,0,0,0 09-01~18,1,0,0,0 08-19~14,0,0,0,0 05-26~8,2,1,1,1 06-20~7,1,1,1,0 08-17~12,1,0,0,0 08-25~12,0,0,0,0 08-22~12,1,0,0,0 07-05~11,0,0,0,0 08-06~6,0,0,0,0 08-29~11,0,0,0,0 07-02~18,3,2,0,0 07-12~8,0,0,0,0 2026-07M~22,3,2,0,0 05-28~13,0,0,0,0 06-13~8,1,1,1,0 05-07~1,1,0,0,0 05-06~4,0,0,0,0 2026-07~105,17,9,6,2 07-11~7,0,0,0,0 06-09~10,6,6,0,0 08-07~8,1,0,0,0 08-26~14,0,0,0,0 06-21~10,1,0,0,0 05-08~5,0,0,0,0 05-23~6,0,0,0,0 05-22~6,0,0,0,0 05-20~4,0,0,0,0 08-18~13,0,0,0,0 08-01~9,0,0,0,0 07-13~12,1,0,0,0 05-29~5,0,0,0,0 08-11~13,0,0,0,0 08-08~89,1,0,0,0 05-03~7,2,0,0,0 05-02~3,0,0,0,0 06-04~9,0,0,0,0 08-16~12,1,1,0,0 06-17~5,0,0,0,0 07-25~8,0,0,0,0 07-27~10,1,1,1,0 05-25~6,1,1,1,1 07-08~8,0,0,0,0 06-10~8,0,0,0,0 2026-09M~27,3,1,0,0 06-26~15,0,0,0,0 08-21~12,2,0,0,0 06-14~8,1,1,0,0 06-25~18,0,0,0,0 08-02~12,0,0,0,0 2026-08~366,19,4,1,0 07-19~12,0,0,0,0 06-01~10,0,0,0,0 06-06~4,0,0,0,0 all~595,77,39,17,9 05-16~4,2,1,1,1 07-16~9,1,1,1,1 07-03~11,0,0,0,0 07-21~12,0,0,0,0 06-12~12,1,0,0,0 07-15~16,4,1,1,0 05-21~3,0,0,0,0 06-05~4,0,0,0,0 05-15~2,0,0,0,0 07-29~18,0,0,0,0 05-10~2,0,0,0,0 06-16~10,0,0,0,0 05-05~9,2,0,0,0 05-27~6,0,0,0,0 05-31~12,2,2,1,0 05-12~4,0,0,0,0 06-24~18,1,1,1,0 08-03~14,2,1,1,0 2026-09~27,3,1,0,0 08-14~70,1,0,0,0 05-17~3,0,0,0,0 05-13~4,1,1,1,0 08-13~22,2,0,0,0 08-30~56,2,2,0,0 07-28~11,0,0,0,0 06-30~17,1,1,1,1 07-24~10,1,0,0,0 07-04~17,0,0,0,0 2026-05~75,21,8,5,3 08-09~10,2,0,0,0 08-24~14,1,0,0,0 08-31~16,1,0,0,0 07-31~11,2,0,0,0 06-29~16,0,0,0,0 07-26~13,2,1,1,0 07-20~12,0,0,0,0 sr~682,296 se~2107,1266,69,7.8,23.58
Greenland|08-02~1,0,0,0,0 06-04~1,0,0,0,0 2026-06M~1,0,0,0,0 07-31~3,0,0,0,0 08-04~1,0,0,0,0 05-31~1,0,0,0,0 all~12,3,2,2,2 2026-07~8,3,2,2,2 06-01~1,0,0,0,0 06-11~1,0,0,0,0 06-05~1,0,0,0,0 07-26~1,0,0,0,0 08-14~1,0,0,0,0 08-05~1,0,0,0,0 07-22~2,1,1,1,1 07-28~1,0,0,0,0 2026-05~1,0,0,0,0 07-04~1,1,0,0,0 2026-07M~1,1,1,1,1 2026-08M~1,0,0,0,0 2026-06~4,0,0,0,0 08-03~1,0,0,0,0 08-12~1,0,0,0,0 07-23~1,0,0,0,0 09-01~1,0,0,0,0 08-13~1,0,0,0,0 09-02~1,0,0,0,0 07-01~1,1,1,1,1 08-17~1,0,0,0,0 06-22~1,0,0,0,0 2026-09~1,0,0,0,0 08-07~2,0,0,0,0 2026-08~2,0,0,0,0 2026-09M~1,0,0,0,0 08-06~1,0,0,0,0
Grenada|07-23~1,0,0,0,0 08-07~1,0,0,0,0 08-09~1,0,0,0,0 07-22~1,0,0,0,0 2026-07M~1,1,0,0,0 2026-08~2,0,0,0,0 all~7,1,0,0,0 07-19~1,0,0,0,0 06-26~1,0,0,0,0 07-01~1,1,0,0,0 2026-06~1,0,0,0,0 2026-07~4,1,0,0,0
Guadeloupe|07-04~1,0,0,0,0 08-13~1,0,0,0,0 06-21~2,0,0,0,0 07-17~1,0,0,0,0 07-26~1,0,0,0,0 08-31~1,0,0,0,0 08-22~1,0,0,0,0 06-20~1,0,0,0,0 08-30~1,0,0,0,0 07-27~2,0,0,0,0 06-27~1,0,0,0,0 05-17~1,0,0,0,0 06-19~2,0,0,0,0 07-16~1,0,0,0,0 08-01~1,0,0,0,0 05-24~1,0,0,0,0 07-07~1,0,0,0,0 08-10~1,0,0,0,0 05-10~1,0,0,0,0 07-02~2,0,0,0,0 09-01~2,0,0,0,0 06-16~1,0,0,0,0 05-18~1,0,0,0,0 06-24~1,0,0,0,0 08-28~1,0,0,0,0 08-16~1,0,0,0,0 07-01~2,0,0,0,0 07-28~2,0,0,0,0 08-24~1,0,0,0,0 06-25~1,0,0,0,0 08-02~1,0,0,0,0 06-22~2,0,0,0,0 06-17~2,0,0,0,0 08-23~3,0,0,0,0 08-03~1,0,0,0,0 08-25~1,0,0,0,0 07-23~1,0,0,0,0 2026-05~5,0,0,0,0 09-02~2,0,0,0,0 06-15~1,0,0,0,0 06-09~1,1,1,0,0 08-06~1,0,0,0,0 08-20~1,0,0,0,0 2026-09~2,0,0,0,0 2026-09M~2,0,0,0,0 07-30~2,0,0,0,0 08-27~2,1,0,0,0 08-05~3,0,0,0,0 2026-08~7,1,0,0,0 all~17,3,2,1,1 06-14~1,0,0,0,0 06-23~3,0,0,0,0 07-19~2,0,0,0,0 07-18~2,0,0,0,0 2026-08M~1,0,0,0,0 08-04~1,0,0,0,0 07-13~1,0,0,0,0 2026-07~5,0,0,0,0 06-28~1,0,0,0,0 06-29~1,0,0,0,0 07-20~1,0,0,0,0 08-07~2,0,0,0,0 07-10~1,0,0,0,0 08-08~2,0,0,0,0 06-26~1,0,0,0,0 06-13~1,1,1,1,0 06-18~3,0,0,0,0 08-29~2,0,0,0,0 2026-07M~3,0,0,0,0 07-06~2,0,0,0,0 05-11~1,0,0,0,0 07-25~1,0,0,0,0 07-22~1,0,0,0,0 08-26~1,0,0,0,0 07-31~2,0,0,0,0 07-29~2,0,0,0,0 07-21~2,0,0,0,0 06-30~1,0,0,0,0 05-20~1,0,0,0,0 08-12~1,0,0,0,0 07-05~1,0,0,0,0 07-03~1,0,0,0,0 08-19~1,0,0,0,0 08-21~2,0,0,0,0 2026-06~6,2,2,1,1 05-12~1,0,0,0,0 se~312,1842,240,5.8,4.1
Guam|06-25~3,2,0,0,0 05-16~1,1,1,0,0 07-02~1,0,0,0,0 07-30~1,0,0,0,0 08-10~1,0,0,0,0 06-23~2,0,0,0,0 08-13~1,0,0,0,0 2026-07M~1,0,0,0,0 08-09~1,0,0,0,0 2026-06~10,4,1,1,0 08-08~1,0,0,0,0 2026-05~3,1,1,0,0 08-18~2,0,0,0,0 08-21~1,0,0,0,0 06-13~1,0,0,0,0 06-09~1,1,0,0,0 05-28~1,0,0,0,0 08-05~3,0,0,0,0 08-04~1,0,0,0,0 08-06~2,0,0,0,0 05-22~1,0,0,0,0 08-25~2,0,0,0,0 08-24~1,0,0,0,0 05-21~1,0,0,0,0 2026-07~2,0,0,0,0 06-27~1,1,1,1,0 06-03~1,0,0,0,0 2026-08~9,1,1,1,0 08-07~1,0,0,0,0 07-16~1,0,0,0,0 08-23~1,0,0,0,0 06-24~1,0,0,0,0 08-17~2,0,0,0,0 08-11~1,1,1,1,0 all~20,6,3,2,0 06-06~1,0,0,0,0
Guatemala|07-05~1,0,0,0,0 06-25~1,0,0,0,0 08-07~1,0,0,0,0 07-30~1,0,0,0,0 07-15~1,0,0,0,0 2026-07~9,1,1,1,0 07-14~1,0,0,0,0 2026-08~7,1,1,1,1 all~42,16,9,4,1 06-13~1,0,0,0,0 05-28~1,0,0,0,0 07-02~1,1,1,1,0 08-17~1,0,0,0,0 05-08~3,1,0,0,0 05-27~1,0,0,0,0 07-01~1,0,0,0,0 06-10~1,0,0,0,0 08-20~1,0,0,0,0 06-28~2,0,0,0,0 05-03~1,0,0,0,0 08-09~2,0,0,0,0 07-19~2,0,0,0,0 06-26~7,1,1,1,0 06-30~2,0,0,0,0 08-19~1,1,1,1,1 2026-08M~1,0,0,0,0 2026-06~24,8,7,2,0 08-01~1,0,0,0,0 2026-05~10,6,0,0,0 06-09~5,4,4,0,0 06-07~1,0,0,0,0 05-07~2,1,0,0,0 08-13~1,0,0,0,0 06-14~2,1,0,0,0 05-31~1,0,0,0,0 2026-07M~2,1,1,1,0 05-10~5,4,0,0,0 06-27~2,1,1,1,0 07-04~1,0,0,0,0 06-23~1,0,0,0,0 06-17~3,1,1,0,0 05-24~2,0,0,0,0 06-11~4,0,0,0,0 05-11~1,0,0,0,0 05-09~1,1,0,0,0
Guernsey|all~4,1,0,0,0 06-09~1,1,0,0,0 06-03~1,0,0,0,0 05-29~1,0,0,0,0 06-13~1,0,0,0,0 05-22~1,0,0,0,0 05-30~1,0,0,0,0 07-24~1,0,0,0,0 2026-06~3,1,0,0,0 2026-05~1,0,0,0,0 05-23~1,0,0,0,0 2026-07~1,0,0,0,0 05-31~1,0,0,0,0 05-24~1,0,0,0,0 05-27~1,0,0,0,0 05-28~1,0,0,0,0 06-14~1,0,0,0,0 06-12~1,0,0,0,0 05-26~1,0,0,0,0 06-11~1,0,0,0,0
Guinea|08-02~1,0,0,0,0 06-25~2,0,0,0,0 2026-08~11,1,1,1,0 08-29~1,0,0,0,0 06-17~1,0,0,0,0 2026-07~3,1,1,1,0 06-26~2,0,0,0,0 08-05~1,0,0,0,0 08-13~3,0,0,0,0 2026-08M~1,1,1,1,0 08-03~1,0,0,0,0 07-31~1,0,0,0,0 06-29~2,1,0,0,0 06-27~1,1,0,0,0 08-15~1,0,0,0,0 08-06~1,0,0,0,0 08-14~2,0,0,0,0 06-13~1,1,0,0,0 2026-07M~2,1,1,1,0 all~22,7,3,2,0 06-28~2,2,1,0,0 2026-06~8,5,1,0,0 08-01~1,1,1,1,0 07-01~2,1,1,1,0 06-24~1,0,0,0,0 06-23~1,0,0,0,0 06-30~1,1,0,0,0
Guinea-Bissau|07-12~1,0,0,0,0 all~2,0,0,0,0 06-30~1,0,0,0,0 2026-06~1,0,0,0,0 2026-07~1,0,0,0,0
Guyana|06-28~1,1,1,0,0 07-30~1,1,0,0,0 08-22~2,2,1,1,0 07-14~3,0,0,0,0 08-08~12,1,1,1,0 07-01~2,0,0,0,0 07-24~2,1,1,0,0 08-01~4,2,0,0,0 08-12~5,4,1,0,0 08-21~1,0,0,0,0 08-04~3,2,1,1,0 07-26~1,1,0,0,0 08-02~5,3,0,0,0 06-26~1,0,0,0,0 08-26~1,0,0,0,0 2026-07M~2,0,0,0,0 08-10~2,1,0,0,0 2026-06~3,1,1,0,0 07-28~4,2,1,0,0 06-30~1,0,0,0,0 07-08~2,1,1,1,0 07-23~1,1,0,0,0 07-22~1,1,0,0,0 07-29~4,3,0,0,0 08-14~2,1,0,0,0 2026-08~49,21,5,3,0 2026-07~35,22,4,2,0 2026-08M~9,5,0,0,0 08-06~2,1,0,0,0 07-16~3,3,0,0,0 all~82,41,10,5,0 08-13~2,1,0,0,0 08-16~3,3,0,0,0 07-21~1,0,0,0,0 07-15~5,2,0,0,0 07-27~2,2,1,1,0 07-31~3,2,0,0,0 07-12~2,1,0,0,0 07-17~2,2,0,0,0 07-13~1,0,0,0,0 08-03~4,1,1,0,0 08-07~2,0,0,0,0 08-09~2,0,0,0,0
Haiti|2026-08~2,0,0,0,0 2026-06~1,1,1,0,0 07-05~2,1,0,0,0 08-06~2,0,0,0,0 2026-05~2,2,0,0,0 all~10,5,2,0,0 07-04~1,0,0,0,0 2026-07M~1,0,0,0,0 07-22~1,1,1,0,0 05-26~1,1,0,0,0 05-10~1,1,0,0,0 07-01~1,0,0,0,0 2026-07~6,2,1,0,0 06-24~1,1,1,0,0 07-03~1,0,0,0,0
Honduras|08-31~1,0,0,0,0 06-13~1,1,1,0,0 08-09~4,0,0,0,0 2026-09~1,0,0,0,0 07-18~1,1,0,0,0 08-24~1,0,0,0,0 08-13~3,0,0,0,0 06-30~2,1,1,1,0 07-24~1,0,0,0,0 07-01~1,0,0,0,0 2026-07M~2,0,0,0,0 06-12~1,0,0,0,0 08-21~1,0,0,0,0 07-21~1,0,0,0,0 06-20~1,0,0,0,0 2026-08M~1,0,0,0,0 08-03~1,0,0,0,0 06-09~3,3,3,0,0 07-11~2,1,1,0,0 2026-08~11,2,2,2,1 07-25~1,0,0,0,0 07-30~1,0,0,0,0 06-28~1,1,1,1,0 06-26~2,2,2,1,0 07-02~1,0,0,0,0 08-25~1,0,0,0,0 08-26~1,0,0,0,0 07-31~1,0,0,0,0 08-28~1,0,0,0,0 06-27~1,1,1,1,0 05-04~1,1,0,0,0 06-16~2,2,2,1,0 07-23~1,0,0,0,0 all~37,16,14,8,1 07-19~3,1,1,1,0 2026-05~3,1,0,0,0 08-20~1,0,0,0,0 08-02~1,0,0,0,0 08-14~2,0,0,0,0 05-26~1,0,0,0,0 08-19~2,2,2,2,1 09-01~1,0,0,0,0 07-20~1,0,0,0,0 2026-06~13,10,10,5,0 2026-07~14,3,2,1,0 05-08~1,0,0,0,0 2026-09M~1,0,0,0,0
Hong Kong|08-14~16,0,0,0,0 06-28~14,2,2,0,0 07-14~16,1,0,0,0 06-09~21,7,5,1,0 08-05~12,0,0,0,0 08-16~31,1,1,1,1 08-21~7,0,0,0,0 05-07~8,1,0,0,0 08-01~17,1,0,0,0 07-21~16,3,0,0,0 05-10~7,0,0,0,0 06-07~16,0,0,0,0 07-04~14,2,1,1,0 06-04~14,2,1,1,1 05-09~9,2,0,0,0 05-02~11,1,0,0,0 2026-07~243,60,42,12,4 08-25~11,1,1,0,0 08-30~17,1,1,1,0 05-22~15,2,0,0,0 07-05~15,2,0,0,0 08-15~17,1,0,0,0 06-24~13,4,1,1,0 06-14~16,0,0,0,0 08-26~12,0,0,0,0 2026-07M~22,3,1,0,0 08-24~22,0,0,0,0 2026-08~236,33,20,15,10 05-29~10,2,1,1,0 07-25~8,1,1,0,0 05-14~13,1,1,1,1 07-02~17,2,0,0,0 07-22~16,2,2,0,0 05-28~17,1,0,0,0 05-08~15,1,0,0,0 06-10~25,4,4,1,0 07-24~16,2,2,2,1 2026-06M~20,4,3,2,0 07-12~36,3,1,0,0 07-16~27,1,1,0,0 06-29~11,2,2,1,1 08-11~17,3,2,0,0 05-23~10,2,1,1,0 06-02~14,3,2,1,0 07-13~14,3,1,0,0 08-09~11,0,0,0,0 05-26~6,0,0,0,0 07-26~10,2,1,0,0 05-17~12,0,0,0,0 07-06~12,2,2,2,0 07-18~32,2,1,0,0 06-25~13,1,0,0,0 all~753,164,98,46,18 08-06~13,0,0,0,0 05-19~15,0,0,0,0 08-28~14,1,1,1,1 05-21~14,1,1,1,0 07-10~15,1,1,1,0 05-31~8,0,0,0,0 05-06~13,1,0,0,0 06-30~15,1,1,0,0 06-01~9,1,1,1,0 06-17~10,0,0,0,0 08-31~13,2,1,1,0 05-12~11,2,0,0,0 09-02~18,2,0,0,0 08-12~12,2,2,2,1 07-20~23,4,2,1,0 08-18~14,1,0,0,0 07-08~16,1,0,0,0 07-03~11,0,0,0,0 07-31~13,0,0,0,0 05-25~13,1,1,1,0 05-04~15,1,0,0,0 06-21~12,0,0,0,0 08-08~12,1,1,0,0 07-19~38,0,0,0,0 08-19~19,2,2,2,1 05-03~8,1,0,0,0 06-03~13,1,1,1,0 06-08~20,2,0,0,0 05-15~12,0,0,0,0 07-27~9,0,0,0,0 06-13~12,0,0,0,0 2026-08M~27,2,1,1,0 06-19~17,1,0,0,0 08-10~10,2,0,0,0 08-22~13,3,2,2,2 06-18~18,2,1,1,1 06-11~24,1,0,0,0 07-09~29,16,16,0,0 07-17~29,2,2,0,0 06-16~12,2,1,1,0 05-16~9,0,0,0,0 08-20~34,2,1,0,0 08-23~14,2,2,1,0 08-13~12,1,1,1,1 2026-09~53,4,1,0,0 08-29~17,0,0,0,0 08-02~17,1,1,1,0 07-01~14,1,1,0,0 07-29~21,3,2,2,0 06-05~16,1,1,0,0 05-24~11,1,0,0,0 08-17~24,3,1,1,1 2026-05M~20,1,0,0,0 07-11~13,0,0,0,0 07-28~12,0,0,0,0 2026-05~144,29,6,5,1 06-22~9,0,0,0,0 05-05~16,1,0,0,0 06-12~22,4,1,1,0 06-23~10,0,0,0,0 05-20~13,1,1,0,0 06-15~12,1,0,0,0 2026-09M~53,4,1,0,0 06-27~16,3,2,0,0 08-04~19,2,0,0,0 05-27~6,0,0,0,0 05-13~18,3,0,0,0 05-01~12,0,0,0,0 07-23~11,2,1,0,0 07-15~16,4,3,0,0 07-07~21,0,0,0,0 07-30~17,2,1,1,0 05-11~12,0,0,0,0 09-01~42,3,1,0,0 06-20~14,0,0,0,0 08-07~14,0,0,0,0 06-06~12,1,1,1,0 06-26~15,2,2,1,0 08-27~11,1,1,1,0 08-03~15,0,0,0,0 05-30~10,1,0,0,0 2026-06~176,44,29,13,3 05-18~11,1,0,0,0 sr~925,690 se~3069,537,66,13.9,3.09
Hungary|06-13~65,6,3,3,0 06-29~104,5,3,3,0 07-31~79,4,2,1,0 07-16~115,30,10,8,4 05-21~47,6,3,2,0 08-22~65,5,4,1,0 07-22~65,4,2,2,1 08-19~76,3,2,1,1 09-01~86,5,4,1,0 08-15~78,7,2,1,0 07-30~87,3,3,3,1 06-28~102,1,1,0,0 05-20~50,4,1,0,0 07-26~87,6,4,3,0 2026-09M~108,6,5,1,0 08-23~65,5,3,1,0 07-23~95,28,13,9,0 05-19~72,22,6,3,1 07-17~81,6,3,1,0 07-03~135,3,0,0,0 08-06~79,0,0,0,0 06-22~96,4,4,2,0 08-17~70,1,1,0,0 06-10~156,11,5,2,1 07-08~92,9,6,3,1 05-08~69,9,0,0,0 06-15~110,5,3,1,0 06-07~86,8,4,1,0 07-04~168,6,2,1,0 08-08~84,4,4,2,1 06-16~91,3,2,0,0 05-04~44,6,0,0,0 05-23~49,5,3,1,0 2026-07~1221,279,155,98,40 08-29~71,3,3,1,0 07-14~82,6,1,1,0 09-02~73,1,1,0,0 05-01~61,8,0,0,0 08-14~80,9,4,3,0 2026-06~1180,154,92,46,8 08-05~89,6,3,2,0 07-25~81,7,3,2,0 06-27~99,2,2,2,0 08-26~84,0,0,0,0 07-15~99,7,3,2,1 05-24~47,3,2,2,0 08-25~92,14,12,4,3 05-18~50,8,4,2,0 06-05~69,7,4,1,0 05-03~58,4,0,0,0 2026-07M~303,10,5,5,1 2026-08~625,161,101,52,24 08-12~79,6,4,4,3 05-11~62,2,0,0,0 07-05~163,3,1,0,0 07-10~84,8,3,2,1 06-08~62,5,4,2,0 08-09~91,4,2,1,1 07-06~172,6,4,2,1 07-20~68,2,1,0,0 05-16~42,2,1,1,0 07-02~213,5,1,1,0 08-01~85,5,3,1,0 08-18~74,4,3,1,1 05-29~93,11,6,2,1 07-13~104,18,8,7,4 05-30~107,7,4,2,0 08-11~87,2,0,0,0 06-24~108,5,3,2,2 08-20~64,4,0,0,0 06-25~120,6,4,1,0 07-24~81,5,2,1,0 08-13~94,8,3,0,0 07-27~80,6,3,2,0 05-02~55,5,0,0,0 07-18~86,6,6,5,4 08-04~84,3,1,1,0 06-01~80,7,3,2,0 07-19~87,3,3,3,1 06-03~70,5,4,3,0 06-23~105,9,3,1,0 05-28~139,9,5,2,0 07-12~97,2,1,0,0 2026-08M~121,11,7,3,0 06-20~93,8,3,1,0 06-21~93,5,2,2,0 05-27~65,6,4,1,0 06-09~105,11,7,1,0 07-11~130,38,20,13,2 all~2936,738,409,242,84 08-30~71,3,3,0,0 06-18~86,6,5,2,0 08-27~91,7,5,1,1 05-17~50,4,2,2,1 08-31~71,3,2,1,0 05-10~58,4,0,0,0 06-06~62,6,4,3,1 06-17~91,5,3,0,0 08-21~103,33,21,7,4 05-05~51,7,0,0,0 08-24~73,5,3,3,2 05-06~40,1,0,0,0 08-03~71,5,1,1,1 08-16~69,6,0,0,0 07-09~126,47,38,12,9 06-11~149,3,2,0,0 05-09~66,7,0,0,0 08-10~82,2,2,1,0 05-22~83,6,4,1,0 05-25~56,3,2,0,0 08-07~88,3,3,2,1 08-28~87,5,3,1,0 05-31~98,9,4,3,1 06-02~79,7,4,1,0 2026-09~108,6,5,1,0 05-26~43,4,2,0,0 05-12~56,3,0,0,0 2026-05M~87,13,0,0,0 06-26~111,3,2,1,0 06-04~85,2,1,1,1 06-12~119,5,4,0,0 06-14~87,3,1,1,0 2026-05~597,175,60,34,9 07-29~116,12,3,1,0 05-07~57,6,0,0,0 08-02~74,6,4,2,0 06-30~147,1,0,0,0 07-28~78,8,5,2,2 07-07~144,1,1,0,0 05-15~50,8,4,4,2 05-13~49,4,2,1,0 07-01~143,6,4,4,1 06-19~96,6,2,0,0 07-21~72,4,1,0,0 05-14~43,3,0,0,0 2026-06M~124,14,7,3,0 sr~3046,1572 se~22027,723,89,7.1,3.81
Iceland|05-15~3,0,0,0,0 08-14~1,0,0,0,0 07-07~6,0,0,0,0 08-07~4,1,0,0,0 06-24~4,0,0,0,0 06-28~3,0,0,0,0 07-30~6,1,1,0,0 08-15~3,0,0,0,0 06-23~4,0,0,0,0 08-03~4,0,0,0,0 07-06~7,0,0,0,0 08-06~5,0,0,0,0 07-16~3,0,0,0,0 08-12~3,0,0,0,0 2026-08~24,6,4,2,0 05-13~3,0,0,0,0 08-26~3,0,0,0,0 07-23~6,0,0,0,0 07-28~3,0,0,0,0 06-30~5,1,0,0,0 all~76,27,15,2,0 08-28~3,0,0,0,0 08-21~1,0,0,0,0 08-11~4,1,1,1,0 07-13~3,0,0,0,0 06-07~1,0,0,0,0 06-22~2,0,0,0,0 07-25~4,0,0,0,0 08-10~4,0,0,0,0 06-14~3,0,0,0,0 06-17~3,0,0,0,0 08-31~4,0,0,0,0 08-17~1,0,0,0,0 2026-08M~4,0,0,0,0 06-27~3,0,0,0,0 07-31~4,0,0,0,0 06-29~2,0,0,0,0 07-20~2,0,0,0,0 09-02~2,0,0,0,0 06-02~2,0,0,0,0 07-03~4,1,1,0,0 05-12~4,0,0,0,0 08-30~4,0,0,0,0 2026-06M~2,0,0,0,0 2026-09~5,0,0,0,0 06-18~5,1,0,0,0 05-04~2,0,0,0,0 2026-07M~6,0,0,0,0 06-11~2,0,0,0,0 07-09~8,0,0,0,0 05-14~1,0,0,0,0 2026-05~20,6,1,0,0 05-25~2,0,0,0,0 05-07~2,0,0,0,0 05-09~4,2,0,0,0 06-04~2,0,0,0,0 08-20~1,0,0,0,0 2026-05M~4,0,0,0,0 05-02~2,0,0,0,0 06-20~4,0,0,0,0 05-11~3,1,0,0,0 06-16~2,1,0,0,0 07-12~4,0,0,0,0 05-18~2,0,0,0,0 06-06~3,2,2,0,0 08-23~1,0,0,0,0 05-20~1,0,0,0,0 08-05~4,0,0,0,0 2026-06~34,12,7,0,0 05-28~2,0,0,0,0 05-03~3,0,0,0,0 08-27~1,0,0,0,0 07-24~3,0,0,0,0 06-25~3,1,0,0,0 06-13~4,0,0,0,0 09-01~5,0,0,0,0 08-19~3,0,0,0,0 07-05~2,0,0,0,0 08-18~3,0,0,0,0 08-01~3,0,0,0,0 05-05~4,0,0,0,0 07-29~6,0,0,0,0 08-02~3,0,0,0,0 05-19~3,1,1,0,0 06-21~4,0,0,0,0 08-16~2,0,0,0,0 2026-09M~5,0,0,0,0 07-21~6,0,0,0,0 05-06~2,0,0,0,0 05-16~4,0,0,0,0 05-01~3,0,0,0,0 05-08~2,0,0,0,0 07-15~5,0,0,0,0 05-30~1,0,0,0,0 06-12~3,0,0,0,0 08-25~1,0,0,0,0 07-02~4,0,0,0,0 07-14~3,0,0,0,0 05-27~3,0,0,0,0 05-26~2,0,0,0,0 08-13~3,0,0,0,0 07-04~5,0,0,0,0 06-19~3,0,0,0,0 07-01~6,0,0,0,0 05-29~3,0,0,0,0 07-26~4,0,0,0,0 07-18~3,0,0,0,0 05-10~2,2,0,0,0 08-08~3,0,0,0,0 07-11~4,0,0,0,0 06-09~3,3,3,0,0 07-22~4,0,0,0,0 06-15~2,0,0,0,0 07-08~4,0,0,0,0 06-10~3,1,1,0,0 05-23~2,0,0,0,0 05-22~1,0,0,0,0 05-31~3,0,0,0,0 05-21~2,0,0,0,0 08-29~3,0,0,0,0 07-27~5,1,1,0,0 08-09~3,0,0,0,0 06-08~2,0,0,0,0 07-10~5,0,0,0,0 06-05~1,0,0,0,0 08-22~5,1,1,1,0 07-19~4,0,0,0,0 06-01~2,0,0,0,0 08-24~8,3,2,0,0 06-03~3,1,0,0,0 08-04~5,0,0,0,0 07-17~4,0,0,0,0 05-17~1,0,0,0,0 05-24~3,1,0,0,0 2026-07~25,3,3,0,0 06-26~6,2,1,0,0 se~588,1231,250,6.3,4.99
India|07-05~8,1,1,1,0 06-27~12,1,1,1,0 07-18~49,1,0,0,0 2026-05~158,1,1,0,0 08-17~17,1,1,0,0 all~860,40,20,7,0 07-21~3,0,0,0,0 06-26~11,0,0,0,0 08-10~4,0,0,0,0 06-30~6,0,0,0,0 07-28~12,1,1,1,0 05-17~5,0,0,0,0 06-21~8,0,0,0,0 05-01~6,0,0,0,0 05-25~6,0,0,0,0 08-04~10,0,0,0,0 06-01~6,0,0,0,0 07-19~75,0,0,0,0 06-15~8,0,0,0,0 08-08~5,0,0,0,0 08-19~31,1,0,0,0 09-01~22,2,1,0,0 08-03~8,2,0,0,0 07-06~10,0,0,0,0 05-06~5,0,0,0,0 05-05~8,0,0,0,0 07-03~9,0,0,0,0 06-09~6,0,0,0,0 07-11~6,0,0,0,0 06-12~13,0,0,0,0 06-22~10,0,0,0,0 08-06~10,1,1,0,0 06-18~7,0,0,0,0 05-21~5,0,0,0,0 08-11~3,0,0,0,0 2026-07~282,9,5,4,0 06-23~16,0,0,0,0 08-27~30,3,1,0,0 08-24~21,2,0,0,0 06-02~8,0,0,0,0 06-24~12,0,0,0,0 08-14~23,1,1,0,0 09-02~22,1,0,0,0 2026-08~298,25,12,2,0 05-22~6,0,0,0,0 06-29~13,0,0,0,0 07-31~10,2,0,0,0 08-31~17,1,1,1,0 08-28~29,1,1,0,0 05-02~8,0,0,0,0 07-24~7,1,1,1,0 06-03~4,0,0,0,0 05-16~6,0,0,0,0 08-22~15,1,0,0,0 08-05~13,1,0,0,0 07-13~14,0,0,0,0 05-03~4,0,0,0,0 06-13~9,0,0,0,0 06-06~7,0,0,0,0 08-01~8,0,0,0,0 08-07~9,0,0,0,0 08-13~9,1,0,0,0 2026-07M~10,0,0,0,0 05-30~7,0,0,0,0 08-25~15,0,0,0,0 06-10~13,0,0,0,0 07-08~10,1,1,0,0 05-18~4,0,0,0,0 06-14~13,0,0,0,0 08-16~23,0,0,0,0 05-27~6,0,0,0,0 06-05~6,0,0,0,0 08-20~32,2,1,0,0 2026-08M~12,1,1,1,0 08-02~6,1,1,1,0 05-24~6,0,0,0,0 07-29~15,1,1,1,0 08-12~7,0,0,0,0 06-25~14,0,0,0,0 07-16~11,0,0,0,0 07-17~37,0,0,0,0 07-15~8,0,0,0,0 05-26~5,0,0,0,0 06-04~5,0,0,0,0 05-29~9,0,0,0,0 06-07~8,0,0,0,0 2026-09M~38,3,1,0,0 08-21~33,1,1,0,0 06-16~9,1,0,0,0 08-29~23,1,0,0,0 05-19~6,0,0,0,0 2026-05M~14,0,0,0,0 05-10~5,0,0,0,0 05-12~9,0,0,0,0 07-10~10,0,0,0,0 06-08~7,0,0,0,0 06-20~13,0,0,0,0 07-01~7,0,0,0,0 06-19~8,0,0,0,0 05-08~6,0,0,0,0 08-18~34,2,1,0,0 07-07~7,0,0,0,0 05-07~6,0,0,0,0 2026-06~166,2,1,1,0 07-23~5,0,0,0,0 05-23~5,0,0,0,0 2026-09~38,3,1,0,0 08-09~6,0,0,0,0 05-14~7,0,0,0,0 08-26~28,2,1,0,0 08-23~17,0,0,0,0 05-20~6,0,0,0,0 2026-06M~13,0,0,0,0 07-14~11,0,0,0,0 05-28~6,0,0,0,0 07-20~32,0,0,0,0 07-25~6,0,0,0,0 07-30~12,1,0,0,0 06-28~9,0,0,0,0 07-12~10,0,0,0,0 07-04~8,0,0,0,0 07-02~8,0,0,0,0 07-27~10,0,0,0,0 05-09~5,0,0,0,0 07-22~7,0,0,0,0 07-26~3,0,0,0,0 07-09~8,0,0,0,0 06-11~8,0,0,0,0 05-11~9,0,0,0,0 06-17~8,0,0,0,0 08-30~46,0,0,0,0 05-31~6,1,1,0,0 08-15~27,0,0,0,0 05-04~5,0,0,0,0 05-13~4,0,0,0,0 05-15~5,0,0,0,0 sr~1005,511 se~3529,610,7,21.8,2.1
Indonesia|2026-06M~75,14,12,0,0 05-08~69,5,0,0,0 08-24~12,0,0,0,0 2026-08~108,11,5,1,0 05-29~39,9,6,0,0 05-14~31,7,6,3,0 2026-09~26,1,0,0,0 06-30~5,1,1,1,1 05-11~38,7,0,0,0 09-01~18,0,0,0,0 05-27~41,7,6,4,0 08-08~2,0,0,0,0 05-24~25,2,1,0,0 06-29~6,0,0,0,0 06-22~11,0,0,0,0 08-04~2,1,1,1,0 07-04~1,0,0,0,0 07-03~2,0,0,0,0 07-15~1,0,0,0,0 2026-09M~26,1,0,0,0 06-02~43,8,5,0,0 07-25~1,0,0,0,0 05-04~6,0,0,0,0 07-16~3,0,0,0,0 07-14~2,2,2,1,1 06-09~61,14,14,0,0 06-12~59,6,6,3,0 07-05~3,0,0,0,0 08-15~13,0,0,0,0 08-03~1,0,0,0,0 08-12~1,0,0,0,0 06-08~49,7,7,4,0 06-28~3,1,0,0,0 2026-06~721,285,254,84,5 05-30~31,1,0,0,0 08-14~11,0,0,0,0 08-22~11,0,0,0,0 08-26~7,0,0,0,0 05-09~69,5,0,0,0 07-21~3,0,0,0,0 06-03~43,3,3,0,0 05-22~43,11,8,2,0 06-19~124,49,42,19,0 08-23~10,0,0,0,0 06-06~48,11,8,3,0 08-16~8,1,1,0,0 08-06~2,0,0,0,0 08-28~13,2,0,0,0 05-05~27,13,0,0,0 06-13~43,6,4,3,0 08-07~2,0,0,0,0 07-18~3,0,0,0,0 06-16~47,7,5,1,0 06-14~38,7,6,2,0 06-01~46,7,7,0,0 08-20~17,2,2,0,0 06-11~135,30,28,9,0 06-26~8,1,1,0,0 05-10~67,4,0,0,0 05-21~33,13,11,4,1 07-01~3,0,0,0,0 05-19~15,1,1,0,0 05-13~32,8,5,1,0 07-06~2,0,0,0,0 07-22~3,0,0,0,0 2026-05~488,200,86,32,2 07-28~4,0,0,0,0 05-17~12,1,1,1,0 06-05~43,14,12,0,0 06-24~7,0,0,0,0 05-01~15,3,0,0,0 08-29~6,0,0,0,0 06-23~8,0,0,0,0 05-23~21,4,3,0,0 05-28~52,9,7,0,0 2026-05M~20,3,0,0,0 08-17~12,0,0,0,0 06-18~39,4,4,2,1 07-20~2,0,0,0,0 07-12~4,0,0,0,0 05-31~48,9,7,3,0 08-27~15,0,0,0,0 2026-07M~4,0,0,0,0 07-10~1,0,0,0,0 07-13~1,0,0,0,0 07-09~6,3,1,0,0 all~1211,491,345,126,8 07-19~3,0,0,0,0 08-31~8,1,0,0,0 08-19~8,0,0,0,0 05-25~41,8,7,2,0 06-04~52,27,25,1,0 08-21~13,1,0,0,0 08-18~7,0,0,0,0 05-02~11,0,0,0,0 06-25~8,0,0,0,0 05-03~17,3,0,0,0 08-30~11,2,1,0,0 05-07~65,6,0,0,0 05-15~26,4,3,0,0 06-07~40,6,4,1,0 06-21~12,2,1,0,0 08-13~1,0,0,0,0 05-16~24,7,5,2,0 08-25~7,1,0,0,0 2026-07~33,6,3,1,1 05-12~19,4,0,0,0 09-02~13,1,0,0,0 07-02~2,0,0,0,0 06-17~34,5,3,0,0 05-26~23,8,5,0,0 05-06~66,41,0,0,0 07-17~6,1,0,0,0 07-07~2,0,0,0,0 05-18~29,2,1,0,0 06-15~45,5,5,2,0 08-05~3,0,0,0,0 05-20~16,4,2,2,0 06-10~130,30,29,6,0 06-20~91,42,37,12,0 sr~1262,659 se~4037,395,67,11.5,2.73
Iran|08-08~2,1,0,0,0 08-15~1,0,0,0,0 07-30~2,0,0,0,0 07-09~1,1,1,0,0 2026-07M~2,0,0,0,0 08-20~1,0,0,0,0 07-31~1,0,0,0,0 2026-08M~1,0,0,0,0 07-28~1,0,0,0,0 2026-08~12,1,0,0,0 07-19~1,0,0,0,0 2026-07~11,1,1,0,0 08-05~1,0,0,0,0 07-02~2,0,0,0,0 08-24~1,0,0,0,0 all~23,2,1,0,0 08-12~1,0,0,0,0 07-29~1,0,0,0,0 08-09~2,1,0,0,0 08-04~3,0,0,0,0 08-02~1,0,0,0,0 07-27~2,0,0,0,0
Iraq|08-31~3,0,0,0,0 06-02~2,2,1,1,0 07-14~2,2,0,0,0 08-12~14,0,0,0,0 06-21~2,0,0,0,0 05-26~2,2,0,0,0 2026-06~23,11,4,4,0 07-31~11,1,0,0,0 08-14~3,1,0,0,0 06-27~2,0,0,0,0 05-31~1,0,0,0,0 2026-06M~3,2,1,1,0 all~348,42,8,6,0 07-29~15,0,0,0,0 07-30~8,0,0,0,0 07-26~1,0,0,0,0 08-03~9,0,0,0,0 06-30~3,3,0,0,0 2026-07~124,8,1,0,0 05-24~2,1,0,0,0 08-09~8,0,0,0,0 06-20~2,2,1,1,0 08-13~5,0,0,0,0 07-07~1,0,0,0,0 06-11~1,0,0,0,0 08-22~3,0,0,0,0 07-25~2,0,0,0,0 05-06~3,2,0,0,0 05-23~2,1,1,1,0 05-11~5,1,0,0,0 07-19~25,2,1,0,0 06-08~1,0,0,0,0 07-20~5,0,0,0,0 08-05~8,0,0,0,0 05-28~1,1,0,0,0 06-25~3,0,0,0,0 08-16~1,0,0,0,0 08-07~8,0,0,0,0 06-14~1,1,1,1,0 08-27~3,0,0,0,0 07-02~2,0,0,0,0 2026-09~2,0,0,0,0 08-30~1,1,0,0,0 05-01~2,0,0,0,0 07-09~1,0,0,0,0 07-21~1,0,0,0,0 08-04~11,1,0,0,0 07-27~5,0,0,0,0 08-02~16,1,0,0,0 08-01~15,0,0,0,0 07-24~1,0,0,0,0 08-18~8,0,0,0,0 08-08~10,1,0,0,0 08-11~8,1,1,1,0 06-22~2,0,0,0,0 08-06~7,0,0,0,0 07-23~3,1,0,0,0 05-22~1,0,0,0,0 07-12~1,1,0,0,0 2026-08~177,10,1,1,0 2026-09M~2,0,0,0,0 08-20~3,1,0,0,0 07-05~1,0,0,0,0 08-21~3,0,0,0,0 2026-08M~31,1,0,0,0 07-17~5,0,0,0,0 06-01~1,0,0,0,0 05-03~1,0,0,0,0 06-28~1,0,0,0,0 08-17~5,0,0,0,0 09-01~2,0,0,0,0 2026-05~28,13,2,1,0 07-01~4,2,0,0,0 05-09~1,0,0,0,0 08-24~5,0,0,0,0 08-25~2,0,0,0,0 05-08~4,2,0,0,0 08-26~2,0,0,0,0 05-07~1,0,0,0,0 06-19~2,1,1,1,0 06-29~1,0,0,0,0 07-28~24,0,0,0,0 05-27~1,1,1,0,0 05-04~3,2,0,0,0 08-29~1,0,0,0,0 2026-05M~2,0,0,0,0 2026-07M~6,2,0,0,0 08-10~7,1,0,0,0 07-10~2,0,0,0,0 06-06~2,2,0,0,0 07-06~2,0,0,0,0 08-23~4,0,0,0,0 06-10~2,0,0,0,0 05-10~3,1,0,0,0 07-18~8,0,0,0,0 08-28~3,0,0,0,0 05-05~1,0,0,0,0 07-11~2,0,0,0,0 08-19~6,2,0,0,0 sr~407,319 se~435,123,1,44.4,1.95
Ireland|08-03~26,0,0,0,0 2026-09M~38,4,0,0,0 06-09~36,8,7,0,0 07-11~28,1,0,0,0 2026-05M~428,5,0,0,0 08-27~23,1,1,0,0 06-05~31,5,4,1,0 05-21~28,5,2,2,2 07-16~28,3,3,0,0 2026-06M~169,4,1,1,0 06-23~44,0,0,0,0 07-02~35,2,1,1,1 05-10~18,5,0,0,0 06-16~38,3,2,1,0 06-07~30,5,3,1,1 07-05~29,0,0,0,0 08-05~27,1,0,0,0 05-14~16,1,1,1,1 08-17~29,1,1,1,1 06-18~40,1,1,1,0 08-06~27,1,1,1,1 06-26~40,0,0,0,0 07-17~27,5,2,0,0 06-10~52,6,4,4,1 07-08~32,4,1,0,0 07-21~34,1,0,0,0 07-22~26,5,4,4,1 05-13~34,3,1,0,0 07-12~27,1,1,0,0 05-26~20,1,0,0,0 06-04~29,1,1,1,1 06-15~42,4,3,1,1 08-22~29,0,0,0,0 05-29~229,5,5,1,1 07-24~34,6,4,2,0 05-23~19,2,2,1,0 07-03~32,2,1,1,0 05-08~30,1,0,0,0 08-15~27,3,3,3,2 05-01~205,2,0,0,0 05-24~17,1,1,0,0 06-02~152,1,0,0,0 06-29~31,1,1,0,0 07-31~33,2,1,1,1 05-16~19,1,1,1,0 08-18~28,0,0,0,0 07-07~234,1,0,0,0 07-01~26,1,0,0,0 06-19~35,4,2,2,2 05-11~23,4,0,0,0 07-15~30,3,2,1,1 07-23~31,0,0,0,0 06-27~35,1,0,0,0 08-28~49,22,20,1,0 05-06~18,2,0,0,0 2026-08~218,60,46,18,8 05-05~177,1,0,0,0 07-09~34,6,5,1,0 06-11~40,2,1,1,1 07-10~36,1,0,0,0 06-08~25,0,0,0,0 07-26~27,3,2,2,0 06-01~30,3,1,0,0 07-19~26,1,0,0,0 2026-08M~37,2,1,1,0 06-30~32,0,0,0,0 07-28~32,3,2,1,0 05-28~104,5,1,1,0 07-04~48,2,2,1,1 06-03~109,0,0,0,0 07-14~38,6,4,2,0 05-15~21,2,0,0,0 05-19~21,6,3,2,0 08-10~25,2,0,0,0 06-14~38,4,3,3,2 08-11~24,0,0,0,0 08-13~32,3,3,0,0 2026-06~533,69,46,28,12 09-02~30,4,0,0,0 05-22~33,1,1,1,0 08-30~21,1,1,1,0 08-31~25,0,0,0,0 2026-07~771,66,38,21,9 08-19~26,2,1,0,0 09-01~27,0,0,0,0 05-25~19,1,0,0,0 06-20~24,2,1,0,0 07-27~29,3,1,1,1 08-08~24,0,0,0,0 06-21~28,2,1,1,0 2026-09~38,4,0,0,0 08-16~26,4,3,0,0 08-07~34,2,1,1,1 07-29~38,1,1,1,0 05-12~25,3,0,0,0 05-18~23,2,1,0,0 05-04~212,1,0,0,0 05-31~25,0,0,0,0 06-13~44,4,4,3,2 06-06~57,3,1,0,0 08-01~26,1,1,1,0 07-18~33,3,1,1,0 all~2850,251,150,81,35 08-25~28,0,0,0,0 2026-05~1559,62,22,12,6 06-24~32,1,1,1,0 06-17~33,3,2,1,0 07-20~29,1,0,0,0 07-25~29,2,2,1,1 08-12~29,1,0,0,0 08-26~27,2,2,1,0 05-07~20,1,0,0,0 08-23~31,1,0,0,0 08-14~31,1,1,1,1 08-02~29,1,0,0,0 08-04~31,0,0,0,0 08-21~27,3,2,2,1 2026-07M~48,3,1,1,1 05-30~46,1,0,0,0 06-12~42,3,3,3,0 05-27~29,4,2,0,0 08-24~27,3,3,2,0 08-20~29,2,1,1,1 06-25~35,2,0,0,0 05-20~16,0,0,0,0 07-30~32,0,0,0,0 06-28~29,1,0,0,0 05-03~272,2,0,0,0 08-09~25,1,1,1,0 08-29~22,1,0,0,0 06-22~27,0,0,0,0 07-06~156,1,0,0,0 05-09~43,2,0,0,0 07-13~187,1,1,0,0 05-17~14,1,1,1,1 05-02~234,3,0,0,0 sr~3084,1844 se~9807,804,75,17.9,3.81
Isle of Man|06-29~1,0,0,0,0 05-17~1,0,0,0,0 05-04~1,0,0,0,0 06-30~1,0,0,0,0 05-05~2,0,0,0,0 05-11~1,0,0,0,0 05-25~2,0,0,0,0 07-29~1,0,0,0,0 05-22~1,0,0,0,0 05-12~2,0,0,0,0 07-27~1,0,0,0,0 2026-05~5,0,0,0,0 07-30~1,0,0,0,0 05-13~1,0,0,0,0 07-06~1,0,0,0,0 2026-06~2,1,1,1,0 05-03~1,0,0,0,0 05-19~1,0,0,0,0 07-10~2,0,0,0,0 2026-05M~1,0,0,0,0 06-28~1,0,0,0,0 06-19~1,0,0,0,0 05-23~3,0,0,0,0 07-18~1,1,0,0,0 05-20~1,0,0,0,0 05-06~1,0,0,0,0 06-17~1,0,0,0,0 all~18,3,2,1,0 06-14~1,0,0,0,0 05-24~1,0,0,0,0 05-02~1,0,0,0,0 08-19~1,0,0,0,0 05-01~1,0,0,0,0 08-09~1,0,0,0,0 08-11~1,0,0,0,0 08-25~1,1,1,0,0 05-26~1,0,0,0,0 05-10~1,0,0,0,0 08-31~1,0,0,0,0 06-15~1,0,0,0,0 06-20~1,0,0,0,0 2026-08~5,1,1,0,0 2026-07~8,1,0,0,0 07-28~1,0,0,0,0 05-08~1,0,0,0,0 06-16~1,0,0,0,0 05-18~1,0,0,0,0 05-21~1,0,0,0,0 06-12~1,0,0,0,0 05-07~1,0,0,0,0 06-18~1,0,0,0,0 06-06~1,1,1,1,0 se~380,233,4,5.5,1.53
Israel|07-08~27,0,0,0,0 06-10~63,2,2,1,1 2026-07M~47,1,1,1,1 07-15~17,0,0,0,0 05-22~14,1,0,0,0 08-21~19083,431,0,0,0 07-21~18,0,0,0,0 09-02~67,2,2,2,1 08-16~22,1,1,0,0 05-23~15,1,0,0,0 07-25~11,0,0,0,0 08-20~19968,481,2,1,0 07-20~18,1,1,0,0 08-30~131,2,0,0,0 2026-06M~44,1,0,0,0 05-28~28,2,2,1,1 2026-05~115,46,17,13,9 08-09~15,1,0,0,0 07-14~9,0,0,0,0 06-18~22,3,2,1,0 2026-05M~17,1,0,0,0 08-05~18,1,1,1,1 06-21~19,0,0,0,0 08-14~11,1,1,1,1 06-13~16,2,2,2,1 05-08~13,1,0,0,0 06-16~13,1,1,1,0 05-03~9,0,0,0,0 06-04~20,0,0,0,0 07-07~10,0,0,0,0 06-15~30,0,0,0,0 05-07~10,1,0,0,0 05-20~20,2,1,1,0 08-03~23,1,0,0,0 08-29~248,4,0,0,0 07-17~12,0,0,0,0 07-31~12,0,0,0,0 06-29~28,0,0,0,0 09-01~90,6,2,1,1 08-19~15016,328,2,2,1 05-02~12,0,0,0,0 08-17~20,0,0,0,0 08-06~11,0,0,0,0 07-26~13,0,0,0,0 06-24~21,1,1,0,0 08-25~19418,431,1,1,0 07-29~13,0,0,0,0 07-16~17,1,0,0,0 05-27~26,6,3,2,1 08-26~18791,453,1,1,0 05-31~21,0,0,0,0 08-08~12,1,0,0,0 06-06~29,1,1,1,0 08-11~12,0,0,0,0 05-12~15,1,0,0,0 07-06~23,0,0,0,0 07-13~17,0,0,0,0 2026-07~135,13,8,4,2 08-28~16434,402,3,2,1 07-05~39,1,1,0,0 07-23~10,0,0,0,0 05-15~32,4,3,2,2 06-19~33,4,2,1,0 07-01~41,1,1,1,1 08-02~15,0,0,0,0 06-08~27,2,1,1,1 07-10~22,1,0,0,0 08-12~20,2,0,0,0 06-27~19,1,1,0,0 08-23~19198,534,4,1,0 06-26~23,0,0,0,0 07-27~11,0,0,0,0 05-29~33,1,0,0,0 08-10~15,1,0,0,0 07-24~21,1,1,0,0 05-01~13,1,0,0,0 06-28~12,0,0,0,0 07-30~10,0,0,0,0 06-03~24,0,0,0,0 08-07~18,1,1,1,0 06-02~22,0,0,0,0 07-18~15,2,1,0,0 06-20~23,3,3,3,2 2026-09~145,8,4,3,2 07-11~14,1,0,0,0 06-09~14,1,1,1,0 06-23~15,1,1,0,0 06-22~19,1,1,1,0 05-24~32,1,1,0,0 07-12~20,1,0,0,0 07-03~35,0,0,0,0 08-24~19223,437,0,0,0 05-14~21,0,0,0,0 05-13~38,22,1,1,0 06-05~23,0,0,0,0 05-30~27,0,0,0,0 06-14~19,2,2,0,0 08-22~19295,469,2,1,0 05-06~9,1,0,0,0 08-27~19121,469,1,0,0 05-05~10,0,0,0,0 08-15~21,1,0,0,0 06-12~28,1,1,1,1 08-13~14,0,0,0,0 05-21~8,1,0,0,0 05-26~19,2,0,0,0 2026-06~184,34,28,21,11 08-04~13,1,0,0,0 05-19~22,0,0,0,0 07-19~18,1,1,0,0 06-01~38,1,0,0,0 05-25~22,1,0,0,0 05-11~16,0,0,0,0 07-28~8,0,0,0,0 2026-09M~145,8,4,3,2 06-30~19,1,0,0,0 06-25~22,0,0,0,0 06-07~27,0,0,0,0 06-11~35,8,7,0,0 07-09~31,2,2,1,0 06-17~11,1,1,0,0 05-04~11,0,0,0,0 08-01~19,1,1,1,0 07-04~21,0,0,0,0 05-16~21,1,0,0,0 2026-08M~27,1,1,1,0 all~182712,4399,77,62,35 05-10~17,2,0,0,0 07-02~18,0,0,0,0 07-22~14,0,0,0,0 08-31~88,1,0,0,0 08-18~21,4,3,2,0 05-17~22,2,0,0,0 05-09~11,0,0,0,0 05-18~20,3,2,0,0 2026-08~182376,4308,24,18,7 sr~182713,181505 se~193790,215,27,42.8,1.56
Italy|06-07~10,1,0,0,0 06-24~16,1,1,0,0 05-15~12,3,2,0,0 08-30~19,3,2,1,0 05-19~9,1,1,1,0 07-25~15,3,2,2,1 05-12~1,0,0,0,0 2026-05~130,38,14,8,4 08-15~17,0,0,0,0 08-03~40,2,2,1,0 08-27~19,2,2,1,1 06-22~14,1,1,0,0 05-06~5,0,0,0,0 07-14~18,0,0,0,0 05-01~11,0,0,0,0 08-04~29,1,0,0,0 08-07~33,2,1,1,0 07-10~9,0,0,0,0 06-08~13,1,0,0,0 05-04~6,0,0,0,0 08-23~24,0,0,0,0 08-08~27,0,0,0,0 05-13~4,2,0,0,0 05-25~6,1,1,0,0 05-26~9,6,0,0,0 07-17~13,2,0,0,0 05-16~4,1,1,1,0 08-31~20,1,1,1,1 07-22~12,2,2,1,0 05-18~10,0,0,0,0 08-20~27,0,0,0,0 05-09~6,1,0,0,0 06-23~13,1,0,0,0 08-28~24,0,0,0,0 05-29~8,0,0,0,0 08-14~21,1,1,1,0 2026-09M~26,2,2,1,1 05-20~10,1,1,1,1 2026-06M~18,1,0,0,0 07-27~38,1,0,0,0 06-25~12,1,0,0,0 05-07~6,2,0,0,0 06-14~20,1,1,1,1 08-01~41,1,0,0,0 07-05~13,1,0,0,0 07-20~14,1,1,1,0 07-12~13,0,0,0,0 05-03~6,1,0,0,0 05-05~6,2,0,0,0 07-15~15,0,0,0,0 05-11~5,0,0,0,0 06-20~17,2,2,0,0 05-27~6,2,1,0,0 06-29~15,1,1,1,0 07-31~36,1,0,0,0 07-29~44,2,0,0,0 07-09~13,0,0,0,0 06-11~33,0,0,0,0 09-02~18,2,1,1,1 06-06~10,1,1,0,0 07-02~16,2,0,0,0 07-01~21,2,1,0,0 06-19~15,1,1,0,0 05-14~9,4,3,2,1 08-25~19,1,0,0,0 2026-08~506,45,26,15,5 05-22~12,1,1,1,1 2026-06~220,40,27,11,7 08-26~23,4,4,1,0 07-30~38,3,2,1,0 06-28~9,0,0,0,0 2026-05M~15,1,0,0,0 05-10~5,1,0,0,0 06-09~35,11,8,2,2 07-11~15,4,2,2,2 06-05~12,4,3,3,2 05-08~6,1,0,0,0 08-24~19,2,0,0,0 07-26~19,2,2,0,0 06-27~12,1,0,0,0 06-30~20,0,0,0,0 07-28~38,2,1,1,0 07-21~13,1,0,0,0 06-01~12,0,0,0,0 07-19~18,1,0,0,0 05-23~13,4,0,0,0 2026-09~26,2,2,1,1 06-16~16,1,0,0,0 08-12~31,1,1,0,0 06-17~17,2,1,0,0 08-10~43,2,2,1,0 2026-07~312,47,22,14,6 08-09~44,3,1,0,0 07-16~12,3,1,0,0 05-28~15,2,1,1,0 06-04~15,1,1,0,0 08-02~42,3,2,1,0 06-18~12,0,0,0,0 08-05~33,0,0,0,0 2026-08M~75,4,2,1,0 08-29~14,0,0,0,0 05-31~23,0,0,0,0 06-21~15,0,0,0,0 08-21~22,3,1,0,0 08-16~16,1,1,0,0 05-24~7,1,1,1,1 05-21~10,1,1,0,0 08-22~24,0,0,0,0 06-12~21,0,0,0,0 06-13~19,3,2,2,1 07-18~16,4,3,3,0 07-03~15,1,0,0,0 06-10~20,0,0,0,0 07-08~19,1,1,1,1 07-04~15,0,0,0,0 07-23~16,4,2,1,0 07-24~14,2,2,1,1 2026-07M~28,4,1,0,0 05-30~11,0,0,0,0 07-07~17,0,0,0,0 08-19~22,1,1,0,0 09-01~21,1,1,0,0 08-13~19,2,1,0,0 05-02~6,1,0,0,0 06-26~14,2,2,1,0 06-03~9,3,2,1,1 06-15~21,0,0,0,0 05-17~11,0,0,0,0 07-13~19,3,2,1,0 07-06~20,1,0,0,0 08-18~19,1,0,0,0 06-02~13,1,0,0,0 08-06~38,6,3,2,0 08-11~44,1,0,0,0 all~1089,166,91,49,23 08-17~20,1,0,0,0 sr~1531,1187 se~4928,2826,72,17.3,64.96
Ivory Coast|05-20~3,0,0,0,0 06-07~5,0,0,0,0 2026-06~46,20,14,10,4 05-09~7,1,0,0,0 08-01~5,0,0,0,0 05-04~5,0,0,0,0 2026-07~51,12,8,3,1 08-06~2,0,0,0,0 07-01~7,1,0,0,0 05-08~7,1,0,0,0 07-11~5,0,0,0,0 06-22~7,0,0,0,0 07-28~6,0,0,0,0 08-12~3,0,0,0,0 05-28~5,1,1,1,0 07-24~4,0,0,0,0 05-11~6,0,0,0,0 08-15~3,0,0,0,0 05-23~4,0,0,0,0 05-26~7,1,1,0,0 06-08~3,0,0,0,0 2026-05M~10,0,0,0,0 2026-08M~5,0,0,0,0 08-10~3,0,0,0,0 05-25~8,1,0,0,0 07-14~4,0,0,0,0 2026-08~20,4,1,0,0 08-22~2,0,0,0,0 07-18~7,0,0,0,0 08-07~4,0,0,0,0 08-18~5,0,0,0,0 07-22~7,0,0,0,0 08-31~3,1,0,0,0 07-08~2,0,0,0,0 05-19~7,0,0,0,0 08-02~5,0,0,0,0 07-27~6,1,1,0,0 05-14~7,0,0,0,0 08-27~4,1,1,0,0 07-04~5,0,0,0,0 06-23~2,0,0,0,0 05-01~9,0,0,0,0 07-07~7,0,0,0,0 06-25~6,0,0,0,0 08-13~3,1,0,0,0 07-29~27,6,3,2,0 06-14~8,1,1,1,1 all~116,45,27,19,10 09-02~2,0,0,0,0 07-30~9,2,2,0,0 08-21~2,0,0,0,0 08-17~3,0,0,0,0 08-11~2,0,0,0,0 08-05~4,0,0,0,0 06-20~6,0,0,0,0 07-09~5,0,0,0,0 07-15~4,0,0,0,0 06-29~7,2,1,1,0 07-19~7,1,1,0,0 08-23~3,0,0,0,0 06-11~8,1,1,0,0 2026-07M~10,2,1,0,0 06-06~3,1,1,1,1 06-19~7,0,0,0,0 05-29~4,0,0,0,0 07-23~8,0,0,0,0 08-19~2,0,0,0,0 2026-09M~2,0,0,0,0 08-09~3,0,0,0,0 05-17~6,1,1,1,0 07-02~4,1,1,0,0 05-16~5,0,0,0,0 08-14~1,0,0,0,0 07-31~5,0,0,0,0 06-28~6,2,2,2,0 08-04~3,0,0,0,0 06-09~4,0,0,0,0 06-05~3,0,0,0,0 05-18~7,0,0,0,0 07-26~6,0,0,0,0 05-30~5,0,0,0,0 05-10~7,0,0,0,0 06-27~10,1,0,0,0 06-30~10,3,1,0,0 05-13~7,0,0,0,0 05-12~7,1,0,0,0 07-12~4,0,0,0,0 08-28~4,0,0,0,0 06-01~2,1,0,0,0 07-05~7,0,0,0,0 08-29~5,0,0,0,0 07-13~3,0,0,0,0 06-16~10,1,1,1,0 06-17~12,2,2,1,0 05-24~5,1,1,0,0 07-03~6,0,0,0,0 07-06~6,0,0,0,0 06-04~6,1,1,1,1 06-18~5,0,0,0,0 2026-06M~5,1,0,0,0 07-21~7,0,0,0,0 05-22~5,0,0,0,0 08-08~2,0,0,0,0 2026-05~28,9,4,2,0 08-25~3,1,0,0,0 06-21~10,1,1,1,1 05-06~3,0,0,0,0 07-16~5,0,0,0,0 07-25~6,0,0,0,0 08-30~2,0,0,0,0 2026-09~2,0,0,0,0 05-31~4,0,0,0,0 06-12~4,2,1,1,0 06-13~6,0,0,0,0 05-05~4,0,0,0,0 05-15~5,0,0,0,0 06-10~4,0,0,0,0 05-21~6,0,0,0,0 05-27~4,0,0,0,0 05-02~5,0,0,0,0 07-20~4,0,0,0,0 09-01~2,0,0,0,0 05-07~4,0,0,0,0 05-03~6,1,0,0,0 07-17~4,0,0,0,0 08-20~3,0,0,0,0 08-24~2,0,0,0,0 08-26~2,0,0,0,0 07-10~2,0,0,0,0 08-16~3,0,0,0,0 06-26~8,1,1,0,0 06-03~4,0,0,0,0 06-15~9,0,0,0,0 08-03~4,0,0,0,0 06-02~5,0,0,0,0 se~1800,766,182,7.6,3.71
Jamaica|08-15~1,0,0,0,0 08-19~1,0,0,0,0 2026-06~5,2,0,0,0 07-04~1,0,0,0,0 05-04~1,0,0,0,0 07-08~1,1,1,1,0 2026-08~23,5,1,1,0 2026-07~5,1,1,1,1 08-25~1,0,0,0,0 05-31~1,0,0,0,0 08-18~1,0,0,0,0 05-20~1,0,0,0,0 08-09~11,1,1,1,0 08-29~1,1,0,0,0 all~38,9,2,2,1 05-14~1,0,0,0,0 06-11~1,0,0,0,0 07-09~1,0,0,0,0 08-03~2,0,0,0,0 08-27~1,0,0,0,0 06-12~1,0,0,0,0 08-22~2,1,0,0,0 06-29~1,1,0,0,0 06-30~1,1,0,0,0 08-08~1,1,0,0,0 08-23~1,0,0,0,0 05-12~1,1,0,0,0 07-12~1,0,0,0,0 07-05~1,0,0,0,0 08-31~1,1,0,0,0 07-21~1,0,0,0,0 07-27~1,0,0,0,0 06-18~1,0,0,0,0 08-30~1,0,0,0,0 2026-05~5,1,0,0,0 08-17~1,1,0,0,0
Japan|2026-08~503,93,44,23,8 05-22~47,3,0,0,0 08-19~44,4,3,2,2 09-01~36,4,0,0,0 05-18~28,5,4,4,1 06-10~57,6,3,3,1 07-08~39,2,0,0,0 07-15~33,2,0,0,0 05-06~24,3,0,0,0 05-19~30,5,2,2,0 07-09~44,7,6,3,1 06-11~48,4,1,1,0 07-30~46,1,1,0,0 06-28~31,1,1,0,0 07-26~31,1,1,0,0 07-02~35,1,0,0,0 08-31~32,2,0,0,0 05-13~30,2,1,1,0 05-21~33,8,4,2,2 07-21~48,4,2,2,0 07-22~36,5,3,1,0 05-24~29,3,2,0,0 08-17~54,1,0,0,0 all~1346,374,210,125,48 07-29~51,3,2,2,0 2026-07~437,98,64,36,8 06-07~24,4,3,1,0 05-27~24,4,3,1,0 07-06~40,3,1,0,0 07-13~37,8,8,4,2 06-12~37,2,2,1,1 06-30~38,1,1,1,1 07-28~36,1,1,1,0 07-14~38,6,3,0,0 08-07~56,6,2,0,0 07-05~34,2,1,0,0 05-16~21,5,4,3,2 07-25~49,1,1,1,1 05-03~20,3,0,0,0 07-12~27,3,3,2,0 08-16~58,5,2,0,0 06-15~49,4,2,1,0 08-08~35,3,0,0,0 06-29~32,3,1,1,0 07-31~38,4,2,1,1 06-03~21,3,3,1,0 08-02~39,3,1,0,0 08-18~54,4,1,0,0 08-29~40,2,1,1,0 07-24~39,4,1,1,0 08-20~36,3,1,1,0 08-05~43,3,1,1,0 06-20~44,9,6,4,2 2026-06~350,100,65,39,14 08-30~31,3,1,0,0 07-17~39,5,3,2,0 08-14~36,2,0,0,0 2026-05~311,104,37,21,13 05-09~23,3,0,0,0 06-27~37,2,1,0,0 08-27~41,2,2,0,0 08-24~43,5,1,0,0 07-10~41,6,5,3,0 06-08~30,4,4,3,0 06-18~39,8,6,2,1 06-01~29,2,2,2,0 07-19~35,6,4,1,1 05-15~24,2,2,1,1 05-14~26,2,1,0,0 08-09~38,3,1,0,0 07-03~40,2,1,0,0 08-15~49,2,1,1,0 05-31~41,3,1,0,0 2026-07M~56,3,2,0,0 05-30~37,6,4,1,1 05-12~26,6,0,0,0 08-13~37,1,1,0,0 07-01~40,2,2,0,0 06-19~43,10,8,2,2 08-03~40,5,3,2,0 09-02~25,1,1,1,0 05-11~23,4,0,0,0 2026-05M~43,6,0,0,0 05-10~25,2,0,0,0 06-16~28,2,0,0,0 08-04~47,5,4,2,0 05-29~35,4,0,0,0 06-26~36,7,4,2,1 06-21~36,1,0,0,0 06-05~24,2,0,0,0 06-02~29,2,2,1,1 05-26~30,5,1,1,0 07-27~35,0,0,0,0 06-06~18,2,1,0,0 08-25~51,6,2,0,0 08-10~31,2,1,0,0 05-20~32,8,5,4,4 2026-06M~42,4,4,3,1 07-20~34,5,3,3,0 06-13~32,2,1,1,0 06-14~37,3,1,1,0 05-04~22,2,0,0,0 07-04~40,3,3,1,0 06-09~32,5,4,0,0 07-11~34,4,1,1,0 07-18~35,6,4,1,0 07-07~33,0,0,0,0 2026-08M~59,4,1,0,0 06-17~31,4,2,1,0 05-07~23,5,0,0,0 06-23~43,1,1,0,0 08-26~41,3,0,0,0 05-02~35,6,0,0,0 06-04~33,2,1,0,0 05-17~16,2,1,0,0 05-23~25,0,0,0,0 2026-09~46,5,1,1,0 08-21~39,5,2,0,0 05-25~25,2,2,1,1 08-11~43,7,5,3,0 08-06~59,5,4,3,2 05-05~25,5,0,0,0 05-01~25,1,0,0,0 08-01~40,1,0,0,0 08-22~35,2,0,0,0 06-24~38,3,2,0,0 06-22~38,4,2,2,2 05-28~45,0,0,0,0 07-16~41,3,0,0,0 05-08~27,5,0,0,0 2026-09M~46,5,1,1,0 08-28~46,0,0,0,0 08-23~41,1,1,1,1 06-25~29,1,1,1,0 07-23~42,7,3,1,0 08-12~40,4,3,2,1 sr~1774,1295 se~9635,1018,177,6.7,4.39
Jersey|07-08~2,1,0,0,0 2026-08M~1,0,0,0,0 07-09~2,0,0,0,0 06-16~1,0,0,0,0 06-22~3,0,0,0,0 07-03~1,0,0,0,0 07-31~4,1,0,0,0 05-31~1,1,0,0,0 06-15~1,0,0,0,0 all~18,6,1,1,0 08-03~4,1,0,0,0 08-26~2,0,0,0,0 07-06~1,0,0,0,0 08-06~1,0,0,0,0 07-13~2,0,0,0,0 2026-07M~1,0,0,0,0 08-30~1,0,0,0,0 08-24~1,0,0,0,0 08-02~1,0,0,0,0 2026-07~8,2,0,0,0 06-23~1,0,0,0,0 08-17~1,1,0,0,0 08-28~1,0,0,0,0 07-05~1,0,0,0,0 08-19~1,0,0,0,0 06-06~1,1,1,1,0 08-25~1,0,0,0,0 07-22~1,1,0,0,0 07-02~1,0,0,0,0 07-01~1,0,0,0,0 06-30~1,0,0,0,0 07-28~1,0,0,0,0 06-21~2,1,0,0,0 06-17~2,0,0,0,0 2026-05~1,1,0,0,0 08-04~3,0,0,0,0 07-14~1,0,0,0,0 08-11~1,0,0,0,0 08-14~1,0,0,0,0 2026-06~7,2,1,1,0 07-07~1,0,0,0,0 06-08~1,0,0,0,0 06-09~1,0,0,0,0 08-01~1,0,0,0,0 06-26~1,0,0,0,0 08-05~1,0,0,0,0 06-20~1,0,0,0,0 08-07~1,0,0,0,0 2026-08~7,2,0,0,0 08-22~1,0,0,0,0
Jordan|08-18~6,0,0,0,0 05-23~1,0,0,0,0 08-22~4,0,0,0,0 08-05~3,0,0,0,0 07-31~12,0,0,0,0 06-29~4,1,1,1,0 08-31~3,1,0,0,0 06-12~1,0,0,0,0 07-06~5,1,1,0,0 08-23~6,0,0,0,0 06-15~2,0,0,0,0 06-28~3,0,0,0,0 07-30~5,0,0,0,0 08-30~3,0,0,0,0 07-20~9,0,0,0,0 08-24~3,0,0,0,0 2026-08~109,5,3,3,1 05-25~1,0,0,0,0 07-19~12,0,0,0,0 06-01~2,0,0,0,0 08-04~4,0,0,0,0 08-10~8,0,0,0,0 07-15~2,1,1,0,0 08-29~2,0,0,0,0 07-04~1,0,0,0,0 06-06~2,1,1,0,0 08-17~8,0,0,0,0 08-27~2,0,0,0,0 06-03~1,0,0,0,0 07-25~3,0,0,0,0 07-29~9,0,0,0,0 06-14~1,0,0,0,0 08-26~3,0,0,0,0 06-22~3,0,0,0,0 06-21~3,0,0,0,0 08-07~5,1,0,0,0 2026-09M~3,0,0,0,0 08-21~3,0,0,0,0 05-08~2,2,0,0,0 06-11~1,0,0,0,0 07-09~1,0,0,0,0 07-07~5,0,0,0,0 07-16~4,1,1,0,0 2026-08M~14,1,0,0,0 05-24~1,0,0,0,0 08-06~9,1,0,0,0 2026-07~72,7,5,1,1 06-27~2,0,0,0,0 07-18~6,0,0,0,0 05-31~1,0,0,0,0 06-19~1,0,0,0,0 07-01~1,0,0,0,0 08-16~10,0,0,0,0 08-03~6,1,0,0,0 06-04~4,0,0,0,0 06-02~2,0,0,0,0 06-16~1,0,0,0,0 05-27~1,0,0,0,0 06-20~1,0,0,0,0 07-28~8,0,0,0,0 06-30~5,1,1,1,0 08-15~4,1,1,1,0 05-16~2,0,0,0,0 all~205,22,13,7,3 2026-06M~3,0,0,0,0 05-01~1,0,0,0,0 08-11~6,0,0,0,0 07-12~2,0,0,0,0 06-13~2,1,1,1,1 06-25~4,1,1,0,0 07-02~3,0,0,0,0 06-07~1,0,0,0,0 2026-09~3,0,0,0,0 06-18~2,0,0,0,0 06-17~4,0,0,0,0 08-20~3,0,0,0,0 07-17~3,1,1,0,0 08-08~7,0,0,0,0 05-30~2,0,0,0,0 08-28~6,1,1,0,0 05-29~1,0,0,0,0 08-01~5,1,0,0,0 08-02~10,0,0,0,0 07-23~2,0,0,0,0 05-06~1,0,0,0,0 06-24~1,0,0,0,0 08-13~6,1,1,1,0 07-22~1,0,0,0,0 05-11~1,0,0,0,0 05-10~2,0,0,0,0 08-25~3,0,0,0,0 05-09~3,1,0,0,0 06-08~1,0,0,0,0 07-10~2,0,0,0,0 07-05~2,0,0,0,0 2026-06~24,6,5,3,1 05-26~1,0,0,0,0 07-27~2,2,0,0,0 07-14~2,0,0,0,0 06-23~4,0,0,0,0 06-26~4,1,0,0,0 08-09~5,0,0,0,0 05-14~1,0,0,0,0 2026-05~11,4,0,0,0 05-17~2,1,0,0,0 09-01~3,0,0,0,0 08-19~4,0,0,0,0 07-11~2,1,1,1,1 06-09~2,0,0,0,0 2026-07M~3,0,0,0,0 07-26~2,0,0,0,0 08-14~6,0,0,0,0 05-18~2,0,0,0,0 08-12~11,0,0,0,0 07-21~3,0,0,0,0 06-05~2,0,0,0,0 05-21~2,0,0,0,0 05-04~1,0,0,0,0 2026-05M~1,0,0,0,0 05-12~1,0,0,0,0 07-08~3,0,0,0,0 06-10~3,0,0,0,0 05-19~1,0,0,0,0 05-05~1,0,0,0,0 05-28~2,0,0,0,0 se~625,838,33,19.5,4.11
Kazakhstan|09-01~1,0,0,0,0 08-24~2,0,0,0,0 07-23~1,0,0,0,0 08-25~2,0,0,0,0 2026-08M~10,0,0,0,0 08-04~2,1,0,0,0 08-22~2,0,0,0,0 06-04~1,1,0,0,0 2026-06M~1,1,1,1,0 09-02~3,0,0,0,0 06-15~1,0,0,0,0 08-18~1,0,0,0,0 06-10~1,0,0,0,0 07-04~1,0,0,0,0 08-13~1,1,0,0,0 05-02~1,0,0,0,0 08-21~1,0,0,0,0 06-13~1,0,0,0,0 2026-09~4,0,0,0,0 08-17~2,1,0,0,0 2026-05~4,0,0,0,0 08-20~3,0,0,0,0 07-30~5,1,0,0,0 08-27~3,2,2,2,1 08-12~2,0,0,0,0 06-26~1,1,0,0,0 07-29~4,0,0,0,0 07-08~1,1,0,0,0 07-26~1,0,0,0,0 08-31~2,0,0,0,0 08-05~2,1,1,0,0 06-29~4,1,0,0,0 08-10~3,0,0,0,0 07-09~1,1,1,0,0 2026-06~11,5,1,1,0 06-25~1,0,0,0,0 2026-08~61,10,6,5,3 05-25~1,0,0,0,0 08-28~2,0,0,0,0 07-28~10,0,0,0,0 08-11~7,0,0,0,0 08-26~1,1,1,1,0 07-31~4,0,0,0,0 05-05~1,0,0,0,0 06-08~2,0,0,0,0 06-02~1,1,1,1,0 2026-05M~1,0,0,0,0 05-21~1,0,0,0,0 08-03~1,0,0,0,0 07-14~2,0,0,0,0 08-01~5,0,0,0,0 08-23~2,0,0,0,0 08-16~2,2,2,2,2 07-01~5,2,2,1,0 07-02~1,0,0,0,0 2026-09M~4,0,0,0,0 06-30~3,1,0,0,0 2026-07M~6,2,2,1,0 08-07~3,1,0,0,0 07-22~2,1,1,0,0 08-30~1,0,0,0,0 07-27~5,0,0,0,0 07-03~1,1,1,1,1 08-14~4,0,0,0,0 07-24~2,0,0,0,0 2026-07~46,9,7,4,2 08-08~1,0,0,0,0 07-19~1,0,0,0,0 08-02~5,0,0,0,0 08-09~1,0,0,0,0 08-19~2,0,0,0,0 07-17~2,1,1,1,0 07-11~2,1,1,1,1 08-06~1,0,0,0,0 all~123,24,14,10,5 se~246,715,15,32.1,3.69
Kenya|05-29~11,0,0,0,0 08-31~8,0,0,0,0 08-12~9,0,0,0,0 05-13~11,1,1,0,0 07-03~10,0,0,0,0 06-06~9,1,1,0,0 05-12~9,1,0,0,0 07-02~12,0,0,0,0 05-04~14,0,0,0,0 05-01~15,0,0,0,0 06-23~13,0,0,0,0 05-15~18,0,0,0,0 07-09~7,0,0,0,0 06-11~17,0,0,0,0 08-14~10,1,1,0,0 05-21~14,1,0,0,0 05-18~17,1,1,1,0 07-29~22,1,1,0,0 2026-05~94,17,11,8,0 07-22~9,2,1,0,0 2026-09M~12,1,0,0,0 05-26~9,1,1,1,0 05-16~14,0,0,0,0 07-14~8,1,0,0,0 2026-06~115,34,20,10,1 06-15~14,0,0,0,0 07-26~8,2,1,1,0 07-18~9,2,1,0,0 07-01~15,3,3,2,0 06-19~17,2,1,1,0 05-17~17,2,2,1,0 2026-05M~27,1,0,0,0 05-10~15,0,0,0,0 07-23~7,0,0,0,0 06-07~6,0,0,0,0 06-16~18,3,1,0,0 05-07~9,0,0,0,0 08-15~9,3,1,1,0 05-08~8,0,0,0,0 06-01~14,2,2,2,0 07-19~10,0,0,0,0 07-06~11,2,1,0,0 08-03~8,1,1,1,0 06-22~14,0,0,0,0 07-10~9,3,2,1,0 06-08~12,0,0,0,0 08-09~9,0,0,0,0 08-13~7,0,0,0,0 08-22~12,0,0,0,0 07-21~8,2,1,0,0 05-27~14,1,0,0,0 08-05~8,0,0,0,0 06-04~8,0,0,0,0 08-16~10,1,1,0,0 08-07~6,0,0,0,0 05-24~20,1,1,1,0 08-27~12,0,0,0,0 05-02~19,1,0,0,0 08-30~11,0,0,0,0 08-04~10,2,2,1,0 05-20~10,1,1,1,0 2026-06M~19,3,3,2,0 06-03~10,0,0,0,0 06-13~13,1,0,0,0 05-31~8,0,0,0,0 07-12~9,0,0,0,0 05-06~10,0,0,0,0 08-02~7,1,1,0,0 06-10~16,1,0,0,0 07-08~8,0,0,0,0 05-05~12,0,0,0,0 07-20~5,0,0,0,0 05-11~8,1,0,0,0 08-01~11,0,0,0,0 05-19~8,0,0,0,0 08-18~15,1,0,0,0 06-12~13,1,1,1,0 2026-07M~23,3,3,2,0 05-30~12,2,1,1,0 08-08~9,0,0,0,0 08-11~9,2,2,1,0 08-06~8,1,0,0,0 07-05~10,0,0,0,0 2026-08~97,26,17,9,0 05-22~18,1,1,0,0 07-16~8,0,0,0,0 08-20~19,2,2,1,0 06-24~13,1,1,1,0 08-21~22,3,2,1,0 06-26~21,7,5,4,0 06-09~9,1,1,0,0 07-11~6,0,0,0,0 05-14~12,0,0,0,0 2026-07~100,26,16,5,0 07-27~8,0,0,0,0 07-15~5,0,0,0,0 2026-08M~13,1,1,0,0 07-24~8,2,2,1,0 06-18~19,1,1,0,0 07-07~7,1,0,0,0 all~320,102,65,33,1 08-17~13,0,0,0,0 06-17~9,0,0,0,0 06-02~11,1,1,0,0 06-20~12,1,1,0,0 07-13~15,2,1,0,0 06-14~13,0,0,0,0 08-24~15,2,1,1,0 08-25~14,1,0,0,0 07-04~12,0,0,0,0 07-30~6,0,0,0,0 06-28~13,2,1,0,0 05-09~18,0,0,0,0 07-17~12,1,1,0,0 08-26~10,1,1,0,0 05-28~15,1,1,1,0 07-25~9,3,1,0,0 09-02~10,0,0,0,0 05-25~15,0,0,0,0 08-29~13,1,1,0,0 06-29~18,4,1,0,0 07-31~6,0,0,0,0 06-25~14,1,1,0,0 05-23~17,1,1,1,0 2026-09~12,1,0,0,0 06-05~9,1,0,0,0 05-03~12,0,0,0,0 08-10~8,2,0,0,0 08-23~8,0,0,0,0 08-28~11,0,0,0,0 06-30~12,1,0,0,0 07-28~10,0,0,0,0 06-27~11,2,0,0,0 06-21~11,1,1,0,0 08-19~15,2,1,1,0 09-01~8,1,0,0,0 sr~328,174 se~2372,445,85,7.2,3.07
Kiribati|06-29~1,0,0,0,0 06-11~1,0,0,0,0 2026-06~2,1,0,0,0 all~2,1,0,0,0 06-30~1,1,0,0,0
Kosovo|05-02~7,0,0,0,0 09-02~5,0,0,0,0 06-30~17,2,2,0,0 07-28~7,0,0,0,0 05-26~5,0,0,0,0 08-20~15,2,2,2,2 07-29~12,0,0,0,0 07-10~23,4,4,2,1 06-08~6,0,0,0,0 07-06~20,0,0,0,0 07-22~10,0,0,0,0 08-11~5,0,0,0,0 05-01~5,0,0,0,0 07-01~11,0,0,0,0 06-19~5,1,1,0,0 07-02~11,1,0,0,0 05-04~8,0,0,0,0 07-09~12,5,2,2,0 06-11~16,2,1,0,0 08-15~4,0,0,0,0 05-16~5,0,0,0,0 all~352,87,63,42,13 06-27~8,0,0,0,0 05-07~9,0,0,0,0 07-26~8,0,0,0,0 06-15~9,1,1,1,0 08-12~3,0,0,0,0 06-10~15,2,0,0,0 07-08~27,2,2,1,0 08-27~16,3,2,0,0 07-25~11,0,0,0,0 2026-06~88,11,8,4,0 07-05~14,0,0,0,0 05-23~9,1,0,0,0 08-28~12,1,0,0,0 06-09~8,0,0,0,0 07-11~14,0,0,0,0 06-23~14,0,0,0,0 08-22~23,3,3,1,0 08-09~7,0,0,0,0 05-14~5,1,1,1,0 06-12~10,0,0,0,0 07-04~4,0,0,0,0 08-25~7,0,0,0,0 07-18~14,3,2,2,0 08-17~5,1,0,0,0 05-19~7,0,0,0,0 08-10~3,0,0,0,0 05-29~9,1,0,0,0 06-07~5,0,0,0,0 08-07~4,0,0,0,0 08-04~8,1,0,0,0 07-30~17,0,0,0,0 06-28~7,0,0,0,0 07-20~3,0,0,0,0 2026-06M~11,0,0,0,0 06-21~7,0,0,0,0 08-29~7,0,0,0,0 07-23~8,1,1,1,0 08-14~4,0,0,0,0 06-13~10,0,0,0,0 08-18~8,0,0,0,0 05-11~6,0,0,0,0 2026-05M~8,0,0,0,0 05-10~4,0,0,0,0 05-12~7,0,0,0,0 07-21~7,1,0,0,0 08-23~22,1,1,1,0 05-31~12,0,0,0,0 05-30~9,0,0,0,0 05-18~7,0,0,0,0 08-24~12,0,0,0,0 2026-09~7,0,0,0,0 05-09~3,0,0,0,0 06-06~7,1,0,0,0 2026-08~139,23,18,8,3 06-01~8,0,0,0,0 07-19~9,1,1,1,0 06-25~8,1,0,0,0 07-17~18,2,1,0,0 07-15~23,6,3,0,0 05-17~4,0,0,0,0 06-22~6,0,0,0,0 05-06~6,0,0,0,0 06-14~10,1,1,1,0 08-13~4,0,0,0,0 08-19~18,1,0,0,0 09-01~7,0,0,0,0 07-07~21,0,0,0,0 2026-09M~7,0,0,0,0 06-26~8,0,0,0,0 08-05~4,1,1,0,0 06-17~8,0,0,0,0 08-30~10,2,1,0,0 2026-08M~8,0,0,0,0 06-18~14,1,1,0,0 05-24~9,0,0,0,0 07-24~16,1,1,0,0 2026-07M~19,1,0,0,0 06-29~9,0,0,0,0 07-31~5,0,0,0,0 07-13~25,10,7,6,2 06-20~8,0,0,0,0 07-27~11,1,1,1,0 05-13~8,1,0,0,0 05-27~12,0,0,0,0 06-03~6,0,0,0,0 08-06~6,3,2,1,0 05-22~4,0,0,0,0 06-24~7,0,0,0,0 05-15~8,0,0,0,0 05-03~9,1,0,0,0 08-01~5,0,0,0,0 05-05~9,0,0,0,0 05-20~6,0,0,0,0 06-16~13,0,0,0,0 08-31~8,2,2,1,1 08-26~9,1,1,0,0 05-25~7,0,0,0,0 05-21~7,1,0,0,0 08-21~21,5,4,3,1 2026-05~53,7,2,2,0 08-02~5,0,0,0,0 06-04~12,1,0,0,0 06-02~8,0,0,0,0 07-16~14,4,2,2,0 05-08~6,0,0,0,0 2026-07~159,49,35,27,10 05-28~14,1,1,1,0 08-08~4,0,0,0,0 08-16~4,0,0,0,0 08-03~3,0,0,0,0 06-05~11,0,0,0,0 07-03~15,5,4,1,1 07-14~27,8,6,3,2 07-12~25,3,1,1,0 sr~382,292 se~2310,681,79,6.1,4.18
Kuwait|06-26~12,0,0,0,0 06-05~3,0,0,0,0 08-11~4,0,0,0,0 07-04~14,0,0,0,0 08-22~7,0,0,0,0 08-06~5,0,0,0,0 06-03~5,0,0,0,0 05-27~5,0,0,0,0 05-20~4,0,0,0,0 08-25~4,0,0,0,0 08-26~5,1,1,1,0 07-13~5,0,0,0,0 2026-06M~5,1,1,0,0 06-29~22,0,0,0,0 07-31~7,1,1,0,0 05-25~4,0,0,0,0 08-02~4,0,0,0,0 08-29~4,0,0,0,0 05-17~4,0,0,0,0 08-17~5,0,0,0,0 2026-07M~36,1,1,0,0 05-04~3,0,0,0,0 05-07~4,0,0,0,0 2026-09~3,0,0,0,0 2026-09M~3,0,0,0,0 08-10~4,0,0,0,0 07-03~30,0,0,0,0 08-01~6,0,0,0,0 05-28~3,0,0,0,0 05-12~5,0,0,0,0 08-21~5,1,0,0,0 06-02~3,0,0,0,0 2026-08~56,6,4,3,0 08-16~7,0,0,0,0 07-12~6,0,0,0,0 08-09~5,0,0,0,0 05-08~4,0,0,0,0 06-14~5,0,0,0,0 05-01~3,0,0,0,0 07-06~18,0,0,0,0 06-04~3,0,0,0,0 05-26~2,0,0,0,0 06-17~5,0,0,0,0 08-20~3,0,0,0,0 07-24~5,0,0,0,0 07-01~29,1,1,0,0 06-19~35,0,0,0,0 05-14~4,0,0,0,0 05-22~5,0,0,0,0 05-24~5,0,0,0,0 06-12~7,0,0,0,0 05-30~4,0,0,0,0 08-13~6,0,0,0,0 06-01~4,1,1,0,0 07-19~8,0,0,0,0 05-06~4,0,0,0,0 07-10~5,0,0,0,0 06-08~3,0,0,0,0 all~412,17,9,6,2 05-16~6,0,0,0,0 06-10~5,0,0,0,0 07-08~8,0,0,0,0 06-30~17,1,1,1,1 07-28~8,0,0,0,0 06-27~21,0,0,0,0 07-23~3,0,0,0,0 07-20~4,1,0,0,0 06-13~6,0,0,0,0 08-14~4,0,0,0,0 2026-05M~4,0,0,0,0 08-04~9,1,1,0,0 05-03~4,0,0,0,0 06-15~4,0,0,0,0 05-21~4,0,0,0,0 08-07~6,0,0,0,0 06-09~6,0,0,0,0 07-11~4,0,0,0,0 05-31~5,0,0,0,0 07-30~5,0,0,0,0 06-28~13,0,0,0,0 06-24~22,2,0,0,0 2026-05~12,1,0,0,0 05-29~4,0,0,0,0 2026-06~217,4,2,2,2 06-16~4,0,0,0,0 07-17~6,1,0,0,0 08-05~7,0,0,0,0 07-07~22,0,0,0,0 06-06~4,0,0,0,0 07-09~7,0,0,0,0 06-11~7,1,1,1,0 2026-08M~8,0,0,0,0 06-18~12,0,0,0,0 06-20~15,0,0,0,0 05-02~4,0,0,0,0 08-19~6,1,0,0,0 09-01~1,0,0,0,0 08-31~4,0,0,0,0 08-28~2,0,0,0,0 05-09~5,0,0,0,0 06-25~13,0,0,0,0 08-23~4,0,0,0,0 09-02~3,0,0,0,0 07-21~1,0,0,0,0 07-14~4,0,0,0,0 08-24~7,1,1,0,0 08-08~5,0,0,0,0 05-10~4,0,0,0,0 07-18~5,0,0,0,0 05-19~4,0,0,0,0 08-15~6,0,0,0,0 05-05~3,0,0,0,0 08-03~7,1,1,0,0 2026-07~148,6,3,1,0 06-21~22,0,0,0,0 07-22~3,0,0,0,0 08-18~6,0,0,0,0 07-29~10,0,0,0,0 07-25~6,0,0,0,0 07-15~7,0,0,0,0 07-02~10,0,0,0,0 05-18~4,0,0,0,0 07-05~20,0,0,0,0 05-15~6,0,0,0,0 05-11~5,0,0,0,0 07-26~2,0,0,0,0 05-13~5,1,0,0,0 08-12~5,0,0,0,0 05-23~4,0,0,0,0 06-07~4,0,0,0,0 06-22~50,0,0,0,0 07-27~6,2,1,1,0 06-23~14,0,0,0,0 08-27~5,0,0,0,0 08-30~2,0,0,0,0 07-16~5,0,0,0,0 sr~434,195 se~2477,737,72,8.6,4.16
Kyrgyzstan|06-06~1,0,0,0,0 07-23~1,0,0,0,0 09-02~1,0,0,0,0 06-15~1,0,0,0,0 06-24~1,0,0,0,0 08-29~3,0,0,0,0 2026-07M~3,0,0,0,0 08-24~2,0,0,0,0 07-22~1,0,0,0,0 06-25~1,0,0,0,0 08-28~7,0,0,0,0 07-03~1,0,0,0,0 08-14~1,0,0,0,0 07-25~1,0,0,0,0 05-20~1,0,0,0,0 06-14~1,0,0,0,0 07-28~2,0,0,0,0 all~98,6,2,1,1 06-05~1,0,0,0,0 08-08~7,0,0,0,0 08-03~8,0,0,0,0 06-09~1,0,0,0,0 07-26~1,0,0,0,0 08-31~1,0,0,0,0 06-03~1,0,0,0,0 05-24~1,0,0,0,0 08-07~4,0,0,0,0 07-10~1,0,0,0,0 06-26~4,2,0,0,0 05-28~1,0,0,0,0 08-30~2,0,0,0,0 07-27~5,0,0,0,0 2026-08~74,2,2,1,1 06-17~1,0,0,0,0 05-19~2,0,0,0,0 07-15~1,0,0,0,0 08-02~8,0,0,0,0 05-27~1,0,0,0,0 06-29~2,1,0,0,0 2026-07~20,1,0,0,0 08-21~3,1,1,0,0 09-01~1,0,0,0,0 06-16~1,0,0,0,0 06-30~2,0,0,0,0 06-21~1,0,0,0,0 08-15~3,0,0,0,0 07-02~1,0,0,0,0 05-10~1,0,0,0,0 07-19~1,1,0,0,0 06-08~1,0,0,0,0 06-13~1,0,0,0,0 2026-06M~1,0,0,0,0 06-10~2,0,0,0,0 05-21~1,0,0,0,0 08-01~4,0,0,0,0 07-21~1,0,0,0,0 06-18~1,0,0,0,0 07-29~4,0,0,0,0 05-23~1,0,0,0,0 06-11~1,0,0,0,0 06-22~1,0,0,0,0 2026-06~8,3,0,0,0 2026-09M~2,0,0,0,0 05-31~1,0,0,0,0 07-04~2,0,0,0,0 08-13~2,0,0,0,0 08-11~3,0,0,0,0 07-06~2,0,0,0,0 06-02~1,0,0,0,0 07-11~1,0,0,0,0 08-06~4,0,0,0,0 2026-05~2,0,0,0,0 07-12~1,0,0,0,0 08-05~3,0,0,0,0 06-04~2,0,0,0,0 05-29~1,0,0,0,0 06-20~1,0,0,0,0 08-26~4,1,1,1,1 07-31~4,0,0,0,0 05-26~1,0,0,0,0 06-28~1,0,0,0,0 08-17~1,0,0,0,0 2026-09~2,0,0,0,0 05-25~1,0,0,0,0 05-17~1,0,0,0,0 06-19~1,0,0,0,0 08-25~2,0,0,0,0 07-08~1,0,0,0,0 05-30~1,0,0,0,0 06-07~1,0,0,0,0 06-01~1,0,0,0,0 08-22~4,0,0,0,0 2026-08M~11,0,0,0,0 08-04~5,0,0,0,0 07-13~1,0,0,0,0 07-30~3,0,0,0,0 08-27~4,0,0,0,0 08-23~8,0,0,0,0 08-18~2,0,0,0,0 07-09~2,0,0,0,0 08-12~1,0,0,0,0 07-05~1,0,0,0,0 08-19~2,0,0,0,0 08-09~4,0,0,0,0 07-07~1,0,0,0,0 08-10~2,0,0,0,0 08-16~2,0,0,0,0 07-01~3,0,0,0,0 se~371,654,41,18.6,3.88
Laos|05-14~3,0,0,0,0 06-30~6,1,0,0,0 08-03~5,0,0,0,0 07-26~4,0,0,0,0 08-24~5,0,0,0,0 06-17~2,0,0,0,0 05-09~6,0,0,0,0 07-01~7,1,1,1,0 2026-09M~9,1,1,0,0 08-10~1,0,0,0,0 06-23~3,0,0,0,0 05-30~8,1,0,0,0 08-02~3,0,0,0,0 07-27~3,0,0,0,0 06-27~3,0,0,0,0 08-14~2,0,0,0,0 07-31~5,1,0,0,0 09-02~3,0,0,0,0 06-22~6,0,0,0,0 08-11~3,0,0,0,0 05-28~2,0,0,0,0 08-05~2,0,0,0,0 07-20~6,0,0,0,0 2026-05~20,5,1,0,0 05-08~4,0,0,0,0 06-16~5,0,0,0,0 08-25~4,0,0,0,0 07-14~5,0,0,0,0 06-02~1,0,0,0,0 08-31~6,0,0,0,0 2026-09~9,1,1,0,0 05-25~3,0,0,0,0 08-08~4,0,0,0,0 05-17~6,0,0,0,0 06-09~1,0,0,0,0 05-12~1,0,0,0,0 07-08~2,0,0,0,0 07-13~10,0,0,0,0 06-05~1,0,0,0,0 07-23~2,0,0,0,0 08-06~5,1,1,1,0 2026-07~33,7,5,5,2 07-19~8,1,0,0,0 05-11~1,0,0,0,0 07-22~5,0,0,0,0 08-07~4,0,0,0,0 07-03~7,0,0,0,0 06-15~4,0,0,0,0 08-26~5,0,0,0,0 07-25~4,0,0,0,0 09-01~7,1,1,0,0 06-24~2,0,0,0,0 08-17~4,0,0,0,0 07-28~4,0,0,0,0 05-20~3,0,0,0,0 2026-06M~2,0,0,0,0 08-18~2,0,0,0,0 07-02~7,0,0,0,0 08-27~5,0,0,0,0 06-14~2,0,0,0,0 05-02~6,0,0,0,0 07-12~8,0,0,0,0 06-04~2,0,0,0,0 08-22~12,4,1,1,0 06-11~3,0,0,0,0 07-07~6,0,0,0,0 2026-05M~8,0,0,0,0 2026-06~27,5,1,1,0 05-19~2,0,0,0,0 06-07~3,0,0,0,0 07-11~13,0,0,0,0 06-21~4,0,0,0,0 08-12~5,0,0,0,0 07-15~6,0,0,0,0 08-30~6,1,0,0,0 06-03~4,0,0,0,0 07-04~11,0,0,0,0 08-21~9,0,0,0,0 05-23~4,0,0,0,0 05-22~3,1,0,0,0 08-16~4,0,0,0,0 06-25~2,0,0,0,0 08-15~2,0,0,0,0 06-26~3,1,1,1,0 07-30~3,1,1,1,0 07-24~2,0,0,0,0 08-01~5,0,0,0,0 06-19~5,0,0,0,0 05-07~2,0,0,0,0 05-06~2,0,0,0,0 06-18~3,0,0,0,0 08-29~8,0,0,0,0 05-04~3,0,0,0,0 08-09~3,0,0,0,0 05-24~8,1,1,0,0 07-05~8,0,0,0,0 06-13~3,0,0,0,0 08-20~6,1,1,1,1 05-27~4,0,0,0,0 05-26~5,1,0,0,0 06-10~2,0,0,0,0 08-23~6,0,0,0,0 07-06~4,0,0,0,0 2026-07M~10,1,1,1,0 06-01~2,0,0,0,0 07-17~7,0,0,0,0 07-09~9,1,1,1,0 05-01~7,0,0,0,0 08-04~4,0,0,0,0 05-29~4,0,0,0,0 07-21~4,0,0,0,0 07-18~8,0,0,0,0 05-10~6,0,0,0,0 06-08~2,0,0,0,0 05-16~5,0,0,0,0 2026-08~38,8,4,4,2 2026-08M~6,0,0,0,0 all~83,26,12,10,4 05-05~2,1,0,0,0 08-28~8,1,1,0,0 05-31~5,0,0,0,0 08-19~1,0,0,0,0 07-29~3,0,0,0,0 05-21~2,0,0,0,0 05-03~5,0,0,0,0 05-15~5,0,0,0,0 05-13~6,0,0,0,0 06-28~5,2,0,0,0 06-29~6,1,0,0,0 06-06~2,0,0,0,0 05-18~2,0,0,0,0 07-10~13,2,2,2,1 07-16~5,0,0,0,0 08-13~3,0,0,0,0 06-20~2,0,0,0,0 se~955,937,148,7.9,4.08
Latvia|08-13~6,1,0,0,0 05-28~10,0,0,0,0 08-29~2,0,0,0,0 2026-09~10,1,0,0,0 06-22~5,1,1,1,0 06-19~15,2,2,0,0 07-01~9,1,0,0,0 06-15~11,0,0,0,0 08-28~5,0,0,0,0 05-31~8,3,3,2,0 2026-08~145,43,21,9,6 07-06~7,1,1,1,0 2026-09M~10,1,0,0,0 06-23~8,0,0,0,0 07-12~2,1,1,1,0 06-06~7,0,0,0,0 08-22~7,1,1,0,0 06-17~10,1,1,0,0 07-15~5,1,0,0,0 08-10~12,4,0,0,0 08-15~8,1,1,0,0 05-26~16,2,0,0,0 05-04~5,0,0,0,0 08-07~10,1,1,1,1 06-08~9,0,0,0,0 07-10~2,0,0,0,0 08-16~9,2,1,0,0 2026-07~99,17,8,4,0 07-22~7,1,0,0,0 07-07~7,0,0,0,0 07-18~6,1,1,0,0 07-31~9,2,1,1,0 06-29~10,1,0,0,0 05-03~2,0,0,0,0 07-02~10,1,0,0,0 06-14~14,2,2,2,1 06-05~13,1,1,1,0 08-27~9,2,1,0,0 07-27~14,1,0,0,0 06-26~4,1,1,0,0 05-27~6,0,0,0,0 06-25~8,0,0,0,0 2026-08M~18,0,0,0,0 05-29~7,2,2,0,0 07-13~4,0,0,0,0 05-18~10,0,0,0,0 08-05~7,0,0,0,0 05-11~8,0,0,0,0 06-12~19,0,0,0,0 07-21~1,0,0,0,0 05-06~5,0,0,0,0 08-08~14,4,2,1,1 07-17~5,0,0,0,0 07-11~3,0,0,0,0 06-09~13,1,1,1,0 05-01~8,2,0,0,0 07-05~5,1,0,0,0 05-25~9,0,0,0,0 07-23~7,0,0,0,0 05-16~17,0,0,0,0 all~343,93,48,25,10 05-15~6,0,0,0,0 09-02~9,1,0,0,0 07-19~4,0,0,0,0 06-01~7,1,1,1,1 06-18~14,1,0,0,0 06-11~16,2,0,0,0 07-09~2,0,0,0,0 08-24~7,0,0,0,0 2026-07M~14,2,0,0,0 06-20~7,1,1,0,0 08-25~8,2,1,0,0 07-14~11,2,1,0,0 06-13~10,0,0,0,0 05-24~11,1,1,1,0 07-04~7,0,0,0,0 05-05~7,0,0,0,0 2026-06M~19,1,1,1,1 05-09~11,2,0,0,0 06-04~5,0,0,0,0 08-01~7,0,0,0,0 08-03~12,1,0,0,0 08-23~6,2,1,1,1 05-22~13,0,0,0,0 08-20~4,1,1,1,0 08-21~7,2,2,0,0 08-09~17,4,0,0,0 07-28~8,1,1,1,0 06-30~5,1,1,1,1 2026-05M~13,2,0,0,0 08-18~5,1,0,0,0 06-27~5,0,0,0,0 07-29~14,1,1,0,0 08-06~9,0,0,0,0 08-17~4,1,0,0,0 06-21~13,0,0,0,0 05-02~7,0,0,0,0 06-24~7,0,0,0,0 05-08~11,1,0,0,0 05-14~12,0,0,0,0 05-21~8,1,0,0,0 06-03~13,0,0,0,0 06-16~12,1,0,0,0 08-11~27,7,0,0,0 07-08~3,0,0,0,0 06-10~16,1,0,0,0 07-25~2,0,0,0,0 2026-05~103,18,7,4,0 06-07~12,0,0,0,0 06-28~6,0,0,0,0 07-30~9,0,0,0,0 2026-06~97,18,12,7,3 08-02~13,0,0,0,0 05-17~14,0,0,0,0 08-26~9,1,1,0,0 08-04~9,2,2,1,1 08-12~8,1,0,0,0 05-10~13,1,0,0,0 08-14~9,5,3,1,0 08-31~10,0,0,0,0 05-20~14,1,0,0,0 06-02~16,0,0,0,0 08-30~5,2,2,0,0 05-30~12,0,0,0,0 07-20~6,1,0,0,0 07-24~3,0,0,0,0 05-13~3,1,0,0,0 09-01~5,0,0,0,0 08-19~4,2,1,1,1 07-26~2,0,0,0,0 07-16~5,0,0,0,0 05-19~9,1,1,1,0 07-03~8,1,1,0,0 05-07~9,1,0,0,0 05-12~10,0,0,0,0 05-23~6,0,0,0,0 sr~485,358 se~1377,752,134,14.9,3.52
Lebanon|2026-05~37,12,6,2,1 06-06~4,1,1,0,0 06-25~12,1,1,0,0 2026-07M~12,0,0,0,0 05-14~4,0,0,0,0 08-31~9,0,0,0,0 05-18~3,1,1,1,1 07-24~4,0,0,0,0 05-13~5,2,1,0,0 08-14~3,1,0,0,0 08-02~4,1,1,0,0 08-26~9,1,0,0,0 06-23~16,2,0,0,0 05-07~3,0,0,0,0 07-15~8,0,0,0,0 08-05~3,0,0,0,0 08-06~3,0,0,0,0 07-11~10,0,0,0,0 06-09~3,0,0,0,0 2026-09M~9,2,0,0,0 05-05~5,0,0,0,0 08-22~6,0,0,0,0 08-09~5,1,1,0,0 05-12~6,0,0,0,0 05-24~5,0,0,0,0 05-27~7,1,1,1,0 07-16~4,0,0,0,0 05-17~7,1,1,0,0 2026-07~48,8,6,3,2 08-30~7,0,0,0,0 07-23~7,1,1,0,0 05-19~3,0,0,0,0 08-21~6,0,0,0,0 05-08~5,1,0,0,0 08-01~6,0,0,0,0 06-22~8,0,0,0,0 08-29~9,2,2,1,1 05-28~6,0,0,0,0 08-15~7,0,0,0,0 05-21~3,0,0,0,0 07-26~7,1,1,0,0 2026-08~48,8,6,3,2 06-24~11,1,1,1,0 05-06~4,0,0,0,0 06-15~8,1,0,0,0 07-04~8,0,0,0,0 07-21~5,1,0,0,0 07-13~8,0,0,0,0 05-02~6,1,0,0,0 05-04~6,0,0,0,0 07-14~11,1,1,1,1 05-10~3,0,0,0,0 06-21~9,0,0,0,0 05-26~6,1,1,0,0 06-28~9,0,0,0,0 07-30~3,0,0,0,0 07-28~5,0,0,0,0 06-30~13,0,0,0,0 07-08~6,0,0,0,0 06-10~6,0,0,0,0 all~144,43,26,13,9 06-07~5,0,0,0,0 07-03~9,1,1,1,0 06-18~10,1,0,0,0 05-15~3,0,0,0,0 08-24~7,1,0,0,0 05-23~3,0,0,0,0 05-01~5,0,0,0,0 08-27~7,0,0,0,0 07-31~3,0,0,0,0 06-29~10,0,0,0,0 05-11~3,0,0,0,0 06-08~4,0,0,0,0 07-10~8,0,0,0,0 06-04~4,0,0,0,0 05-09~3,0,0,0,0 08-25~6,1,1,1,0 07-27~2,0,0,0,0 06-26~8,0,0,0,0 2026-09~9,2,0,0,0 07-29~6,1,0,0,0 07-20~5,0,0,0,0 07-18~6,0,0,0,0 05-22~6,1,1,0,0 09-02~7,1,0,0,0 06-17~8,0,0,0,0 08-13~5,0,0,0,0 06-16~10,0,0,0,0 08-11~3,0,0,0,0 08-08~5,0,0,0,0 07-17~6,0,0,0,0 05-29~4,1,0,0,0 06-05~9,1,0,0,0 08-03~5,0,0,0,0 2026-06~51,14,8,5,3 06-19~11,1,0,0,0 07-01~8,0,0,0,0 2026-05M~7,1,0,0,0 08-04~3,0,0,0,0 08-28~8,0,0,0,0 05-30~3,0,0,0,0 06-20~10,0,0,0,0 08-20~4,0,0,0,0 08-17~5,0,0,0,0 05-25~2,0,0,0,0 05-20~4,0,0,0,0 08-23~4,0,0,0,0 2026-08M~7,1,1,0,0 06-13~11,3,1,1,0 06-12~5,1,1,0,0 07-19~6,1,1,0,0 06-01~3,0,0,0,0 07-02~11,0,0,0,0 06-11~9,1,1,1,0 07-09~10,1,1,1,0 07-05~13,0,0,0,0 07-22~4,0,0,0,0 07-25~7,0,0,0,0 05-31~6,1,0,0,0 07-06~10,0,0,0,0 08-18~4,0,0,0,0 08-12~3,0,0,0,0 2026-06M~4,0,0,0,0 05-03~4,0,0,0,0 06-27~7,0,0,0,0 06-02~3,0,0,0,0 06-14~11,3,2,1,0 05-16~4,1,0,0,0 07-12~6,0,0,0,0 07-07~11,0,0,0,0 09-01~6,1,0,0,0 08-19~8,0,0,0,0 06-03~2,0,0,0,0 08-07~4,0,0,0,0 08-10~5,0,0,0,0 08-16~6,1,1,0,0 se~1731,627,128,7.2,3.67
Lesotho|07-02~1,0,0,0,0 2026-07~5,4,2,1,0 06-30~10,6,3,2,0 all~23,14,8,4,0 06-29~2,1,1,1,0 07-01~2,2,1,1,0 07-24~1,1,1,0,0 06-26~2,1,1,0,0 2026-07M~3,2,1,1,0 07-30~1,1,0,0,0 06-28~2,1,1,0,0 06-27~3,1,0,0,0 2026-06~18,10,6,3,0
Liberia|2026-06~13,3,3,3,0 08-15~1,0,0,0,0 2026-05~1,0,0,0,0 2026-07~1,0,0,0,0 07-07~1,0,0,0,0 06-29~3,1,1,1,0 2026-08~3,1,0,0,0 06-26~3,0,0,0,0 05-27~1,0,0,0,0 08-09~1,1,0,0,0 06-30~2,1,1,1,0 06-27~2,1,1,1,0 08-11~1,0,0,0,0 06-28~3,0,0,0,0 all~18,4,3,3,0
Libya|2026-06M~5,0,0,0,0 05-20~3,0,0,0,0 06-12~2,0,0,0,0 07-17~1,0,0,0,0 05-04~2,0,0,0,0 08-02~3,0,0,0,0 06-13~2,0,0,0,0 05-08~2,0,0,0,0 07-24~1,0,0,0,0 06-18~2,0,0,0,0 05-28~2,0,0,0,0 05-11~2,1,0,0,0 2026-09~1,0,0,0,0 05-23~2,0,0,0,0 07-23~2,0,0,0,0 07-20~2,0,0,0,0 05-26~2,0,0,0,0 08-15~1,0,0,0,0 2026-05~15,5,1,1,0 06-05~1,0,0,0,0 05-25~3,1,1,1,0 07-04~1,0,0,0,0 07-11~2,0,0,0,0 06-09~1,0,0,0,0 07-08~1,0,0,0,0 06-10~3,0,0,0,0 05-19~1,0,0,0,0 08-30~1,0,0,0,0 07-16~5,1,1,1,0 08-05~2,0,0,0,0 07-07~2,0,0,0,0 05-14~3,0,0,0,0 07-27~2,0,0,0,0 06-08~3,0,0,0,0 07-10~1,0,0,0,0 08-14~1,0,0,0,0 06-17~1,0,0,0,0 07-19~2,0,0,0,0 06-01~3,0,0,0,0 09-02~1,0,0,0,0 07-28~5,0,0,0,0 06-30~3,1,1,0,0 07-26~2,1,1,1,0 08-22~9,0,0,0,0 08-07~2,0,0,0,0 06-22~3,0,0,0,0 07-15~2,0,0,0,0 08-16~1,0,0,0,0 2026-07~21,3,3,2,0 2026-08M~7,0,0,0,0 06-25~2,0,0,0,0 08-25~2,0,0,0,0 08-26~4,0,0,0,0 05-29~3,0,0,0,0 07-12~2,0,0,0,0 07-02~2,0,0,0,0 06-03~4,0,0,0,0 05-17~4,0,0,0,0 06-19~4,1,1,0,0 07-01~3,0,0,0,0 08-17~2,0,0,0,0 all~109,13,7,4,1 07-29~4,1,1,0,0 05-18~3,0,0,0,0 05-30~4,0,0,0,0 2026-07M~3,0,0,0,0 08-08~5,0,0,0,0 05-10~2,0,0,0,0 08-11~1,0,0,0,0 07-03~3,0,0,0,0 08-01~5,0,0,0,0 08-18~1,0,0,0,0 05-13~2,1,0,0,0 06-14~1,0,0,0,0 08-06~4,0,0,0,0 2026-09M~1,0,0,0,0 06-24~2,0,0,0,0 06-23~5,0,0,0,0 06-07~2,0,0,0,0 08-29~1,0,0,0,0 08-28~4,0,0,0,0 07-18~2,0,0,0,0 05-24~1,0,0,0,0 08-31~2,0,0,0,0 07-25~2,0,0,0,0 06-04~1,0,0,0,0 08-27~6,0,0,0,0 08-12~4,0,0,0,0 05-22~3,0,0,0,0 2026-08~74,1,0,0,0 07-22~1,0,0,0,0 06-11~2,0,0,0,0 07-09~1,0,0,0,0 06-16~1,0,0,0,0 05-06~4,1,0,0,0 07-06~2,0,0,0,0 07-13~2,0,0,0,0 07-31~4,0,0,0,0 06-29~1,0,0,0,0 06-02~4,0,0,0,0 07-05~3,0,0,0,0 05-31~1,0,0,0,0 06-15~1,0,0,0,0 06-21~4,0,0,0,0 08-24~12,0,0,0,0 05-15~1,0,0,0,0 05-21~1,0,0,0,0 08-23~7,0,0,0,0 05-27~2,0,0,0,0 08-13~2,0,0,0,0 08-04~1,0,0,0,0 05-07~2,1,0,0,0 05-03~1,0,0,0,0 08-03~1,0,0,0,0 2026-06~14,4,3,1,1 08-20~6,1,0,0,0 06-26~1,0,0,0,0 06-20~4,1,1,1,1 07-14~3,0,0,0,0 09-01~1,0,0,0,0 08-19~6,0,0,0,0 08-21~9,0,0,0,0 06-27~1,0,0,0,0 07-21~1,0,0,0,0 06-28~3,1,0,0,0 07-30~3,0,0,0,0 08-10~3,0,0,0,0 se~440,461,145,13.2,3.19
Liechtenstein|05-23~2,0,0,0,0 2026-09~3,0,0,0,0 08-01~1,0,0,0,0 08-12~5,0,0,0,0 07-29~3,0,0,0,0 08-16~2,0,0,0,0 07-13~4,0,0,0,0 08-13~1,0,0,0,0 07-03~1,0,0,0,0 08-07~1,0,0,0,0 05-06~1,0,0,0,0 06-22~1,0,0,0,0 06-25~1,0,0,0,0 2026-06~2,0,0,0,0 08-04~4,0,0,0,0 06-20~1,0,0,0,0 2026-09M~3,0,0,0,0 06-12~1,0,0,0,0 07-30~6,0,0,0,0 08-05~1,0,0,0,0 06-02~1,0,0,0,0 08-24~2,0,0,0,0 08-02~1,0,0,0,0 07-24~1,0,0,0,0 08-15~3,0,0,0,0 06-17~1,0,0,0,0 05-07~1,0,0,0,0 09-02~3,0,0,0,0 07-15~2,0,0,0,0 05-01~1,0,0,0,0 06-23~1,0,0,0,0 2026-07M~2,1,1,1,1 05-12~1,0,0,0,0 07-22~1,0,0,0,0 07-09~1,0,0,0,0 06-11~1,0,0,0,0 08-20~2,0,0,0,0 06-27~1,0,0,0,0 05-29~1,0,0,0,0 05-17~1,0,0,0,0 05-04~1,0,0,0,0 06-03~1,0,0,0,0 07-07~1,0,0,0,0 05-15~1,0,0,0,0 08-10~1,0,0,0,0 2026-08~9,0,0,0,0 05-22~1,0,0,0,0 05-16~1,0,0,0,0 07-31~5,0,0,0,0 06-30~1,0,0,0,0 08-23~3,0,0,0,0 07-21~1,0,0,0,0 08-14~2,0,0,0,0 2026-05M~2,1,0,0,0 05-10~1,0,0,0,0 all~17,2,1,1,1 08-17~3,0,0,0,0 2026-07~9,1,1,1,1 05-21~1,0,0,0,0 08-03~2,0,0,0,0 05-13~1,0,0,0,0 05-03~1,0,0,0,0 08-08~1,0,0,0,0 08-09~1,0,0,0,0 08-21~1,0,0,0,0 06-18~1,0,0,0,0 08-30~1,0,0,0,0 07-01~2,1,1,1,1 06-19~1,0,0,0,0 2026-08M~1,0,0,0,0 08-06~2,0,0,0,0 06-09~1,0,0,0,0 07-14~1,0,0,0,0 2026-06M~1,0,0,0,0 05-05~1,0,0,0,0 07-04~4,0,0,0,0 06-05~1,0,0,0,0 08-19~3,0,0,0,0 09-01~3,0,0,0,0 05-08~1,0,0,0,0 08-18~3,0,0,0,0 06-14~1,0,0,0,0 08-31~3,0,0,0,0 06-16~1,0,0,0,0 08-11~2,0,0,0,0 07-02~2,0,0,0,0 06-26~1,0,0,0,0 05-02~2,1,0,0,0 05-31~1,0,0,0,0 2026-05~4,1,0,0,0 se~275,1291,124,4.0,5.4
Lithuania|05-19~8,3,1,1,1 05-05~17,3,0,0,0 07-24~27,6,4,2,1 2026-06M~34,5,2,1,0 2026-09M~22,0,0,0,0 07-20~16,7,0,0,0 06-21~16,4,1,0,0 08-19~17,1,0,0,0 08-25~16,0,0,0,0 2026-07~336,124,75,51,14 08-15~14,3,0,0,0 07-15~18,1,0,0,0 07-12~23,6,2,0,0 07-04~28,4,2,1,0 07-11~17,4,1,0,0 06-13~16,4,2,1,1 08-24~12,0,0,0,0 2026-08~304,81,41,26,11 05-15~9,2,2,1,1 05-25~20,4,2,1,0 07-07~23,5,4,2,1 07-05~24,5,4,3,0 06-18~11,1,0,0,0 06-03~16,1,0,0,0 07-14~22,4,1,1,1 08-04~32,3,0,0,0 08-12~23,2,0,0,0 06-25~23,9,6,5,4 08-23~15,5,2,2,1 08-03~23,3,2,2,0 07-21~20,6,2,1,0 2026-09~22,0,0,0,0 06-19~16,4,2,2,1 2026-08M~60,9,4,2,0 05-21~16,3,1,1,0 08-05~22,2,1,0,0 05-18~14,4,1,0,0 08-13~18,7,3,3,0 07-30~30,4,1,0,0 06-12~27,3,1,1,1 06-08~12,2,0,0,0 2026-05~198,82,34,20,10 07-28~26,2,2,2,1 06-17~14,3,2,1,1 08-07~18,2,0,0,0 2026-05M~23,3,0,0,0 08-17~18,0,0,0,0 06-26~17,1,1,1,0 08-27~19,4,2,1,0 05-14~10,1,1,1,1 06-02~22,4,1,0,0 07-27~32,8,4,3,0 08-16~18,4,3,2,1 06-28~22,3,1,1,0 07-09~23,3,3,3,2 06-07~15,3,1,1,0 06-05~14,2,0,0,0 06-10~15,3,1,0,0 08-31~10,2,2,1,1 05-01~18,3,0,0,0 05-30~20,1,0,0,0 05-26~17,2,2,0,0 07-10~12,0,0,0,0 05-08~20,4,0,0,0 06-23~15,5,2,0,0 05-02~13,0,0,0,0 07-17~15,3,2,1,0 08-01~29,6,4,2,0 08-29~20,6,3,2,1 08-22~14,2,2,1,1 05-06~13,2,0,0,0 08-10~19,2,1,1,0 06-14~28,5,4,3,0 05-10~18,5,0,0,0 07-29~31,10,5,4,1 06-24~27,3,1,0,0 08-06~19,4,0,0,0 05-22~19,3,2,2,2 05-28~29,8,4,2,0 06-09~13,5,4,2,2 07-31~29,4,4,1,0 08-18~17,2,2,0,0 07-03~33,3,2,2,1 05-29~22,2,1,0,0 05-20~15,5,3,2,1 07-19~15,4,3,3,2 08-28~18,1,1,1,0 05-27~20,5,4,1,1 06-27~20,2,2,1,0 07-01~13,3,2,2,1 07-02~21,3,2,2,1 07-18~10,1,1,0,0 07-08~20,2,1,0,0 07-23~28,10,6,3,0 2026-06~229,74,42,27,11 08-20~9,2,2,1,1 08-08~14,4,1,1,1 06-15~17,0,0,0,0 08-30~11,0,0,0,0 08-09~12,1,0,0,0 05-13~15,3,1,1,1 05-23~15,0,0,0,0 05-12~12,5,0,0,0 09-02~13,0,0,0,0 06-11~24,2,1,1,0 05-24~18,3,0,0,0 08-21~12,1,1,1,0 05-16~20,7,5,3,1 07-25~23,8,3,1,0 05-04~15,1,0,0,0 06-16~18,2,1,1,1 06-22~12,1,1,1,0 06-30~13,1,0,0,0 08-02~36,3,0,0,0 05-07~14,2,0,0,0 all~873,328,187,129,48 05-03~12,3,0,0,0 08-26~16,3,2,0,0 07-13~19,4,4,2,1 08-11~32,9,7,4,3 06-20~21,7,5,2,0 05-11~12,2,0,0,0 09-01~13,0,0,0,0 07-26~33,7,5,4,0 06-06~13,0,0,0,0 05-17~20,4,4,3,1 07-06~18,2,1,1,0 07-16~13,1,1,0,0 2026-07M~32,6,4,4,2 05-09~30,5,0,0,0 06-04~11,1,0,0,0 08-14~13,1,1,0,0 05-31~18,1,0,0,0 07-22~25,5,2,2,0 06-01~19,1,1,1,0 06-29~15,2,2,1,0 sr~1011,669 se~5068,979,103,9.5,4.65
Luxembourg|06-01~5,0,0,0,0 08-24~10,4,3,3,2 07-12~7,1,1,1,0 08-05~10,0,0,0,0 08-09~12,0,0,0,0 07-24~8,1,0,0,0 07-15~5,1,0,0,0 08-02~11,0,0,0,0 05-27~8,0,0,0,0 06-29~8,0,0,0,0 08-22~7,1,1,0,0 08-18~6,2,1,0,0 05-04~5,0,0,0,0 07-03~6,0,0,0,0 08-14~7,0,0,0,0 07-08~6,0,0,0,0 2026-08~61,18,13,8,4 2026-09M~8,1,0,0,0 05-22~6,0,0,0,0 06-20~7,0,0,0,0 08-03~12,2,1,1,0 07-14~5,0,0,0,0 08-12~5,1,0,0,0 07-05~5,0,0,0,0 05-30~8,0,0,0,0 05-07~6,0,0,0,0 06-09~8,0,0,0,0 07-11~2,0,0,0,0 08-06~7,0,0,0,0 07-23~7,0,0,0,0 08-08~6,0,0,0,0 08-17~5,0,0,0,0 06-25~4,0,0,0,0 08-23~6,2,2,2,1 2026-05~41,13,4,1,0 07-26~7,0,0,0,0 08-31~6,0,0,0,0 08-25~7,0,0,0,0 08-19~5,0,0,0,0 05-12~7,0,0,0,0 09-02~4,0,0,0,0 06-15~12,1,1,1,0 07-21~7,1,0,0,0 07-19~8,1,1,1,0 06-23~8,1,0,0,0 05-02~6,0,0,0,0 05-05~6,0,0,0,0 07-16~5,0,0,0,0 08-01~8,0,0,0,0 08-20~3,0,0,0,0 05-31~9,0,0,0,0 05-23~5,0,0,0,0 08-29~4,0,0,0,0 06-21~6,1,1,1,1 all~150,48,28,18,7 07-28~8,1,0,0,0 05-17~6,0,0,0,0 06-19~8,0,0,0,0 2026-06M~9,1,1,1,1 06-12~8,0,0,0,0 06-11~6,0,0,0,0 2026-07~57,11,6,5,1 07-04~9,0,0,0,0 08-13~7,1,1,0,0 2026-08M~13,0,0,0,0 08-04~9,0,0,0,0 07-13~6,0,0,0,0 07-09~3,1,0,0,0 07-18~7,1,1,1,0 08-28~6,0,0,0,0 07-17~8,1,1,0,0 05-01~9,1,0,0,0 06-03~5,0,0,0,0 08-16~7,0,0,0,0 07-01~6,0,0,0,0 08-30~5,0,0,0,0 07-27~11,0,0,0,0 07-30~11,1,1,1,1 08-27~8,1,1,1,0 07-29~11,0,0,0,0 07-20~7,0,0,0,0 05-24~8,1,0,0,0 06-07~6,0,0,0,0 05-09~7,1,0,0,0 05-25~8,0,0,0,0 05-10~5,0,0,0,0 05-11~7,2,0,0,0 05-06~6,0,0,0,0 06-08~5,0,0,0,0 06-30~9,1,0,0,0 06-02~8,1,1,1,1 2026-09~8,1,0,0,0 06-10~6,0,0,0,0 2026-07M~8,0,0,0,0 08-11~4,1,0,0,0 07-06~5,0,0,0,0 06-27~7,0,0,0,0 05-29~7,1,0,0,0 08-21~4,1,1,0,0 05-20~8,1,1,0,0 08-15~6,0,0,0,0 07-02~7,0,0,0,0 2026-06~41,7,5,4,2 05-14~6,3,2,1,0 05-15~8,1,1,0,0 2026-05M~10,1,0,0,0 06-06~6,0,0,0,0 05-08~7,1,0,0,0 06-13~6,0,0,0,0 05-16~5,0,0,0,0 06-18~3,0,0,0,0 06-14~9,1,1,0,0 07-07~12,0,0,0,0 08-10~6,1,1,1,0 07-22~4,0,0,0,0 05-21~6,0,0,0,0 07-25~8,2,1,0,0 06-22~11,0,0,0,0 06-26~7,0,0,0,0 05-28~15,0,0,0,0 06-17~6,0,0,0,0 05-19~6,0,0,0,0 06-24~6,1,1,1,0 05-26~6,0,0,0,0 06-28~9,0,0,0,0 08-26~6,1,1,0,0 07-31~6,0,0,0,0 06-05~5,0,0,0,0 05-13~5,0,0,0,0 08-07~7,0,0,0,0 07-10~4,0,0,0,0 05-03~6,0,0,0,0 09-01~7,1,0,0,0 06-16~9,0,0,0,0 05-18~8,1,0,0,0 06-04~7,0,0,0,0 se~2146,1226,397,2.7,4.49
Macao|06-01~1,0,0,0,0 2026-05~1,0,0,0,0 07-21~1,0,0,0,0 06-26~1,0,0,0,0 07-22~1,0,0,0,0 2026-06M~1,0,0,0,0 05-20~1,0,0,0,0 08-25~1,0,0,0,0 07-27~1,0,0,0,0 06-21~1,0,0,0,0 all~4,0,0,0,0 2026-06~2,0,0,0,0 05-29~1,0,0,0,0 2026-08~1,0,0,0,0 2026-07~2,0,0,0,0
Madagascar|07-17~1,0,0,0,0 07-31~3,0,0,0,0 07-11~1,0,0,0,0 2026-05~5,4,2,1,0 07-27~1,0,0,0,0 2026-06M~1,0,0,0,0 07-19~1,0,0,0,0 07-29~2,1,0,0,0 06-08~1,0,0,0,0 05-06~1,1,0,0,0 07-30~1,0,0,0,0 08-27~1,0,0,0,0 07-21~1,0,0,0,0 2026-06~14,8,4,2,0 05-23~1,1,1,0,0 07-07~1,1,1,0,0 07-24~4,1,1,0,0 06-01~1,0,0,0,0 07-10~1,0,0,0,0 2026-07M~1,0,0,0,0 2026-07~9,6,5,2,0 07-18~1,0,0,0,0 07-08~1,1,1,1,0 08-15~1,0,0,0,0 07-16~2,1,1,0,0 08-01~1,0,0,0,0 06-28~2,1,1,0,0 05-26~2,0,0,0,0 07-28~1,0,0,0,0 08-19~1,0,0,0,0 2026-08M~2,0,0,0,0 07-20~1,0,0,0,0 all~30,19,12,6,0 05-25~1,1,0,0,0 06-27~4,4,2,2,0 07-25~2,0,0,0,0 06-11~1,0,0,0,0 05-28~1,0,0,0,0 07-22~1,1,1,0,0 08-05~2,1,1,1,0 07-26~1,0,0,0,0 05-13~1,1,1,1,0 2026-08~6,1,1,1,0 06-30~2,1,0,0,0 07-23~1,0,0,0,0 07-01~1,0,0,0,0 08-02~1,0,0,0,0 06-29~3,1,0,0,0 05-27~1,0,0,0,0 06-20~1,1,1,0,0
Malawi|05-27~2,0,0,0,0 06-15~5,0,0,0,0 2026-05~8,1,0,0,0 06-08~3,0,0,0,0 07-10~4,0,0,0,0 05-03~1,1,0,0,0 2026-09~6,0,0,0,0 08-05~1,0,0,0,0 06-14~4,0,0,0,0 07-23~1,0,0,0,0 07-07~3,1,0,0,0 09-02~3,0,0,0,0 2026-06M~6,0,0,0,0 all~27,10,3,1,0 05-16~3,0,0,0,0 05-24~4,0,0,0,0 07-24~2,0,0,0,0 07-27~1,0,0,0,0 05-21~2,0,0,0,0 08-12~2,0,0,0,0 08-30~1,0,0,0,0 05-28~5,0,0,0,0 05-18~4,0,0,0,0 06-02~3,0,0,0,0 05-22~2,0,0,0,0 07-03~4,0,0,0,0 07-28~2,0,0,0,0 06-30~8,2,0,0,0 07-16~3,0,0,0,0 06-17~6,0,0,0,0 05-19~2,0,0,0,0 2026-06~21,7,1,0,0 07-11~3,0,0,0,0 06-09~4,0,0,0,0 08-02~2,0,0,0,0 2026-08~10,0,0,0,0 06-18~5,0,0,0,0 05-09~2,0,0,0,0 05-13~2,0,0,0,0 07-20~3,0,0,0,0 05-06~3,0,0,0,0 07-17~2,1,1,0,0 08-13~2,0,0,0,0 07-08~5,0,0,0,0 06-10~6,0,0,0,0 06-06~3,0,0,0,0 08-07~4,0,0,0,0 2026-09M~6,0,0,0,0 05-31~3,0,0,0,0 07-21~2,0,0,0,0 08-25~2,0,0,0,0 06-25~4,0,0,0,0 05-29~3,0,0,0,0 07-12~5,0,0,0,0 08-18~3,0,0,0,0 08-11~4,0,0,0,0 08-09~1,0,0,0,0 08-29~1,0,0,0,0 06-22~3,0,0,0,0 08-22~2,0,0,0,0 08-21~5,0,0,0,0 07-15~3,0,0,0,0 07-05~3,0,0,0,0 06-04~3,0,0,0,0 05-10~1,0,0,0,0 05-11~3,0,0,0,0 05-08~2,0,0,0,0 07-06~2,0,0,0,0 08-10~2,0,0,0,0 2026-08M~2,0,0,0,0 08-31~1,0,0,0,0 05-17~3,0,0,0,0 08-16~3,0,0,0,0 07-04~4,0,0,0,0 08-06~2,0,0,0,0 08-08~3,0,0,0,0 05-14~3,0,0,0,0 05-15~2,0,0,0,0 06-13~4,0,0,0,0 2026-05M~4,0,0,0,0 08-01~1,0,0,0,0 06-23~6,0,0,0,0 06-24~5,0,0,0,0 07-18~2,0,0,0,0 06-28~7,1,0,0,0 07-30~3,0,0,0,0 06-07~4,0,0,0,0 05-23~2,0,0,0,0 07-29~2,0,0,0,0 07-22~3,0,0,0,0 06-03~3,0,0,0,0 08-20~3,0,0,0,0 08-15~2,0,0,0,0 05-25~3,0,0,0,0 07-25~1,0,0,0,0 06-16~6,0,0,0,0 06-11~7,0,0,0,0 07-09~5,0,0,0,0 09-01~5,0,0,0,0 08-19~3,0,0,0,0 05-01~1,0,0,0,0 06-19~4,1,1,0,0 07-01~3,1,1,1,0 07-14~5,0,0,0,0 06-05~4,0,0,0,0 07-02~4,0,0,0,0 06-12~4,1,0,0,0 05-02~3,0,0,0,0 06-26~5,2,0,0,0 08-23~3,0,0,0,0 05-07~4,0,0,0,0 07-19~2,0,0,0,0 06-01~5,0,0,0,0 05-12~2,0,0,0,0 05-30~5,0,0,0,0 08-28~3,0,0,0,0 05-26~3,0,0,0,0 08-24~3,0,0,0,0 05-20~4,0,0,0,0 05-05~2,0,0,0,0 2026-07M~5,1,1,1,0 08-14~2,0,0,0,0 08-03~2,0,0,0,0 05-04~2,0,0,0,0 08-04~2,0,0,0,0 08-27~2,0,0,0,0 06-21~4,0,0,0,0 06-27~2,0,0,0,0 07-13~3,0,0,0,0 2026-07~11,3,2,1,0 08-26~3,0,0,0,0 06-20~5,0,0,0,0 07-26~3,0,0,0,0 07-31~2,0,0,0,0 06-29~5,0,0,0,0 08-17~2,0,0,0,0 se~775,925,235,9.5,2.22
Malaysia|07-31~18,1,1,1,0 06-29~21,1,0,0,0 07-12~35,3,2,0,0 08-03~18,1,0,0,0 06-13~19,2,1,0,0 08-02~17,0,0,0,0 05-01~14,0,0,0,0 05-11~15,0,0,0,0 08-09~13,4,1,0,0 07-14~26,3,1,1,1 05-28~21,0,0,0,0 06-22~26,1,1,1,0 05-24~16,1,1,1,0 08-29~20,1,0,0,0 06-04~18,0,0,0,0 08-22~21,0,0,0,0 06-26~27,2,0,0,0 08-14~6,0,0,0,0 2026-09M~39,3,1,1,0 05-14~16,0,0,0,0 08-26~21,0,0,0,0 05-18~16,0,0,0,0 08-18~23,1,0,0,0 08-01~20,0,0,0,0 05-22~20,1,1,1,0 2026-08~485,34,13,7,5 05-08~16,1,0,0,0 06-21~20,1,1,0,0 08-23~20,1,1,0,0 06-14~26,1,0,0,0 05-27~17,0,0,0,0 05-04~14,0,0,0,0 07-15~32,1,0,0,0 09-01~21,1,0,0,0 08-19~23,1,1,1,1 06-05~21,3,3,1,0 08-06~18,0,0,0,0 05-07~15,0,0,0,0 2026-07~567,52,34,15,6 07-03~19,2,2,2,2 08-10~20,0,0,0,0 06-11~24,1,0,0,0 07-09~36,11,11,0,0 07-13~26,3,1,0,0 05-29~18,1,1,0,0 07-22~24,1,1,1,0 06-18~26,2,2,1,0 08-21~21,0,0,0,0 06-16~21,1,1,0,0 05-30~15,0,0,0,0 06-24~19,0,0,0,0 06-23~21,0,0,0,0 07-05~21,2,2,1,0 07-16~40,3,1,0,0 2026-09~39,3,1,1,0 05-09~15,0,0,0,0 05-15~17,0,0,0,0 06-07~20,0,0,0,0 05-19~17,0,0,0,0 07-07~22,0,0,0,0 07-27~22,2,0,0,0 2026-06M~41,1,1,1,0 06-28~17,0,0,0,0 07-30~17,0,0,0,0 07-04~21,1,1,1,0 05-23~18,2,1,0,0 2026-08M~35,0,0,0,0 08-12~20,0,0,0,0 05-02~16,1,0,0,0 07-02~21,1,1,1,1 08-08~20,1,0,0,0 05-31~15,0,0,0,0 06-06~16,0,0,0,0 06-27~18,0,0,0,0 08-20~23,0,0,0,0 05-26~20,0,0,0,0 06-19~21,1,1,0,0 07-01~22,0,0,0,0 07-18~18,1,0,0,0 07-08~23,4,2,1,1 06-10~27,0,0,0,0 07-11~24,1,0,0,0 06-09~22,1,0,0,0 07-06~18,1,0,0,0 08-05~24,3,1,1,1 06-17~18,0,0,0,0 05-12~16,2,0,0,0 2026-05~448,13,6,4,0 05-05~17,0,0,0,0 05-13~15,1,1,1,0 08-16~22,3,2,0,0 07-20~21,2,0,0,0 07-21~27,1,0,0,0 08-11~26,2,0,0,0 05-03~18,1,0,0,0 08-27~21,1,0,0,0 06-20~25,4,2,1,0 05-06~16,0,0,0,0 2026-06~515,26,16,8,0 08-15~22,1,0,0,0 08-24~24,2,1,1,1 2026-07M~39,1,1,1,1 06-03~20,0,0,0,0 05-21~18,1,1,1,0 08-07~19,1,0,0,0 07-17~27,1,1,0,0 05-16~18,0,0,0,0 05-25~15,0,0,0,0 09-02~21,2,1,1,0 08-13~18,2,2,0,0 07-24~21,1,0,0,0 07-25~19,0,0,0,0 08-04~26,2,0,0,0 2026-05M~29,1,0,0,0 08-30~17,0,0,0,0 08-17~23,5,1,1,0 07-26~23,2,2,1,0 all~1989,124,69,34,11 08-25~22,0,0,0,0 06-02~23,1,1,1,0 05-20~19,2,0,0,0 06-15~28,3,2,1,0 05-17~14,0,0,0,0 06-12~24,0,0,0,0 07-29~33,3,2,1,0 08-31~20,2,2,1,0 05-10~17,0,0,0,0 06-08~16,0,0,0,0 07-10~28,2,1,0,0 07-23~22,0,0,0,0 06-25~23,3,1,0,0 07-28~21,0,0,0,0 06-30~21,0,0,0,0 08-28~22,2,1,1,1 07-19~28,2,2,2,0 06-01~20,0,0,0,0 sr~2091,521 se~3339,337,21,4.8,3.1
Maldives|06-28~16,7,5,4,1 07-30~6,1,1,1,0 07-13~1,0,0,0,0 08-02~3,0,0,0,0 08-03~2,0,0,0,0 2026-08M~3,0,0,0,0 05-10~1,0,0,0,0 08-08~3,2,1,1,0 07-15~4,0,0,0,0 2026-05M~1,1,0,0,0 05-25~1,0,0,0,0 08-23~1,0,0,0,0 06-27~11,5,4,3,0 08-15~2,0,0,0,0 08-27~1,0,0,0,0 09-01~2,1,1,1,0 05-09~1,0,0,0,0 2026-08~13,5,2,2,0 06-20~1,0,0,0,0 06-15~1,0,0,0,0 05-05~1,0,0,0,0 07-14~2,0,0,0,0 2026-09~4,2,1,1,0 08-18~1,0,0,0,0 06-04~1,1,0,0,0 08-07~2,0,0,0,0 07-02~2,0,0,0,0 07-08~3,2,2,2,1 07-12~1,0,0,0,0 05-28~2,0,0,0,0 07-23~3,1,1,0,0 06-19~1,0,0,0,0 07-01~3,0,0,0,0 08-20~2,0,0,0,0 all~95,43,30,22,4 06-17~1,0,0,0,0 06-25~6,2,2,1,0 06-22~1,0,0,0,0 07-04~1,0,0,0,0 07-17~1,0,0,0,0 05-14~1,0,0,0,0 07-06~1,0,0,0,0 07-26~2,0,0,0,0 07-31~1,0,0,0,0 06-29~6,2,1,0,0 07-05~2,0,0,0,0 09-02~2,1,0,0,0 08-13~2,0,0,0,0 05-03~2,0,0,0,0 07-03~1,0,0,0,0 05-30~1,0,0,0,0 06-26~10,2,2,2,0 08-21~2,1,0,0,0 2026-05~7,3,1,0,0 2026-07~35,11,9,6,1 07-19~2,1,1,0,0 06-01~1,0,0,0,0 06-11~1,1,1,1,0 07-09~4,1,0,0,0 07-10~4,2,2,1,0 07-07~2,0,0,0,0 08-04~1,0,0,0,0 05-04~1,0,0,0,0 05-12~1,0,0,0,0 08-17~2,0,0,0,0 07-21~2,0,0,0,0 07-20~2,0,0,0,0 08-10~2,0,0,0,0 2026-09M~4,2,1,1,0 05-02~1,1,0,0,0 08-26~2,0,0,0,0 05-07~1,0,0,0,0 08-14~1,0,0,0,0 08-25~1,0,0,0,0 05-20~2,1,0,0,0 08-01~2,0,0,0,0 08-06~2,0,0,0,0 07-16~1,0,0,0,0 08-12~3,0,0,0,0 2026-06~49,24,17,13,3 07-25~3,1,1,1,0 07-24~3,0,0,0,0 08-05~1,1,0,0,0 08-31~2,0,0,0,0 08-16~1,0,0,0,0 07-27~2,0,0,0,0 2026-07M~4,0,0,0,0 05-16~1,1,1,0,0 2026-06M~1,0,0,0,0 07-28~3,0,0,0,0 06-30~7,3,2,2,0 08-30~2,1,1,1,0 05-11~1,0,0,0,0 07-11~3,0,0,0,0 06-09~1,1,0,0,0 07-22~1,0,0,0,0 07-29~17,3,2,2,0 07-18~1,0,0,0,0 se~428,765,132,13.1,4.04
Mali|2026-06M~1,0,0,0,0 08-24~1,0,0,0,0 05-09~1,0,0,0,0 06-17~2,1,0,0,0 08-13~2,0,0,0,0 06-16~1,0,0,0,0 05-08~1,0,0,0,0 08-25~1,0,0,0,0 05-18~1,0,0,0,0 07-29~3,3,2,2,0 07-15~1,0,0,0,0 05-11~1,0,0,0,0 07-19~2,0,0,0,0 08-06~1,0,0,0,0 05-02~1,0,0,0,0 05-01~1,0,0,0,0 2026-09~1,0,0,0,0 05-31~1,0,0,0,0 07-26~1,0,0,0,0 06-30~1,0,0,0,0 08-03~2,1,0,0,0 06-13~1,0,0,0,0 08-20~1,0,0,0,0 06-10~1,0,0,0,0 08-23~2,1,1,1,0 06-19~2,1,0,0,0 08-09~2,0,0,0,0 05-24~1,0,0,0,0 06-28~1,1,1,1,0 07-14~1,0,0,0,0 07-18~1,0,0,0,0 2026-08M~1,0,0,0,0 07-22~1,0,0,0,0 08-28~1,0,0,0,0 08-17~1,0,0,0,0 09-01~1,0,0,0,0 2026-07~7,4,3,2,0 06-15~1,0,0,0,0 08-26~1,0,0,0,0 2026-06~10,5,3,1,0 06-26~3,1,1,0,0 2026-08~7,2,1,1,0 all~23,11,7,4,0 2026-05M~1,0,0,0,0 2026-09M~1,0,0,0,0 08-21~1,0,0,0,0 06-12~1,0,0,0,0 06-14~2,1,1,0,0 08-22~2,0,0,0,0 06-11~2,0,0,0,0 08-16~1,0,0,0,0 06-08~1,0,0,0,0 06-01~1,0,0,0,0 08-01~1,0,0,0,0 05-06~1,0,0,0,0 2026-05~3,0,0,0,0 07-21~1,0,0,0,0 07-16~1,1,1,0,0 05-17~1,0,0,0,0 05-15~1,0,0,0,0 08-08~1,0,0,0,0 05-30~1,0,0,0,0
Malta|08-17~5,2,1,1,0 all~232,75,29,17,7 2026-06~63,16,7,4,2 06-26~5,0,0,0,0 2026-09M~13,3,3,1,1 07-05~3,0,0,0,0 06-11~6,0,0,0,0 07-09~3,0,0,0,0 07-02~8,1,0,0,0 06-27~2,0,0,0,0 07-16~3,0,0,0,0 05-04~5,0,0,0,0 06-02~10,1,0,0,0 08-26~6,2,1,1,0 06-13~3,1,1,0,0 07-11~4,0,0,0,0 06-09~4,1,0,0,0 08-14~4,3,0,0,0 08-11~6,1,0,0,0 05-22~8,0,0,0,0 2026-08~68,28,12,8,1 08-03~7,2,1,0,0 08-18~10,3,2,1,0 08-28~8,0,0,0,0 07-14~4,0,0,0,0 08-12~4,1,0,0,0 07-26~3,1,0,0,0 07-03~6,1,1,1,1 06-04~4,0,0,0,0 08-29~4,0,0,0,0 08-08~4,1,1,1,0 2026-08M~7,1,0,0,0 05-07~9,1,0,0,0 07-06~4,1,0,0,0 07-08~3,0,0,0,0 06-10~6,1,0,0,0 07-19~1,0,0,0,0 06-01~5,2,0,0,0 08-23~3,0,0,0,0 07-23~6,1,0,0,0 06-22~5,1,1,0,0 08-09~1,0,0,0,0 2026-09~13,3,3,1,1 05-23~2,0,0,0,0 06-21~5,0,0,0,0 06-28~3,1,1,1,0 07-30~9,2,1,0,0 2026-07~72,17,3,1,1 07-17~8,0,0,0,0 08-01~5,1,0,0,0 05-15~7,0,0,0,0 05-30~4,0,0,0,0 2026-07M~9,1,0,0,0 06-16~5,0,0,0,0 07-25~4,0,0,0,0 09-01~9,2,2,1,1 08-19~3,0,0,0,0 05-02~3,0,0,0,0 07-13~5,0,0,0,0 07-15~5,2,1,0,0 05-05~5,1,0,0,0 06-19~3,1,1,0,0 07-01~3,0,0,0,0 05-28~5,0,0,0,0 05-21~7,2,2,2,1 07-27~2,0,0,0,0 09-02~6,1,1,0,0 05-19~7,0,0,0,0 05-12~6,3,0,0,0 05-11~5,2,0,0,0 06-05~7,1,0,0,0 07-04~6,1,0,0,0 06-15~6,0,0,0,0 08-20~2,0,0,0,0 06-24~3,1,0,0,0 08-21~5,0,0,0,0 06-08~4,0,0,0,0 07-10~2,0,0,0,0 06-17~6,1,0,0,0 2026-06M~13,3,0,0,0 05-20~4,0,0,0,0 06-18~5,1,0,0,0 05-01~4,0,0,0,0 08-04~6,1,0,0,0 07-18~2,0,0,0,0 08-05~3,1,0,0,0 08-07~5,0,0,0,0 08-27~5,0,0,0,0 05-26~5,0,0,0,0 2026-05~69,16,4,3,2 08-24~4,0,0,0,0 08-25~2,0,0,0,0 05-31~4,0,0,0,0 05-09~3,0,0,0,0 06-23~3,1,0,0,0 08-02~4,0,0,0,0 08-13~4,0,0,0,0 06-25~5,1,0,0,0 05-06~6,0,0,0,0 06-20~2,0,0,0,0 05-10~5,2,0,0,0 2026-05M~5,0,0,0,0 05-25~4,0,0,0,0 06-07~5,1,1,0,0 06-12~5,0,0,0,0 08-15~3,0,0,0,0 06-14~4,1,1,1,1 07-21~4,1,0,0,0 05-29~7,1,0,0,0 08-31~8,3,1,1,0 07-28~4,2,0,0,0 06-30~5,0,0,0,0 06-03~4,0,0,0,0 07-31~4,1,0,0,0 06-29~6,1,1,1,1 08-06~5,1,1,1,0 05-08~6,1,0,0,0 05-13~7,1,0,0,0 08-22~5,3,1,0,0 05-18~8,2,2,1,0 08-16~4,1,1,0,0 05-14~8,3,0,0,0 08-10~8,4,3,1,0 05-24~4,0,0,0,0 06-06~5,0,0,0,0 08-30~4,0,0,0,0 07-29~2,0,0,0,0 07-24~8,2,0,0,0 07-20~3,1,0,0,0 05-17~2,0,0,0,0 07-22~7,2,0,0,0 07-12~5,2,0,0,0 07-07~3,0,0,0,0 05-03~4,0,0,0,0 05-16~3,0,0,0,0 05-27~3,0,0,0,0 se~1173,1543,79,13.6,26.68
Martinique|2026-06~4,2,2,2,1 08-23~1,0,0,0,0 07-02~1,0,0,0,0 2026-07~2,0,0,0,0 06-18~3,1,1,1,0 08-20~1,0,0,0,0 08-12~1,0,0,0,0 07-12~1,0,0,0,0 2026-05~1,1,0,0,0 06-17~1,0,0,0,0 07-09~1,0,0,0,0 08-27~1,1,0,0,0 07-11~1,0,0,0,0 06-19~2,0,0,0,0 08-19~1,0,0,0,0 06-29~1,0,0,0,0 2026-08~7,1,0,0,0 08-16~1,0,0,0,0 08-11~1,0,0,0,0 05-03~1,1,0,0,0 06-16~1,1,1,1,1 07-10~1,0,0,0,0 all~13,4,2,2,1 2026-07M~1,0,0,0,0 06-23~1,0,0,0,0 06-30~1,0,0,0,0
Mauritania|all~7,4,4,1,1 2026-07~2,1,1,0,0 08-12~1,1,1,1,1 07-29~1,0,0,0,0 08-23~1,1,1,0,0 08-17~1,1,1,0,0 07-13~1,1,1,0,0 08-19~2,0,0,0,0 2026-08~5,3,3,1,1
Mauritius|06-30~2,0,0,0,0 2026-08~10,2,0,0,0 05-29~2,1,0,0,0 08-18~1,0,0,0,0 07-29~3,0,0,0,0 08-25~1,0,0,0,0 2026-07~7,2,0,0,0 05-24~1,0,0,0,0 08-01~1,1,0,0,0 06-29~1,1,0,0,0 07-20~1,0,0,0,0 07-24~1,1,0,0,0 06-18~1,0,0,0,0 07-23~1,1,0,0,0 2026-05~4,1,0,0,0 08-23~1,0,0,0,0 05-28~1,0,0,0,0 06-28~1,0,0,0,0 06-23~1,0,0,0,0 08-13~1,1,0,0,0 07-22~1,0,0,0,0 all~29,8,0,0,0 07-16~1,0,0,0,0 08-15~1,0,0,0,0 06-27~1,1,0,0,0 2026-06~9,3,0,0,0 06-19~2,0,0,0,0 2026-08M~1,1,0,0,0 06-11~1,0,0,0,0 06-06~1,1,0,0,0 08-19~1,1,0,0,0 05-25~1,0,0,0,0 08-28~1,0,0,0,0 08-05~3,0,0,0,0
Mayotte|08-10~1,1,0,0,0 2026-08~1,1,0,0,0 07-29~1,0,0,0,0 2026-07~1,0,0,0,0 all~2,1,0,0,0
Mexico|08-05~39,3,3,2,0 08-26~32,1,0,0,0 05-27~39,3,3,2,0 05-26~21,0,0,0,0 05-30~37,1,0,0,0 2026-05~381,112,63,30,9 06-17~50,4,4,2,1 05-21~28,6,5,2,1 07-19~48,3,2,1,1 06-01~39,2,0,0,0 06-25~58,5,4,1,0 08-20~32,4,3,2,0 05-01~22,0,0,0,0 05-15~30,8,6,0,0 06-06~684,234,200,85,0 06-05~738,272,230,113,0 08-28~33,2,1,1,0 07-16~30,7,5,1,0 05-09~24,3,0,0,0 05-12~25,1,0,0,0 05-22~61,7,5,4,2 07-20~41,3,1,1,0 05-18~21,3,2,1,0 06-21~52,5,2,2,1 07-12~37,3,2,1,0 05-23~48,8,5,3,3 05-02~29,3,0,0,0 05-24~34,1,1,0,0 07-17~60,6,3,1,0 06-22~43,6,2,2,0 05-29~57,5,4,1,0 06-02~49,3,2,1,0 08-21~31,4,2,0,0 05-03~17,0,0,0,0 08-29~25,0,0,0,0 06-16~62,5,3,1,0 07-24~49,6,6,3,1 08-27~30,1,0,0,0 08-16~54,3,0,0,0 07-15~30,1,1,0,0 06-03~111,26,22,9,0 07-07~60,8,6,1,1 05-13~23,3,1,1,0 08-08~26,2,1,1,1 05-06~21,2,0,0,0 08-31~25,4,2,1,0 07-28~29,3,2,1,0 06-30~63,10,4,2,1 08-22~31,2,1,0,0 05-10~23,4,0,0,0 08-13~41,6,1,0,0 06-18~48,5,3,1,1 08-04~39,4,3,1,0 08-18~51,3,3,1,0 08-30~25,3,3,1,0 05-14~19,4,2,1,1 06-27~50,6,3,1,0 05-05~15,0,0,0,0 07-26~45,5,1,0,0 2026-08~533,128,73,39,17 2026-06~3574,1218,1042,522,11 06-24~42,7,4,3,1 05-31~47,5,2,0,0 07-14~28,2,1,1,0 08-07~37,3,0,0,0 2026-06M~71,5,2,1,0 05-25~32,5,3,3,0 06-26~52,5,2,0,0 05-04~22,3,0,0,0 08-25~30,2,1,0,0 07-31~39,1,0,0,0 06-29~59,6,5,1,0 05-07~24,4,0,0,0 08-03~27,3,2,0,0 2026-07M~90,12,8,4,1 2026-09~40,5,3,1,0 all~4791,1597,1277,642,48 05-16~22,2,1,1,1 06-19~60,10,7,3,1 07-01~63,10,6,2,1 07-06~54,6,2,1,0 07-22~48,9,6,2,0 08-14~52,2,1,1,0 07-08~46,6,3,1,0 06-10~76,6,6,1,0 08-15~52,2,1,0,0 06-12~51,0,0,0,0 05-08~22,6,0,0,0 07-25~57,10,9,2,0 05-20~27,2,2,1,0 05-19~27,1,1,0,0 2026-07~661,148,98,37,7 07-13~33,2,1,0,0 08-06~33,3,3,1,0 07-18~63,6,4,1,0 07-21~53,4,1,1,0 09-02~20,2,1,0,0 06-08~670,201,177,76,0 07-10~37,3,2,1,0 2026-05M~37,3,0,0,0 06-07~740,265,235,120,0 08-23~28,7,3,2,0 06-23~63,4,3,1,0 06-14~58,7,6,2,1 07-27~39,7,4,2,1 06-20~46,9,8,1,0 08-10~37,10,8,5,3 08-11~47,19,15,14,12 06-28~56,7,4,3,0 07-30~46,4,2,1,0 07-04~40,1,0,0,0 08-02~40,6,2,0,0 09-01~33,3,2,1,0 08-19~44,4,3,2,0 07-23~61,19,13,4,0 05-28~96,23,19,9,0 08-12~52,11,2,2,1 07-11~31,1,1,0,0 06-09~73,4,3,1,0 2026-09M~40,5,3,1,0 05-11~24,0,0,0,0 2026-08M~62,13,6,0,0 07-03~48,5,2,2,1 07-05~54,1,1,1,0 06-11~107,4,2,1,0 07-09~40,4,2,2,0 05-17~19,0,0,0,0 07-29~41,6,6,0,0 08-24~22,0,0,0,0 08-01~37,7,4,0,0 08-17~56,4,2,0,0 08-09~48,4,3,1,0 07-02~49,2,2,2,0 06-04~464,116,97,52,0 06-13~47,4,3,1,1 06-15~53,6,2,1,0 sr~5085,3329 se~13031,707,105,7.7,3.7
Moldova|06-11~4,0,0,0,0 07-09~4,0,0,0,0 2026-08~41,9,7,3,1 05-03~6,0,0,0,0 08-26~3,0,0,0,0 05-04~5,0,0,0,0 08-03~7,0,0,0,0 2026-06~37,14,9,4,1 05-29~6,0,0,0,0 all~125,51,28,12,5 08-15~2,0,0,0,0 08-31~5,2,2,1,0 2026-05~45,18,4,1,1 05-10~6,1,0,0,0 07-02~6,1,1,0,0 05-17~4,0,0,0,0 08-12~2,0,0,0,0 08-11~3,0,0,0,0 07-24~6,0,0,0,0 09-02~3,0,0,0,0 07-06~3,1,1,0,0 05-12~5,1,0,0,0 05-20~3,0,0,0,0 08-20~6,1,1,0,0 05-05~7,3,0,0,0 05-30~8,0,0,0,0 06-19~6,1,1,0,0 07-01~5,0,0,0,0 08-27~3,0,0,0,0 05-25~4,0,0,0,0 08-16~4,0,0,0,0 08-21~5,0,0,0,0 07-25~6,0,0,0,0 06-23~7,1,1,1,0 08-02~2,0,0,0,0 08-28~3,0,0,0,0 07-31~3,0,0,0,0 06-29~5,0,0,0,0 05-11~2,0,0,0,0 06-02~6,1,0,0,0 06-20~6,0,0,0,0 09-01~2,0,0,0,0 08-19~5,1,0,0,0 08-17~1,0,0,0,0 07-13~4,0,0,0,0 05-08~3,0,0,0,0 05-23~6,3,1,0,0 07-04~5,0,0,0,0 05-15~7,1,1,0,0 05-13~4,0,0,0,0 07-03~6,0,0,0,0 06-25~4,0,0,0,0 2026-08M~8,0,0,0,0 05-07~8,4,0,0,0 08-24~3,0,0,0,0 2026-05M~5,1,0,0,0 05-31~7,0,0,0,0 07-27~6,0,0,0,0 05-21~5,0,0,0,0 06-27~5,1,0,0,0 06-07~5,0,0,0,0 07-08~3,0,0,0,0 06-10~6,1,1,1,1 07-14~7,0,0,0,0 07-17~5,2,2,0,0 06-24~4,1,0,0,0 08-23~1,0,0,0,0 05-02~4,0,0,0,0 06-22~4,0,0,0,0 05-16~6,0,0,0,0 08-30~3,1,1,0,0 05-09~6,0,0,0,0 07-26~5,0,0,0,0 2026-07M~7,1,1,0,0 05-06~3,0,0,0,0 07-07~5,0,0,0,0 08-18~3,1,1,0,0 06-13~7,1,0,0,0 2026-09~3,0,0,0,0 06-21~4,0,0,0,0 07-20~6,0,0,0,0 06-28~4,0,0,0,0 07-30~4,0,0,0,0 07-29~5,1,0,0,0 06-26~3,0,0,0,0 06-17~5,0,0,0,0 07-18~4,1,1,1,1 08-04~5,0,0,0,0 07-19~4,0,0,0,0 06-01~5,1,1,1,0 08-06~3,0,0,0,0 08-29~4,0,0,0,0 06-18~6,1,1,0,0 06-12~4,0,0,0,0 08-14~2,0,0,0,0 07-16~6,1,1,0,0 2026-09M~3,0,0,0,0 07-23~3,0,0,0,0 05-19~5,0,0,0,0 08-13~3,0,0,0,0 05-27~4,0,0,0,0 08-22~3,1,1,0,0 06-04~4,1,0,0,0 06-05~6,1,1,0,0 08-08~5,0,0,0,0 06-16~6,0,0,0,0 07-15~4,0,0,0,0 06-06~7,0,0,0,0 07-12~4,0,0,0,0 07-22~4,0,0,0,0 2026-06M~7,2,1,1,0 05-18~7,0,0,0,0 05-22~3,1,1,0,0 2026-07~33,10,8,4,2 05-26~4,1,1,1,1 07-11~4,0,0,0,0 06-09~9,2,2,1,0 08-09~7,2,1,1,1 08-05~3,0,0,0,0 05-24~4,0,0,0,0 08-25~3,0,0,0,0 05-28~6,0,0,0,0 05-14~5,2,0,0,0 07-28~5,1,0,0,0 06-30~6,0,0,0,0 06-15~2,0,0,0,0 06-03~8,1,1,0,0 05-01~4,1,0,0,0 07-05~5,1,1,1,0 06-08~4,0,0,0,0 07-10~5,0,0,0,0 06-14~3,0,0,0,0 08-10~7,0,0,0,0 08-07~7,0,0,0,0 08-01~8,0,0,0,0 07-21~3,1,1,0,0 se~1962,1238,44,6.9,2.91
Monaco|all~2,0,0,0,0 2026-08~2,0,0,0,0 2026-08M~1,0,0,0,0 08-06~1,0,0,0,0 08-01~1,0,0,0,0
Mongolia|07-05~1,0,0,0,0 05-06~1,1,0,0,0 07-18~1,0,0,0,0 2026-07M~2,0,0,0,0 05-14~3,2,1,1,0 07-04~1,0,0,0,0 05-07~1,0,0,0,0 08-12~1,0,0,0,0 07-24~1,1,1,1,0 05-20~1,0,0,0,0 07-12~1,0,0,0,0 06-06~1,0,0,0,0 07-07~2,0,0,0,0 07-25~1,0,0,0,0 06-01~1,0,0,0,0 07-19~1,0,0,0,0 07-08~1,0,0,0,0 05-01~1,0,0,0,0 2026-06M~1,0,0,0,0 06-30~2,0,0,0,0 06-07~1,1,0,0,0 2026-09M~1,0,0,0,0 07-16~1,0,0,0,0 2026-08M~2,0,0,0,0 08-24~1,0,0,0,0 07-29~3,0,0,0,0 08-08~1,0,0,0,0 08-03~1,0,0,0,0 08-19~1,0,0,0,0 09-01~1,0,0,0,0 08-01~1,0,0,0,0 05-04~1,1,0,0,0 2026-05~8,4,1,1,0 2026-06~9,3,0,0,0 08-29~1,0,0,0,0 08-02~1,0,0,0,0 06-05~1,0,0,0,0 07-14~1,0,0,0,0 05-19~2,1,0,0,0 08-04~1,0,0,0,0 05-03~1,0,0,0,0 08-18~1,0,0,0,0 07-26~1,0,0,0,0 05-17~1,0,0,0,0 08-07~3,0,0,0,0 08-17~1,1,1,0,0 07-03~2,1,1,0,0 08-09~2,0,0,0,0 07-10~1,0,0,0,0 06-08~1,1,0,0,0 2026-09~1,0,0,0,0 2026-08~18,1,1,0,0 2026-05M~1,0,0,0,0 07-21~1,0,0,0,0 all~44,10,4,2,0 07-13~1,0,0,0,0 2026-07~12,3,2,1,0 08-28~1,0,0,0,0 07-22~1,0,0,0,0 07-06~1,0,0,0,0 07-01~1,0,0,0,0 08-11~1,0,0,0,0 07-09~1,0,0,0,0 06-04~1,1,0,0,0 08-22~1,0,0,0,0 07-02~1,0,0,0,0 08-30~2,0,0,0,0 06-09~1,0,0,0,0 07-11~2,1,0,0,0 06-28~1,0,0,0,0 06-27~1,0,0,0,0
Montenegro|07-27~4,0,0,0,0 08-30~1,0,0,0,0 06-15~2,0,0,0,0 09-02~1,0,0,0,0 07-10~3,0,0,0,0 08-07~3,0,0,0,0 06-02~1,0,0,0,0 08-06~3,0,0,0,0 07-11~2,0,0,0,0 08-18~1,0,0,0,0 2026-08~18,2,0,0,0 06-13~2,0,0,0,0 06-29~3,0,0,0,0 06-25~5,1,0,0,0 05-20~2,1,0,0,0 05-15~1,0,0,0,0 2026-07~22,4,3,1,0 07-28~2,0,0,0,0 2026-06M~2,0,0,0,0 07-06~3,0,0,0,0 08-11~2,1,0,0,0 06-23~3,0,0,0,0 07-18~1,0,0,0,0 2026-06~22,3,2,1,0 06-05~1,0,0,0,0 06-26~3,0,0,0,0 05-28~2,0,0,0,0 08-14~1,0,0,0,0 07-03~2,0,0,0,0 07-14~2,0,0,0,0 08-03~2,0,0,0,0 06-12~2,0,0,0,0 07-17~1,0,0,0,0 05-04~1,0,0,0,0 08-09~3,0,0,0,0 06-14~2,0,0,0,0 06-28~4,0,0,0,0 05-07~1,0,0,0,0 06-09~3,0,0,0,0 08-24~2,0,0,0,0 06-07~1,0,0,0,0 05-31~3,0,0,0,0 07-05~2,0,0,0,0 08-12~1,0,0,0,0 05-02~1,1,0,0,0 06-30~4,0,0,0,0 06-11~6,0,0,0,0 07-19~2,0,0,0,0 05-16~1,0,0,0,0 06-18~2,0,0,0,0 08-10~2,0,0,0,0 07-07~2,0,0,0,0 08-28~1,0,0,0,0 08-31~2,0,0,0,0 07-26~2,0,0,0,0 08-23~1,0,0,0,0 08-20~1,0,0,0,0 05-03~1,0,0,0,0 06-22~3,1,0,0,0 08-05~1,0,0,0,0 07-12~3,1,0,0,0 05-05~1,0,0,0,0 05-30~2,1,1,0,0 05-17~1,0,0,0,0 06-19~3,0,0,0,0 07-29~1,0,0,0,0 2026-05~12,7,1,0,0 07-25~4,1,1,1,0 06-27~3,0,0,0,0 05-29~3,0,0,0,0 05-06~1,0,0,0,0 06-08~2,0,0,0,0 05-11~4,3,0,0,0 06-01~2,0,0,0,0 all~58,14,6,2,0 06-16~2,1,0,0,0 09-01~1,0,0,0,0 05-01~1,0,0,0,0 06-06~1,0,0,0,0 05-08~2,0,0,0,0 07-21~3,0,0,0,0 08-02~2,0,0,0,0 07-15~2,0,0,0,0 2026-09M~1,0,0,0,0 2026-08M~2,0,0,0,0 07-13~2,0,0,0,0 08-04~2,0,0,0,0 08-01~1,0,0,0,0 07-16~2,0,0,0,0 07-24~2,0,0,0,0 2026-09~1,0,0,0,0 08-21~4,0,0,0,0 05-12~3,1,0,0,0 06-20~2,0,0,0,0 07-01~2,0,0,0,0 08-16~1,0,0,0,0 06-10~3,0,0,0,0 07-08~2,0,0,0,0 06-24~4,0,0,0,0 08-08~4,1,0,0,0 07-20~4,1,1,0,0 08-22~1,0,0,0,0 08-29~2,0,0,0,0 08-25~1,0,0,0,0 06-21~5,0,0,0,0 06-04~4,1,1,0,0 07-09~1,0,0,0,0 06-03~2,1,1,1,0 08-13~2,0,0,0,0 07-04~2,0,0,0,0 08-17~1,0,0,0,0 07-31~3,0,0,0,0 08-26~1,0,0,0,0 2026-05M~2,1,0,0,0 07-02~6,0,0,0,0 08-15~2,0,0,0,0 2026-07M~6,0,0,0,0 08-19~1,0,0,0,0 06-17~3,0,0,0,0 07-23~3,0,0,0,0 08-27~1,0,0,0,0 07-30~3,1,1,0,0 07-22~2,0,0,0,0 se~697,2001,302,10.9,26.02
Morocco|05-20~14,0,0,0,0 05-03~14,2,0,0,0 08-02~12,1,0,0,0 08-25~17,1,0,0,0 06-09~20,1,0,0,0 07-11~27,7,3,1,0 08-11~22,2,1,1,1 07-26~12,1,0,0,0 08-03~17,3,2,2,1 2026-07~176,89,61,21,12 08-15~20,1,0,0,0 07-10~24,7,4,1,1 06-08~16,2,1,1,0 08-10~31,9,4,1,1 06-18~25,1,0,0,0 08-04~17,1,1,1,1 05-05~12,0,0,0,0 06-21~25,1,0,0,0 08-24~19,6,6,0,0 08-30~16,0,0,0,0 08-09~17,1,1,1,1 07-24~17,2,1,0,0 06-26~23,2,2,1,0 2026-07M~34,6,5,1,1 08-07~51,29,18,8,5 06-23~15,1,1,0,0 07-05~15,1,0,0,0 2026-06~180,48,35,17,5 07-09~28,5,3,3,3 06-11~30,1,0,0,0 08-06~12,2,1,1,1 06-02~18,0,0,0,0 06-01~15,2,1,0,0 07-19~15,1,1,1,1 08-27~40,7,1,0,0 08-01~17,3,1,0,0 05-28~17,1,1,0,0 07-29~27,6,1,1,0 07-27~17,3,1,0,0 2026-09M~22,3,2,1,0 08-16~17,2,1,0,0 06-14~29,3,3,1,0 07-15~20,5,2,0,0 05-04~15,0,0,0,0 08-19~20,2,0,0,0 09-01~16,2,1,1,0 2026-05~136,37,12,8,0 08-26~27,2,2,1,0 07-16~15,0,0,0,0 05-12~14,4,0,0,0 06-07~15,0,0,0,0 05-18~11,0,0,0,0 05-02~15,1,0,0,0 06-20~23,3,2,0,0 05-11~9,0,0,0,0 07-21~15,0,0,0,0 06-12~26,0,0,0,0 08-23~17,1,0,0,0 06-24~14,0,0,0,0 06-22~18,3,2,0,0 05-14~13,3,1,1,0 05-07~18,0,0,0,0 07-18~20,4,3,2,2 07-04~16,1,1,0,0 06-10~32,2,2,1,0 07-08~43,27,26,5,0 05-16~16,0,0,0,0 2026-09~22,3,2,1,0 08-13~45,27,20,17,17 05-21~19,2,2,1,0 05-15~13,2,1,0,0 08-31~23,1,1,1,0 08-20~23,0,0,0,0 06-05~26,0,0,0,0 07-22~14,0,0,0,0 07-13~25,5,1,0,0 08-17~28,11,8,1,0 05-13~15,1,0,0,0 06-27~13,2,1,1,1 07-20~16,0,0,0,0 08-14~21,4,2,2,0 05-22~14,0,0,0,0 08-28~30,6,6,3,0 05-10~14,1,0,0,0 08-08~27,4,2,2,2 2026-08M~21,4,1,0,0 05-09~14,1,0,0,0 08-21~18,0,0,0,0 05-19~8,0,0,0,0 05-17~12,2,0,0,0 08-22~22,2,2,1,0 07-03~18,1,0,0,0 05-26~19,1,0,0,0 06-04~8,0,0,0,0 07-14~17,2,2,0,0 07-02~20,1,1,0,0 05-31~13,1,1,1,0 2026-06M~23,2,1,0,0 all~605,284,194,103,54 05-30~12,1,1,0,0 08-05~18,3,2,2,1 07-12~22,4,2,2,0 05-29~9,0,0,0,0 07-17~22,4,3,0,0 05-23~16,2,2,2,0 07-30~17,2,1,0,0 06-28~12,0,0,0,0 07-25~14,2,0,0,0 07-23~16,1,0,0,0 06-16~15,1,0,0,0 05-06~21,3,0,0,0 07-07~13,1,0,0,0 06-03~16,3,2,2,0 06-06~17,2,1,1,1 08-29~24,0,0,0,0 05-27~14,0,0,0,0 08-18~29,4,2,1,0 09-02~19,1,1,0,0 06-29~14,2,0,0,0 07-31~14,0,0,0,0 2026-05M~37,7,0,0,0 07-06~15,1,1,0,0 06-13~20,0,0,0,0 06-17~15,0,0,0,0 06-15~26,2,1,1,1 08-12~19,2,1,1,1 07-01~27,5,4,1,1 06-19~23,3,2,2,0 06-25~26,4,3,2,1 05-01~31,6,0,0,0 05-24~13,0,0,0,0 06-30~31,12,10,2,0 07-28~15,1,0,0,0 2026-08~228,120,86,53,36 05-25~20,1,1,1,0 05-08~18,1,0,0,0 sr~685,493 se~3814,704,97,11.1,3.43
Mozambique|06-05~1,1,1,1,0 08-06~1,0,0,0,0 08-14~1,0,0,0,0 2026-06~21,8,4,4,0 06-19~1,1,1,1,0 06-25~3,0,0,0,0 07-23~1,1,0,0,0 2026-07~8,5,1,1,0 2026-05M~1,0,0,0,0 06-01~1,0,0,0,0 05-05~1,0,0,0,0 05-30~1,0,0,0,0 08-27~1,1,0,0,0 05-31~1,0,0,0,0 05-23~2,1,1,1,0 all~49,22,9,9,0 2026-05~15,6,3,3,0 08-04~1,0,0,0,0 05-06~1,1,0,0,0 2026-07M~1,0,0,0,0 06-30~2,1,0,0,0 05-01~1,0,0,0,0 07-04~1,1,1,1,0 2026-06M~2,0,0,0,0 05-25~4,2,1,1,0 07-19~2,1,0,0,0 06-02~1,0,0,0,0 07-24~1,0,0,0,0 2026-08~6,3,1,1,0 07-01~1,0,0,0,0 08-19~2,2,1,1,0 07-15~2,1,0,0,0 06-26~1,0,0,0,0 05-20~1,0,0,0,0 06-11~1,0,0,0,0 05-04~1,1,0,0,0 07-27~1,1,0,0,0 06-12~1,0,0,0,0 06-29~1,0,0,0,0 05-27~2,0,0,0,0 06-28~3,2,2,2,0 05-29~1,1,1,1,0 06-27~6,3,0,0,0
Myanmar|08-31~2,0,0,0,0 07-18~2,0,0,0,0 08-18~1,1,0,0,0 07-23~1,0,0,0,0 08-15~4,0,0,0,0 07-24~1,0,0,0,0 07-19~13,0,0,0,0 09-01~1,0,0,0,0 07-09~2,1,0,0,0 07-30~1,0,0,0,0 07-25~3,0,0,0,0 07-10~2,0,0,0,0 08-08~4,0,0,0,0 2026-07M~16,1,0,0,0 07-20~4,0,0,0,0 08-05~3,1,0,0,0 07-05~1,0,0,0,0 08-10~3,1,1,0,0 2026-05~10,5,0,0,0 07-16~2,0,0,0,0 07-31~3,0,0,0,0 05-18~1,0,0,0,0 08-27~3,0,0,0,0 2026-06~13,2,0,0,0 07-28~4,0,0,0,0 06-30~3,0,0,0,0 07-03~1,0,0,0,0 05-24~2,0,0,0,0 05-23~2,2,0,0,0 07-27~4,0,0,0,0 07-11~3,1,0,0,0 06-15~1,0,0,0,0 2026-09~1,0,0,0,0 07-01~14,1,0,0,0 07-22~2,0,0,0,0 08-29~1,0,0,0,0 07-14~1,0,0,0,0 08-06~8,0,0,0,0 06-02~1,0,0,0,0 08-07~7,0,0,0,0 07-29~7,5,1,1,0 05-06~2,1,0,0,0 07-26~1,0,0,0,0 05-27~1,0,0,0,0 08-09~2,0,0,0,0 08-22~4,0,0,0,0 06-26~1,1,0,0,0 08-23~1,0,0,0,0 08-21~3,0,0,0,0 08-01~5,0,0,0,0 08-28~1,0,0,0,0 2026-07~65,12,2,2,0 05-10~2,2,0,0,0 08-02~5,0,0,0,0 08-03~2,0,0,0,0 06-12~1,0,0,0,0 07-15~5,1,1,1,0 06-05~1,0,0,0,0 2026-09M~1,0,0,0,0 all~153,25,3,2,0 2026-08M~10,0,0,0,0 07-07~2,0,0,0,0 08-17~5,0,0,0,0 06-16~1,0,0,0,0 06-25~2,0,0,0,0 2026-05M~1,0,0,0,0 07-12~1,1,0,0,0 07-17~1,0,0,0,0 08-20~3,0,0,0,0 08-14~4,1,0,0,0 08-11~3,0,0,0,0 08-04~2,0,0,0,0 08-26~2,0,0,0,0 08-13~3,0,0,0,0 05-02~1,0,0,0,0 06-20~1,0,0,0,0 08-16~6,2,0,0,0 2026-06M~1,0,0,0,0 08-12~1,0,0,0,0 07-02~2,0,0,0,0 2026-08~67,6,1,0,0 07-06~3,1,0,0,0 07-04~2,1,0,0,0 07-08~1,1,0,0,0 06-10~1,1,0,0,0 07-21~3,0,0,0,0 se~327,337,25,24.5,2.74
Namibia|06-24~1,0,0,0,0 2026-08M~1,0,0,0,0 05-15~1,0,0,0,0 08-30~1,0,0,0,0 08-15~1,0,0,0,0 2026-05~6,1,0,0,0 08-03~1,0,0,0,0 2026-06~21,9,6,4,0 05-06~1,0,0,0,0 07-14~1,0,0,0,0 05-01~1,0,0,0,0 08-04~1,0,0,0,0 08-07~1,0,0,0,0 07-10~1,0,0,0,0 06-08~3,1,1,0,0 05-04~1,0,0,0,0 08-08~2,0,0,0,0 07-17~2,0,0,0,0 05-16~2,0,0,0,0 07-22~1,0,0,0,0 05-09~1,0,0,0,0 06-23~2,0,0,0,0 08-28~1,0,0,0,0 08-14~1,0,0,0,0 07-27~1,0,0,0,0 06-25~2,1,1,1,0 05-07~1,0,0,0,0 06-14~2,0,0,0,0 08-01~1,0,0,0,0 07-05~1,0,0,0,0 07-20~1,0,0,0,0 07-12~1,0,0,0,0 05-03~1,0,0,0,0 05-05~1,0,0,0,0 07-15~2,0,0,0,0 2026-07M~7,1,1,0,0 05-11~1,0,0,0,0 05-27~1,0,0,0,0 06-29~1,0,0,0,0 07-31~1,0,0,0,0 07-29~1,0,0,0,0 07-09~1,0,0,0,0 06-11~2,0,0,0,0 09-02~1,0,0,0,0 06-06~1,0,0,0,0 07-02~3,0,0,0,0 07-01~4,1,1,0,0 06-19~1,0,0,0,0 05-14~1,0,0,0,0 05-22~1,0,0,0,0 07-30~2,1,0,0,0 06-28~5,2,1,1,0 05-10~2,1,0,0,0 06-09~2,0,0,0,0 07-11~1,0,0,0,0 06-05~1,0,0,0,0 05-08~1,0,0,0,0 06-27~3,1,1,0,0 06-30~3,1,0,0,0 07-28~1,0,0,0,0 07-21~2,0,0,0,0 06-01~1,0,0,0,0 05-23~2,0,0,0,0 2026-05M~1,0,0,0,0 06-16~2,0,0,0,0 08-12~2,1,0,0,0 06-17~1,0,0,0,0 08-10~1,0,0,0,0 2026-09~1,0,0,0,0 08-09~1,0,0,0,0 07-16~2,0,0,0,0 06-04~1,0,0,0,0 08-02~1,0,0,0,0 06-18~1,0,0,0,0 2026-07~12,3,2,0,0 08-05~2,0,0,0,0 08-29~1,0,0,0,0 06-21~1,0,0,0,0 08-21~1,0,0,0,0 08-16~1,0,0,0,0 08-22~2,0,0,0,0 06-12~1,0,0,0,0 06-13~1,0,0,0,0 2026-06M~1,0,0,0,0 07-18~2,1,1,0,0 06-10~2,0,0,0,0 07-08~1,0,0,0,0 07-04~1,0,0,0,0 07-23~1,0,0,0,0 07-24~1,1,0,0,0 05-30~1,0,0,0,0 2026-09M~1,0,0,0,0 08-19~1,0,0,0,0 09-01~1,0,0,0,0 2026-08~5,1,0,0,0 08-13~1,0,0,0,0 all~35,14,8,4,0 05-02~1,0,0,0,0 06-26~5,3,2,1,0 06-03~1,0,0,0,0 06-15~2,0,0,0,0 05-17~2,0,0,0,0 07-13~2,0,0,0,0 08-18~1,0,0,0,0 06-02~1,0,0,0,0 08-06~1,0,0,0,0 08-11~1,0,0,0,0 08-17~1,0,0,0,0
Nepal|06-21~1,0,0,0,0 07-02~1,0,0,0,0 06-16~1,0,0,0,0 07-05~1,0,0,0,0 06-20~1,0,0,0,0 06-30~3,1,0,0,0 2026-07~17,8,3,2,1 07-11~2,0,0,0,0 08-18~1,0,0,0,0 05-03~1,1,0,0,0 08-21~3,1,1,0,0 07-16~2,1,1,0,0 08-13~4,2,1,1,1 08-16~1,0,0,0,0 08-15~1,0,0,0,0 07-21~1,0,0,0,0 06-29~1,0,0,0,0 07-31~1,0,0,0,0 07-01~2,0,0,0,0 06-19~2,1,1,0,0 2026-09M~2,0,0,0,0 06-25~3,2,2,0,0 2026-06~28,9,8,1,0 06-26~1,1,1,0,0 2026-07M~2,0,0,0,0 07-10~2,1,1,1,0 06-08~1,0,0,0,0 08-06~1,1,1,0,0 07-09~2,1,0,0,0 06-11~3,0,0,0,0 07-12~4,1,1,1,0 07-06~3,1,0,0,0 2026-05~5,4,2,0,0 07-30~1,1,0,0,0 06-28~2,1,1,0,0 05-26~1,1,1,0,0 05-09~2,1,0,0,0 09-01~1,0,0,0,0 07-03~1,1,0,0,0 06-12~1,0,0,0,0 08-27~7,3,3,1,0 06-23~1,0,0,0,0 07-17~1,1,0,0,0 06-10~1,0,0,0,0 07-08~1,0,0,0,0 08-20~2,0,0,0,0 08-09~4,0,0,0,0 06-24~1,1,1,0,0 05-19~1,1,1,0,0 08-05~1,0,0,0,0 06-27~1,0,0,0,0 2026-08~23,7,6,2,1 07-18~1,0,0,0,0 06-15~4,2,2,1,0 08-12~2,0,0,0,0 06-13~2,0,0,0,0 07-26~1,0,0,0,0 08-07~1,0,0,0,0 08-17~2,0,0,0,0 all~72,27,19,5,2 05-23~1,0,0,0,0 2026-09~2,0,0,0,0 06-01~1,1,1,0,0 09-02~1,0,0,0,0 07-29~1,0,0,0,0 2026-06M~1,1,1,0,0
Netherlands|06-29~13,0,0,0,0 05-13~18,0,0,0,0 08-14~15,0,0,0,0 05-27~16,0,0,0,0 07-15~15,0,0,0,0 07-19~15,0,0,0,0 08-23~19,0,0,0,0 06-13~19,0,0,0,0 07-12~16,0,0,0,0 08-28~14,1,0,0,0 05-23~13,0,0,0,0 08-15~18,1,0,0,0 05-26~10,0,0,0,0 08-05~15,0,0,0,0 2026-06~47,3,1,0,0 07-06~13,0,0,0,0 05-12~13,1,0,0,0 05-06~42,7,0,0,0 06-22~15,0,0,0,0 08-30~13,0,0,0,0 08-21~17,0,0,0,0 07-01~17,0,0,0,0 05-08~35,8,0,0,0 06-04~18,0,0,0,0 2026-09~23,0,0,0,0 06-26~21,1,0,0,0 05-01~37,8,0,0,0 05-31~17,0,0,0,0 07-04~16,0,0,0,0 2026-09M~23,0,0,0,0 08-29~12,0,0,0,0 07-13~20,0,0,0,0 05-30~18,0,0,0,0 07-25~17,0,0,0,0 07-26~15,0,0,0,0 05-11~10,0,0,0,0 06-21~21,1,0,0,0 07-16~15,0,0,0,0 2026-08~34,4,1,1,1 06-14~24,0,0,0,0 all~204,69,2,1,1 08-22~17,1,1,1,1 07-18~13,0,0,0,0 07-09~20,1,0,0,0 05-20~14,0,0,0,0 08-09~15,0,0,0,0 2026-08M~23,0,0,0,0 08-10~19,0,0,0,0 2026-05~204,65,0,0,0 05-10~27,6,0,0,0 06-05~14,0,0,0,0 08-13~15,0,0,0,0 07-29~18,0,0,0,0 2026-05M~52,9,0,0,0 07-20~13,0,0,0,0 06-11~23,0,0,0,0 07-07~18,0,0,0,0 06-18~17,0,0,0,0 05-18~9,0,0,0,0 06-16~17,0,0,0,0 08-24~17,0,0,0,0 06-24~19,0,0,0,0 05-15~16,0,0,0,0 07-03~16,0,0,0,0 07-05~16,0,0,0,0 06-23~16,0,0,0,0 07-11~17,1,0,0,0 07-27~16,0,0,0,0 08-01~20,0,0,0,0 06-07~11,0,0,0,0 05-03~48,13,0,0,0 05-25~16,0,0,0,0 06-28~17,0,0,0,0 05-07~32,4,0,0,0 07-14~16,0,0,0,0 05-16~12,0,0,0,0 08-18~15,0,0,0,0 07-22~10,0,0,0,0 08-27~15,0,0,0,0 08-16~17,0,0,0,0 05-21~15,0,0,0,0 08-25~15,0,0,0,0 05-22~20,0,0,0,0 06-06~15,0,0,0,0 07-10~18,1,0,0,0 06-27~16,0,0,0,0 07-08~18,0,0,0,0 06-19~19,0,0,0,0 2026-06M~25,0,0,0,0 05-17~12,0,0,0,0 06-10~24,0,0,0,0 06-09~19,2,1,0,0 05-14~17,0,0,0,0 06-17~16,0,0,0,0 08-06~13,0,0,0,0 07-23~18,0,0,0,0 08-19~15,0,0,0,0 05-05~38,5,0,0,0 08-11~16,0,0,0,0 08-07~19,0,0,0,0 09-02~16,0,0,0,0 08-17~14,0,0,0,0 06-20~18,0,0,0,0 07-28~14,0,0,0,0 08-12~14,1,0,0,0 2026-07~39,1,0,0,0 06-03~12,0,0,0,0 08-20~17,0,0,0,0 08-26~14,0,0,0,0 07-31~16,0,0,0,0 05-28~17,0,0,0,0 08-02~16,0,0,0,0 08-31~16,0,0,0,0 2026-07M~26,0,0,0,0 07-24~18,0,0,0,0 07-21~14,1,0,0,0 05-19~17,2,0,0,0 05-09~29,6,0,0,0 06-02~18,0,0,0,0 06-15~20,1,0,0,0 05-29~17,1,0,0,0 08-03~18,0,0,0,0 06-12~29,0,0,0,0 05-02~28,1,0,0,0 07-30~17,0,0,0,0 05-04~41,5,0,0,0 08-08~15,0,0,0,0 05-24~13,0,0,0,0 08-04~18,0,0,0,0 07-02~20,0,0,0,0 06-08~17,0,0,0,0 09-01~19,0,0,0,0 07-17~14,0,0,0,0 06-25~19,0,0,0,0 06-30~17,0,0,0,0 06-01~22,0,0,0,0 se~801,1263,109,8.0,5.73
New Caledonia|06-26~1,0,0,0,0 08-04~1,0,0,0,0 all~2,0,0,0,0 2026-08~1,0,0,0,0 2026-06~1,0,0,0,0
New Zealand|05-31~35,6,3,2,0 05-16~9,2,0,0,0 08-11~33,17,16,14,0 05-22~20,4,1,0,0 07-10~37,10,5,2,0 08-26~19,1,1,0,0 05-30~31,2,2,1,0 06-16~39,1,0,0,0 07-17~35,2,2,0,0 05-26~18,7,6,2,1 2026-08M~37,1,1,0,0 08-10~25,3,2,1,0 05-23~16,7,5,1,1 2026-09M~25,4,4,2,0 06-09~33,5,3,2,0 07-03~39,3,3,1,0 05-17~8,1,1,1,0 05-03~7,1,0,0,0 06-27~22,3,3,2,1 08-24~21,1,0,0,0 07-04~28,1,1,0,0 05-08~15,5,0,0,0 2026-07~445,103,75,48,21 06-01~29,4,3,1,0 06-23~60,7,7,3,0 05-04~18,4,0,0,0 07-01~35,3,3,2,0 08-05~33,2,1,0,0 2026-08~398,97,70,41,21 08-09~20,1,1,0,0 07-16~35,4,3,2,1 07-09~20,1,1,0,0 07-20~30,3,2,1,1 08-19~13,1,0,0,0 07-23~28,2,1,1,0 05-14~16,3,3,1,0 06-24~41,4,3,1,0 07-13~39,7,5,1,0 08-29~11,1,1,0,0 2026-07M~56,4,4,3,0 06-11~70,6,6,3,1 08-27~30,5,4,1,0 05-25~22,2,2,2,0 08-15~46,16,6,3,1 06-08~28,3,3,1,0 05-15~15,1,0,0,0 08-16~21,1,1,1,1 07-25~34,3,2,2,2 06-14~23,3,2,0,0 all~1344,407,277,148,51 07-02~34,1,1,1,0 06-13~38,1,1,1,0 08-21~23,0,0,0,0 07-30~46,6,3,2,0 05-05~22,3,0,0,0 06-21~22,2,1,1,0 05-10~14,2,0,0,0 07-06~37,4,3,2,0 06-26~25,0,0,0,0 06-18~27,2,1,0,0 07-14~31,2,1,0,0 07-22~31,4,3,3,2 08-18~27,4,2,1,0 08-04~22,1,0,0,0 06-02~21,4,3,1,1 08-08~25,4,3,1,0 05-06~19,4,0,0,0 05-20~18,6,4,0,0 06-19~34,2,2,1,0 05-02~15,5,0,0,0 07-08~34,1,1,0,0 07-11~33,8,5,4,1 05-13~21,5,2,1,0 07-27~29,2,2,1,0 07-18~28,5,3,3,1 08-22~24,2,2,1,0 07-29~48,8,4,2,1 08-13~28,4,3,3,2 05-24~24,7,6,1,0 07-05~28,1,1,1,0 08-20~23,3,1,0,0 05-27~19,4,4,1,0 06-03~26,6,4,0,0 07-15~37,4,3,2,2 06-22~31,2,1,0,0 05-18~14,4,3,1,0 05-19~18,4,2,1,0 06-05~25,3,2,1,0 05-12~17,3,0,0,0 06-15~34,4,3,1,0 05-11~20,7,0,0,0 06-12~29,2,2,0,0 08-03~32,2,2,1,0 07-26~36,3,3,2,2 08-14~32,5,4,0,0 08-02~20,0,0,0,0 08-12~34,10,5,4,0 07-28~38,8,5,2,2 2026-09~25,4,4,2,0 06-25~30,5,4,1,1 08-17~26,3,3,2,0 06-06~19,3,1,0,0 08-30~13,2,1,1,0 08-25~25,4,2,1,0 05-09~12,2,0,0,0 2026-05~305,109,52,21,4 08-23~15,3,1,0,0 07-19~27,2,1,0,0 2026-06M~44,8,6,2,1 08-07~27,4,4,2,0 07-21~23,2,0,0,0 07-24~23,2,2,2,1 09-02~17,1,1,0,0 06-30~51,4,3,0,0 09-01~16,3,3,2,0 05-29~28,6,5,3,1 06-07~18,4,2,0,0 08-31~14,2,2,1,0 06-10~72,10,8,2,1 05-28~68,5,4,0,0 08-06~25,2,1,1,1 06-17~24,2,1,1,0 07-31~27,1,0,0,0 05-07~14,1,0,0,0 05-01~12,3,0,0,0 05-21~16,1,0,0,0 08-01~26,1,1,0,0 07-07~47,3,2,0,0 06-28~31,2,1,0,0 08-28~19,0,0,0,0 07-12~26,5,3,2,0 06-20~30,2,2,1,0 06-29~45,12,9,2,0 2026-06~442,103,79,32,5 2026-05M~22,8,0,0,0 06-04~14,0,0,0,0 sr~1429,900 se~5796,1052,208,7.2,4.3
Nicaragua|06-27~4,1,0,0,0 06-12~1,0,0,0,0 2026-06~6,1,0,0,0 06-28~1,0,0,0,0 2026-08~4,0,0,0,0 08-31~1,0,0,0,0 all~10,1,0,0,0 08-09~3,0,0,0,0
Niger|2026-06~5,2,1,1,0 2026-07~2,0,0,0,0 2026-05M~1,0,0,0,0 2026-05~1,0,0,0,0 08-11~1,0,0,0,0 08-18~1,1,0,0,0 2026-08~4,1,0,0,0 05-01~1,0,0,0,0 08-09~1,0,0,0,0 all~12,3,1,1,0 07-24~1,0,0,0,0 06-27~1,1,0,0,0 07-28~1,0,0,0,0 06-30~1,0,0,0,0 2026-08M~1,0,0,0,0 07-29~2,0,0,0,0 07-25~1,0,0,0,0 06-28~3,1,1,1,0 08-01~1,0,0,0,0
Nigeria|05-23~23,6,1,0,0 2026-06M~53,24,6,3,1 08-01~35,12,3,2,0 08-26~44,12,4,4,2 07-12~22,10,2,0,0 08-12~97,48,19,6,1 07-29~598,182,13,5,0 2026-08M~73,33,10,4,1 07-25~52,17,4,1,1 05-19~15,12,3,0,0 08-16~35,16,3,1,0 07-13~87,39,9,1,0 08-13~91,36,13,2,1 07-03~57,25,8,3,0 08-07~64,18,7,2,0 2026-09~44,12,3,2,1 05-06~10,4,0,0,0 06-22~57,23,10,4,0 08-27~69,18,7,0,0 05-28~21,8,3,0,0 2026-05M~20,0,0,0,0 07-27~30,8,4,0,0 06-25~119,74,18,3,0 08-04~47,9,3,1,0 06-20~49,23,10,4,0 07-06~17,2,0,0,0 06-12~23,5,0,0,0 06-28~22,6,1,0,0 07-30~65,15,0,0,0 08-05~59,24,11,5,0 07-19~84,44,14,7,6 06-01~37,13,2,0,0 06-02~20,11,4,3,1 08-24~29,5,2,2,0 08-02~43,21,7,2,1 2026-07M~144,73,16,2,0 07-24~49,19,7,4,1 08-15~38,14,7,1,0 06-17~20,5,2,1,0 07-16~84,38,15,4,1 05-07~5,2,0,0,0 09-02~34,8,3,2,1 08-25~25,5,2,1,0 2026-08~751,404,164,62,10 07-15~52,25,6,1,0 05-11~6,3,0,0,0 06-04~7,2,1,0,0 05-01~11,0,0,0,0 2026-09M~44,12,3,2,1 06-23~36,5,3,1,0 05-30~5,2,0,0,0 05-12~10,4,0,0,0 07-22~43,19,6,3,0 06-11~22,8,2,1,0 07-09~34,17,9,2,0 08-20~48,27,7,0,0 06-27~58,22,5,0,0 06-21~29,13,4,2,1 05-29~16,3,2,0,0 05-17~14,2,2,0,0 05-04~7,3,0,0,0 06-03~17,5,1,1,0 07-07~28,10,5,2,0 06-13~14,3,2,1,0 05-15~15,4,0,0,0 08-10~17,3,0,0,0 05-22~17,7,2,0,0 2026-07~1650,783,214,86,25 05-16~25,14,3,2,1 07-31~61,37,14,1,0 06-29~74,27,6,2,0 07-28~38,5,0,0,0 06-30~41,16,5,0,0 08-23~27,7,2,2,0 06-06~13,6,3,1,0 07-21~80,38,12,3,1 06-08~28,8,4,0,0 07-10~58,22,8,2,0 08-14~72,25,11,2,0 05-10~17,13,0,0,0 06-24~24,4,3,2,0 07-23~56,19,10,2,0 08-17~37,13,7,4,0 05-21~28,17,7,0,0 08-03~60,30,13,2,0 08-28~42,8,8,2,0 2026-05~269,114,28,6,1 08-29~20,1,1,0,0 05-13~7,0,0,0,0 08-22~21,5,0,0,0 05-03~6,0,0,0,0 05-14~8,3,2,1,0 08-08~40,10,3,1,0 08-09~18,2,1,0,0 08-21~49,15,10,2,0 06-18~26,10,5,2,0 05-25~10,3,1,0,0 06-07~20,12,2,0,0 08-30~16,2,1,0,0 07-17~82,29,6,4,1 06-19~135,64,31,13,0 07-01~81,39,7,1,0 08-06~67,23,11,3,0 07-11~31,17,6,0,0 06-09~23,3,2,1,0 07-14~64,25,5,1,0 05-20~9,2,0,0,0 05-09~4,2,0,0,0 07-26~45,19,2,0,0 07-20~88,55,16,11,2 06-15~45,16,6,4,0 05-05~6,1,0,0,0 07-04~28,4,2,1,0 07-18~56,21,14,4,1 06-05~18,5,1,0,0 05-24~9,2,0,0,0 09-01~25,5,0,0,0 08-19~40,14,2,0,0 05-08~7,1,0,0,0 08-18~25,4,2,1,0 07-05~21,3,0,0,0 05-18~4,2,1,1,0 07-08~45,21,10,2,0 06-10~64,18,12,7,1 06-14~14,4,1,0,0 08-31~18,4,1,0,0 06-16~26,7,0,0,0 08-11~37,11,0,0,0 07-02~68,35,9,1,0 06-26~89,33,13,3,0 05-02~12,0,0,0,0 05-27~13,2,1,1,0 2026-06~783,417,158,71,5 05-31~6,0,0,0,0 05-26~4,0,0,0,0 all~3125,1614,549,244,51 sr~3264,1975 se~5738,419,68,10.4,3.36
North Macedonia|08-12~4,0,0,0,0 05-29~4,0,0,0,0 08-28~3,0,0,0,0 06-23~6,0,0,0,0 06-18~7,0,0,0,0 06-14~7,0,0,0,0 08-29~4,0,0,0,0 05-30~6,1,0,0,0 07-07~4,0,0,0,0 06-22~6,0,0,0,0 07-13~6,2,0,0,0 09-02~2,0,0,0,0 05-01~7,1,0,0,0 06-07~8,1,0,0,0 08-23~3,0,0,0,0 06-16~7,0,0,0,0 07-14~6,1,0,0,0 08-11~6,1,0,0,0 08-14~6,1,0,0,0 05-27~5,0,0,0,0 05-05~7,0,0,0,0 08-06~3,0,0,0,0 2026-05M~10,1,0,0,0 07-11~6,0,0,0,0 06-09~4,0,0,0,0 08-17~2,0,0,0,0 07-23~10,4,0,0,0 07-06~5,1,0,0,0 07-19~5,0,0,0,0 06-01~13,6,0,0,0 06-28~10,1,0,0,0 07-30~9,0,0,0,0 05-02~8,0,0,0,0 07-03~8,2,1,1,0 06-15~8,0,0,0,0 06-04~9,4,0,0,0 08-26~4,0,0,0,0 07-26~5,1,0,0,0 06-27~5,0,0,0,0 05-26~6,0,0,0,0 06-24~7,1,0,0,0 2026-06~64,14,1,0,0 05-28~7,0,0,0,0 07-12~3,0,0,0,0 05-19~6,1,0,0,0 2026-05~52,16,0,0,0 08-04~4,0,0,0,0 05-10~7,0,0,0,0 06-13~8,0,0,0,0 07-20~5,1,0,0,0 05-07~10,1,0,0,0 08-09~4,1,0,0,0 07-16~4,0,0,0,0 06-08~4,0,0,0,0 07-10~7,1,0,0,0 07-04~7,0,0,0,0 05-24~6,1,0,0,0 2026-08~40,10,0,0,0 07-22~6,2,0,0,0 05-17~7,0,0,0,0 05-14~7,0,0,0,0 07-18~5,2,0,0,0 06-19~6,0,0,0,0 07-01~5,0,0,0,0 2026-06M~14,7,0,0,0 07-08~3,0,0,0,0 06-10~9,1,0,0,0 08-25~5,2,0,0,0 06-21~8,0,0,0,0 08-24~4,1,0,0,0 07-15~3,0,0,0,0 06-12~6,0,0,0,0 05-25~11,4,0,0,0 07-05~6,0,0,0,0 05-04~6,0,0,0,0 05-08~7,2,0,0,0 08-01~8,2,0,0,0 06-05~5,0,0,0,0 08-02~3,1,0,0,0 08-22~6,1,0,0,0 05-23~6,0,0,0,0 2026-09M~6,1,0,0,0 08-21~5,0,0,0,0 08-20~5,1,0,0,0 08-08~4,0,0,0,0 07-29~8,1,0,0,0 09-01~6,1,0,0,0 08-19~4,0,0,0,0 06-26~8,1,1,0,0 2026-07~84,31,4,3,0 07-28~8,1,0,0,0 06-30~7,0,0,0,0 all~201,67,5,3,0 08-07~4,1,0,0,0 08-16~3,0,0,0,0 06-20~4,0,0,0,0 05-03~7,1,0,0,0 06-25~8,0,0,0,0 05-09~7,0,0,0,0 2026-07M~11,2,0,0,0 05-15~11,1,0,0,0 05-20~8,1,0,0,0 06-02~4,2,0,0,0 06-17~6,0,0,0,0 08-10~3,0,0,0,0 06-11~11,0,0,0,0 07-09~5,2,1,1,0 07-24~8,1,0,0,0 06-06~4,0,0,0,0 07-31~8,0,0,0,0 06-29~8,1,0,0,0 08-03~6,0,0,0,0 05-16~7,0,0,0,0 08-27~3,0,0,0,0 08-05~3,0,0,0,0 08-13~2,0,0,0,0 05-11~5,0,0,0,0 08-15~3,0,0,0,0 2026-08M~10,3,0,0,0 08-30~3,0,0,0,0 05-21~6,1,0,0,0 06-03~5,1,0,0,0 08-31~3,0,0,0,0 05-31~3,0,0,0,0 07-21~8,2,0,0,0 07-25~8,3,2,1,0 05-12~8,0,0,0,0 08-18~4,0,0,0,0 07-27~13,5,0,0,0 07-17~7,1,0,0,0 2026-09~6,1,0,0,0 05-18~11,2,0,0,0 07-02~10,2,0,0,0 05-06~9,2,0,0,0 05-13~6,1,0,0,0 05-22~8,0,0,0,0 se~1212,1140,101,9.1,3.66
Norway|08-01~127,9,2,1,1 05-19~80,18,12,4,4 06-30~328,14,7,3,3 07-28~130,18,7,7,4 08-28~114,16,2,1,0 07-13~151,12,2,2,1 2026-06~3243,350,193,146,93 08-25~135,24,3,3,1 06-07~85,6,3,2,2 05-23~106,30,15,8,4 07-14~210,12,7,5,2 07-29~143,16,7,5,1 08-29~122,19,4,3,3 06-21~175,10,3,3,2 2026-08M~198,21,9,5,3 06-18~232,13,7,6,5 08-09~328,108,10,4,2 05-12~64,7,0,0,0 06-14~339,17,4,2,1 08-30~104,17,2,2,1 06-05~103,6,3,2,0 07-07~284,17,7,4,2 08-02~126,13,7,3,1 08-07~293,87,6,5,2 05-16~79,20,12,5,5 all~43717,9931,660,472,283 08-15~10491,2353,7,5,3 07-02~259,8,4,1,1 08-04~148,14,7,2,1 06-24~219,17,8,5,1 07-30~138,10,9,5,2 06-28~240,33,22,19,13 07-15~181,4,2,1,0 06-12~242,17,7,5,5 2026-06M~138,16,6,2,2 07-23~118,11,0,0,0 07-20~129,15,5,4,2 05-11~65,13,0,0,0 07-10~227,23,14,8,5 06-08~100,9,1,1,0 2026-07~3336,343,165,116,57 05-24~99,24,14,5,4 06-06~97,8,5,2,1 06-17~225,14,7,4,2 08-20~516,176,2,1,0 2026-08~37209,9021,171,120,59 07-26~133,15,4,3,1 05-21~89,12,5,3,2 07-01~237,5,1,0,0 06-19~173,19,13,8,6 05-28~99,9,4,2,1 08-17~4603,1436,3,3,2 05-03~52,9,0,0,0 05-26~89,15,6,5,3 07-18~241,15,6,4,0 05-14~81,11,3,2,2 09-02~137,22,2,1,0 07-05~251,8,4,3,2 07-03~303,28,11,8,4 05-13~66,13,5,3,1 07-17~193,20,8,4,3 07-21~113,10,4,4,0 06-25~196,16,8,7,4 06-29~202,12,3,3,2 07-31~120,13,5,1,1 05-18~76,13,7,3,2 05-04~61,6,0,0,0 2026-09M~188,35,3,1,0 05-07~52,2,0,0,0 08-08~378,111,5,3,1 06-13~274,10,3,1,1 07-12~294,12,7,6,2 08-19~507,196,5,4,0 09-01~123,16,1,0,0 07-24~125,8,3,2,0 06-03~110,20,11,6,1 07-06~288,8,2,1,0 06-01~89,10,4,0,0 07-19~138,19,9,7,5 07-16~189,9,2,0,0 05-17~76,14,7,5,4 08-12~389,156,15,11,3 06-16~202,18,7,5,2 08-13~404,143,8,5,3 08-11~546,198,5,5,1 05-29~103,12,5,5,4 08-31~105,9,1,1,1 05-30~92,7,2,0,0 08-18~527,177,7,6,3 05-20~76,16,6,4,3 05-27~90,12,5,2,0 06-22~198,11,2,1,0 07-25~137,6,1,1,0 06-23~289,16,5,3,2 05-08~68,6,0,0,0 05-09~63,11,0,0,0 08-14~7317,1656,9,4,2 2026-09~188,35,3,1,0 08-05~132,19,9,6,4 05-10~59,9,0,0,0 05-06~47,3,0,0,0 07-09~209,13,8,6,4 06-11~243,16,6,3,1 06-04~115,20,9,7,3 08-03~109,11,7,5,2 06-02~101,6,2,2,2 08-27~134,21,5,3,1 06-26~233,14,7,7,3 06-15~281,17,8,4,0 07-22~110,13,7,4,3 07-27~134,17,5,4,2 08-10~517,200,10,5,2 08-24~146,23,4,2,0 05-05~53,2,0,0,0 08-21~400,139,5,3,1 2026-05M~114,17,0,0,0 08-16~12908,2609,5,0,0 05-02~68,9,0,0,0 08-06~123,16,5,2,1 08-23~160,26,3,2,1 06-10~227,18,7,3,3 07-08~191,11,7,5,2 05-25~118,26,10,7,5 08-26~139,19,4,3,0 08-22~152,25,5,4,0 06-27~228,19,11,10,7 05-22~79,12,3,2,2 05-01~82,11,0,0,0 2026-05~750,287,135,84,65 06-20~161,19,7,5,3 07-04~250,7,2,0,0 2026-07M~420,12,5,1,1 06-09~135,12,3,2,1 07-11~302,13,5,3,2 05-15~88,20,11,8,5 05-31~106,8,5,3,0 sr~44735,40569 se~75951,674,46,26.0,5.74
Oman|08-16~2,1,0,0,0 08-12~1,0,0,0,0 08-17~1,0,0,0,0 08-03~1,0,0,0,0 08-23~1,0,0,0,0 07-15~1,0,0,0,0 2026-09~1,0,0,0,0 08-01~1,0,0,0,0 08-20~1,0,0,0,0 08-21~1,1,0,0,0 08-31~2,1,0,0,0 07-14~1,1,1,1,0 08-24~1,0,0,0,0 2026-06~1,0,0,0,0 all~7,3,2,2,0 07-31~1,0,0,0,0 09-02~1,0,0,0,0 08-14~2,1,0,0,0 2026-08~4,1,0,0,0 08-13~1,0,0,0,0 07-29~2,2,1,1,0 2026-09M~1,0,0,0,0 08-25~1,0,0,0,0 08-02~1,0,0,0,0 2026-08M~2,0,0,0,0 06-29~1,0,0,0,0 08-28~1,0,0,0,0 08-15~1,0,0,0,0 2026-07~4,3,2,2,0
Pakistan|06-01~6,3,0,0,0 07-19~15,2,0,0,0 07-23~21,3,2,1,0 07-04~4,1,0,0,0 08-30~7,2,0,0,0 07-30~7,3,0,0,0 06-28~8,2,0,0,0 06-25~14,4,2,0,0 08-07~21,5,0,0,0 07-22~12,4,0,0,0 08-31~10,3,1,1,0 06-29~14,3,1,0,0 07-31~6,2,1,1,0 08-21~25,13,6,0,0 07-25~7,2,1,1,0 08-18~25,5,1,0,0 07-05~3,0,0,0,0 06-09~4,1,0,0,0 07-11~10,4,0,0,0 08-14~11,2,1,1,0 06-30~13,3,1,0,0 07-28~20,4,1,1,0 08-05~23,8,4,3,2 06-02~6,2,1,1,0 05-19~8,2,1,0,0 06-07~6,2,1,0,0 05-12~7,2,0,0,0 06-15~4,0,0,0,0 07-16~9,5,2,0,0 07-26~6,2,0,0,0 05-24~3,0,0,0,0 09-02~5,1,1,0,0 06-04~8,1,1,0,0 08-24~21,3,0,0,0 05-16~7,1,0,0,0 08-28~14,3,0,0,0 05-28~6,0,0,0,0 05-31~6,3,1,1,0 2026-07M~11,3,1,0,0 2026-07~265,89,20,10,0 08-12~11,2,0,0,0 07-27~25,10,2,0,0 07-06~11,3,1,1,0 07-20~10,1,1,0,0 08-08~12,3,0,0,0 05-13~6,1,0,0,0 08-06~12,2,0,0,0 08-17~14,3,1,1,0 06-20~10,7,1,1,0 07-07~13,2,0,0,0 05-29~5,3,1,1,0 05-20~4,1,0,0,0 08-19~13,2,0,0,0 09-01~25,12,3,1,0 06-17~4,0,0,0,0 05-11~3,0,0,0,0 2026-05M~4,1,0,0,0 05-03~2,0,0,0,0 07-17~16,4,1,0,0 07-02~6,2,0,0,0 2026-08~373,99,30,12,4 08-25~10,2,1,0,0 08-29~17,2,1,0,0 07-14~17,8,2,1,0 05-04~2,1,0,0,0 07-10~13,5,1,0,0 06-08~6,0,0,0,0 2026-06~191,71,18,9,2 08-13~11,2,0,0,0 07-01~6,1,1,0,0 06-19~19,8,3,2,0 05-22~7,3,1,0,0 08-03~10,3,0,0,0 08-01~10,1,0,0,0 05-10~7,4,0,0,0 07-21~7,0,0,0,0 06-12~2,1,0,0,0 08-16~9,4,1,1,0 06-13~4,2,0,0,0 07-09~22,9,2,2,0 06-11~9,0,0,0,0 07-29~10,5,1,0,0 06-18~2,0,0,0,0 all~928,307,81,36,6 07-03~11,2,0,0,0 08-22~16,7,0,0,0 07-12~13,3,1,0,0 05-05~3,0,0,0,0 08-23~5,1,0,0,0 05-02~2,0,0,0,0 05-26~10,8,3,2,0 06-14~2,0,0,0,0 2026-06M~12,5,1,1,0 05-21~4,1,0,0,0 07-24~7,0,0,0,0 06-05~3,1,0,0,0 05-17~5,2,0,0,0 05-25~2,0,0,0,0 05-14~7,1,0,0,0 08-11~21,4,2,1,1 08-04~9,3,2,2,0 06-03~7,1,0,0,0 08-02~14,1,0,0,0 05-30~3,0,0,0,0 2026-08M~24,2,0,0,0 06-27~15,3,0,0,0 08-26~14,3,1,0,0 08-15~9,2,0,0,0 05-08~8,1,0,0,0 05-23~2,0,0,0,0 2026-09M~29,13,4,1,0 06-10~4,2,2,1,0 07-08~10,3,0,0,0 06-24~7,2,0,0,0 06-21~5,2,0,0,0 05-27~1,0,0,0,0 06-16~9,2,1,0,0 07-18~10,2,1,0,0 06-06~4,1,0,0,0 06-23~6,2,1,1,1 05-15~3,1,0,0,0 08-10~14,4,1,0,0 2026-05~130,45,8,4,0 06-26~21,14,2,0,0 06-22~10,5,0,0,0 08-27~29,8,4,0,0 07-15~8,1,0,0,0 05-07~4,2,0,0,0 05-01~2,1,0,0,0 07-13~10,4,0,0,0 08-20~23,5,3,0,0 2026-09~29,13,4,1,0 08-09~13,2,1,1,0 05-06~8,3,0,0,0 05-18~4,2,1,0,0 05-09~6,2,0,0,0 sr~1004,690 se~1367,298,61,16.4,2.79
Palestine|08-19~13,0,0,0,0 06-27~2,1,0,0,0 06-30~1,1,0,0,0 2026-05~9,5,0,0,0 2026-09~1,1,0,0,0 06-02~1,1,0,0,0 08-15~1,0,0,0,0 2026-07~9,3,2,0,0 08-25~16,0,0,0,0 07-08~1,1,0,0,0 05-03~3,2,0,0,0 07-29~2,0,0,0,0 08-21~19,1,0,0,0 08-18~2,0,0,0,0 all~198,14,3,1,0 06-20~1,0,0,0,0 07-18~1,0,0,0,0 08-14~1,0,0,0,0 2026-06~8,4,0,0,0 2026-08M~1,0,0,0,0 06-19~2,1,0,0,0 07-15~1,0,0,0,0 2026-09M~1,1,0,0,0 08-30~3,2,1,1,0 08-26~11,0,0,0,0 08-08~1,0,0,0,0 08-02~1,0,0,0,0 06-23~1,0,0,0,0 07-04~1,0,0,0,0 08-22~19,0,0,0,0 08-28~16,0,0,0,0 07-19~1,0,0,0,0 08-29~2,0,0,0,0 08-20~20,0,0,0,0 08-27~22,0,0,0,0 05-08~2,0,0,0,0 05-09~2,1,0,0,0 08-13~1,0,0,0,0 2026-06M~1,1,0,0,0 08-23~12,0,0,0,0 07-01~2,2,2,0,0 2026-08~176,3,1,1,0 08-24~18,0,0,0,0 2026-07M~2,2,2,0,0 08-03~1,0,0,0,0 09-01~1,1,0,0,0 05-11~1,1,0,0,0 08-09~1,0,0,0,0 05-14~1,1,0,0,0 se~228,247,30,32.5,1.93
Panama|2026-09~2,0,0,0,0 07-21~1,1,0,0,0 07-02~2,0,0,0,0 08-13~2,1,1,1,0 05-27~1,0,0,0,0 06-03~2,0,0,0,0 08-12~1,0,0,0,0 05-01~4,1,0,0,0 08-19~2,0,0,0,0 09-01~2,0,0,0,0 07-04~1,0,0,0,0 05-25~1,0,0,0,0 06-14~2,1,0,0,0 2026-06~17,3,0,0,0 08-04~2,0,0,0,0 05-04~2,0,0,0,0 05-08~3,1,0,0,0 08-08~2,0,0,0,0 08-11~2,0,0,0,0 2026-07M~2,0,0,0,0 05-18~1,0,0,0,0 07-29~7,2,0,0,0 06-04~1,0,0,0,0 05-26~1,0,0,0,0 05-14~2,1,0,0,0 07-05~2,0,0,0,0 08-09~12,1,0,0,0 06-15~1,0,0,0,0 08-16~1,0,0,0,0 07-13~1,0,0,0,0 06-01~2,0,0,0,0 07-19~1,0,0,0,0 07-03~1,0,0,0,0 07-10~2,0,0,0,0 06-08~2,0,0,0,0 2026-05M~6,2,0,0,0 08-31~2,0,0,0,0 06-23~1,0,0,0,0 06-06~1,0,0,0,0 05-20~2,1,0,0,0 08-23~1,0,0,0,0 2026-07~16,7,1,1,1 07-15~1,0,0,0,0 05-19~1,0,0,0,0 05-05~1,0,0,0,0 06-17~1,0,0,0,0 07-17~1,0,0,0,0 08-24~1,0,0,0,0 07-20~1,0,0,0,0 06-24~1,0,0,0,0 2026-08M~3,0,0,0,0 06-27~1,0,0,0,0 07-14~3,0,0,0,0 08-02~2,0,0,0,0 05-23~1,0,0,0,0 07-12~1,0,0,0,0 08-18~1,0,0,0,0 05-21~1,0,0,0,0 08-30~2,0,0,0,0 07-23~1,0,0,0,0 06-09~2,0,0,0,0 07-11~2,0,0,0,0 06-10~1,0,0,0,0 07-08~1,0,0,0,0 07-18~1,0,0,0,0 07-01~1,0,0,0,0 06-19~4,0,0,0,0 07-16~2,0,0,0,0 08-15~2,0,0,0,0 06-07~4,0,0,0,0 2026-09M~2,0,0,0,0 05-02~4,1,0,0,0 07-27~1,0,0,0,0 08-25~2,0,0,0,0 05-03~2,0,0,0,0 08-22~1,0,0,0,0 08-06~1,1,1,0,0 07-30~3,0,0,0,0 06-28~5,1,0,0,0 07-31~4,1,0,0,0 08-01~2,0,0,0,0 06-30~4,1,0,0,0 07-28~3,0,0,0,0 all~61,20,3,2,1 07-22~2,0,0,0,0 06-26~1,0,0,0,0 06-13~1,0,0,0,0 05-31~1,0,0,0,0 05-24~3,1,0,0,0 05-22~1,0,0,0,0 08-10~1,0,0,0,0 08-17~3,1,0,0,0 07-07~3,1,0,0,0 05-06~1,0,0,0,0 08-28~3,0,0,0,0 08-03~1,0,0,0,0 08-14~1,0,0,0,0 08-20~3,0,0,0,0 07-26~4,1,1,1,1 2026-06M~2,0,0,0,0 06-25~2,0,0,0,0 08-07~2,0,0,0,0 2026-08~27,6,2,1,0 06-12~2,0,0,0,0 06-05~1,0,0,0,0 05-07~2,0,0,0,0 06-02~1,0,0,0,0 2026-05~9,5,0,0,0 06-21~1,0,0,0,0 08-27~2,0,0,0,0 08-21~2,0,0,0,0 07-25~3,1,0,0,0 06-20~2,0,0,0,0 08-26~4,0,0,0,0 07-24~1,0,0,0,0 08-29~3,2,0,0,0 07-09~2,0,0,0,0 06-11~3,0,0,0,0
Papua New Guinea|all~76,32,19,10,0 08-29~1,1,1,0,0 2026-05~5,4,2,1,0 06-13~1,0,0,0,0 06-27~6,4,1,0,0 06-29~2,0,0,0,0 06-20~1,0,0,0,0 06-10~1,0,0,0,0 08-15~1,0,0,0,0 06-30~16,7,4,1,0 06-16~1,0,0,0,0 06-01~1,0,0,0,0 2026-06~47,19,11,4,0 07-19~2,2,1,1,0 07-03~1,0,0,0,0 08-03~1,0,0,0,0 05-30~3,1,0,0,0 07-29~15,4,2,2,0 05-18~1,1,1,1,0 05-24~1,0,0,0,0 05-31~1,0,0,0,0 06-22~1,0,0,0,0 06-26~7,3,3,0,0 08-24~1,0,0,0,0 07-01~2,0,0,0,0 06-19~1,0,0,0,0 07-18~1,0,0,0,0 2026-07~24,7,4,4,0 05-16~1,1,0,0,0 08-20~1,1,1,0,0 2026-08M~1,0,0,0,0 07-07~1,0,0,0,0 05-14~1,0,0,0,0 06-12~1,0,0,0,0 05-19~1,0,0,0,0 08-01~1,0,0,0,0 2026-07M~3,0,0,0,0 07-12~1,1,0,0,0 2026-08~5,2,2,0,0 07-17~1,1,1,1,0 07-02~1,0,0,0,0 07-30~3,0,0,0,0 06-28~12,3,2,2,0 06-08~1,0,0,0,0 05-29~1,1,1,0,0 05-23~1,0,0,0,0 06-25~3,2,1,0,0 2026-06M~1,0,0,0,0 08-27~1,0,0,0,0
Paraguay|08-15~2,0,0,0,0 07-27~5,0,0,0,0 05-24~1,0,0,0,0 06-22~111,5,2,2,0 05-29~2,1,1,1,0 07-26~30,4,4,2,0 06-07~2,0,0,0,0 05-31~1,0,0,0,0 06-11~353,11,3,2,0 07-09~7,3,3,1,0 08-30~1,0,0,0,0 2026-08~57,10,7,3,1 05-05~1,1,0,0,0 2026-05M~2,1,0,0,0 06-16~50,12,11,10,0 06-15~31,6,3,2,0 07-06~215,12,12,10,0 09-02~1,0,0,0,0 05-19~1,0,0,0,0 05-02~1,1,0,0,0 06-28~81,15,12,9,0 07-30~5,1,1,0,0 07-29~7,1,0,0,0 07-02~460,7,4,3,1 06-24~254,13,4,4,0 07-25~52,4,2,1,0 07-07~386,5,4,2,0 06-23~156,14,9,4,0 08-28~2,0,0,0,0 all~3971,403,245,168,7 05-23~1,0,0,0,0 06-12~251,7,4,3,0 2026-09~3,0,0,0,0 08-31~2,0,0,0,0 05-13~3,0,0,0,0 06-25~244,16,8,6,0 07-22~55,6,4,3,0 08-27~3,0,0,0,0 06-06~1,1,0,0,0 08-06~3,0,0,0,0 08-24~2,0,0,0,0 07-05~183,7,4,3,0 06-13~132,6,1,1,1 07-17~59,3,3,3,0 05-03~2,2,0,0,0 08-18~2,0,0,0,0 08-21~2,0,0,0,0 06-20~161,10,5,3,0 08-23~4,0,0,0,0 08-03~4,1,1,0,0 05-26~2,1,0,0,0 06-08~3,0,0,0,0 07-10~38,23,13,4,0 08-08~2,0,0,0,0 08-20~2,0,0,0,0 05-04~2,1,0,0,0 06-27~149,12,7,4,0 05-15~1,1,1,1,1 08-26~1,0,0,0,0 05-21~1,1,0,0,0 07-04~284,3,1,1,0 08-17~2,0,0,0,0 08-25~2,0,0,0,0 08-22~5,1,1,1,0 07-21~57,9,3,1,0 05-17~1,1,0,0,0 08-13~2,1,1,0,0 05-06~2,0,0,0,0 07-11~47,17,9,8,0 06-09~12,0,0,0,0 07-16~35,6,3,2,0 08-04~3,0,0,0,0 07-18~43,6,4,1,0 08-05~3,0,0,0,0 06-02~1,0,0,0,0 05-30~1,0,0,0,0 05-09~1,0,0,0,0 07-03~309,10,5,4,0 08-16~3,1,1,0,0 07-08~154,7,4,2,0 06-10~23,0,0,0,0 07-31~2,0,0,0,0 06-29~59,4,4,2,0 06-18~50,3,0,0,0 2026-07~1875,223,145,94,4 06-17~60,4,2,2,0 07-24~58,5,3,3,0 07-23~51,4,2,1,0 06-26~106,9,4,2,0 06-04~3,0,0,0,0 07-28~1,0,0,0,0 06-30~193,9,5,4,0 2026-07M~611,13,8,6,1 08-01~8,1,0,0,0 07-20~51,6,5,3,0 05-28~2,0,0,0,0 07-14~54,19,12,9,0 08-12~3,1,1,0,0 2026-09M~3,0,0,0,0 08-09~4,0,0,0,0 2026-08M~12,3,1,1,0 08-02~6,2,1,1,0 2026-06M~1,0,0,0,0 06-19~98,16,9,8,0 07-01~246,6,4,3,0 2026-06~2345,178,94,68,1 08-29~3,1,1,0,0 05-01~1,0,0,0,0 07-13~52,23,11,4,0 07-15~54,15,9,5,2 07-19~40,5,2,1,0 06-21~96,6,1,0,0 08-11~3,0,0,0,0 08-07~4,2,1,0,0 09-01~3,0,0,0,0 08-19~2,0,0,0,0 07-12~58,27,17,9,0 08-10~2,0,0,0,0 06-14~42,1,0,0,0 2026-05~22,9,2,2,1 sr~4010,686 se~7179,261,3,28.9,2.27
Peru|06-04~220,23,11,7,0 07-12~19,1,1,0,0 06-19~108,13,6,3,0 05-07~19,8,0,0,0 06-05~103,24,18,6,0 07-13~12,4,0,0,0 05-22~36,10,8,4,0 08-19~4,0,0,0,0 05-10~8,3,0,0,0 07-18~15,4,1,0,0 05-30~29,12,5,2,0 06-25~76,7,5,3,0 08-16~5,2,1,0,0 08-20~6,1,0,0,0 06-13~335,4,1,0,0 07-05~106,7,3,1,0 05-14~14,5,3,2,0 08-12~29,10,3,3,0 06-21~76,6,5,4,0 05-01~39,8,0,0,0 07-09~14,3,2,2,0 07-10~23,6,2,0,0 06-06~81,12,9,5,0 05-18~19,8,3,1,0 2026-06M~151,64,38,17,0 08-17~3,0,0,0,0 06-24~78,9,5,2,0 09-01~4,1,0,0,0 05-06~19,5,0,0,0 06-18~91,4,1,0,0 2026-05~559,180,91,47,0 05-17~17,5,4,3,0 06-09~177,9,7,4,0 06-29~20,2,1,0,0 2026-08M~20,3,2,2,0 07-08~49,7,4,2,1 07-17~12,1,0,0,0 06-01~69,25,13,7,0 05-23~22,5,4,2,0 07-01~53,7,4,3,0 06-17~126,6,3,1,0 05-09~16,3,0,0,0 08-24~5,1,0,0,0 2026-05M~73,12,0,0,0 2026-09~11,2,0,0,0 07-30~12,4,2,2,1 06-26~64,8,4,1,0 08-15~6,1,0,0,0 06-28~28,5,2,1,0 all~4655,605,353,191,8 2026-07~686,135,69,37,2 08-07~11,4,2,1,0 07-22~11,3,0,0,0 2026-09M~11,2,0,0,0 08-28~5,1,0,0,0 05-05~23,6,0,0,0 07-25~16,5,2,1,0 05-02~37,4,0,0,0 05-12~11,3,0,0,0 08-26~4,1,1,1,0 06-15~88,2,0,0,0 07-03~87,8,4,3,0 05-11~6,2,0,0,0 07-19~10,1,1,0,0 09-02~8,1,0,0,0 07-31~19,1,0,0,0 08-14~6,0,0,0,0 06-27~45,7,3,1,1 2026-08~159,51,23,15,2 05-13~14,2,1,0,0 08-31~5,0,0,0,0 06-02~86,39,25,10,0 07-14~14,2,2,2,0 2026-06~3512,284,172,85,2 08-01~17,2,1,1,0 07-24~14,1,0,0,0 08-06~8,1,1,0,0 07-23~17,5,0,0,0 07-07~108,8,7,4,0 06-11~659,14,7,3,0 08-22~2,0,0,0,0 08-08~11,3,2,1,1 05-25~22,5,3,1,0 05-27~33,10,7,5,0 08-25~4,0,0,0,0 05-08~19,4,0,0,0 06-16~102,4,3,1,0 06-20~72,8,3,0,0 08-13~31,12,5,4,0 08-18~5,1,1,1,1 06-12~465,6,3,0,0 08-21~5,1,0,0,0 07-04~119,7,2,1,0 06-23~83,5,3,1,0 08-10~6,0,0,0,0 07-11~8,1,0,0,0 05-19~15,2,0,0,0 06-07~94,13,9,3,0 07-16~15,2,0,0,0 06-08~64,14,9,4,0 05-16~11,3,2,2,0 05-03~36,7,0,0,0 05-21~12,4,4,3,0 07-29~26,11,8,3,0 06-14~189,3,1,1,0 08-27~4,1,1,0,0 07-02~130,11,7,3,0 05-15~10,1,1,0,0 06-03~55,12,5,2,0 08-30~2,0,0,0,0 07-15~8,0,0,0,0 07-21~16,7,2,1,0 05-29~50,19,17,8,0 08-04~10,4,2,1,0 07-06~66,5,2,2,0 08-23~3,1,1,0,0 06-10~187,10,6,4,0 08-11~11,3,1,1,0 06-22~47,6,3,2,0 2026-07M~164,18,11,6,0 07-26~16,3,1,0,0 08-03~19,3,1,0,0 06-30~55,4,2,2,0 07-20~10,2,1,0,0 08-05~5,1,0,0,0 05-28~61,23,16,6,0 05-24~24,2,1,0,0 08-09~2,0,0,0,0 05-04~31,3,0,0,0 08-29~3,0,0,0,0 07-27~13,4,2,1,0 08-02~4,1,1,1,0 05-31~48,11,7,4,0 05-26~10,2,1,1,0 05-20~36,4,4,2,0 07-28~24,11,8,1,0 sr~4684,755 se~7076,199,6,19.3,2.21
Philippines|06-06~23,7,7,1,1 05-21~9,3,2,0,0 05-02~3,1,0,0,0 08-20~21,2,1,1,0 07-07~16,4,4,2,0 06-22~8,2,2,1,0 08-21~18,5,2,1,0 08-18~19,2,1,1,0 07-22~19,8,4,1,0 07-10~24,9,6,4,0 05-04~10,3,0,0,0 06-05~11,4,4,1,0 08-09~17,2,1,0,0 07-30~19,4,3,1,0 08-01~11,2,1,0,0 06-12~18,6,4,2,0 06-09~18,5,3,1,0 06-03~12,1,0,0,0 2026-08~242,114,76,29,2 07-14~34,12,8,4,3 08-05~18,4,4,1,0 07-01~24,7,6,0,0 2026-06M~18,4,4,0,0 08-22~9,1,1,1,0 07-18~6,1,1,0,0 09-02~11,0,0,0,0 06-19~21,6,6,2,0 05-29~6,1,1,0,0 2026-09M~21,2,0,0,0 07-06~11,2,2,0,0 07-17~25,7,5,2,1 06-28~28,14,11,5,0 05-05~16,2,0,0,0 06-27~35,15,12,2,0 06-18~14,2,1,0,0 08-25~11,5,2,0,0 05-13~8,4,3,2,0 07-23~7,3,3,0,0 08-19~17,3,1,1,0 07-09~28,18,18,3,0 05-19~9,1,1,0,0 05-03~9,1,0,0,0 05-10~7,1,0,0,0 06-10~18,3,3,2,0 08-02~12,5,3,0,0 08-10~7,1,1,0,0 2026-08M~20,7,4,0,0 2026-07~533,249,203,90,10 06-08~14,1,1,0,0 2026-07M~47,11,10,3,0 05-15~14,1,0,0,0 07-05~20,1,1,1,0 05-06~16,2,0,0,0 2026-09~21,2,0,0,0 2026-05~170,53,30,9,0 05-17~7,0,0,0,0 08-17~16,1,1,0,0 05-20~13,0,0,0,0 05-14~11,1,0,0,0 07-02~27,4,4,3,0 07-12~33,11,8,1,0 08-28~5,0,0,0,0 08-31~6,4,3,1,0 06-30~42,17,12,1,0 06-29~31,8,3,1,0 05-12~7,1,0,0,0 07-11~25,6,5,1,0 08-03~18,7,4,1,0 05-23~13,2,2,0,0 06-15~14,4,3,2,0 all~1139,538,410,172,13 06-14~11,1,0,0,0 06-16~16,3,3,0,0 05-11~5,0,0,0,0 05-08~14,4,0,0,0 08-29~7,1,0,0,0 07-13~18,5,4,2,0 05-18~12,1,1,0,0 05-01~5,0,0,0,0 05-16~11,3,3,1,0 08-26~17,4,3,1,0 05-27~11,1,1,0,0 2026-05M~7,1,0,0,0 08-16~11,5,2,1,0 08-11~9,2,0,0,0 05-30~7,1,1,1,0 07-25~152,57,43,34,1 05-31~9,5,4,1,0 07-27~14,4,3,1,0 06-13~10,1,0,0,0 07-08~24,10,8,2,1 09-01~14,2,0,0,0 06-02~10,2,2,0,0 08-04~19,4,4,1,0 05-28~17,8,7,2,0 05-22~16,3,3,0,0 08-07~26,6,4,1,1 06-04~8,1,1,1,0 08-08~18,7,5,2,0 07-19~12,4,4,1,0 08-23~9,3,2,2,0 08-24~12,4,4,2,0 05-07~13,3,0,0,0 06-20~26,7,4,1,0 07-16~39,11,8,1,0 07-03~32,9,8,0,0 07-21~10,1,1,1,0 08-30~7,1,0,0,0 07-15~27,3,2,1,0 06-17~8,2,2,0,0 08-27~18,5,5,1,0 06-23~17,0,0,0,0 08-13~20,7,6,3,1 07-29~44,18,14,7,0 05-26~10,0,0,0,0 06-26~41,18,14,5,0 06-11~18,7,0,0,0 06-07~8,4,3,0,0 06-01~10,2,2,0,0 06-24~3,0,0,0,0 08-06~31,10,6,3,0 06-21~7,0,0,0,0 06-25~24,10,10,1,0 2026-06~328,145,109,33,1 08-14~16,3,3,1,0 07-28~13,4,2,1,0 08-12~12,3,3,0,0 07-24~10,1,1,1,0 07-04~24,4,3,1,0 05-25~9,1,1,0,0 08-15~13,5,3,2,0 05-24~4,0,0,0,0 07-31~24,10,9,3,1 07-26~28,12,9,5,0 07-20~26,9,6,0,0 05-09~4,0,0,0,0 sr~1189,760 se~2945,488,93,7.6,3.31
Poland|06-17~37,4,2,0,0 05-26~25,3,2,2,0 08-03~47,3,2,1,0 07-16~33,3,1,1,0 05-21~25,3,1,0,0 08-26~33,5,2,0,0 08-30~27,0,0,0,0 08-14~45,6,5,4,2 07-09~33,1,0,0,0 06-11~77,3,0,0,0 07-27~45,4,2,1,0 05-28~56,6,3,1,1 2026-07~611,127,80,53,36 07-01~45,4,1,0,0 06-19~47,4,3,2,0 07-23~72,2,1,0,0 08-09~44,2,2,1,0 05-09~28,7,0,0,0 08-10~42,7,3,1,1 05-05~18,3,0,0,0 08-05~58,5,3,0,0 05-20~31,7,4,2,2 all~1675,446,256,135,64 05-16~16,1,1,0,0 05-15~26,1,0,0,0 07-24~36,3,2,2,1 05-25~24,4,3,2,0 08-02~49,4,3,3,0 06-09~34,2,0,0,0 07-11~30,3,3,3,0 08-13~36,6,3,1,1 05-19~25,6,5,3,1 06-10~87,11,4,3,2 07-08~31,2,0,0,0 08-04~52,4,4,0,0 06-18~46,4,2,1,1 06-06~25,2,0,0,0 08-27~41,2,1,0,0 05-13~29,5,2,2,1 07-14~32,1,0,0,0 06-16~39,0,0,0,0 2026-09M~47,3,2,1,0 06-27~36,1,0,0,0 06-05~25,1,0,0,0 07-13~34,2,2,1,1 05-06~27,4,0,0,0 07-21~63,16,14,11,11 05-30~53,6,2,0,0 07-26~54,5,3,1,0 07-18~47,13,13,5,4 05-22~44,4,3,2,1 08-01~41,1,1,0,0 06-13~48,2,2,0,0 05-14~25,2,1,0,0 05-08~21,2,0,0,0 07-02~76,15,2,1,0 05-04~25,0,0,0,0 06-02~38,15,14,1,0 2026-09~47,3,2,1,0 06-22~30,3,2,1,1 08-29~38,7,7,5,3 06-29~64,11,1,1,0 07-31~45,2,2,1,0 06-01~18,1,1,0,0 07-19~43,5,2,0,0 08-06~36,2,1,0,0 05-27~23,2,2,0,0 08-16~42,3,3,2,1 05-11~29,3,0,0,0 2026-07M~103,19,3,1,0 06-07~20,5,3,2,0 08-15~56,4,3,1,0 07-03~32,1,1,1,0 05-23~31,1,1,1,0 07-22~51,2,0,0,0 06-04~45,8,4,1,1 07-05~48,4,2,1,0 08-17~29,4,2,0,0 07-15~33,3,2,2,1 06-14~57,6,6,3,1 06-03~37,7,2,1,0 08-18~30,5,4,1,1 07-12~30,2,1,0,0 05-10~17,2,0,0,0 05-18~32,3,2,0,0 08-28~27,4,2,0,0 06-25~35,3,2,0,0 08-21~50,2,1,0,0 06-24~36,2,0,0,0 08-23~37,4,2,1,0 07-25~56,6,6,3,0 08-31~27,3,1,1,0 08-08~34,2,1,1,0 07-06~34,2,1,1,0 05-29~54,9,9,2,1 2026-06~496,118,64,30,11 09-02~34,1,1,1,0 05-02~22,2,0,0,0 2026-08M~73,5,4,3,0 06-12~43,2,2,2,0 08-12~33,3,0,0,0 2026-05M~33,5,0,0,0 08-07~57,1,1,0,0 08-25~26,3,3,1,0 05-17~19,1,1,1,0 05-12~28,7,0,0,0 08-11~42,6,3,0,0 06-21~38,4,3,3,0 06-20~44,4,3,2,0 08-19~41,3,0,0,0 09-01~36,2,1,0,0 07-30~46,4,2,0,0 06-28~30,1,0,0,0 06-23~44,4,2,2,1 2026-05~347,104,45,20,8 07-07~30,1,1,0,0 2026-06M~49,16,15,1,0 07-10~45,4,3,0,0 06-08~27,3,1,1,0 07-17~40,6,6,5,5 05-07~15,2,0,0,0 2026-08~528,103,65,26,9 05-03~25,2,0,0,0 08-20~35,3,2,1,0 05-01~21,3,0,0,0 05-31~29,4,3,0,0 06-15~42,3,1,0,0 06-30~40,1,0,0,0 07-28~42,1,0,0,0 06-26~37,5,4,3,1 05-24~22,2,0,0,0 07-20~41,6,6,4,3 07-29~60,2,0,0,0 08-22~33,1,1,0,0 08-24~36,3,0,0,0 07-04~45,4,1,0,0 sr~2111,1457 se~8890,787,122,7.4,4.03
Portugal|05-21~77,50,24,20,18 05-02~30,12,0,0,0 08-03~17,1,1,0,0 08-24~13,0,0,0,0 06-08~17,3,2,1,0 07-10~30,3,0,0,0 08-10~22,4,3,1,0 07-27~24,3,0,0,0 08-02~14,0,0,0,0 08-14~13,1,0,0,0 07-11~18,6,1,1,1 06-09~25,9,4,3,3 08-11~22,8,6,4,2 06-19~22,13,7,6,4 07-01~22,2,0,0,0 08-05~19,2,2,2,1 2026-07~386,125,61,50,41 05-04~18,6,0,0,0 06-20~21,5,3,3,2 08-25~11,1,1,0,0 08-31~11,1,0,0,0 08-08~12,2,2,0,0 07-25~16,2,0,0,0 06-27~33,16,5,3,2 2026-08~208,71,46,30,14 08-06~15,1,0,0,0 06-22~25,11,4,3,3 07-04~29,1,0,0,0 07-08~33,7,1,0,0 06-10~50,19,10,7,2 08-07~18,7,5,4,1 06-03~30,8,0,0,0 07-18~27,7,5,4,2 08-26~15,2,1,0,0 05-29~37,17,8,5,5 07-28~25,11,8,6,3 06-30~30,5,1,0,0 2026-09~23,2,1,1,0 07-26~16,6,3,3,1 08-17~15,5,0,0,0 06-15~34,14,5,4,1 07-14~17,5,3,3,1 05-05~21,3,0,0,0 08-18~17,5,2,2,2 08-27~21,4,3,1,0 07-17~20,4,1,1,1 05-13~22,11,2,2,1 2026-08M~21,2,1,1,0 06-06~34,8,2,2,0 2026-07M~36,2,0,0,0 05-19~63,33,15,8,7 05-03~17,4,0,0,0 06-21~23,8,2,1,1 05-10~17,10,0,0,0 2026-05~915,591,282,223,206 07-20~39,16,3,3,3 06-13~24,5,2,2,2 08-22~13,1,0,0,0 06-25~39,14,7,5,4 06-23~25,5,1,1,1 05-15~53,33,21,16,13 05-06~16,9,0,0,0 07-19~26,6,0,0,0 06-01~27,9,2,0,0 07-05~28,8,3,1,0 06-11~36,11,3,2,2 07-09~31,4,1,0,0 05-17~67,38,28,23,20 08-12~26,5,4,2,1 05-20~74,52,27,16,13 05-14~19,9,6,5,5 08-30~11,1,1,1,0 all~1817,939,476,379,321 08-21~13,2,2,1,1 06-04~36,10,0,0,0 07-23~17,1,0,0,0 07-12~24,7,2,1,1 08-16~15,4,2,0,0 05-12~22,12,0,0,0 06-26~28,8,1,1,0 2026-05M~52,24,0,0,0 07-21~19,6,2,1,0 08-15~22,5,2,2,0 05-23~89,57,31,20,16 08-01~14,2,1,1,0 08-29~19,2,0,0,0 05-11~30,19,0,0,0 08-09~27,0,0,0,0 05-08~17,11,0,0,0 08-20~15,1,1,1,0 05-18~67,33,8,7,7 05-01~30,15,0,0,0 05-16~33,19,10,9,9 08-23~16,2,2,1,1 07-02~23,1,0,0,0 05-27~55,22,12,11,11 06-05~28,6,0,0,0 07-15~23,5,4,4,4 07-03~26,5,2,2,2 05-30~24,5,2,0,0 05-31~28,12,3,1,1 08-04~23,5,2,1,1 07-13~25,3,2,1,1 05-28~47,15,3,2,2 07-16~35,8,5,4,4 05-22~74,41,21,18,17 2026-06~490,205,89,72,54 07-31~13,0,0,0,0 06-29~28,8,1,1,1 07-24~17,5,4,3,3 07-22~20,6,5,4,4 2026-09M~23,2,1,1,0 06-17~25,3,1,1,1 05-07~11,7,0,0,0 07-06~28,6,2,2,2 06-02~32,9,1,1,0 06-07~23,5,2,2,1 08-28~14,1,0,0,0 05-26~74,37,15,8,6 09-01~17,1,0,0,0 08-19~15,4,2,1,0 06-28~35,9,0,0,0 07-30~21,1,0,0,0 09-02~19,2,1,1,0 07-07~32,7,2,1,1 06-12~38,10,6,4,2 2026-06M~52,16,3,1,0 06-16~35,10,7,5,5 06-14~27,7,2,2,1 08-13~24,3,3,1,0 06-18~36,11,6,5,4 06-24~25,6,3,2,2 05-25~92,45,20,18,15 07-29~19,5,2,2,0 05-24~93,63,28,22,19 05-09~28,17,0,0,0 sr~1997,1558 se~6358,801,79,10.8,8.96
Puerto Rico|07-24~3,0,0,0,0 06-25~1,0,0,0,0 07-09~3,0,0,0,0 07-18~1,0,0,0,0 08-22~1,0,0,0,0 06-16~2,0,0,0,0 08-02~1,0,0,0,0 08-16~25,0,0,0,0 05-20~2,0,0,0,0 05-31~3,1,1,0,0 06-11~3,0,0,0,0 06-12~1,0,0,0,0 08-18~15,0,0,0,0 06-19~1,0,0,0,0 07-30~1,0,0,0,0 08-11~24,0,0,0,0 08-21~1,1,1,0,0 07-21~1,0,0,0,0 05-10~1,0,0,0,0 06-23~3,0,0,0,0 05-26~1,0,0,0,0 08-27~2,0,0,0,0 2026-07M~4,0,0,0,0 06-18~1,0,0,0,0 06-24~3,0,0,0,0 05-23~2,0,0,0,0 05-19~1,0,0,0,0 06-15~1,1,1,1,0 07-05~3,0,0,0,0 06-22~2,0,0,0,0 06-01~2,0,0,0,0 2026-08~188,5,1,0,0 08-08~14,0,0,0,0 all~223,9,4,4,1 06-14~1,0,0,0,0 2026-06~16,1,1,1,0 06-08~1,0,0,0,0 08-10~11,1,0,0,0 2026-08M~1,0,0,0,0 08-05~7,0,0,0,0 05-29~1,0,0,0,0 05-11~2,0,0,0,0 07-29~1,1,1,1,0 08-17~14,0,0,0,0 06-20~2,0,0,0,0 06-30~3,0,0,0,0 08-06~15,0,0,0,0 06-29~3,0,0,0,0 07-13~2,0,0,0,0 05-06~2,0,0,0,0 07-08~2,0,0,0,0 08-26~1,0,0,0,0 05-22~1,0,0,0,0 07-14~1,0,0,0,0 08-07~20,0,0,0,0 08-04~1,0,0,0,0 2026-07~11,1,1,1,0 05-16~1,0,0,0,0 08-15~18,1,0,0,0 05-01~9,1,0,0,0 05-17~1,1,1,1,1 06-09~1,0,0,0,0 06-05~1,0,0,0,0 08-23~1,0,0,0,0 07-20~1,0,0,0,0 05-25~1,0,0,0,0 06-10~3,0,0,0,0 07-02~4,0,0,0,0 05-21~2,0,0,0,0 06-21~3,0,0,0,0 06-28~1,0,0,0,0 07-04~3,0,0,0,0 07-11~2,0,0,0,0 08-09~13,1,0,0,0 08-19~5,0,0,0,0 07-06~1,0,0,0,0 05-24~1,0,0,0,0 2026-05~22,3,2,1,1 07-03~4,0,0,0,0 07-07~2,0,0,0,0 05-13~1,0,0,0,0 08-12~6,1,0,0,0 07-28~1,0,0,0,0 2026-06M~2,0,0,0,0 06-06~1,0,0,0,0 08-14~9,0,0,0,0 05-18~2,0,0,0,0 05-28~2,0,0,0,0 06-04~3,0,0,0,0 2026-05M~9,1,0,0,0 se~358,362,55,29.6,2.63
Qatar|06-11~2,0,0,0,0 07-09~1,0,0,0,0 08-18~6,0,0,0,0 2026-06M~3,0,0,0,0 05-20~1,0,0,0,0 08-05~3,0,0,0,0 2026-06~250,1,0,0,0 06-08~1,0,0,0,0 07-10~1,0,0,0,0 08-19~2,0,0,0,0 05-27~1,0,0,0,0 08-20~3,0,0,0,0 08-12~7,0,0,0,0 06-17~1,0,0,0,0 07-21~2,0,0,0,0 08-31~3,1,0,0,0 07-07~36,0,0,0,0 07-25~7,0,0,0,0 05-31~1,0,0,0,0 08-16~2,0,0,0,0 08-03~3,0,0,0,0 05-26~1,0,0,0,0 2026-05M~1,1,0,0,0 07-22~1,0,0,0,0 08-04~5,0,0,0,0 07-17~1,0,0,0,0 2026-07~208,4,2,1,1 08-15~4,0,0,0,0 06-16~1,0,0,0,0 08-02~6,0,0,0,0 07-06~20,0,0,0,0 07-18~8,0,0,0,0 08-21~2,0,0,0,0 07-12~2,1,1,1,1 07-08~7,0,0,0,0 06-10~2,0,0,0,0 06-21~18,1,0,0,0 06-03~1,0,0,0,0 06-28~10,0,0,0,0 07-30~6,0,0,0,0 07-15~2,0,0,0,0 08-28~1,0,0,0,0 07-27~4,0,0,0,0 05-30~1,0,0,0,0 2026-07M~44,0,0,0,0 07-20~5,0,0,0,0 06-06~1,0,0,0,0 08-07~5,2,1,0,0 06-15~2,0,0,0,0 07-04~7,0,0,0,0 05-02~1,1,0,0,0 06-04~1,0,0,0,0 06-24~18,0,0,0,0 05-21~3,1,1,0,0 08-10~3,0,0,0,0 08-09~3,0,0,0,0 05-28~1,0,0,0,0 07-19~14,0,0,0,0 06-01~1,0,0,0,0 08-13~6,0,0,0,0 07-05~16,0,0,0,0 05-25~1,0,0,0,0 07-28~9,0,0,0,0 06-30~22,0,0,0,0 06-02~3,0,0,0,0 07-03~19,0,0,0,0 08-11~4,0,0,0,0 07-13~2,0,0,0,0 06-12~1,0,0,0,0 06-05~1,0,0,0,0 07-14~2,0,0,0,0 05-09~1,1,0,0,0 2026-08M~9,0,0,0,0 06-23~11,0,0,0,0 08-27~1,0,0,0,0 06-22~46,0,0,0,0 08-25~1,0,0,0,0 07-23~2,1,0,0,0 07-29~6,1,0,0,0 06-18~10,0,0,0,0 2026-05~5,3,1,0,0 05-29~1,0,0,0,0 06-14~1,0,0,0,0 08-14~2,1,0,0,0 08-01~3,0,0,0,0 08-08~5,0,0,0,0 all~537,13,5,1,1 08-17~3,0,0,0,0 06-27~4,0,0,0,0 06-26~15,0,0,0,0 06-25~11,0,0,0,0 07-31~7,1,1,0,0 06-29~36,0,0,0,0 06-19~36,0,0,0,0 07-01~37,0,0,0,0 07-16~1,0,0,0,0 07-11~1,0,0,0,0 06-09~3,0,0,0,0 08-26~1,0,0,0,0 08-06~6,1,1,0,0 06-13~3,0,0,0,0 06-20~21,0,0,0,0 05-22~1,0,0,0,0 2026-08~81,5,2,0,0 07-26~3,0,0,0,0 08-22~1,0,0,0,0 07-02~8,0,0,0,0 sr~559,279 se~1058,521,20,18.8,3.12
Romania|08-13~54,13,5,3,2 05-28~76,16,10,3,0 08-29~27,2,2,0,0 06-22~93,15,11,5,2 06-19~96,15,11,4,0 07-01~190,6,4,3,2 06-15~69,9,4,2,0 08-28~27,4,2,0,0 2026-07M~389,15,10,7,4 05-31~53,8,5,4,0 07-06~198,11,9,4,1 06-23~108,5,3,2,0 07-12~43,6,3,1,0 06-06~47,8,5,1,0 08-22~33,7,2,0,0 06-17~64,4,1,0,0 07-15~44,16,3,2,0 08-10~54,9,6,5,1 08-15~46,7,4,1,0 05-26~30,6,5,2,0 05-04~16,2,0,0,0 08-07~50,6,2,1,0 06-08~33,4,4,2,0 07-10~48,11,5,2,0 08-16~67,27,5,4,2 07-22~47,12,7,5,1 07-07~256,5,3,2,0 2026-08~768,225,124,58,21 07-18~38,4,2,2,0 07-31~71,19,15,4,0 06-29~92,7,4,2,1 05-03~19,3,0,0,0 07-02~226,9,6,4,2 06-14~72,6,1,1,0 2026-09~39,12,10,2,1 06-05~55,12,5,2,0 08-27~30,3,2,1,0 07-27~55,13,12,7,0 06-26~130,6,2,2,0 2026-06M~117,26,17,9,1 05-27~35,6,4,1,0 06-25~110,5,4,1,0 05-29~70,17,10,5,0 07-13~50,8,2,1,1 05-18~35,9,7,4,0 08-05~44,8,4,0,0 2026-07~1924,299,193,108,15 05-11~23,6,0,0,0 2026-08M~153,36,29,14,2 06-12~155,13,5,5,1 07-21~32,9,4,2,0 05-06~15,2,0,0,0 08-08~67,7,3,1,1 07-17~30,6,3,0,0 07-11~43,9,5,2,0 06-09~76,13,11,3,0 05-01~25,10,0,0,0 07-05~222,10,5,3,0 05-25~28,2,2,1,1 07-23~51,14,7,4,1 05-16~27,7,3,2,0 05-15~23,0,0,0,0 09-02~28,4,3,0,0 07-19~42,1,0,0,0 2026-05M~52,19,0,0,0 06-01~64,15,8,4,0 06-18~101,14,6,2,0 06-11~125,22,4,3,0 07-09~41,14,8,3,0 08-24~31,5,1,0,0 06-20~72,9,5,3,1 08-25~35,6,3,2,2 07-14~41,12,3,2,1 2026-09M~39,12,10,2,1 06-13~58,7,2,1,0 05-24~37,8,8,1,0 07-04~196,9,8,6,2 05-05~20,3,0,0,0 05-09~24,3,0,0,0 06-04~65,18,11,7,0 08-01~85,21,17,7,1 08-03~49,7,3,0,0 08-23~35,4,2,1,0 05-22~42,7,7,1,0 08-20~35,3,1,1,0 08-21~29,4,4,3,2 08-09~55,4,1,0,0 07-28~48,11,9,4,1 06-30~217,11,6,3,1 08-18~36,6,4,2,1 06-27~114,7,5,3,0 07-29~79,12,7,1,0 08-06~52,7,4,3,0 08-17~48,6,4,3,2 06-21~117,6,5,4,0 05-02~34,9,0,0,0 06-24~128,12,5,3,2 05-08~19,0,0,0,0 05-14~31,7,5,2,0 05-21~26,3,2,1,0 06-03~45,7,7,4,0 2026-05~562,168,92,41,2 06-16~79,8,3,3,0 08-11~81,8,3,3,1 07-08~103,10,6,3,0 06-10~77,12,4,2,0 07-25~49,13,7,6,0 06-07~65,13,9,2,0 06-28~113,8,5,2,1 07-30~90,17,10,4,0 08-02~85,15,12,7,1 2026-06~1989,281,163,87,11 05-17~23,6,4,2,0 all~4825,942,579,312,51 08-26~28,1,0,0,0 08-04~59,10,9,3,1 08-12~51,10,2,0,0 05-10~13,1,0,0,0 08-14~37,8,4,2,1 08-31~28,6,4,0,0 05-20~31,4,2,0,0 06-02~62,11,9,5,1 08-30~23,3,2,0,0 05-30~63,9,4,1,0 07-20~43,9,2,1,0 07-24~38,10,10,7,0 05-13~41,12,8,5,1 09-01~24,8,7,2,1 08-19~38,8,7,1,0 07-26~69,18,15,7,0 07-16~39,13,8,6,0 05-19~32,4,2,1,0 07-03~189,8,5,1,1 05-07~22,3,0,0,0 05-12~17,0,0,0,0 05-23~38,8,4,3,0 sr~5137,2418 se~11274,522,47,13.0,3.25
Russia|07-04~7,0,0,0,0 06-26~6,0,0,0,0 06-01~2,0,0,0,0 07-19~5,1,1,0,0 08-16~2,0,0,0,0 07-20~6,1,0,0,0 09-02~3,1,1,1,0 06-27~7,0,0,0,0 08-11~4,0,0,0,0 07-29~2,0,0,0,0 05-16~6,1,1,0,0 all~138,25,14,8,5 06-20~7,0,0,0,0 05-24~3,0,0,0,0 2026-09~4,1,1,1,0 08-05~1,0,0,0,0 07-18~8,0,0,0,0 06-14~5,0,0,0,0 08-09~3,0,0,0,0 08-18~2,0,0,0,0 08-02~4,0,0,0,0 07-07~8,1,1,0,0 05-07~7,0,0,0,0 05-04~6,1,0,0,0 07-02~7,1,1,1,0 07-10~4,0,0,0,0 06-08~1,0,0,0,0 06-13~4,0,0,0,0 2026-05M~6,2,0,0,0 06-23~8,0,0,0,0 08-07~8,0,0,0,0 07-01~9,0,0,0,0 06-19~4,0,0,0,0 05-20~2,0,0,0,0 08-10~6,2,2,0,0 06-22~6,0,0,0,0 08-26~3,0,0,0,0 08-25~3,0,0,0,0 06-03~4,0,0,0,0 06-25~6,0,0,0,0 08-15~2,0,0,0,0 05-23~1,0,0,0,0 07-30~1,0,0,0,0 06-28~4,1,1,1,1 08-30~5,1,0,0,0 08-29~1,0,0,0,0 05-03~5,0,0,0,0 2026-08~56,4,3,2,1 2026-09M~4,1,1,1,0 07-25~4,0,0,0,0 06-02~5,0,0,0,0 05-17~5,0,0,0,0 08-23~4,0,0,0,0 08-04~4,0,0,0,0 07-12~5,1,0,0,0 05-02~6,1,0,0,0 06-12~3,0,0,0,0 06-07~3,1,0,0,0 2026-08M~9,1,0,0,0 08-06~4,0,0,0,0 08-12~2,0,0,0,0 05-31~2,0,0,0,0 08-24~6,0,0,0,0 07-09~4,0,0,0,0 06-11~8,0,0,0,0 05-19~2,0,0,0,0 06-15~5,0,0,0,0 08-17~3,0,0,0,0 05-26~4,0,0,0,0 06-04~3,0,0,0,0 08-21~3,0,0,0,0 08-03~7,0,0,0,0 05-25~5,1,0,0,0 2026-06M~5,0,0,0,0 06-30~9,1,0,0,0 07-28~4,0,0,0,0 08-13~2,1,0,0,0 06-24~7,0,0,0,0 07-17~7,0,0,0,0 07-16~5,0,0,0,0 07-14~6,0,0,0,0 2026-05~34,8,1,0,0 05-27~5,0,0,0,0 06-05~1,0,0,0,0 05-28~6,0,0,0,0 06-06~1,0,0,0,0 2026-07M~10,1,1,1,0 08-20~2,0,0,0,0 06-17~7,0,0,0,0 08-28~3,0,0,0,0 05-18~3,1,0,0,0 05-11~7,0,0,0,0 05-13~8,0,0,0,0 06-09~4,0,0,0,0 07-11~7,1,0,0,0 06-21~6,1,1,0,0 06-18~6,0,0,0,0 05-01~5,1,0,0,0 05-09~8,0,0,0,0 2026-06~34,5,3,3,3 08-19~4,1,1,0,0 09-01~1,0,0,0,0 07-06~7,0,0,0,0 05-06~6,1,0,0,0 07-22~2,0,0,0,0 05-22~5,0,0,0,0 08-08~4,0,0,0,0 05-15~2,0,0,0,0 08-27~2,1,0,0,0 08-22~6,0,0,0,0 05-21~4,0,0,0,0 07-15~9,0,0,0,0 05-29~3,0,0,0,0 07-21~4,0,0,0,0 07-24~2,0,0,0,0 06-29~7,0,0,0,0 07-31~6,1,1,0,0 07-13~7,0,0,0,0 07-05~9,1,1,0,0 07-03~8,1,1,0,0 07-26~3,0,0,0,0 05-08~9,0,0,0,0 2026-07~47,8,6,1,0 07-23~4,0,0,0,0 07-27~3,0,0,0,0 06-10~5,1,1,1,0 07-08~5,0,0,0,0 05-10~6,0,0,0,0 06-16~6,1,0,0,0 08-31~2,0,0,0,0 05-30~2,0,0,0,0 08-01~6,1,0,0,0 08-14~2,0,0,0,0 05-05~7,1,0,0,0 05-12~6,0,0,0,0 05-14~6,0,0,0,0 se~1086,1399,26,22.4,3.1
Rwanda|2026-06~6,4,4,4,0 2026-05~1,1,0,0,0 06-25~1,1,1,1,0 07-23~1,1,1,0,0 05-20~1,1,0,0,0 all~10,8,6,4,0 07-18~1,1,1,0,0 06-28~2,1,1,1,0 06-06~1,0,0,0,0 06-27~1,0,0,0,0 06-26~1,1,1,1,0 06-29~1,1,1,1,0 2026-07~3,3,2,0,0 07-15~1,1,0,0,0
Réunion|08-15~1,0,0,0,0 08-14~1,0,0,0,0 06-15~1,0,0,0,0 2026-09M~2,0,0,0,0 05-18~1,0,0,0,0 08-28~1,0,0,0,0 07-02~1,0,0,0,0 2026-08~11,1,1,1,0 08-23~1,0,0,0,0 06-10~1,0,0,0,0 08-12~1,0,0,0,0 2026-07~5,1,0,0,0 all~21,2,1,1,0 07-27~1,1,0,0,0 2026-09~2,0,0,0,0 2026-06M~2,0,0,0,0 09-01~1,0,0,0,0 08-24~1,1,1,1,0 07-26~1,0,0,0,0 08-07~1,0,0,0,0 2026-05~2,0,0,0,0 08-10~2,0,0,0,0 07-29~1,0,0,0,0 07-01~1,0,0,0,0 08-13~1,0,0,0,0 2026-06~3,0,0,0,0 2026-07M~2,0,0,0,0 09-02~1,0,0,0,0 06-01~2,0,0,0,0 06-25~1,0,0,0,0 05-22~1,0,0,0,0 05-28~1,0,0,0,0 08-05~1,0,0,0,0
Saint Barthélemy|2026-07~1,0,0,0,0 07-23~1,0,0,0,0 2026-05~1,1,1,0,0 05-27~1,1,1,0,0 2026-08~1,0,0,0,0 2026-08M~1,0,0,0,0 all~1,1,1,0,0 08-02~1,0,0,0,0 08-23~1,0,0,0,0
Saint Lucia|all~2,1,0,0,0 2026-06~1,0,0,0,0 07-16~1,1,0,0,0 2026-07~1,1,0,0,0 06-09~1,0,0,0,0
Saint Vincent and the Grenadines|all~1,0,0,0,0 08-10~1,0,0,0,0 2026-08~1,0,0,0,0
Samoa|2026-07~1,0,0,0,0 all~1,0,0,0,0 07-17~1,0,0,0,0
San Marino|2026-07~1,1,0,0,0 all~1,1,0,0,0 07-29~1,1,0,0,0
Saudi Arabia|2026-07M~4,0,0,0,0 05-21~3,0,0,0,0 07-29~13,0,0,0,0 06-22~10,0,0,0,0 08-11~9,0,0,0,0 05-20~3,0,0,0,0 07-28~18,1,0,0,0 07-11~4,0,0,0,0 05-19~2,0,0,0,0 06-07~5,0,0,0,0 07-07~5,0,0,0,0 08-22~802,8,0,0,0 06-11~4,0,0,0,0 08-06~15,1,0,0,0 07-23~2,0,0,0,0 2026-08~7704,113,2,1,0 05-08~4,0,0,0,0 06-16~2,0,0,0,0 08-25~857,15,0,0,0 06-15~3,0,0,0,0 08-26~817,14,0,0,0 07-03~3,0,0,0,0 07-08~4,1,0,0,0 06-28~5,0,0,0,0 07-27~8,0,0,0,0 08-02~19,2,0,0,0 08-29~9,0,0,0,0 05-04~3,0,0,0,0 06-24~6,1,1,1,0 08-17~6,1,0,0,0 09-01~5,0,0,0,0 05-23~2,0,0,0,0 05-01~5,0,0,0,0 07-09~3,0,0,0,0 08-10~6,0,0,0,0 06-23~4,0,0,0,0 08-01~11,0,0,0,0 07-24~2,0,0,0,0 08-21~764,9,0,0,0 06-12~3,0,0,0,0 07-04~3,0,0,0,0 08-16~9,0,0,0,0 06-25~3,0,0,0,0 08-09~7,0,0,0,0 05-24~3,0,0,0,0 07-10~3,0,0,0,0 06-06~3,0,0,0,0 05-18~3,0,0,0,0 05-03~4,0,0,0,0 06-13~4,0,0,0,0 08-20~768,19,1,1,0 07-05~4,0,0,0,0 05-11~3,0,0,0,0 07-19~4,0,0,0,0 2026-09~7,0,0,0,0 08-13~6,0,0,0,0 06-20~3,0,0,0,0 06-08~3,0,0,0,0 05-16~6,2,1,1,0 07-31~14,1,1,0,0 09-02~4,0,0,0,0 06-27~5,0,0,0,0 08-14~5,0,0,0,0 07-21~2,0,0,0,0 08-04~13,0,0,0,0 05-29~2,0,0,0,0 05-30~2,0,0,0,0 2026-06M~4,0,0,0,0 08-07~11,3,1,0,0 07-22~2,0,0,0,0 05-02~4,0,0,0,0 07-20~7,0,0,0,0 05-28~2,0,0,0,0 08-05~8,0,0,0,0 05-27~2,0,0,0,0 2026-05~11,2,1,1,0 05-17~3,0,0,0,0 06-09~2,0,0,0,0 05-10~3,0,0,0,0 07-18~3,0,0,0,0 08-19~397,6,0,0,0 07-16~3,0,0,0,0 06-02~3,0,0,0,0 08-31~4,0,0,0,0 07-14~2,0,0,0,0 05-05~4,0,0,0,0 08-28~788,9,0,0,0 2026-05M~5,0,0,0,0 07-06~2,0,0,0,0 06-10~4,0,0,0,0 08-23~802,14,0,0,0 06-29~2,0,0,0,0 05-06~3,0,0,0,0 06-18~3,0,0,0,0 07-01~3,0,0,0,0 08-24~824,5,0,0,0 06-17~3,0,0,0,0 05-09~4,0,0,0,0 05-22~3,0,0,0,0 05-25~3,0,0,0,0 08-08~11,0,0,0,0 07-25~3,0,0,0,0 07-30~11,0,0,0,0 08-15~8,1,0,0,0 06-26~3,0,0,0,0 06-04~3,0,0,0,0 07-12~3,1,1,0,0 05-31~3,0,0,0,0 07-26~3,0,0,0,0 06-30~6,1,0,0,0 08-03~9,0,0,0,0 05-26~3,0,0,0,0 2026-08M~27,2,0,0,0 05-12~3,0,0,0,0 08-18~8,0,0,0,0 2026-09M~7,0,0,0,0 06-19~4,0,0,0,0 05-07~5,0,0,0,0 05-15~3,0,0,0,0 05-13~3,0,0,0,0 07-17~5,1,0,0,0 06-01~3,0,0,0,0 06-21~4,0,0,0,0 08-12~11,0,0,0,0 all~7811,122,6,3,0 2026-07~80,5,2,0,0 05-14~2,0,0,0,0 2026-06~29,2,1,1,0 08-27~892,8,0,0,0 06-14~3,0,0,0,0 07-02~3,0,0,0,0 08-30~7,0,0,0,0 06-03~4,0,0,0,0 07-15~3,0,0,0,0 06-05~4,0,0,0,0 07-13~3,0,0,0,0 sr~7898,7760 se~9110,257,0,52.6,1.82
Senegal|08-14~1,0,0,0,0 07-18~2,1,1,0,0 05-02~1,0,0,0,0 06-25~1,0,0,0,0 07-24~1,0,0,0,0 07-12~1,0,0,0,0 05-30~2,0,0,0,0 07-25~1,0,0,0,0 2026-05M~1,0,0,0,0 06-30~18,8,2,2,0 06-07~1,0,0,0,0 07-16~1,1,1,0,0 08-06~1,0,0,0,0 07-27~1,0,0,0,0 07-29~5,0,0,0,0 all~69,22,9,6,0 06-02~1,0,0,0,0 2026-07~17,2,2,0,0 08-04~1,0,0,0,0 08-18~2,0,0,0,0 2026-06M~1,0,0,0,0 2026-08~6,0,0,0,0 2026-07M~4,0,0,0,0 05-24~1,0,0,0,0 06-08~1,0,0,0,0 2026-06~46,20,7,6,0 08-28~1,0,0,0,0 07-06~1,0,0,0,0 07-01~4,0,0,0,0 06-11~3,0,0,0,0 2026-05~5,0,0,0,0 06-26~5,2,1,1,0 06-12~3,0,0,0,0 05-23~3,0,0,0,0 07-31~1,0,0,0,0 06-29~7,4,1,1,0 06-28~6,3,1,1,0 07-30~1,0,0,0,0 06-27~6,3,2,1,0
Serbia|2026-07~3598,208,105,60,8 07-15~162,28,1,0,0 05-05~17,3,0,0,0 08-06~36,3,1,0,0 07-06~223,4,3,3,0 05-18~21,5,3,2,1 06-13~74,2,2,1,0 08-31~14,0,0,0,0 2026-08M~114,19,10,8,0 07-14~89,11,6,3,1 05-04~17,0,0,0,0 07-02~1465,10,4,3,0 08-07~57,1,0,0,0 07-07~291,3,2,0,0 08-17~51,22,1,1,0 07-13~65,5,3,3,1 07-27~46,7,5,3,0 08-22~24,5,4,3,1 06-06~218,11,6,3,0 08-29~14,1,0,0,0 07-29~65,8,6,1,0 05-24~29,3,2,1,0 2026-08~1252,203,51,36,5 06-23~200,6,3,1,0 07-20~52,3,2,1,0 06-08~183,11,8,8,0 07-10~45,3,2,2,0 05-12~20,2,0,0,0 08-12~42,5,1,1,0 05-20~31,1,0,0,0 05-07~18,1,0,0,0 08-24~18,1,0,0,0 07-11~58,3,1,1,1 06-09~232,13,8,5,1 06-28~239,3,1,1,0 07-30~51,11,6,2,0 07-16~84,11,0,0,0 05-25~26,0,0,0,0 05-19~34,4,2,1,0 08-30~14,3,1,1,0 05-08~23,2,0,0,0 08-21~21,0,0,0,0 06-19~150,10,6,4,0 07-01~821,6,4,2,0 06-03~54,5,2,2,0 08-02~58,5,3,3,0 05-28~58,14,12,3,0 06-16~151,7,5,3,0 07-31~59,8,5,2,0 06-29~216,7,4,2,0 08-01~64,14,7,5,0 all~9152,707,362,215,22 05-16~23,2,2,1,0 08-08~217,5,3,0,0 2026-09M~26,0,0,0,0 2026-07M~1981,14,8,5,1 06-21~196,3,1,1,0 05-27~40,6,3,1,0 05-29~42,10,6,3,0 07-21~82,9,5,2,0 2026-06M~106,26,19,9,0 08-13~57,16,0,0,0 07-22~80,11,4,1,0 07-04~563,2,2,0,0 2026-06~4863,241,159,93,5 07-26~79,17,7,5,0 08-25~18,3,1,1,0 05-14~29,5,3,0,0 07-18~76,4,1,1,0 08-04~33,7,3,1,0 07-19~47,2,1,1,1 06-01~54,12,9,3,0 06-18~163,4,1,0,0 08-28~16,1,1,0,0 07-03~488,6,2,1,0 2026-09~26,0,0,0,0 05-26~24,5,4,1,0 2026-05~494,91,51,18,4 07-17~110,2,2,1,0 2026-05M~29,3,0,0,0 06-24~285,1,1,0,0 08-20~25,0,0,0,0 06-25~327,6,2,1,0 06-27~218,8,3,1,0 06-07~236,10,8,4,0 06-04~705,18,8,4,0 06-05~190,13,10,4,0 05-03~16,1,0,0,0 08-14~66,30,2,1,0 07-24~109,13,8,3,0 08-03~32,4,3,2,0 08-15~68,23,4,2,1 05-10~21,2,0,0,0 06-22~153,9,6,4,1 05-17~19,3,2,2,0 07-12~94,4,3,2,0 08-05~122,2,1,1,0 05-21~27,2,1,0,0 05-13~26,1,0,0,0 05-22~25,3,2,0,0 08-27~15,0,0,0,0 05-06~20,1,0,0,0 05-01~15,0,0,0,0 09-01~12,0,0,0,0 08-19~20,3,2,1,0 06-11~175,13,7,5,0 07-09~31,0,0,0,0 05-09~24,2,0,0,0 08-10~171,3,1,1,1 08-23~20,4,4,2,0 05-15~31,3,1,0,0 08-09~179,3,2,2,1 06-26~236,11,5,3,0 05-02~20,3,0,0,0 06-12~108,9,6,2,1 06-17~183,9,5,3,0 05-11~18,0,0,0,0 06-02~67,14,10,6,0 06-20~200,10,6,5,1 07-28~55,5,4,2,0 06-30~648,5,4,2,0 06-15~157,8,5,1,0 05-23~23,1,1,0,0 08-26~21,3,1,1,0 07-08~80,6,4,3,0 06-10~186,13,11,7,0 06-14~153,5,5,3,0 08-11~94,18,4,3,0 07-23~89,9,5,4,0 08-18~32,0,0,0,0 05-31~41,5,4,1,0 07-25~95,10,4,3,0 09-02~20,0,0,0,0 07-05~290,4,2,2,0 08-16~96,48,2,2,0 05-30~43,4,3,0,0 sr~9232,1948 se~19587,317,12,18.0,2.55
Seychelles|05-30~1,0,0,0,0 08-01~3,0,0,0,0 07-16~1,0,0,0,0 08-10~1,0,0,0,0 07-07~1,0,0,0,0 08-03~3,0,0,0,0 08-17~1,0,0,0,0 08-22~2,0,0,0,0 05-08~1,0,0,0,0 07-05~1,0,0,0,0 08-12~2,0,0,0,0 2026-09M~2,0,0,0,0 all~113,13,2,1,0 07-19~2,0,0,0,0 07-17~2,0,0,0,0 07-08~1,0,0,0,0 08-23~2,0,0,0,0 07-24~1,0,0,0,0 08-11~2,0,0,0,0 07-27~5,0,0,0,0 05-13~1,0,0,0,0 07-29~9,0,0,0,0 08-06~1,0,0,0,0 06-04~1,0,0,0,0 07-02~1,0,0,0,0 08-15~9,5,0,0,0 08-13~1,0,0,0,0 07-04~1,0,0,0,0 06-03~1,0,0,0,0 07-22~2,0,0,0,0 08-09~2,0,0,0,0 2026-08~47,7,0,0,0 08-28~2,1,0,0,0 08-21~1,1,0,0,0 07-20~5,0,0,0,0 2026-06~11,1,1,1,0 07-12~2,0,0,0,0 07-01~1,0,0,0,0 07-10~2,1,0,0,0 08-07~2,0,0,0,0 08-20~3,0,0,0,0 08-08~1,0,0,0,0 06-07~5,0,0,0,0 07-09~3,1,1,0,0 08-31~1,0,0,0,0 07-26~3,1,0,0,0 07-31~6,0,0,0,0 08-26~1,0,0,0,0 07-21~2,0,0,0,0 07-28~8,1,0,0,0 09-01~2,0,0,0,0 2026-05~6,1,0,0,0 2026-07M~2,0,0,0,0 08-25~2,1,0,0,0 08-19~4,0,0,0,0 08-02~9,0,0,0,0 2026-08M~12,0,0,0,0 08-04~3,0,0,0,0 08-29~1,0,0,0,0 2026-07~52,5,1,0,0 2026-05M~1,1,0,0,0 06-10~1,1,1,1,0 08-18~2,0,0,0,0 06-27~2,0,0,0,0 05-29~1,0,0,0,0 2026-09~2,0,0,0,0 08-14~2,0,0,0,0 07-03~1,0,0,0,0 07-18~2,0,0,0,0 06-05~1,0,0,0,0 05-10~1,0,0,0,0 05-02~1,1,0,0,0 08-27~1,0,0,0,0 07-30~8,1,0,0,0 se~371,500,42,16.7,2.57
Sierra Leone|2026-08~3,3,0,0,0 05-25~1,0,0,0,0 2026-07~1,1,1,1,0 08-29~2,2,0,0,0 07-29~1,1,1,1,0 06-27~1,1,0,0,0 2026-05~1,0,0,0,0 08-24~2,2,0,0,0 06-26~1,0,0,0,0 all~7,5,1,1,0 2026-06~3,1,0,0,0 06-03~1,0,0,0,0 05-26~1,0,0,0,0
Singapore|06-20~4,0,0,0,0 08-08~1,0,0,0,0 08-28~5,0,0,0,0 08-26~3,0,0,0,0 05-16~3,0,0,0,0 07-08~11,0,0,0,0 05-03~1,0,0,0,0 06-18~1,0,0,0,0 07-11~9,0,0,0,0 06-26~2,0,0,0,0 05-20~2,0,0,0,0 07-03~4,0,0,0,0 07-25~2,0,0,0,0 06-07~1,0,0,0,0 08-23~3,0,0,0,0 08-19~5,0,0,0,0 07-07~2,0,0,0,0 2026-07M~4,1,0,0,0 06-14~1,0,0,0,0 05-17~2,0,0,0,0 06-03~2,0,0,0,0 2026-08~85,1,0,0,0 08-24~4,0,0,0,0 08-13~1,0,0,0,0 08-29~6,0,0,0,0 07-13~3,0,0,0,0 08-02~1,0,0,0,0 05-01~1,0,0,0,0 05-21~4,1,0,0,0 05-15~3,0,0,0,0 08-27~1,0,0,0,0 05-26~3,1,0,0,0 05-14~1,0,0,0,0 2026-09~12,2,1,0,0 06-27~2,0,0,0,0 08-03~4,0,0,0,0 05-13~2,0,0,0,0 07-12~8,0,0,0,0 05-22~1,0,0,0,0 08-15~6,0,0,0,0 05-10~2,0,0,0,0 08-20~5,0,0,0,0 06-15~2,0,0,0,0 07-31~4,0,0,0,0 08-06~2,0,0,0,0 07-05~1,0,0,0,0 05-30~2,0,0,0,0 08-01~1,0,0,0,0 05-08~4,1,0,0,0 07-22~1,0,0,0,0 05-18~1,0,0,0,0 2026-08M~2,0,0,0,0 06-19~3,0,0,0,0 07-26~3,1,0,0,0 06-28~4,0,0,0,0 08-18~8,0,0,0,0 06-10~2,0,0,0,0 07-24~3,0,0,0,0 2026-06M~3,0,0,0,0 07-09~14,0,0,0,0 08-31~3,0,0,0,0 07-21~3,0,0,0,0 07-18~1,0,0,0,0 08-04~6,0,0,0,0 06-08~1,0,0,0,0 06-16~1,0,0,0,0 08-05~3,0,0,0,0 07-27~1,0,0,0,0 08-21~3,1,0,0,0 07-30~6,0,0,0,0 08-30~3,0,0,0,0 06-21~25,0,0,0,0 07-06~4,0,0,0,0 06-30~2,0,0,0,0 09-01~6,1,0,0,0 05-11~3,0,0,0,0 07-23~1,0,0,0,0 06-17~2,0,0,0,0 07-10~6,0,0,0,0 05-07~2,0,0,0,0 08-14~5,0,0,0,0 08-11~1,0,0,0,0 07-20~3,0,0,0,0 07-15~1,0,0,0,0 08-16~20,0,0,0,0 09-02~7,1,1,0,0 05-12~3,0,0,0,0 2026-06~48,0,0,0,0 06-22~4,0,0,0,0 05-06~4,0,0,0,0 08-09~3,0,0,0,0 07-14~2,0,0,0,0 07-16~1,0,0,0,0 08-10~2,0,0,0,0 07-28~7,1,0,0,0 2026-05~23,4,0,0,0 2026-09M~12,2,1,0,0 07-01~4,1,0,0,0 08-12~2,0,0,0,0 05-24~2,0,0,0,0 05-09~1,0,0,0,0 07-29~11,0,0,0,0 08-17~14,0,0,0,0 2026-05M~3,0,0,0,0 07-04~2,0,0,0,0 06-05~1,0,0,0,0 06-25~3,0,0,0,0 05-28~2,0,0,0,0 05-23~3,0,0,0,0 2026-07~75,3,0,0,0 08-25~2,0,0,0,0 06-13~3,0,0,0,0 06-04~2,0,0,0,0 07-02~2,0,0,0,0 05-02~3,0,0,0,0 05-27~1,0,0,0,0 07-19~1,0,0,0,0 06-09~2,0,0,0,0 06-02~3,0,0,0,0 all~230,10,1,0,0 08-22~1,0,0,0,0 06-12~4,0,0,0,0 06-24~2,0,0,0,0 05-25~4,1,0,0,0 06-11~3,0,0,0,0 06-29~2,0,0,0,0 05-19~2,0,0,0,0 05-04~1,0,0,0,0 08-07~1,0,0,0,0 07-17~4,0,0,0,0 05-29~1,0,0,0,0 05-05~2,0,0,0,0 05-31~2,0,0,0,0 sr~431,356 se~833,763,21,23.5,2.72
Sint Maarten|2026-05~1,0,0,0,0 05-13~1,0,0,0,0 06-14~1,0,0,0,0 2026-06~2,0,0,0,0 06-25~1,0,0,0,0 all~3,0,0,0,0
Slovakia|07-14~6,0,0,0,0 08-26~8,2,1,0,0 05-25~6,0,0,0,0 05-12~9,3,0,0,0 2026-08M~25,5,4,3,0 08-27~7,0,0,0,0 05-19~2,0,0,0,0 2026-05M~6,0,0,0,0 05-24~8,1,0,0,0 08-08~5,0,0,0,0 06-29~17,2,1,1,0 07-31~24,2,1,1,0 06-07~8,0,0,0,0 05-01~5,0,0,0,0 05-10~8,1,0,0,0 06-21~10,1,0,0,0 08-07~9,1,1,0,0 06-03~9,2,2,1,0 08-31~5,0,0,0,0 05-31~11,1,1,0,0 08-28~6,1,1,1,1 08-03~14,1,0,0,0 05-18~6,0,0,0,0 08-24~4,1,1,1,1 05-07~6,0,0,0,0 06-04~10,0,0,0,0 08-06~8,0,0,0,0 07-29~18,5,4,3,0 05-13~6,0,0,0,0 05-02~3,0,0,0,0 05-21~8,3,2,0,0 07-30~16,2,1,0,0 06-28~12,1,1,0,0 06-20~16,2,1,0,0 08-23~7,0,0,0,0 05-22~9,1,1,0,0 07-26~13,2,2,1,0 07-07~9,0,0,0,0 07-25~12,2,2,1,0 08-04~8,1,0,0,0 06-16~14,1,1,0,0 05-15~9,0,0,0,0 08-16~7,1,1,1,0 06-01~9,1,1,1,0 07-19~11,1,1,1,0 05-08~9,1,0,0,0 06-06~9,2,0,0,0 07-20~7,0,0,0,0 05-30~14,0,0,0,0 06-22~10,0,0,0,0 07-22~10,0,0,0,0 07-02~10,2,2,2,0 08-11~11,0,0,0,0 07-15~5,0,0,0,0 07-09~6,1,1,0,0 06-11~21,3,1,0,0 06-12~12,2,0,0,0 07-21~13,0,0,0,0 05-06~8,0,0,0,0 2026-09M~15,4,3,3,2 05-29~11,0,0,0,0 2026-06M~13,1,1,1,0 05-16~8,0,0,0,0 05-27~3,1,0,0,0 07-27~19,6,1,1,0 05-14~7,0,0,0,0 06-23~12,0,0,0,0 06-02~8,0,0,0,0 08-05~5,2,2,1,1 07-16~14,0,0,0,0 05-03~2,0,0,0,0 07-24~14,3,3,3,0 06-25~12,0,0,0,0 07-23~15,3,3,2,0 08-20~4,0,0,0,0 all~474,96,62,40,8 07-12~10,1,1,1,1 05-28~16,1,1,1,0 05-20~3,0,0,0,0 08-10~6,0,0,0,0 08-17~4,0,0,0,0 07-05~11,0,0,0,0 08-19~8,1,1,0,0 09-01~9,2,1,1,1 07-04~11,1,0,0,0 2026-06~134,23,13,6,0 05-26~1,0,0,0,0 08-02~11,2,2,1,0 06-05~8,0,0,0,0 05-23~4,1,1,0,0 07-17~14,4,2,2,0 08-09~3,1,1,1,0 08-30~7,0,0,0,0 06-13~13,1,1,0,0 08-01~17,3,2,2,0 06-26~10,1,1,1,0 05-04~7,1,0,0,0 05-11~9,0,0,0,0 05-17~6,0,0,0,0 08-25~9,0,0,0,0 08-22~4,0,0,0,0 08-29~10,1,1,0,0 07-01~7,0,0,0,0 06-19~11,0,0,0,0 06-18~13,1,1,0,0 08-21~7,0,0,0,0 2026-08~119,20,14,8,3 08-15~9,1,0,0,0 07-13~6,0,0,0,0 06-10~18,1,0,0,0 07-08~8,1,1,0,0 07-03~11,1,1,1,0 06-17~11,1,1,1,0 06-27~11,0,0,0,0 05-05~10,1,0,0,0 06-30~17,1,1,1,0 07-28~14,1,0,0,0 06-14~7,0,0,0,0 08-12~6,0,0,0,0 08-14~11,1,0,0,0 2026-09~15,4,3,3,2 08-18~9,1,0,0,0 2026-05~104,14,6,2,2 2026-07M~11,2,2,2,0 05-09~6,0,0,0,0 07-10~7,0,0,0,0 06-08~12,1,0,0,0 07-06~12,1,0,0,0 07-18~16,0,0,0,0 06-15~11,0,0,0,0 08-13~7,0,0,0,0 06-09~16,0,0,0,0 07-11~8,1,1,1,0 2026-07~194,38,27,21,1 09-02~8,2,2,2,1 06-24~12,1,1,0,0 sr~524,283 se~2250,939,145,6.4,4.49
Slovenia|06-19~8,2,1,0,0 07-01~9,0,0,0,0 06-23~9,0,0,0,0 06-04~8,0,0,0,0 08-28~2,1,0,0,0 07-28~9,0,0,0,0 06-30~5,1,0,0,0 08-13~5,2,1,1,0 07-25~3,0,0,0,0 2026-07M~14,0,0,0,0 06-22~7,1,0,0,0 08-14~5,2,0,0,0 08-29~4,1,0,0,0 07-29~11,1,0,0,0 05-13~3,0,0,0,0 06-25~8,0,0,0,0 05-05~6,2,0,0,0 05-21~7,2,0,0,0 06-05~8,1,0,0,0 06-11~10,1,0,0,0 07-09~8,1,0,0,0 06-28~9,1,0,0,0 07-30~6,1,1,0,0 08-07~7,2,1,1,1 07-02~8,0,0,0,0 05-02~2,1,0,0,0 05-01~5,2,0,0,0 2026-08M~13,2,0,0,0 07-07~4,0,0,0,0 07-15~6,2,0,0,0 06-16~14,0,0,0,0 06-26~12,1,0,0,0 2026-07~79,11,2,0,0 08-02~9,2,0,0,0 07-04~9,1,0,0,0 05-25~4,0,0,0,0 08-30~3,1,1,0,0 05-30~8,1,0,0,0 08-15~1,0,0,0,0 05-29~3,0,0,0,0 06-27~7,0,0,0,0 08-23~3,1,0,0,0 08-20~6,0,0,0,0 06-06~5,1,1,0,0 06-20~8,2,0,0,0 08-10~5,1,0,0,0 05-26~1,0,0,0,0 2026-06M~15,5,0,0,0 05-06~4,0,0,0,0 07-20~2,0,0,0,0 06-07~5,1,0,0,0 05-31~6,1,1,1,0 05-12~5,2,0,0,0 08-26~3,2,0,0,0 08-01~4,0,0,0,0 07-17~4,1,0,0,0 05-09~3,0,0,0,0 05-07~7,4,0,0,0 08-18~6,3,0,0,0 06-17~5,1,0,0,0 06-02~9,3,0,0,0 08-05~9,0,0,0,0 08-03~7,1,0,0,0 08-17~3,0,0,0,0 08-21~3,0,0,0,0 08-31~3,2,0,0,0 06-14~13,1,0,0,0 all~315,87,13,5,2 07-08~7,4,1,0,0 06-10~21,1,0,0,0 2026-08~94,28,6,3,2 08-12~3,0,0,0,0 05-23~2,0,0,0,0 07-19~2,0,0,0,0 06-01~8,2,0,0,0 08-24~3,0,0,0,0 08-06~7,4,1,1,0 05-20~6,3,1,1,0 09-01~3,0,0,0,0 08-19~5,0,0,0,0 08-16~5,1,1,0,0 05-08~3,1,0,0,0 06-21~7,1,0,0,0 07-12~5,0,0,0,0 07-13~5,0,0,0,0 07-11~4,0,0,0,0 06-09~11,1,0,0,0 07-31~7,0,0,0,0 06-29~9,0,0,0,0 05-22~9,1,0,0,0 07-18~2,0,0,0,0 06-03~4,0,0,0,0 08-25~3,0,0,0,0 06-12~10,0,0,0,0 2026-05~79,31,2,2,0 05-14~4,1,0,0,0 05-16~5,0,0,0,0 07-14~3,0,0,0,0 06-24~8,0,0,0,0 07-05~6,0,0,0,0 05-04~4,2,0,0,0 2026-06~118,21,2,0,0 08-09~6,1,0,0,0 07-03~5,0,0,0,0 05-03~4,2,0,0,0 09-02~3,2,1,0,0 05-28~10,2,0,0,0 07-27~7,0,0,0,0 05-27~5,1,0,0,0 2026-09~5,2,1,0,0 05-10~3,2,0,0,0 08-22~5,1,0,0,0 08-27~2,0,0,0,0 05-24~3,1,0,0,0 06-08~9,1,0,0,0 07-10~6,0,0,0,0 07-24~3,0,0,0,0 05-18~4,1,0,0,0 07-21~3,1,0,0,0 07-16~5,0,0,0,0 06-18~9,1,0,0,0 07-06~2,0,0,0,0 07-23~2,0,0,0,0 08-08~6,1,1,0,0 07-26~4,0,0,0,0 07-22~4,1,0,0,0 2026-05M~6,3,0,0,0 06-15~8,2,0,0,0 05-19~5,2,0,0,0 05-15~6,2,0,0,0 06-13~10,1,0,0,0 08-04~10,0,0,0,0 08-11~8,1,0,0,0 05-17~2,1,0,0,0 2026-09M~5,2,1,0,0 05-11~6,1,0,0,0 sr~349,231 se~1152,439,48,15.0,2.8
Solomon Islands|05-10~1,1,0,0,0 2026-06~7,2,0,0,0 05-11~2,0,0,0,0 09-01~1,0,0,0,0 05-25~1,0,0,0,0 06-14~2,0,0,0,0 all~14,4,1,1,0 2026-09~1,0,0,0,0 2026-05~7,2,1,1,0 05-14~1,0,0,0,0 07-05~2,0,0,0,0 06-15~2,0,0,0,0 05-17~1,0,0,0,0 07-19~2,0,0,0,0 06-08~2,1,0,0,0 08-31~1,0,0,0,0 08-23~1,0,0,0,0 2026-05M~1,0,0,0,0 06-17~1,0,0,0,0 05-23~1,1,1,1,0 2026-07~4,0,0,0,0 05-12~1,0,0,0,0 05-21~2,0,0,0,0 08-30~1,0,0,0,0 2026-08~2,0,0,0,0 06-10~2,0,0,0,0 05-02~1,0,0,0,0 05-15~1,0,0,0,0 05-03~1,0,0,0,0 08-22~1,0,0,0,0 06-28~2,0,0,0,0 08-01~1,0,0,0,0 05-13~1,0,0,0,0 05-16~1,0,0,0,0 06-13~1,0,0,0,0 05-31~1,0,0,0,0 05-24~1,0,0,0,0 05-22~1,0,0,0,0 08-17~1,0,0,0,0 05-06~1,0,0,0,0 08-28~1,0,0,0,0 2026-09M~1,0,0,0,0 06-25~1,0,0,0,0 06-12~1,0,0,0,0 06-21~1,0,0,0,0 08-21~1,0,0,0,0 2026-08M~1,0,0,0,0 08-26~2,0,0,0,0 06-11~4,1,0,0,0
Somalia|05-14~1,1,1,1,0 05-20~1,0,0,0,0 06-26~2,0,0,0,0 2026-06M~1,1,1,0,0 05-24~1,0,0,0,0 05-21~1,0,0,0,0 06-15~1,0,0,0,0 07-29~7,2,0,0,0 05-15~1,1,1,1,0 2026-05~4,2,2,2,1 05-06~1,0,0,0,0 06-27~4,3,2,2,0 05-17~1,1,0,0,0 06-02~1,1,1,0,0 06-28~2,0,0,0,0 07-30~1,0,0,0,0 07-01~1,1,1,1,0 2026-06~7,5,4,2,0 06-30~1,1,1,0,0 2026-07~12,3,1,1,0 05-19~1,0,0,0,0 all~24,11,8,6,1 07-07~2,0,0,0,0 08-18~2,1,1,1,0 2026-07M~1,1,1,1,0 05-18~1,0,0,0,0 2026-08~3,1,1,1,0 07-17~1,0,0,0,0 07-11~2,0,0,0,0 08-15~1,0,0,0,0 07-16~1,0,0,0,0
South Africa|08-18~43,15,10,4,0 05-16~18,7,3,2,0 06-08~45,14,10,4,0 07-07~103,16,7,3,0 06-11~225,33,17,5,0 08-22~39,12,9,7,0 05-10~34,12,0,0,0 07-18~41,10,7,1,0 06-20~75,25,20,8,0 08-13~30,7,4,2,0 07-10~46,11,9,2,0 05-18~24,6,3,1,0 06-06~50,15,10,1,0 08-17~29,7,4,1,0 06-24~93,21,15,3,0 09-01~22,3,3,0,0 2026-05M~50,17,0,0,0 2026-08M~65,14,11,5,0 06-23~137,19,12,4,0 08-10~18,5,3,1,0 08-25~27,6,5,3,0 06-16~92,22,15,6,0 05-08~34,9,0,0,0 05-11~18,5,0,0,0 07-19~40,8,6,1,0 07-11~57,18,13,6,0 06-07~39,12,9,2,0 05-19~34,15,10,5,0 05-07~35,15,0,0,0 06-19~90,22,16,4,0 08-20~23,5,3,1,0 06-13~89,15,9,4,0 07-05~85,14,7,3,0 06-09~91,12,10,2,0 05-17~24,10,10,4,0 05-26~37,10,9,4,0 05-04~41,20,0,0,0 08-29~24,10,10,5,0 07-27~27,10,6,5,0 08-02~37,6,6,3,0 06-14~89,28,22,13,0 08-27~29,6,5,1,0 07-02~83,15,9,4,0 07-30~59,10,5,1,0 06-26~155,65,49,21,0 08-15~66,31,25,7,0 08-12~31,8,5,1,0 06-21~48,9,5,1,0 05-01~31,13,0,0,0 07-09~51,6,6,1,0 2026-08~657,279,210,88,2 05-12~31,12,0,0,0 06-05~49,18,12,8,0 07-13~50,10,8,3,0 05-03~33,10,0,0,0 05-23~44,8,6,3,0 2026-07M~233,89,58,34,0 08-19~39,11,9,7,1 07-20~41,12,8,5,1 08-05~32,6,5,2,0 05-28~146,24,9,3,0 08-06~46,12,8,4,0 07-23~30,5,3,3,0 07-08~69,11,9,7,0 2026-09M~42,7,6,2,0 2026-06~2065,803,569,274,0 06-18~68,11,8,2,0 05-06~21,7,0,0,0 06-04~47,13,9,7,0 07-12~51,9,7,1,0 06-25~120,27,19,9,0 08-16~33,12,7,1,0 06-29~179,69,44,21,0 08-28~33,11,8,1,0 05-05~32,10,0,0,0 08-31~26,7,4,2,0 06-02~67,16,13,4,0 07-14~47,11,8,3,0 06-12~97,21,13,7,0 08-21~33,5,5,2,0 07-04~77,11,8,5,0 05-15~22,8,6,3,0 05-02~26,4,0,0,0 08-26~25,3,3,2,0 06-15~95,17,13,6,0 07-03~85,19,13,7,0 05-24~48,14,8,4,0 08-09~20,6,5,0,0 08-08~31,7,5,1,0 05-25~43,16,10,5,0 2026-05~922,351,137,59,0 08-11~32,7,5,0,0 06-22~72,15,5,1,0 06-28~163,79,57,33,0 08-07~39,14,10,2,0 07-22~36,5,2,1,0 2026-06M~123,33,19,6,0 07-17~39,12,10,4,0 06-01~69,17,6,2,0 05-13~26,9,5,1,0 2026-07~1143,413,282,131,2 05-20~28,14,10,3,0 07-28~35,11,8,1,0 05-21~36,12,7,1,0 07-29~74,19,11,4,0 07-21~38,12,10,2,0 05-29~88,11,7,2,0 08-04~46,6,6,2,0 05-22~68,13,8,4,0 07-26~45,13,10,2,0 08-03~43,7,6,3,0 06-30~261,105,80,49,0 07-16~36,13,8,4,0 07-01~168,74,49,30,0 05-09~27,13,0,0,0 06-17~64,23,18,6,0 08-24~23,4,1,1,0 07-06~86,14,9,4,0 08-23~31,7,4,3,0 06-10~179,25,13,5,0 07-25~48,13,8,3,0 2026-09~42,7,6,2,0 05-14~29,13,6,3,0 05-31~107,17,12,6,0 05-27~34,7,5,1,0 09-02~25,4,3,2,0 07-31~42,3,2,2,0 08-14~53,24,19,7,0 06-27~152,53,35,20,0 08-01~36,8,5,2,0 07-24~40,10,5,2,0 all~4143,1807,1195,579,4 05-30~92,14,3,1,0 06-03~61,9,6,1,0 08-30~22,9,7,3,0 07-15~42,17,11,5,0 sr~4206,2164 se~8592,483,166,4.4,3.72
South Korea|08-17~6,1,1,1,0 06-09~2,0,0,0,0 05-28~3,1,1,1,0 06-18~2,1,1,0,0 08-11~1,0,0,0,0 06-21~2,0,0,0,0 06-26~1,0,0,0,0 08-19~1,1,0,0,0 07-01~1,0,0,0,0 2026-07~7,3,2,0,0 06-11~1,0,0,0,0 06-02~1,0,0,0,0 06-01~1,0,0,0,0 08-09~1,0,0,0,0 all~71,15,8,4,2 06-14~3,0,0,0,0 08-10~1,0,0,0,0 08-18~4,0,0,0,0 05-30~1,0,0,0,0 08-06~1,0,0,0,0 08-16~5,0,0,0,0 06-20~1,0,0,0,0 08-27~2,0,0,0,0 08-05~2,0,0,0,0 2026-05~6,2,1,1,0 05-17~1,0,0,0,0 05-19~1,0,0,0,0 07-03~1,0,0,0,0 2026-08~41,7,2,1,0 06-22~1,0,0,0,0 2026-09M~5,0,0,0,0 08-13~2,0,0,0,0 07-20~1,0,0,0,0 06-10~1,0,0,0,0 08-22~3,0,0,0,0 05-02~1,0,0,0,0 08-29~2,0,0,0,0 07-10~1,1,1,0,0 08-07~1,0,0,0,0 09-02~3,0,0,0,0 08-04~2,1,0,0,0 08-14~3,0,0,0,0 2026-06M~2,0,0,0,0 2026-09~5,0,0,0,0 06-04~2,1,1,1,1 05-04~1,0,0,0,0 05-20~1,0,0,0,0 08-24~6,0,0,0,0 05-08~1,0,0,0,0 2026-06~24,4,4,2,2 05-12~2,1,0,0,0 07-24~1,1,1,0,0 2026-05M~1,0,0,0,0 09-01~3,0,0,0,0 05-31~1,0,0,0,0 06-16~2,0,0,0,0 08-12~1,0,0,0,0 06-03~1,0,0,0,0 06-06~1,0,0,0,0 08-21~6,0,0,0,0 08-20~4,1,0,0,0 08-28~2,0,0,0,0 05-21~1,0,0,0,0 07-19~1,0,0,0,0 08-23~6,2,1,0,0 2026-07M~2,0,0,0,0 06-13~4,0,0,0,0 06-17~4,0,0,0,0 06-15~4,1,1,0,0 06-19~3,0,0,0,0 08-15~5,1,0,0,0 08-30~2,0,0,0,0 08-26~5,0,0,0,0 06-30~1,1,1,1,1 07-02~1,0,0,0,0 07-17~2,1,0,0,0 08-31~1,0,0,0,0 se~602,878,18,28.6,2.36
South Sudan|2026-07~1,1,1,1,0 06-26~1,1,0,0,0 08-05~1,0,0,0,0 07-15~1,1,1,1,0 2026-08~4,3,1,1,0 06-25~1,1,1,1,0 05-01~1,0,0,0,0 08-04~1,1,1,1,0 08-02~1,1,0,0,0 2026-05M~1,0,0,0,0 05-11~1,0,0,0,0 06-30~1,1,0,0,0 all~10,9,4,3,0 06-27~1,1,1,0,0 2026-08M~1,1,0,0,0 08-23~1,1,0,0,0 2026-05~2,1,0,0,0 05-31~1,1,0,0,0 2026-06~4,4,2,1,0
Spain|06-21~86,12,5,3,1 07-03~101,8,6,4,1 07-24~148,16,11,4,0 05-13~68,26,9,6,1 08-10~77,6,3,1,0 06-08~132,18,8,2,0 07-10~76,4,2,1,0 06-05~124,15,8,2,0 08-27~92,4,2,1,0 07-02~141,7,4,2,0 05-12~83,40,0,0,0 07-14~66,3,2,1,1 08-11~65,7,2,0,0 07-11~81,7,4,2,0 06-09~135,15,9,4,0 08-01~127,11,8,2,0 07-05~132,7,7,3,0 05-19~64,9,6,1,0 07-25~120,11,6,5,0 07-31~141,8,3,2,1 06-29~109,15,12,9,2 07-08~92,3,1,0,0 06-10~191,21,13,2,1 08-25~103,8,3,1,0 06-22~557,43,3,1,0 06-27~96,8,5,3,0 07-06~126,11,5,4,0 05-04~39,8,0,0,0 06-24~117,6,3,0,0 08-04~109,1,1,0,0 08-08~81,11,7,4,3 05-08~48,4,0,0,0 05-11~38,3,0,0,0 07-07~100,5,0,0,0 08-18~3054,134,6,2,1 07-26~119,14,9,3,0 06-18~91,12,4,2,0 08-28~70,4,3,2,1 08-26~90,8,4,2,2 07-17~17152,222,5,3,0 06-15~92,9,2,0,0 08-14~4536,154,6,2,1 07-18~20467,5,1,1,0 07-27~120,8,5,3,1 05-09~43,5,0,0,0 05-16~50,15,6,3,1 08-17~6096,184,5,2,0 all~133263,2211,522,272,66 05-31~79,12,8,5,0 08-20~123,5,4,4,1 2026-09~159,44,12,8,7 05-23~11,0,0,0,0 07-22~138,9,2,2,0 09-01~118,35,5,3,1 08-19~121,9,5,2,0 08-05~92,5,3,2,0 08-09~92,3,1,1,0 07-12~74,4,2,1,1 05-24~10,0,0,0,0 06-28~70,4,2,0,0 07-30~135,12,9,6,1 07-21~2837,5,1,1,1 05-02~43,5,0,0,0 08-23~129,6,3,2,1 06-16~76,7,4,1,0 08-12~3507,82,6,1,0 06-17~61,8,4,4,0 07-16~72,1,0,0,0 2026-09M~159,44,12,8,7 05-18~52,5,1,0,0 08-21~82,6,3,1,0 07-15~58,3,1,1,0 2026-08M~273,26,18,7,1 05-30~93,9,7,2,0 2026-07M~237,21,10,5,0 06-19~85,15,3,1,0 07-01~132,14,6,3,0 07-29~153,15,6,4,0 06-11~168,19,9,7,0 07-09~91,7,4,2,1 07-20~19458,7,2,0,0 06-12~117,15,5,4,0 06-13~87,15,5,0,0 05-15~52,17,6,2,0 07-23~128,9,5,2,0 08-02~181,15,10,4,1 08-15~7815,166,8,3,1 05-25~10,0,0,0,0 08-03~117,6,5,2,1 05-22~15,0,0,0,0 2026-08~35971,1081,134,58,20 05-06~41,3,0,0,0 2026-06~3086,450,176,92,13 05-01~59,8,0,0,0 07-04~134,10,8,2,0 06-25~110,9,6,5,1 08-13~4108,143,7,2,1 08-16~7489,147,4,1,0 05-05~37,3,0,0,0 08-31~85,13,9,4,0 08-24~104,9,6,3,1 06-23~831,76,5,4,1 08-22~88,3,1,0,0 05-10~50,1,0,0,0 2026-05M~81,13,0,0,0 05-17~52,8,5,2,0 06-07~147,16,9,1,0 08-06~90,5,4,1,0 05-28~110,10,4,2,0 09-02~84,8,6,3,2 05-03~40,5,0,0,0 07-28~124,7,4,1,0 06-30~140,6,2,2,0 05-14~45,12,7,7,2 06-04~314,8,4,3,0 2026-06M~141,32,21,5,0 05-20~27,1,1,0,0 07-19~35718,22,6,0,0 06-01~79,17,12,2,0 05-07~28,0,0,0,0 06-14~71,9,6,3,1 06-20~89,14,5,3,1 06-26~94,6,3,3,1 06-03~79,12,3,0,0 08-30~68,3,2,0,0 06-06~144,15,7,2,0 06-02~82,16,9,3,0 08-07~77,7,3,2,2 05-27~42,7,4,2,1 05-21~11,0,0,0,0 2026-07~94575,463,134,72,12 07-13~84,6,3,2,1 08-29~72,5,4,2,2 05-26~8,0,0,0,0 2026-05~742,206,68,33,5 05-29~87,5,4,1,0 sr~133192,77839 se~159417,241,6,23.9,3.39
Sri Lanka|08-03~3,0,0,0,0 08-22~5,0,0,0,0 08-30~5,1,0,0,0 2026-07M~6,1,0,0,0 06-24~3,0,0,0,0 05-27~2,0,0,0,0 07-04~3,0,0,0,0 07-11~2,0,0,0,0 05-25~1,0,0,0,0 05-03~1,0,0,0,0 2026-08~23,8,6,3,3 08-24~5,0,0,0,0 09-01~4,0,0,0,0 05-11~2,0,0,0,0 07-25~3,1,0,0,0 08-05~3,1,1,1,1 06-21~2,0,0,0,0 06-18~2,0,0,0,0 07-19~5,1,1,0,0 05-15~1,0,0,0,0 08-16~5,2,2,0,0 07-05~2,0,0,0,0 08-01~2,0,0,0,0 06-26~11,3,2,2,0 06-11~2,0,0,0,0 07-12~2,0,0,0,0 07-09~1,0,0,0,0 05-08~2,0,0,0,0 05-19~2,0,0,0,0 05-01~2,0,0,0,0 05-21~4,0,0,0,0 07-13~1,0,0,0,0 07-07~2,0,0,0,0 06-25~2,0,0,0,0 05-29~3,1,1,1,0 07-06~3,0,0,0,0 08-02~2,0,0,0,0 08-25~4,0,0,0,0 2026-07~32,13,8,1,0 05-09~3,0,0,0,0 06-01~1,0,0,0,0 07-01~5,1,0,0,0 05-24~3,0,0,0,0 07-18~2,0,0,0,0 08-29~4,0,0,0,0 07-30~4,1,1,0,0 06-17~1,0,0,0,0 07-02~3,0,0,0,0 05-28~3,0,0,0,0 06-22~4,0,0,0,0 2026-05M~3,0,0,0,0 08-17~4,0,0,0,0 05-23~3,1,0,0,0 07-08~2,0,0,0,0 07-24~3,1,0,0,0 2026-06M~2,0,0,0,0 06-04~3,1,1,1,0 05-17~3,2,2,1,0 07-22~4,1,0,0,0 06-03~2,0,0,0,0 05-30~3,1,1,1,0 05-26~2,0,0,0,0 06-30~9,4,3,0,0 08-12~4,0,0,0,0 07-29~7,3,3,1,0 08-18~7,1,1,1,0 2026-09~4,0,0,0,0 06-06~2,1,1,0,0 08-14~3,0,0,0,0 06-07~2,0,0,0,0 06-23~2,0,0,0,0 05-22~1,0,0,0,0 08-28~3,0,0,0,0 08-23~6,1,1,1,1 05-14~1,0,0,0,0 07-03~1,0,0,0,0 05-31~1,0,0,0,0 08-15~3,0,0,0,0 05-02~3,0,0,0,0 06-09~3,1,1,0,0 07-15~2,0,0,0,0 06-16~5,2,1,1,0 06-13~3,0,0,0,0 05-07~2,0,0,0,0 06-14~2,0,0,0,0 2026-09M~4,0,0,0,0 07-21~2,0,0,0,0 07-26~2,0,0,0,0 08-20~5,1,1,0,0 07-14~2,0,0,0,0 06-08~3,0,0,0,0 05-06~2,0,0,0,0 all~100,45,33,18,3 05-04~1,0,0,0,0 06-12~2,0,0,0,0 06-02~2,0,0,0,0 06-29~4,1,1,1,0 07-27~2,0,0,0,0 09-02~3,0,0,0,0 05-12~1,0,0,0,0 05-13~2,0,0,0,0 06-10~2,0,0,0,0 08-09~3,0,0,0,0 2026-06~44,20,16,10,0 08-31~4,0,0,0,0 08-08~5,0,0,0,0 06-15~2,0,0,0,0 05-16~2,0,0,0,0 08-07~2,0,0,0,0 2026-05~16,5,4,3,0 07-28~3,0,0,0,0 08-27~4,0,0,0,0 05-18~3,0,0,0,0 07-31~3,2,1,0,0 06-27~7,3,2,2,0 08-19~7,1,0,0,0 08-11~3,0,0,0,0 08-06~3,0,0,0,0 05-10~2,0,0,0,0 07-10~2,1,1,0,0 06-19~2,0,0,0,0 2026-08M~2,0,0,0,0 08-04~2,0,0,0,0 06-20~2,0,0,0,0 08-10~2,0,0,0,0 08-21~5,0,0,0,0 07-20~3,1,1,0,0 08-26~3,0,0,0,0 08-13~2,0,0,0,0 05-20~1,0,0,0,0 06-28~11,6,4,3,0 07-16~2,0,0,0,0 06-05~4,0,0,0,0 05-05~1,0,0,0,0 07-17~5,0,0,0,0 07-23~3,0,0,0,0 se~782,484,86,6.8,2.89
Sudan|07-19~1,0,0,0,0 2026-07~4,2,2,0,0 06-11~1,1,1,1,0 2026-07M~2,1,1,0,0 07-01~2,1,1,0,0 08-04~1,0,0,0,0 08-03~1,0,0,0,0 2026-06~1,1,1,1,0 08-10~1,1,1,0,0 07-08~1,1,1,0,0 2026-08~3,1,1,0,0 all~8,4,4,1,0
Suriname|08-24~2,0,0,0,0 08-07~5,0,0,0,0 05-06~1,0,0,0,0 05-21~1,0,0,0,0 07-16~3,2,0,0,0 05-15~1,0,0,0,0 06-13~1,0,0,0,0 05-18~1,0,0,0,0 05-07~1,0,0,0,0 07-17~4,3,1,0,0 05-11~1,0,0,0,0 05-14~1,0,0,0,0 2026-05M~1,0,0,0,0 06-20~2,1,1,0,0 06-04~1,0,0,0,0 08-01~4,1,0,0,0 05-20~1,0,0,0,0 2026-07M~1,0,0,0,0 06-27~2,0,0,0,0 06-24~1,0,0,0,0 08-09~4,0,0,0,0 05-03~2,0,0,0,0 06-19~2,0,0,0,0 07-01~1,0,0,0,0 07-18~2,0,0,0,0 06-15~1,0,0,0,0 07-14~1,0,0,0,0 05-02~1,0,0,0,0 05-23~1,0,0,0,0 05-05~1,0,0,0,0 06-12~1,0,0,0,0 2026-09~2,0,0,0,0 09-01~2,0,0,0,0 08-19~1,0,0,0,0 06-03~1,0,0,0,0 05-12~1,0,0,0,0 05-08~1,0,0,0,0 06-23~1,0,0,0,0 05-22~1,0,0,0,0 06-14~2,0,0,0,0 08-08~4,0,0,0,0 07-13~2,1,0,0,0 08-16~3,0,0,0,0 2026-06~6,3,2,0,0 07-05~4,1,1,1,0 08-06~2,0,0,0,0 08-15~1,0,0,0,0 2026-05~5,0,0,0,0 06-22~2,0,0,0,0 07-26~3,1,0,0,0 08-29~2,0,0,0,0 05-27~1,0,0,0,0 08-10~9,0,0,0,0 06-11~3,0,0,0,0 07-09~2,1,0,0,0 08-03~1,0,0,0,0 08-12~5,2,0,0,0 05-31~1,0,0,0,0 05-17~1,0,0,0,0 07-21~2,1,0,0,0 08-25~2,0,0,0,0 2026-09M~2,0,0,0,0 08-11~3,0,0,0,0 06-16~1,0,0,0,0 06-06~1,0,0,0,0 05-24~1,0,0,0,0 2026-06M~1,0,0,0,0 07-07~1,0,0,0,0 05-13~1,0,0,0,0 2026-07~26,14,4,2,0 08-17~1,0,0,0,0 06-05~1,0,0,0,0 05-10~1,0,0,0,0 2026-08M~5,1,0,0,0 08-26~2,0,0,0,0 05-04~1,0,0,0,0 08-14~3,0,0,0,0 06-07~1,0,0,0,0 05-25~1,0,0,0,0 08-04~3,2,0,0,0 08-13~8,5,0,0,0 06-08~1,0,0,0,0 07-10~1,0,0,0,0 05-26~1,0,0,0,0 09-02~2,0,0,0,0 08-22~2,0,0,0,0 07-20~2,1,0,0,0 07-27~4,2,1,0,0 07-03~1,0,0,0,0 07-29~2,0,0,0,0 05-29~2,0,0,0,0 07-04~1,0,0,0,0 05-01~1,0,0,0,0 08-27~1,0,0,0,0 06-21~3,0,0,0,0 06-18~1,0,0,0,0 07-31~1,0,0,0,0 06-29~1,0,0,0,0 06-26~1,0,0,0,0 07-15~2,0,0,0,0 07-12~4,1,0,0,0 08-02~2,0,0,0,0 06-02~1,0,0,0,0 06-17~2,0,0,0,0 07-06~1,0,0,0,0 07-19~3,0,0,0,0 06-01~1,0,0,0,0 08-31~1,0,0,0,0 08-30~1,0,0,0,0 07-11~3,1,1,1,0 06-09~1,0,0,0,0 05-19~1,0,0,0,0 07-25~1,0,0,0,0 08-23~3,1,0,0,0 07-02~1,0,0,0,0 05-09~1,0,0,0,0 06-28~1,0,0,0,0 07-30~2,0,0,0,0 08-18~1,0,0,0,0 2026-08~38,10,0,0,0 05-30~1,0,0,0,0 07-22~1,0,0,0,0 07-24~1,0,0,0,0 07-28~2,0,0,0,0 06-30~2,1,0,0,0 07-08~2,0,0,0,0 06-10~1,0,0,0,0 05-16~1,0,0,0,0 08-05~1,0,0,0,0 08-20~1,0,0,0,0 08-28~2,0,0,0,0 07-23~2,1,0,0,0 08-21~2,0,0,0,0 06-25~2,1,1,0,0 all~68,27,6,2,0 se~279,342,41,8.6,2.75
Sweden|06-05~36,7,2,0,0 06-18~81,5,4,2,0 05-13~36,3,0,0,0 2026-06M~66,9,3,1,0 08-15~62,13,3,2,0 06-04~73,3,1,1,0 07-25~55,14,6,4,0 07-17~55,15,6,1,0 2026-06~1416,149,93,51,6 08-24~35,6,3,2,1 05-06~35,7,0,0,0 05-31~52,6,2,1,0 08-02~104,10,3,2,1 06-24~104,7,3,3,0 08-20~51,9,2,2,0 05-23~48,4,3,0,0 05-08~33,2,0,0,0 06-12~60,4,2,0,0 07-13~43,10,1,1,0 06-20~93,6,5,3,1 07-06~68,6,3,1,1 06-07~36,4,2,1,1 05-09~50,7,0,0,0 05-28~60,11,5,3,1 08-27~47,9,5,1,0 06-25~100,6,5,3,0 06-19~101,10,9,5,1 07-01~114,6,3,2,0 08-12~66,7,1,1,0 06-08~50,13,6,2,0 07-10~46,10,5,4,2 2026-09~55,16,8,5,3 05-19~39,10,4,3,2 05-03~39,7,0,0,0 06-28~58,2,1,0,0 07-30~97,5,2,0,0 all~3897,879,437,304,99 05-16~30,7,4,3,0 05-29~43,6,5,4,1 07-07~92,10,6,5,1 08-03~71,16,11,9,0 07-18~56,12,5,3,3 07-24~50,13,4,2,0 06-16~106,7,3,1,0 2026-07M~243,14,7,4,0 08-17~58,6,3,2,0 2026-09M~55,16,8,5,3 2026-07~1220,299,143,97,35 05-21~54,23,15,8,1 06-27~76,3,2,1,0 07-31~68,9,5,1,0 06-29~76,7,4,1,0 08-10~63,9,2,1,1 08-22~42,6,2,0,0 2026-08M~167,16,9,6,2 2026-05~663,200,89,67,27 08-25~51,16,9,7,2 07-02~152,8,4,2,0 08-08~65,14,7,4,2 08-01~90,6,6,4,1 09-01~29,6,1,0,0 08-19~58,8,4,3,1 08-31~33,6,2,1,0 09-02~43,10,7,5,3 2026-05M~55,7,0,0,0 07-05~128,8,6,4,1 07-15~37,7,4,4,0 06-14~69,3,1,0,0 05-01~37,5,0,0,0 05-18~50,24,18,14,5 07-16~41,16,6,3,2 08-21~40,6,3,2,1 06-26~80,10,5,4,1 05-24~42,5,4,2,1 2026-08~985,261,110,77,23 05-25~32,6,2,2,0 05-27~41,8,5,3,1 05-07~30,4,0,0,0 08-06~73,10,5,2,1 07-14~47,14,7,4,2 08-16~48,9,1,1,1 08-18~44,10,2,0,0 05-04~43,8,0,0,0 05-05~31,1,0,0,0 06-03~38,8,5,3,0 08-11~100,25,4,2,1 08-29~33,6,2,1,0 07-08~53,5,4,2,2 06-10~101,7,5,2,0 07-22~69,18,7,3,2 07-20~42,4,2,0,0 05-22~34,3,2,2,0 06-17~74,3,1,1,0 06-21~92,4,2,1,0 08-26~29,4,2,2,2 06-13~65,3,2,2,0 08-30~34,4,1,1,0 06-22~81,7,7,3,0 08-05~62,6,3,1,1 06-06~44,5,4,3,1 07-19~60,1,0,0,0 06-01~35,5,1,1,0 08-09~58,3,0,0,0 05-11~23,3,0,0,0 07-11~43,9,4,3,1 06-09~81,6,4,1,0 07-04~131,6,3,1,0 07-26~70,24,4,3,0 06-15~80,2,0,0,0 07-12~38,7,0,0,0 05-26~41,13,9,6,3 06-02~46,4,2,0,0 05-12~36,10,0,0,0 08-28~40,5,2,0,0 05-17~32,5,2,2,0 06-11~100,1,0,0,0 07-09~63,19,13,9,3 05-02~26,2,0,0,0 05-20~34,6,3,1,0 05-30~44,4,2,2,1 05-15~31,5,3,1,0 06-23~92,5,3,1,0 08-04~79,17,6,5,2 08-13~67,19,4,4,0 05-10~18,2,0,0,0 05-14~25,0,0,0,0 08-14~65,18,8,5,1 07-29~105,17,6,5,3 07-23~75,18,8,7,2 07-03~104,3,1,1,0 08-23~43,8,1,1,0 07-28~98,25,7,6,3 06-30~105,5,3,1,0 07-21~63,13,4,1,0 07-27~96,25,10,7,3 08-07~80,7,3,2,0 sr~4237,2533 se~12933,673,52,13.0,3.86
Switzerland|08-16~39,3,1,0,0 06-08~15,3,0,0,0 05-29~32,1,1,0,0 06-09~23,5,4,1,1 06-19~25,5,3,0,0 2026-08M~7848,300,2,1,0 08-10~3277,119,0,0,0 06-20~34,10,5,0,0 07-04~19,1,1,1,1 06-27~18,3,0,0,0 2026-05M~24,3,0,0,0 07-22~34,5,1,0,0 08-18~39,4,1,1,0 05-15~19,4,2,2,1 2026-06~305,99,68,17,9 05-23~16,3,2,1,1 06-22~48,19,15,1,0 05-11~15,2,0,0,0 06-10~32,1,0,0,0 06-03~16,2,1,0,0 07-07~29,1,0,0,0 06-30~23,2,0,0,0 05-14~18,2,0,0,0 05-28~27,5,2,2,1 08-08~3382,145,2,1,0 06-15~24,2,1,1,1 05-19~20,4,1,0,0 08-11~2707,121,1,1,1 08-19~43,3,2,1,1 07-23~20,1,1,0,0 05-31~25,3,3,2,0 08-07~3218,130,1,1,1 05-27~21,3,2,1,0 06-06~15,0,0,0,0 08-17~31,0,0,0,0 06-21~39,23,20,1,0 08-26~27,0,0,0,0 08-04~2861,134,1,0,0 05-16~13,1,1,0,0 05-18~10,3,0,0,0 07-15~28,4,3,2,1 07-30~4380,214,2,1,1 09-02~16,1,0,0,0 05-04~20,5,0,0,0 06-13~42,6,3,2,2 07-02~27,4,1,1,0 2026-09~22,1,0,0,0 06-25~22,3,1,0,0 06-23~19,3,1,1,0 07-05~23,1,1,0,0 08-01~3875,150,1,1,0 08-12~1155,48,1,1,0 07-28~4721,208,0,0,0 06-01~15,0,0,0,0 07-21~18,0,0,0,0 06-11~36,3,1,1,1 08-03~3386,147,0,0,0 08-23~37,6,3,1,1 07-19~26,2,1,1,1 05-03~17,4,0,0,0 08-28~28,2,2,0,0 07-12~19,1,0,0,0 07-11~19,1,0,0,0 2026-09M~22,1,0,0,0 05-25~21,3,0,0,0 06-04~19,3,1,1,1 09-01~17,0,0,0,0 08-06~3081,135,0,0,0 06-26~23,5,2,1,0 07-20~24,4,2,0,0 07-01~24,0,0,0,0 05-17~15,2,2,0,0 08-05~3151,144,1,0,0 07-26~17,2,1,1,1 08-15~37,3,2,0,0 08-02~4004,151,1,0,0 2026-06M~32,5,2,1,0 2026-08~37359,1557,26,14,6 07-31~4202,201,1,1,0 07-09~27,1,0,0,0 06-05~25,4,1,1,1 05-02~17,1,0,0,0 05-05~14,1,0,0,0 05-21~22,7,3,1,1 08-24~32,3,0,0,0 08-25~29,2,0,0,0 05-09~14,3,0,0,0 2026-07~20639,961,46,19,11 05-26~15,2,1,0,0 05-10~18,3,0,0,0 07-06~25,2,1,1,0 05-22~20,4,1,0,0 07-10~27,5,4,2,2 05-13~18,3,1,1,1 07-25~16,0,0,0,0 06-29~24,3,2,1,0 05-30~19,1,1,1,0 06-17~28,5,2,0,0 07-29~4318,185,2,1,0 08-13~55,3,1,1,1 06-02~25,5,2,1,0 05-24~20,2,1,0,0 06-07~22,2,1,1,1 08-20~41,2,0,0,0 08-21~24,2,0,0,0 05-07~13,2,0,0,0 07-08~28,4,3,0,0 07-13~19,0,0,0,0 08-29~20,2,0,0,0 05-20~16,3,1,1,0 2026-05~191,62,26,17,6 07-18~20,5,5,0,0 08-22~33,4,1,0,0 07-14~23,5,3,2,1 05-12~15,2,0,0,0 07-24~19,2,1,0,0 06-28~23,0,0,0,0 08-09~3261,100,0,0,0 2026-07M~36,4,1,1,0 06-12~30,4,2,2,1 06-16~26,5,2,1,0 07-17~26,6,5,1,1 05-06~18,1,0,0,0 06-14~30,4,1,0,0 all~58306,2653,162,70,35 06-18~26,1,0,0,0 06-24~19,1,0,0,0 08-14~42,5,1,1,0 08-31~17,1,1,1,1 08-27~26,2,1,1,0 07-03~25,5,4,1,1 07-16~25,4,4,2,0 05-01~14,3,0,0,0 08-30~17,1,1,1,0 05-08~10,1,0,0,0 07-27~2991,105,0,0,0 sr~58958,58514 se~65823,318,64,38.0,1.85
Syria|06-07~3,1,0,0,0 07-24~2,0,0,0,0 08-12~2,1,1,0,0 07-28~14,0,0,0,0 06-30~5,2,1,0,0 05-14~1,0,0,0,0 07-23~2,0,0,0,0 06-06~1,0,0,0,0 06-16~2,0,0,0,0 2026-09M~1,0,0,0,0 05-25~2,0,0,0,0 06-23~1,0,0,0,0 08-07~2,0,0,0,0 06-28~2,0,0,0,0 07-30~5,2,0,0,0 08-30~1,0,0,0,0 05-03~1,0,0,0,0 05-21~3,0,0,0,0 08-22~3,0,0,0,0 08-09~4,0,0,0,0 06-13~3,1,0,0,0 07-07~1,0,0,0,0 07-22~2,0,0,0,0 06-25~2,0,0,0,0 08-08~3,2,0,0,0 07-14~2,0,0,0,0 07-17~3,1,0,0,0 08-29~1,0,0,0,0 05-26~2,0,0,0,0 07-27~3,0,0,0,0 05-13~1,0,0,0,0 07-29~12,4,0,0,0 06-20~2,0,0,0,0 08-18~2,1,0,0,0 08-02~2,0,0,0,0 07-02~1,0,0,0,0 06-03~2,0,0,0,0 all~132,30,4,2,0 08-17~3,0,0,0,0 08-28~3,0,0,0,0 05-02~1,0,0,0,0 07-18~1,0,0,0,0 07-11~2,0,0,0,0 06-09~1,0,0,0,0 05-16~1,0,0,0,0 08-20~1,0,0,0,0 05-11~2,1,0,0,0 07-04~1,0,0,0,0 2026-09~1,0,0,0,0 05-23~4,1,1,1,0 05-24~1,0,0,0,0 07-20~1,0,0,0,0 05-09~2,1,0,0,0 07-16~3,0,0,0,0 06-12~3,0,0,0,0 07-06~1,0,0,0,0 05-18~1,0,0,0,0 2026-05~14,4,2,2,0 05-30~2,0,0,0,0 2026-07M~12,7,0,0,0 06-24~2,0,0,0,0 07-25~2,0,0,0,0 2026-08M~6,0,0,0,0 07-13~1,0,0,0,0 08-01~5,0,0,0,0 06-05~2,0,0,0,0 08-19~2,0,0,0,0 07-31~2,0,0,0,0 06-29~6,3,0,0,0 09-02~1,0,0,0,0 05-01~1,0,0,0,0 07-21~1,0,0,0,0 2026-06M~2,0,0,0,0 05-20~1,0,0,0,0 2026-06~29,7,1,0,0 08-25~1,0,0,0,0 06-21~1,0,0,0,0 08-24~2,0,0,0,0 08-26~4,0,0,0,0 08-06~2,0,0,0,0 05-07~1,0,0,0,0 05-17~1,0,0,0,0 05-19~1,0,0,0,0 08-05~3,1,0,0,0 08-04~4,0,0,0,0 05-10~1,0,0,0,0 2026-05M~1,0,0,0,0 06-15~2,0,0,0,0 05-28~2,0,0,0,0 07-12~2,0,0,0,0 06-02~1,0,0,0,0 06-14~1,0,0,0,0 08-23~2,0,0,0,0 06-04~2,0,0,0,0 05-27~3,0,0,0,0 06-01~2,0,0,0,0 07-19~3,1,0,0,0 2026-07~53,15,0,0,0 05-31~4,1,1,1,0 05-04~1,0,0,0,0 06-26~2,0,0,0,0 06-18~1,0,0,0,0 05-08~1,0,0,0,0 08-10~2,0,0,0,0 06-11~1,0,0,0,0 07-09~1,0,0,0,0 06-22~1,0,0,0,0 07-15~3,0,0,0,0 06-08~1,0,0,0,0 07-10~1,0,0,0,0 08-27~2,0,0,0,0 08-13~3,0,0,0,0 05-29~2,0,0,0,0 08-16~4,0,0,0,0 08-03~2,0,0,0,0 08-21~3,0,0,0,0 08-14~3,0,0,0,0 05-05~1,0,0,0,0 06-27~5,0,0,0,0 05-12~1,0,0,0,0 08-11~2,0,0,0,0 08-15~2,0,0,0,0 07-08~1,0,0,0,0 06-10~1,0,0,0,0 05-15~1,0,0,0,0 07-05~1,0,0,0,0 06-19~2,0,0,0,0 07-01~12,7,0,0,0 07-03~1,0,0,0,0 06-17~2,0,0,0,0 07-26~2,0,0,0,0 05-22~1,0,0,0,0 2026-08~45,4,1,0,0 05-06~1,0,0,0,0 se~484,399,64,10.7,3.79
São Tomé and Príncipe|08-09~1,0,0,0,0 all~1,0,0,0,0 2026-08~1,0,0,0,0
Taiwan|08-20~1,0,0,0,0 09-02~5,0,0,0,0 07-09~38,18,17,0,0 06-11~3,0,0,0,0 08-09~3,0,0,0,0 08-04~5,0,0,0,0 06-26~6,1,0,0,0 05-02~3,0,0,0,0 06-10~2,0,0,0,0 07-08~2,0,0,0,0 08-08~3,0,0,0,0 2026-07M~9,1,0,0,0 07-18~4,1,0,0,0 07-21~28,1,1,1,0 08-28~2,0,0,0,0 08-11~5,2,0,0,0 06-24~4,0,0,0,0 07-26~2,0,0,0,0 08-23~2,1,0,0,0 08-26~2,0,0,0,0 05-15~7,1,0,0,0 07-23~6,2,0,0,0 08-25~3,0,0,0,0 06-05~2,0,0,0,0 06-09~4,1,0,0,0 07-11~53,46,45,1,0 07-02~7,1,0,0,0 07-01~3,0,0,0,0 06-19~1,1,1,0,0 08-19~4,0,0,0,0 09-01~3,0,0,0,0 05-30~2,1,1,0,0 06-29~4,1,1,1,0 07-31~15,1,0,0,0 05-05~2,0,0,0,0 06-27~3,0,0,0,0 08-14~3,0,0,0,0 07-14~4,1,1,1,0 06-15~2,0,0,0,0 08-01~22,0,0,0,0 05-14~3,0,0,0,0 06-16~3,0,0,0,0 07-07~3,0,0,0,0 07-20~12,1,0,0,0 05-09~2,1,0,0,0 2026-09M~5,0,0,0,0 05-22~3,0,0,0,0 05-07~4,0,0,0,0 06-21~2,0,0,0,0 07-12~7,0,0,0,0 07-24~3,0,0,0,0 07-22~2,0,0,0,0 06-18~2,1,0,0,0 06-04~4,0,0,0,0 05-16~2,0,0,0,0 all~319,117,84,14,0 07-10~16,5,4,1,0 06-08~2,0,0,0,0 05-25~5,0,0,0,0 05-26~1,0,0,0,0 08-29~2,0,0,0,0 07-05~1,0,0,0,0 06-22~3,0,0,0,0 08-17~3,0,0,0,0 06-13~4,2,2,2,0 2026-08M~40,2,0,0,0 08-16~4,2,1,1,0 07-27~2,0,0,0,0 06-20~4,1,0,0,0 2026-06M~3,1,0,0,0 05-17~1,0,0,0,0 08-18~4,1,1,0,0 08-30~2,1,0,0,0 05-08~8,0,0,0,0 08-10~1,0,0,0,0 05-11~1,0,0,0,0 05-01~4,1,0,0,0 05-18~4,0,0,0,0 08-13~3,0,0,0,0 08-12~2,0,0,0,0 05-06~3,0,0,0,0 2026-05M~5,1,0,0,0 06-03~2,0,0,0,0 07-04~2,0,0,0,0 06-14~3,0,0,0,0 06-02~3,1,0,0,0 05-29~3,0,0,0,0 2026-05~46,10,2,1,0 05-28~5,0,0,0,0 2026-07~159,84,74,7,0 08-24~3,0,0,0,0 06-12~3,1,0,0,0 05-31~1,0,0,0,0 06-17~3,0,0,0,0 05-27~4,1,0,0,0 05-12~4,1,0,0,0 06-30~3,1,1,1,0 07-28~6,0,0,0,0 06-25~4,0,0,0,0 08-22~4,1,1,1,0 06-23~2,0,0,0,0 07-16~9,0,0,0,0 08-06~1,0,0,0,0 06-07~2,0,0,0,0 07-03~2,0,0,0,0 07-06~3,0,0,0,0 08-31~2,0,0,0,0 08-05~1,0,0,0,0 2026-09~5,0,0,0,0 05-24~2,0,0,0,0 08-15~2,0,0,0,0 08-21~1,0,0,0,0 05-23~1,0,0,0,0 08-27~4,1,0,0,0 08-02~20,2,0,0,0 05-13~3,1,0,0,0 07-29~10,2,2,1,0 05-04~1,0,0,0,0 08-07~4,1,0,0,0 08-03~23,2,0,0,0 06-06~4,0,0,0,0 05-03~6,1,0,0,0 07-13~13,5,3,0,0 07-17~5,0,0,0,0 05-20~2,1,1,1,0 2026-08~95,14,3,2,0 07-15~2,0,0,0,0 06-01~2,0,0,0,0 07-19~10,0,0,0,0 07-25~3,0,0,0,0 05-19~6,0,0,0,0 07-30~5,0,0,0,0 06-28~3,0,0,0,0 05-21~2,1,0,0,0 2026-06~36,11,5,4,0 05-10~1,0,0,0,0 sr~361,236 se~829,822,66,13.6,2.9
Tajikistan|07-31~1,0,0,0,0 06-03~1,0,0,0,0 07-06~1,0,0,0,0 06-22~1,0,0,0,0 06-25~1,0,0,0,0 07-07~1,0,0,0,0 2026-06~5,1,1,1,1 08-07~1,0,0,0,0 06-24~1,0,0,0,0 06-21~1,0,0,0,0 06-13~1,0,0,0,0 06-30~1,0,0,0,0 08-02~1,0,0,0,0 07-02~2,1,1,1,1 2026-07~7,3,1,1,1 06-11~1,1,1,1,1 2026-08M~2,0,0,0,0 06-26~1,0,0,0,0 07-29~1,0,0,0,0 08-13~2,1,0,0,0 07-04~1,0,0,0,0 06-28~1,0,0,0,0 06-27~2,0,0,0,0 08-24~1,0,0,0,0 06-17~1,0,0,0,0 06-19~1,0,0,0,0 2026-07M~2,1,1,1,1 08-20~1,1,1,0,0 07-03~1,0,0,0,0 2026-08~9,3,1,0,0 05-08~1,1,0,0,0 2026-05~1,1,0,0,0 08-21~3,1,0,0,0 07-23~1,0,0,0,0 07-28~1,1,0,0,0 06-12~1,0,0,0,0 08-05~1,0,0,0,0 08-01~1,0,0,0,0 all~21,8,3,2,2 08-22~1,0,0,0,0 07-26~1,1,0,0,0 08-23~1,0,0,0,0
Tanzania|2026-09~1,0,0,0,0 07-18~1,0,0,0,0 2026-09M~1,0,0,0,0 06-23~1,0,0,0,0 07-22~1,1,0,0,0 05-28~1,0,0,0,0 08-12~19,0,0,0,0 08-20~1,0,0,0,0 06-25~2,0,0,0,0 05-01~1,0,0,0,0 07-13~1,0,0,0,0 05-06~1,0,0,0,0 08-03~1,0,0,0,0 07-17~1,1,1,1,0 2026-06~21,8,5,4,0 05-03~1,0,0,0,0 05-31~1,0,0,0,0 08-31~1,0,0,0,0 05-14~1,0,0,0,0 08-28~1,0,0,0,0 05-21~2,1,1,1,0 07-10~1,0,0,0,0 06-08~1,0,0,0,0 08-07~1,0,0,0,0 06-24~1,0,0,0,0 08-30~2,1,1,0,0 all~86,14,8,6,0 08-13~1,0,0,0,0 06-22~2,1,1,1,0 06-13~1,0,0,0,0 07-29~4,1,0,0,0 08-08~2,0,0,0,0 08-06~1,0,0,0,0 07-02~4,0,0,0,0 07-27~1,0,0,0,0 05-04~1,0,0,0,0 05-02~1,0,0,0,0 07-12~1,0,0,0,0 06-27~6,3,1,1,0 06-16~2,0,0,0,0 06-01~1,0,0,0,0 07-19~2,0,0,0,0 2026-08~39,2,1,0,0 07-05~3,0,0,0,0 07-06~1,0,0,0,0 05-25~1,0,0,0,0 2026-08M~1,0,0,0,0 05-07~1,0,0,0,0 08-21~2,1,0,0,0 05-18~1,0,0,0,0 05-17~1,0,0,0,0 2026-07~30,3,1,1,0 07-16~1,0,0,0,0 06-30~1,0,0,0,0 07-28~1,0,0,0,0 07-31~1,0,0,0,0 08-23~2,0,0,0,0 07-21~1,0,0,0,0 06-20~2,0,0,0,0 07-09~2,0,0,0,0 06-11~3,0,0,0,0 08-15~2,0,0,0,0 2026-05M~1,0,0,0,0 07-11~1,0,0,0,0 06-03~1,0,0,0,0 07-07~1,0,0,0,0 05-08~1,0,0,0,0 08-29~2,0,0,0,0 06-26~7,3,3,2,0 05-23~1,0,0,0,0 08-25~2,0,0,0,0 06-14~1,0,0,0,0 2026-06M~1,0,0,0,0 08-19~1,0,0,0,0 09-01~1,0,0,0,0 07-04~1,0,0,0,0 2026-07M~12,0,0,0,0 06-17~1,0,0,0,0 07-03~2,0,0,0,0 05-09~1,0,0,0,0 07-24~1,0,0,0,0 07-23~2,0,0,0,0 08-18~1,0,0,0,0 08-14~3,0,0,0,0 05-05~1,0,0,0,0 06-21~1,0,0,0,0 06-04~2,1,0,0,0 06-12~1,0,0,0,0 05-10~1,0,0,0,0 2026-05~2,1,1,1,0 07-01~8,0,0,0,0 06-19~1,0,0,0,0 06-05~1,0,0,0,0 08-01~1,0,0,0,0 08-16~4,0,0,0,0 07-30~2,0,0,0,0 06-28~5,0,0,0,0 se~216,286,84,10.6,2.93
Thailand|07-11~14,2,1,1,0 06-09~8,2,1,0,0 06-14~14,1,1,1,0 06-20~20,10,8,4,0 08-03~7,0,0,0,0 2026-08~81,27,12,7,5 05-26~5,0,0,0,0 all~473,142,80,51,10 08-04~6,0,0,0,0 06-24~14,1,0,0,0 06-21~14,3,2,1,0 05-03~6,0,0,0,0 08-29~8,4,3,1,0 05-15~6,2,1,1,1 05-31~5,0,0,0,0 08-10~5,0,0,0,0 06-15~5,0,0,0,0 07-19~28,4,0,0,0 06-01~7,1,1,1,0 07-20~24,7,3,2,0 08-17~10,3,0,0,0 07-12~15,5,1,1,0 05-12~6,1,0,0,0 05-11~4,0,0,0,0 07-17~20,6,5,3,0 07-05~9,2,1,0,0 06-06~8,0,0,0,0 08-12~6,0,0,0,0 07-14~11,1,0,0,0 08-20~10,2,1,0,0 05-20~7,4,1,1,0 08-05~8,1,1,1,1 09-02~6,0,0,0,0 2026-06M~11,3,2,1,0 08-30~5,0,0,0,0 06-16~14,2,1,0,0 07-28~6,0,0,0,0 06-30~15,2,1,0,0 2026-09~12,0,0,0,0 05-27~6,1,1,0,0 06-27~11,2,1,0,0 07-25~8,1,1,1,0 08-25~8,1,0,0,0 05-16~3,1,0,0,0 06-28~13,4,1,1,0 07-30~9,0,0,0,0 06-17~10,1,0,0,0 05-21~7,1,0,0,0 05-02~2,1,0,0,0 05-28~10,0,0,0,0 2026-06~172,56,39,20,0 08-11~12,2,0,0,0 07-07~15,0,0,0,0 05-19~6,0,0,0,0 05-17~9,2,0,0,0 08-08~7,2,1,1,0 08-23~11,1,0,0,0 06-07~8,2,2,1,0 06-12~12,1,1,1,0 08-15~7,0,0,0,0 08-13~6,0,0,0,0 08-07~6,1,0,0,0 05-24~9,1,0,0,0 08-31~6,2,2,1,1 08-21~8,0,0,0,0 06-04~5,0,0,0,0 06-22~11,4,4,0,0 07-18~14,3,2,2,0 05-23~6,0,0,0,0 08-02~7,2,1,0,0 06-11~19,1,1,1,0 07-09~7,1,0,0,0 07-26~9,0,0,0,0 07-27~6,0,0,0,0 06-26~10,0,0,0,0 08-16~8,1,1,0,0 05-30~16,1,0,0,0 08-09~5,0,0,0,0 06-25~11,2,1,0,0 08-06~11,1,0,0,0 05-18~5,0,0,0,0 07-29~9,0,0,0,0 07-02~7,1,0,0,0 07-03~7,2,1,0,0 06-19~18,6,5,3,0 07-01~12,0,0,0,0 07-21~22,4,2,1,0 07-08~10,2,1,0,0 06-10~17,5,4,2,0 07-22~6,0,0,0,0 07-23~5,0,0,0,0 06-13~16,4,3,2,0 2026-05M~4,1,0,0,0 06-02~5,2,1,0,0 05-04~6,2,0,0,0 2026-09M~12,0,0,0,0 05-06~1,0,0,0,0 07-04~5,0,0,0,0 05-29~5,2,2,2,1 2026-07~204,46,24,18,1 07-15~7,0,0,0,0 05-14~5,0,0,0,0 2026-08M~11,2,1,0,0 09-01~9,0,0,0,0 08-19~11,3,1,0,0 07-13~11,2,1,1,0 05-13~5,2,0,0,0 2026-07M~17,1,0,0,0 08-27~4,0,0,0,0 05-22~9,1,1,0,0 2026-05~77,18,6,4,2 06-18~7,0,0,0,0 05-08~3,0,0,0,0 07-31~7,1,1,1,0 06-29~6,0,0,0,0 07-24~9,0,0,0,0 07-06~11,2,2,2,0 06-08~6,1,0,0,0 07-10~12,1,0,0,0 07-16~17,2,2,2,0 08-18~10,2,1,0,0 08-22~7,0,0,0,0 06-05~7,1,0,0,0 08-26~4,0,0,0,0 05-09~2,0,0,0,0 05-05~3,0,0,0,0 06-03~5,0,0,0,0 08-24~8,1,0,0,0 05-25~5,0,0,0,0 06-23~13,0,0,0,0 08-28~5,0,0,0,0 08-14~6,1,0,0,0 08-01~8,0,0,0,0 05-10~4,0,0,0,0 05-07~4,0,0,0,0 05-01~2,0,0,0,0 sr~526,368 se~1760,902,139,7.3,3.82
The Netherlands|05-12~8,2,0,0,0 05-31~44,9,8,4,2 08-30~43,11,6,4,3 08-17~62,12,8,5,0 07-23~44,8,5,3,0 08-23~88,10,6,4,1 07-18~50,16,10,4,4 07-14~41,14,7,1,0 08-31~43,7,4,2,2 05-28~52,8,4,1,0 06-07~45,14,13,2,1 08-27~59,7,3,2,1 07-22~38,7,2,0,0 08-22~66,5,2,2,0 06-13~47,5,3,3,2 08-16~68,14,8,3,3 08-02~139,11,4,3,0 05-19~18,7,2,1,1 2026-06M~88,20,11,5,1 07-07~59,5,1,1,0 07-16~71,19,6,1,1 06-14~60,5,2,1,0 08-09~93,12,6,1,0 08-05~180,88,5,2,0 07-09~36,5,4,4,1 06-11~93,8,5,2,1 06-23~71,4,2,1,0 06-06~41,9,6,4,0 07-01~53,6,3,2,1 06-19~72,9,5,2,1 06-30~86,12,9,2,0 07-28~162,16,6,5,1 08-15~83,13,6,3,0 06-03~48,13,8,4,1 07-15~32,8,2,0,0 all~4515,998,531,300,117 07-04~73,8,6,3,1 08-24~78,12,8,2,0 06-26~53,5,5,0,0 07-27~101,17,7,4,0 08-14~59,7,5,3,2 07-24~52,10,3,1,0 05-20~23,5,3,2,2 05-30~39,5,4,3,2 06-12~74,7,3,3,1 05-23~31,11,8,4,2 2026-09~72,13,6,4,2 07-13~34,5,4,3,1 06-20~45,4,2,1,0 08-04~107,6,5,2,0 08-11~104,13,6,5,1 06-16~78,2,1,1,0 06-10~94,9,5,2,0 07-08~42,6,5,4,0 05-18~31,9,8,5,1 05-26~19,5,2,1,0 06-04~70,4,2,2,0 2026-06~1229,229,148,76,22 2026-09M~72,13,6,4,2 06-22~67,8,3,1,0 05-24~26,11,3,3,0 08-07~91,13,9,2,0 08-21~80,8,4,3,0 05-13~21,4,3,1,0 05-27~33,6,4,1,0 08-03~124,10,5,1,1 06-18~61,8,5,4,0 2026-07M~115,15,7,3,1 06-01~46,11,6,3,1 07-19~62,7,4,2,2 08-12~69,12,5,4,2 07-10~48,14,6,3,2 06-08~62,12,8,3,1 07-21~45,10,5,3,1 08-25~79,8,5,2,1 05-21~29,8,8,3,0 06-15~62,15,13,5,2 07-12~58,15,6,4,2 08-26~58,6,4,4,1 06-05~50,5,2,1,0 08-19~110,13,5,4,3 09-01~47,7,2,2,1 07-05~73,10,6,3,0 08-18~60,7,3,1,1 09-02~41,6,4,2,1 2026-08M~270,23,10,7,0 05-22~25,8,3,2,2 2026-08~1911,370,149,85,33 08-13~71,12,2,1,1 05-25~28,12,4,2,2 08-10~112,15,4,1,1 06-29~57,4,1,0,0 07-31~100,10,3,2,0 05-14~19,6,3,2,0 08-01~144,12,6,4,0 07-26~54,12,4,2,0 07-30~113,9,3,2,0 06-28~62,11,6,5,1 07-20~51,7,2,1,1 07-25~50,8,6,4,3 05-11~17,10,0,0,0 07-02~75,9,4,1,0 07-17~46,18,8,4,1 08-08~89,10,3,0,0 06-09~90,11,7,5,1 07-11~41,8,7,3,2 06-24~89,11,7,4,1 07-06~47,7,3,2,0 07-29~146,12,5,1,0 05-15~18,5,3,2,2 08-28~63,8,5,2,0 07-03~67,11,7,4,3 08-29~43,6,5,4,2 05-29~31,6,4,1,0 06-21~76,9,4,3,0 2026-07~1323,286,147,82,34 08-06~99,11,1,1,0 06-25~80,9,5,1,0 06-27~43,6,4,2,1 08-20~92,8,0,0,0 06-17~53,3,3,2,1 2026-05~398,143,84,44,20 05-16~15,5,5,1,0 06-02~50,9,5,2,0 05-17~22,7,5,2,0 sr~5811,4150 se~15600,925,94,12.5,4.42
Timor-Leste|2026-07~4,1,0,0,0 07-04~1,0,0,0,0 06-11~1,1,1,0,0 08-29~1,0,0,0,0 05-07~1,0,0,0,0 07-01~2,1,0,0,0 06-22~1,1,0,0,0 all~10,4,1,0,0 2026-08~1,0,0,0,0 06-17~1,1,0,0,0 2026-07M~3,1,0,0,0 2026-05~1,0,0,0,0 2026-06~4,3,1,0,0 07-02~1,0,0,0,0 06-15~1,0,0,0,0
Togo|06-03~1,1,1,0,0 06-25~1,0,0,0,0 2026-09M~1,1,1,1,0 all~20,10,7,3,0 2026-07~6,4,3,1,0 06-20~1,0,0,0,0 08-25~1,1,1,0,0 07-29~3,3,3,1,0 06-29~1,1,0,0,0 2026-08~5,1,1,0,0 08-12~1,1,0,0,0 06-21~1,0,0,0,0 07-01~1,0,0,0,0 08-05~1,1,1,0,0 2026-07M~1,0,0,0,0 2026-09~1,1,1,1,0 06-26~2,1,1,1,0 08-15~2,0,0,0,0 09-02~1,0,0,0,0 06-27~2,0,0,0,0 2026-06~10,4,2,1,0 07-24~1,1,0,0,0 07-03~2,0,0,0,0 08-11~2,0,0,0,0 06-22~2,0,0,0,0 06-11~1,1,0,0,0 06-14~2,0,0,0,0 06-24~1,0,0,0,0 09-01~1,1,1,1,0
Trinidad and Tobago|08-02~3,0,0,0,0 2026-06~12,4,4,2,1 07-02~3,0,0,0,0 07-25~3,0,0,0,0 06-24~2,1,1,1,0 05-18~1,0,0,0,0 07-11~4,0,0,0,0 05-23~1,0,0,0,0 08-26~3,0,0,0,0 07-03~4,0,0,0,0 06-25~4,0,0,0,0 05-24~1,0,0,0,0 07-15~3,0,0,0,0 05-19~1,0,0,0,0 07-10~4,0,0,0,0 05-09~1,0,0,0,0 07-04~4,0,0,0,0 05-30~1,0,0,0,0 07-24~4,1,0,0,0 07-30~4,0,0,0,0 07-09~6,2,1,0,0 08-01~2,0,0,0,0 08-04~3,0,0,0,0 2026-08~7,1,0,0,0 08-16~3,0,0,0,0 07-07~4,0,0,0,0 08-07~2,0,0,0,0 06-01~1,0,0,0,0 05-25~2,0,0,0,0 06-26~1,0,0,0,0 07-06~4,0,0,0,0 05-13~2,0,0,0,0 07-27~3,0,0,0,0 07-01~4,0,0,0,0 05-20~1,0,0,0,0 09-02~3,0,0,0,0 06-29~2,0,0,0,0 07-16~4,0,0,0,0 06-09~1,0,0,0,0 08-23~3,0,0,0,0 07-19~6,2,0,0,0 07-26~3,0,0,0,0 2026-09~3,0,0,0,0 06-21~2,0,0,0,0 2026-07~18,8,3,2,0 05-31~1,0,0,0,0 08-14~3,0,0,0,0 06-06~1,0,0,0,0 06-08~1,0,0,0,0 05-28~2,0,0,0,0 06-14~2,0,0,0,0 all~27,13,7,5,1 08-19~4,0,0,0,0 07-23~3,1,0,0,0 05-27~1,0,0,0,0 09-01~3,0,0,0,0 05-11~2,0,0,0,0 07-13~5,0,0,0,0 08-29~3,0,0,0,0 06-13~3,0,0,0,0 07-31~2,0,0,0,0 05-22~1,0,0,0,0 07-20~3,0,0,0,0 05-14~1,0,0,0,0 07-17~3,0,0,0,0 05-29~2,1,0,0,0 07-14~4,1,1,1,0 05-26~1,0,0,0,0 06-07~1,0,0,0,0 08-11~3,0,0,0,0 2026-08M~3,0,0,0,0 08-10~3,0,0,0,0 08-12~3,0,0,0,0 07-28~4,0,0,0,0 07-08~5,0,0,0,0 07-21~4,1,1,1,0 2026-05~5,2,0,0,0 08-31~3,0,0,0,0 08-30~2,0,0,0,0 07-22~4,0,0,0,0 08-18~3,0,0,0,0 05-15~1,0,0,0,0 08-09~5,0,0,0,0 06-12~2,0,0,0,0 06-15~2,0,0,0,0 06-19~2,0,0,0,0 08-17~2,0,0,0,0 07-05~4,0,0,0,0 08-06~3,0,0,0,0 06-03~2,0,0,0,0 2026-09M~3,0,0,0,0 06-27~2,0,0,0,0 06-20~4,0,0,0,0 08-24~2,0,0,0,0 06-28~3,1,0,0,0 05-12~3,1,0,0,0 07-29~4,0,0,0,0 08-13~5,1,0,0,0 2026-07M~4,0,0,0,0 06-23~3,0,0,0,0 08-27~2,0,0,0,0 06-17~2,0,0,0,0 07-18~5,0,0,0,0 08-22~3,0,0,0,0 06-30~5,2,2,0,0 08-15~3,0,0,0,0 08-03~2,0,0,0,0 08-05~3,0,0,0,0 08-20~3,0,0,0,0 06-02~1,0,0,0,0 08-25~3,0,0,0,0 08-21~3,0,0,0,0 05-06~2,0,0,0,0 06-10~3,1,1,1,1 06-16~1,0,0,0,0 08-08~3,0,0,0,0 08-28~3,0,0,0,0 07-12~3,0,0,0,0 05-08~1,0,0,0,0 2026-06M~1,0,0,0,0 05-21~1,0,0,0,0 06-11~3,0,0,0,0 06-18~1,0,0,0,0 se~591,502,73,6.1,3.19
Tunisia|06-30~31,0,0,0,0 07-28~31,3,2,2,0 07-12~34,1,1,0,0 05-02~27,0,0,0,0 08-01~31,0,0,0,0 07-01~37,3,1,1,0 06-19~35,1,1,0,0 06-14~34,2,1,0,0 07-13~35,1,1,1,0 05-03~26,0,0,0,0 07-05~38,1,1,0,0 2026-08M~33,0,0,0,0 06-18~29,0,0,0,0 08-10~31,0,0,0,0 07-14~34,0,0,0,0 05-08~26,2,0,0,0 08-29~36,0,0,0,0 07-20~31,0,0,0,0 2026-07M~45,4,2,2,0 08-25~34,0,0,0,0 06-01~30,0,0,0,0 07-19~29,1,1,0,0 05-28~28,0,0,0,0 05-23~25,0,0,0,0 06-24~32,0,0,0,0 07-27~30,0,0,0,0 07-17~36,1,1,0,0 05-15~25,1,1,1,0 08-15~34,1,1,1,0 05-27~24,0,0,0,0 08-19~30,1,0,0,0 09-01~34,0,0,0,0 05-19~18,0,0,0,0 08-23~34,0,0,0,0 07-16~29,1,1,1,0 08-09~27,1,1,0,0 06-09~35,2,1,1,0 07-11~32,0,0,0,0 05-22~30,1,1,0,0 08-26~36,1,1,0,0 07-06~37,0,0,0,0 06-04~20,0,0,0,0 08-05~33,1,0,0,0 2026-06~174,31,20,10,4 07-09~35,4,4,3,0 06-11~33,0,0,0,0 05-18~31,1,1,0,0 05-07~21,0,0,0,0 08-06~31,1,1,1,1 05-11~26,0,0,0,0 08-28~34,1,1,1,0 06-26~41,3,2,2,0 05-20~26,0,0,0,0 08-31~33,1,1,1,0 09-02~32,0,0,0,0 07-26~31,1,1,0,0 08-08~29,0,0,0,0 08-14~37,2,1,0,0 08-18~35,2,1,1,0 07-25~29,1,1,0,0 07-03~35,0,0,0,0 all~374,87,61,33,8 07-21~30,1,0,0,0 08-22~32,1,1,1,0 07-30~32,2,2,1,0 06-28~32,1,0,0,0 05-13~27,0,0,0,0 06-07~25,0,0,0,0 08-03~36,0,0,0,0 06-06~26,3,2,2,1 07-07~31,0,0,0,0 05-09~24,1,0,0,0 08-30~33,0,0,0,0 07-04~35,0,0,0,0 05-21~27,4,1,1,1 07-10~33,0,0,0,0 06-08~27,0,0,0,0 06-23~36,0,0,0,0 08-27~37,0,0,0,0 06-22~31,0,0,0,0 06-20~37,3,3,0,0 07-18~30,1,1,0,0 06-29~35,2,1,0,0 07-31~28,1,1,1,1 06-03~25,1,1,1,0 06-02~22,1,0,0,0 05-04~36,1,0,0,0 08-13~31,1,0,0,0 2026-05M~31,0,0,0,0 07-23~22,0,0,0,0 08-04~30,0,0,0,0 08-12~32,0,0,0,0 05-17~25,0,0,0,0 06-25~37,3,3,0,0 05-10~25,0,0,0,0 07-15~33,0,0,0,0 08-02~27,0,0,0,0 05-26~20,1,1,0,0 08-07~34,0,0,0,0 05-14~27,1,1,0,0 05-25~31,1,0,0,0 08-20~31,0,0,0,0 05-01~22,0,0,0,0 05-06~27,0,0,0,0 2026-09M~37,0,0,0,0 06-16~33,0,0,0,0 08-17~37,3,3,0,0 08-24~29,1,1,1,0 05-12~26,0,0,0,0 06-21~28,2,1,1,0 2026-06M~34,1,0,0,0 05-05~26,0,0,0,0 06-15~40,0,0,0,0 05-31~28,1,0,0,0 2026-08~126,19,13,7,2 06-10~43,1,1,1,1 07-08~31,1,1,0,0 05-16~20,1,1,1,0 06-05~30,2,1,0,0 06-27~36,2,1,1,0 07-29~33,1,1,0,0 06-12~40,0,0,0,0 05-24~19,0,0,0,0 2026-07~132,26,22,11,1 08-21~33,1,0,0,0 06-17~23,0,0,0,0 06-13~38,2,1,0,0 08-16~29,0,0,0,0 07-24~29,0,0,0,0 05-30~25,0,0,0,0 07-22~24,0,0,0,0 07-02~34,1,1,1,0 08-11~29,0,0,0,0 2026-05~113,14,7,4,1 05-29~27,0,0,0,0 2026-09~37,0,0,0,0 sr~382,258 se~13028,975,149,5.0,4.54
Turkmenistan|all~1,0,0,0,0 07-31~1,0,0,0,0 2026-07~1,0,0,0,0
Türkiye|05-15~7,0,0,0,0 05-08~11,0,0,0,0 06-27~19,1,0,0,0 07-22~27,3,1,0,0 05-31~10,0,0,0,0 06-26~27,2,0,0,0 2026-07M~76,11,8,6,1 07-07~35,3,2,2,0 05-29~19,3,1,1,0 07-11~25,4,3,2,1 06-09~22,0,0,0,0 08-28~20,3,1,0,0 05-09~15,1,0,0,0 08-06~23,1,1,1,0 05-24~14,2,0,0,0 05-16~12,1,0,0,0 07-16~16,2,2,1,0 07-15~19,1,0,0,0 05-13~12,1,0,0,0 08-20~19,1,0,0,0 06-06~14,2,1,1,0 08-02~79,4,3,2,0 05-01~11,0,0,0,0 07-28~63,4,3,1,0 06-30~20,2,1,1,0 05-10~10,1,0,0,0 07-31~79,6,4,1,0 06-29~22,3,1,1,0 06-02~22,1,1,1,0 07-24~32,1,1,0,0 06-25~13,0,0,0,0 08-05~22,1,0,0,0 06-07~18,3,2,1,0 07-23~42,6,4,0,0 08-30~9,1,0,0,0 05-21~10,2,0,0,0 07-12~19,0,0,0,0 08-29~15,0,0,0,0 07-25~23,1,1,1,0 08-21~15,1,1,1,0 06-22~16,1,0,0,0 07-06~31,1,1,1,0 05-03~8,0,0,0,0 06-05~22,1,0,0,0 07-13~20,1,0,0,0 08-17~19,1,0,0,0 06-17~20,1,1,1,1 08-07~26,0,0,0,0 07-20~19,1,0,0,0 08-23~19,0,0,0,0 2026-05M~14,0,0,0,0 05-18~14,1,0,0,0 2026-07~527,96,67,43,7 07-08~19,2,1,1,0 06-10~33,6,4,4,4 08-10~20,2,1,1,0 08-13~31,3,1,0,0 07-27~31,3,1,1,0 05-22~14,0,0,0,0 05-23~11,0,0,0,0 08-22~18,1,1,1,1 08-03~38,3,3,2,0 06-04~13,2,1,1,0 05-06~10,2,0,0,0 05-07~12,0,0,0,0 05-05~8,0,0,0,0 05-25~14,1,1,1,0 08-24~17,1,0,0,0 05-26~10,0,0,0,0 05-27~15,2,1,0,0 06-21~30,3,2,1,0 06-11~30,4,1,1,1 07-09~55,14,12,8,3 06-16~22,2,0,0,0 all~1036,209,127,84,22 06-18~21,1,1,0,0 07-02~60,8,7,5,1 2026-06M~29,3,2,2,0 05-28~17,2,1,0,0 05-11~15,0,0,0,0 06-03~24,3,3,2,1 08-04~37,4,2,1,1 06-08~20,0,0,0,0 07-10~24,1,1,1,0 07-29~76,8,6,4,0 08-12~39,1,0,0,0 07-18~24,1,1,0,0 08-27~14,0,0,0,0 05-17~10,2,1,1,0 07-17~19,2,1,1,0 06-24~23,2,2,0,0 06-23~21,1,1,0,0 07-26~38,4,4,3,0 07-04~22,0,0,0,0 06-28~21,2,0,0,0 07-30~62,4,4,2,0 05-04~10,0,0,0,0 08-18~20,1,0,0,0 09-01~17,1,1,1,0 08-19~16,2,0,0,0 2026-05~92,24,7,3,0 06-20~17,0,0,0,0 05-30~15,1,1,0,0 06-14~22,2,2,1,1 08-11~27,4,2,1,0 05-20~13,1,1,0,0 05-02~10,0,0,0,0 09-02~13,3,2,0,0 2026-06~207,53,28,21,11 05-14~8,0,0,0,0 08-16~18,1,1,1,1 05-12~13,2,0,0,0 07-19~29,4,1,1,0 06-01~15,2,1,1,0 2026-08M~118,8,5,3,0 08-26~16,1,0,0,0 08-31~17,1,0,0,0 2026-09M~22,4,3,1,0 05-19~11,0,0,0,0 08-15~14,0,0,0,0 2026-09~22,4,3,1,0 06-13~18,1,0,0,0 06-15~28,3,1,0,0 06-19~22,3,1,1,0 07-01~32,3,1,1,0 07-21~36,4,3,2,0 08-09~21,0,0,0,0 08-01~58,4,2,1,0 2026-08~361,43,21,12,3 08-14~29,1,1,0,0 06-12~29,2,1,1,1 08-08~26,2,2,0,0 07-14~19,2,0,0,0 07-03~29,2,2,2,1 07-05~23,1,0,0,0 08-25~18,1,0,0,0 sr~1250,776 se~6983,762,55,14.3,3.25
U.S. Virgin Islands|08-02~1,0,0,0,0 2026-08~2,0,0,0,0 2026-08M~1,0,0,0,0 08-10~1,0,0,0,0 all~2,0,0,0,0
Uganda|07-24~1,1,0,0,0 06-06~1,1,0,0,0 06-21~1,1,0,0,0 06-07~1,0,0,0,0 08-31~1,0,0,0,0 07-09~1,1,1,1,0 06-14~1,0,0,0,0 05-04~2,0,0,0,0 2026-07M~3,0,0,0,0 08-25~1,1,0,0,0 06-20~1,1,0,0,0 2026-07~26,9,2,1,0 08-29~1,1,0,0,0 08-22~2,0,0,0,0 06-28~1,1,0,0,0 07-30~1,0,0,0,0 06-03~1,0,0,0,0 08-27~2,1,1,0,0 07-21~1,0,0,0,0 08-19~1,0,0,0,0 08-15~6,2,1,0,0 08-30~1,0,0,0,0 2026-05M~4,0,0,0,0 08-06~2,1,0,0,0 08-05~1,0,0,0,0 05-12~1,0,0,0,0 05-03~3,1,0,0,0 06-08~1,0,0,0,0 05-14~1,0,0,0,0 08-03~1,1,1,1,0 08-24~1,0,0,0,0 08-16~3,1,0,0,0 08-20~1,0,0,0,0 08-26~1,0,0,0,0 2026-06~23,10,0,0,0 05-11~1,0,0,0,0 08-04~1,0,0,0,0 08-18~1,0,0,0,0 08-14~1,0,0,0,0 07-29~13,4,0,0,0 all~86,31,5,2,0 06-24~2,1,0,0,0 07-13~1,1,1,0,0 06-10~2,1,0,0,0 06-25~5,1,0,0,0 07-17~1,0,0,0,0 05-08~1,1,0,0,0 06-26~4,3,0,0,0 06-29~1,0,0,0,0 07-19~2,2,0,0,0 2026-05~18,4,0,0,0 05-21~1,1,0,0,0 2026-09M~3,2,0,0,0 08-12~2,0,0,0,0 07-02~1,0,0,0,0 05-02~3,0,0,0,0 08-28~1,0,0,0,0 05-01~1,0,0,0,0 05-09~5,0,0,0,0 07-01~2,0,0,0,0 07-06~1,0,0,0,0 05-28~1,1,0,0,0 07-03~1,0,0,0,0 09-02~3,2,0,0,0 08-17~1,0,0,0,0 06-30~3,1,0,0,0 08-13~2,1,0,0,0 08-11~2,0,0,0,0 05-10~1,0,0,0,0 08-21~1,0,0,0,0 2026-08~20,7,3,1,0 2026-09~3,2,0,0,0
Ukraine|06-03~11,3,1,1,0 06-20~12,0,0,0,0 08-29~13,1,1,0,0 05-11~10,1,0,0,0 07-21~14,0,0,0,0 08-28~11,1,0,0,0 05-16~13,2,1,0,0 08-11~18,3,1,1,1 08-07~18,4,2,1,0 08-23~10,1,1,0,0 06-26~17,4,1,1,0 05-02~11,0,0,0,0 06-08~15,2,2,0,0 07-10~15,2,1,1,0 05-05~9,3,0,0,0 08-03~13,4,2,2,1 08-08~13,1,1,1,1 07-14~31,4,3,1,0 2026-08~232,61,39,18,7 08-27~11,0,0,0,0 05-17~10,0,0,0,0 05-08~7,0,0,0,0 05-21~11,2,2,0,0 05-22~13,0,0,0,0 07-13~15,4,2,0,0 2026-06M~15,1,0,0,0 05-12~10,2,0,0,0 08-09~22,2,0,0,0 07-26~17,3,2,1,0 2026-05~161,44,15,7,1 08-24~15,1,1,1,0 all~774,231,142,60,18 08-04~22,2,2,1,0 06-27~13,2,2,1,0 2026-08M~20,1,0,0,0 2026-09M~54,32,30,2,0 07-29~29,4,2,1,1 08-10~15,3,2,1,0 05-24~12,0,0,0,0 07-23~12,0,0,0,0 06-21~18,1,0,0,0 05-03~10,2,0,0,0 07-08~13,0,0,0,0 06-10~14,1,0,0,0 08-05~21,2,1,0,0 06-19~17,2,1,0,0 07-01~18,4,2,2,1 2026-05M~17,2,0,0,0 07-24~15,3,1,0,0 09-01~24,6,5,0,0 08-19~18,2,0,0,0 05-31~16,2,0,0,0 07-16~15,2,0,0,0 05-07~8,1,0,0,0 05-01~11,2,0,0,0 07-11~17,3,3,3,2 06-09~18,3,1,1,1 05-15~10,0,0,0,0 06-24~16,2,2,2,1 2026-06~203,42,23,13,5 05-23~8,0,0,0,0 06-15~17,1,0,0,0 06-02~8,0,0,0,0 07-06~14,0,0,0,0 07-05~18,2,2,0,0 08-31~21,9,8,1,1 05-09~8,0,0,0,0 05-10~7,1,0,0,0 08-21~12,1,1,0,0 05-26~13,1,0,0,0 05-19~15,3,3,3,1 05-28~17,1,0,0,0 07-28~14,2,0,0,0 06-30~13,2,1,0,0 05-04~15,0,0,0,0 08-22~13,2,2,2,0 05-14~15,1,1,0,0 07-15~18,5,3,2,0 07-19~15,2,2,1,0 06-01~10,1,0,0,0 2026-07M~31,5,3,2,1 08-20~18,2,1,0,0 07-22~12,0,0,0,0 06-23~20,1,0,0,0 07-25~9,1,1,1,0 06-05~11,1,1,0,0 05-27~15,2,2,2,0 08-18~14,0,0,0,0 06-12~19,4,4,3,1 08-16~12,4,4,3,2 06-13~14,1,0,0,0 08-14~11,1,0,0,0 05-29~16,2,1,0,0 07-12~12,2,0,0,0 2026-07~229,58,35,19,4 07-18~10,0,0,0,0 08-06~18,2,2,0,0 07-04~13,1,1,1,0 07-31~14,0,0,0,0 06-29~12,0,0,0,0 08-01~14,0,0,0,0 05-18~11,4,2,1,0 06-25~18,1,0,0,0 08-25~13,1,0,0,0 08-30~8,1,0,0,0 08-12~10,2,2,1,0 05-20~15,4,1,0,0 05-25~15,2,1,0,0 08-26~16,3,1,0,0 06-16~26,5,2,0,0 06-17~22,2,2,1,1 09-02~36,26,25,2,0 06-04~8,0,0,0,0 07-07~10,2,2,0,0 06-14~15,1,1,1,1 06-18~15,0,0,0,0 06-28~13,1,1,1,0 07-30~19,1,0,0,0 07-27~12,1,0,0,0 07-20~17,3,1,0,0 05-30~12,1,1,1,0 07-03~17,1,1,0,0 08-17~13,1,1,1,0 2026-09~54,32,30,2,0 05-06~11,3,0,0,0 06-22~13,1,1,0,0 06-07~9,0,0,0,0 06-11~15,0,0,0,0 07-09~15,3,1,1,0 05-13~19,2,0,0,0 07-17~16,5,4,2,0 07-02~21,1,1,0,0 06-06~9,1,0,0,0 08-02~10,1,0,0,0 08-15~8,1,0,0,0 08-13~13,4,3,1,1 sr~880,588 se~4531,646,56,12.0,2.91
United Arab Emirates|07-23~3,0,0,0,0 08-06~4,0,0,0,0 07-19~15,0,0,0,0 05-11~3,0,0,0,0 05-02~2,0,0,0,0 06-11~12,0,0,0,0 08-22~2619,62,0,0,0 07-07~1,0,0,0,0 07-18~7,0,0,0,0 05-10~2,0,0,0,0 05-06~1,0,0,0,0 06-18~2,0,0,0,0 05-17~2,0,0,0,0 06-09~9,1,0,0,0 06-29~4,1,1,1,0 05-23~2,0,0,0,0 07-12~1,0,0,0,0 06-04~6,0,0,0,0 08-05~7,0,0,0,0 05-28~5,0,0,0,0 07-20~4,0,0,0,0 07-25~2,0,0,0,0 08-12~4,2,0,0,0 06-21~3,0,0,0,0 05-24~1,0,0,0,0 08-09~3,0,0,0,0 05-14~2,0,0,0,0 08-03~10,1,0,0,0 06-30~2,0,0,0,0 2026-06~140,4,1,1,0 2026-06M~3,0,0,0,0 05-15~3,0,0,0,0 08-19~1937,32,0,0,0 05-12~2,0,0,0,0 08-28~2247,44,0,0,0 06-01~3,0,0,0,0 07-17~3,0,0,0,0 07-02~1,0,0,0,0 06-14~16,0,0,0,0 08-27~2176,44,0,0,0 08-18~3,0,0,0,0 06-23~2,0,0,0,0 08-10~7,1,0,0,0 all~23856,502,8,6,2 2026-09~10,0,0,0,0 08-08~5,0,0,0,0 05-30~5,1,1,1,1 2026-07~107,7,2,1,0 05-26~2,0,0,0,0 05-22~2,0,0,0,0 07-14~1,0,0,0,0 08-31~4,0,0,0,0 06-02~2,0,0,0,0 07-15~9,0,0,0,0 06-03~3,0,0,0,0 08-30~11,2,1,0,0 05-04~3,0,0,0,0 08-29~12,0,0,0,0 06-19~3,0,0,0,0 05-13~5,0,0,0,0 06-26~1,1,0,0,0 08-15~7,0,0,0,0 07-30~11,1,0,0,0 08-14~4,0,0,0,0 06-27~6,0,0,0,0 09-02~6,0,0,0,0 07-31~8,0,0,0,0 06-25~2,0,0,0,0 08-16~8,1,0,0,0 07-13~1,0,0,0,0 05-18~2,0,0,0,0 05-19~2,0,0,0,0 06-07~1,0,0,0,0 07-11~1,0,0,0,0 05-31~2,0,0,0,0 2026-05M~3,0,0,0,0 07-28~6,0,0,0,0 05-20~2,0,0,0,0 2026-09M~10,0,0,0,0 06-20~9,0,0,0,0 08-13~11,4,1,1,0 06-08~3,1,0,0,0 05-16~4,1,1,1,1 08-02~43,0,0,0,0 07-27~5,0,0,0,0 2026-08M~79,2,0,0,0 05-29~1,0,0,0,0 08-04~3,0,0,0,0 07-21~2,0,0,0,0 2026-07M~11,0,0,0,0 08-20~1963,44,0,0,0 06-13~12,0,0,0,0 09-01~5,0,0,0,0 08-17~7,1,0,0,0 06-24~6,0,0,0,0 08-23~2790,56,0,0,0 06-10~10,0,0,0,0 07-06~1,0,0,0,0 07-03~3,0,0,0,0 08-26~2283,50,0,0,0 06-15~7,0,0,0,0 08-11~6,2,1,1,0 06-22~2,0,0,0,0 07-22~1,1,1,1,0 08-07~9,0,0,0,0 08-01~36,2,0,0,0 06-17~13,0,0,0,0 05-09~1,0,0,0,0 08-24~2589,51,0,0,0 07-01~10,0,0,0,0 06-12~19,0,0,0,0 08-21~2527,59,0,0,0 08-25~2496,47,0,0,0 05-08~1,0,0,0,0 06-16~6,0,0,0,0 2026-05~29,2,2,2,2 2026-08~23601,489,3,2,0 05-27~4,0,0,0,0 07-29~18,5,1,0,0 05-21~2,0,0,0,0 05-01~1,0,0,0,0 sr~24053,23694 se~24998,210,4,46.4,1.5
United Kingdom|06-05~57,11,6,4,1 06-26~73,8,6,4,0 05-17~53,8,7,4,0 07-27~25,1,0,0,0 05-10~33,8,0,0,0 08-17~16,0,0,0,0 2026-09~21,0,0,0,0 08-01~38,1,0,0,0 08-25~21,1,0,0,0 06-20~85,7,5,1,0 05-04~493,9,0,0,0 07-16~23,1,0,0,0 05-08~63,12,0,0,0 05-19~53,3,2,1,0 05-03~412,10,0,0,0 08-06~20,0,0,0,0 08-05~28,1,0,0,0 06-28~32,0,0,0,0 07-30~61,4,0,0,0 07-12~23,0,0,0,0 05-06~52,9,0,0,0 08-21~18,0,0,0,0 05-11~55,19,0,0,0 05-27~55,9,9,2,0 05-24~46,6,6,4,0 07-15~22,0,0,0,0 05-14~54,9,7,2,0 07-20~37,1,0,0,0 08-22~16,0,0,0,0 2026-05M~960,12,0,0,0 05-31~72,3,3,1,0 05-28~474,14,8,5,0 08-02~31,0,0,0,0 06-21~51,4,3,2,0 07-31~34,2,1,0,0 06-29~35,0,0,0,0 08-16~14,1,1,0,0 05-22~83,12,7,3,1 07-25~18,0,0,0,0 06-27~30,0,0,0,0 05-05~757,8,0,0,0 06-16~85,9,5,3,1 08-03~30,0,0,0,0 07-07~32,1,0,0,0 07-22~25,0,0,0,0 06-08~51,10,6,4,0 07-10~26,3,0,0,0 05-01~509,5,0,0,0 05-07~64,10,0,0,0 07-17~31,2,0,0,0 07-29~112,1,0,0,0 05-13~52,11,2,1,0 08-30~13,1,1,0,0 06-22~81,9,8,4,0 05-25~47,8,7,3,0 06-13~92,8,8,3,1 08-18~18,0,0,0,0 06-04~74,7,5,3,1 06-18~77,7,5,2,0 07-03~30,1,1,1,0 07-28~85,2,0,0,0 06-30~36,2,1,0,0 all~6704,637,315,180,30 05-16~48,9,8,6,1 08-27~21,0,0,0,0 05-20~47,11,10,6,3 05-02~468,7,0,0,0 08-24~15,0,0,0,0 05-12~92,43,0,0,0 07-13~23,0,0,0,0 06-07~47,8,5,2,0 2026-05~4630,301,115,57,10 08-26~18,0,0,0,0 07-24~17,2,0,0,0 06-25~83,13,11,8,0 2026-06~1823,314,193,111,17 2026-07~417,20,4,3,2 08-29~15,0,0,0,0 07-23~19,1,0,0,0 06-03~207,14,6,2,1 05-21~50,10,6,4,1 05-29~924,10,8,3,1 09-01~20,0,0,0,0 08-19~16,0,0,0,0 06-14~93,9,6,4,0 08-10~26,2,0,0,0 06-15~107,17,11,5,2 08-12~19,0,0,0,0 2026-08~215,17,5,2,1 07-14~25,1,0,0,0 06-06~288,15,7,4,0 07-02~32,1,1,1,1 2026-07M~44,1,1,1,1 08-08~33,1,0,0,0 05-18~51,7,6,3,1 08-07~31,2,1,1,0 06-23~126,13,9,4,2 08-23~14,0,0,0,0 05-09~50,12,0,0,0 08-14~23,1,0,0,0 2026-08M~52,1,0,0,0 05-26~43,7,4,1,1 05-23~49,8,5,2,0 08-20~22,1,0,0,0 07-08~26,1,0,0,0 06-10~164,18,13,8,0 06-11~171,16,9,4,0 07-09~32,0,0,0,0 08-28~18,0,0,0,0 06-02~384,52,14,7,1 06-19~85,11,8,5,1 07-01~33,0,0,0,0 06-12~114,14,10,6,1 07-06~35,2,1,0,0 08-09~18,0,0,0,0 07-21~22,0,0,0,0 07-26~21,0,0,0,0 07-05~33,0,0,0,0 08-11~18,2,0,0,0 05-30~87,4,3,0,0 08-31~17,2,2,0,0 2026-06M~435,57,14,7,1 06-24~95,16,11,5,1 07-19~57,0,0,0,0 06-01~69,6,1,0,0 06-17~73,10,7,3,0 05-15~46,10,6,3,0 07-11~20,0,0,0,0 06-09~102,17,9,4,1 07-04~25,0,0,0,0 09-02~10,0,0,0,0 07-18~25,1,0,0,0 2026-09M~21,0,0,0,0 08-04~31,1,0,0,0 08-13~25,2,0,0,0 08-15~18,1,0,0,0 sr~7137,1969 se~12419,606,12,35.0,3.19
United States|05-25~554,64,48,26,4 06-17~507,68,34,22,0 07-12~559,57,29,10,3 05-01~2127,61,0,0,0 08-07~4758,262,24,15,4 06-16~597,58,37,18,0 05-08~999,56,0,0,0 05-19~489,61,36,19,1 07-21~6053,363,33,15,0 07-05~642,61,32,15,1 08-18~11956,568,29,11,0 2026-07~64869,4278,1013,505,74 05-14~496,46,29,14,0 05-26~298,37,23,14,1 07-26~570,51,30,16,2 07-25~772,69,21,4,0 2026-09~771,87,48,16,1 05-23~622,57,37,17,4 08-10~2104,152,29,13,2 05-31~665,61,36,18,3 07-18~569,59,26,10,3 2026-06M~1041,122,73,38,2 05-20~499,62,38,24,0 06-19~533,65,38,20,1 07-01~710,72,33,13,2 07-14~596,60,36,16,4 06-15~680,67,41,17,1 07-13~652,63,36,17,4 07-02~700,59,38,18,2 05-11~532,47,0,0,0 07-22~6125,340,30,8,1 09-01~492,35,18,6,1 08-19~718,74,33,19,0 05-04~1654,53,0,0,0 07-15~529,53,25,12,2 08-11~891,138,21,10,1 06-12~989,61,40,22,1 06-04~521,52,34,18,1 08-05~4477,164,44,23,5 2026-08M~8462,314,49,20,1 07-23~6652,407,52,20,0 08-27~891,49,16,5,2 08-02~4606,162,27,12,1 06-27~601,61,37,11,0 08-30~374,44,22,6,1 08-09~4311,168,26,14,1 06-08~732,72,40,18,0 07-10~558,57,24,12,0 09-02~420,52,30,10,0 08-13~12609,481,42,13,1 05-28~916,67,38,13,0 06-20~473,63,50,27,1 08-20~759,77,32,15,2 08-23~672,111,46,29,5 08-08~4294,177,22,12,2 2026-06~20897,2551,1207,612,47 07-17~650,64,38,13,3 07-07~692,61,36,11,3 06-06~469,72,48,21,0 05-12~467,46,0,0,0 05-13~666,44,8,5,0 07-04~620,40,20,8,1 05-09~581,48,0,0,0 08-12~9514,234,26,14,1 05-15~427,43,28,15,2 08-14~10880,540,51,19,1 07-06~738,69,40,24,0 08-04~4477,173,30,16,0 05-16~442,46,30,18,6 05-17~606,50,32,17,0 06-11~1536,86,48,23,3 07-09~553,55,30,10,2 08-03~4383,151,33,7,0 06-21~516,41,24,11,0 06-26~692,122,54,26,5 06-02~630,70,45,25,2 06-28~666,80,56,21,2 07-30~3959,143,30,15,1 05-30~656,72,46,22,1 2026-07M~1220,131,71,32,4 06-05~467,60,41,19,1 05-18~613,39,22,8,1 05-21~521,54,32,13,1 2026-09M~771,87,48,16,1 07-20~17299,676,32,17,5 07-19~790,59,33,16,0 06-01~581,52,28,13,0 08-22~662,71,25,9,1 07-28~9062,602,43,22,0 06-30~769,91,50,27,0 all~241572,14754,3857,2021,232 08-17~15228,622,43,16,0 05-27~720,76,50,22,0 07-27~569,50,30,16,1 06-14~684,64,38,19,2 06-13~760,55,31,11,1 05-03~1074,41,0,0,0 07-03~633,63,34,18,5 07-16~551,59,39,22,2 06-07~1209,72,43,23,0 06-18~496,60,36,15,1 08-28~980,63,24,13,2 08-29~503,29,15,8,0 07-08~535,53,32,18,5 06-10~1029,69,39,19,1 06-24~581,58,28,14,1 08-21~649,87,31,19,5 05-05~766,56,0,0,0 06-03~553,47,33,18,1 05-10~519,39,0,0,0 2026-05M~6173,107,0,0,0 05-24~592,53,38,16,1 08-26~570,75,23,11,3 05-22~729,61,39,19,2 2026-08~140240,6454,948,476,64 05-07~692,51,0,0,0 07-29~4336,315,33,11,1 08-16~20269,671,47,23,2 08-01~4012,153,22,8,0 05-02~4184,46,0,0,0 05-06~1052,52,0,0,0 08-06~4623,162,39,22,1 05-29~740,68,52,25,2 08-25~638,75,25,10,2 06-23~4695,468,38,14,3 06-25~606,82,57,29,3 07-31~4268,144,35,17,3 06-29~676,56,38,15,1 2026-05~18843,1596,665,346,34 07-11~574,57,36,19,2 06-09~2149,64,42,18,2 08-31~485,56,27,7,0 08-24~903,72,27,15,3 06-22~3309,293,38,19,1 07-24~598,97,39,20,3 08-15~16665,730,49,23,3 sr~242223,194835 se~328930,300,7,30.7,2.27
Uruguay|08-26~1,0,0,0,0 08-05~1,0,0,0,0 07-14~1,0,0,0,0 06-11~12,0,0,0,0 05-13~1,0,0,0,0 06-22~1,0,0,0,0 06-06~2,2,2,1,1 08-03~4,1,1,1,0 06-25~4,0,0,0,0 06-26~3,2,1,1,0 07-03~7,2,0,0,0 06-02~1,0,0,0,0 07-31~3,0,0,0,0 06-17~3,0,0,0,0 06-10~4,1,1,1,0 07-08~3,0,0,0,0 06-01~1,0,0,0,0 07-19~4,0,0,0,0 2026-06M~2,0,0,0,0 06-21~3,1,1,1,0 06-16~4,0,0,0,0 06-09~1,0,0,0,0 07-07~7,0,0,0,0 08-04~6,0,0,0,0 08-17~1,0,0,0,0 05-28~1,0,0,0,0 08-19~6,0,0,0,0 05-30~1,1,1,0,0 06-13~12,5,5,5,0 08-01~1,0,0,0,0 08-08~8,6,6,6,6 08-10~1,1,0,0,0 06-14~10,1,1,0,0 2026-07~37,4,1,0,0 all~203,44,32,27,16 05-09~1,0,0,0,0 08-15~2,1,1,1,0 06-07~2,0,0,0,0 05-12~1,1,0,0,0 08-09~1,0,0,0,0 08-24~3,0,0,0,0 08-16~3,0,0,0,0 08-11~6,1,1,1,1 08-18~5,1,0,0,0 08-20~3,2,2,0,0 07-01~2,0,0,0,0 06-19~8,1,1,1,0 07-06~4,1,1,0,0 05-03~2,2,0,0,0 2026-07M~11,0,0,0,0 06-28~1,0,0,0,0 2026-08M~1,0,0,0,0 06-23~1,1,1,1,0 07-02~10,0,0,0,0 06-24~8,6,6,6,6 07-17~1,0,0,0,0 07-10~1,1,0,0,0 06-08~1,1,0,0,0 06-15~7,0,0,0,0 07-04~6,2,0,0,0 07-13~1,0,0,0,0 08-21~2,0,0,0,0 2026-08~59,14,11,9,7 06-18~4,0,0,0,0 05-29~3,0,0,0,0 2026-05~9,4,1,0,0 06-12~24,1,0,0,0 05-14~1,0,0,0,0 2026-06~101,23,19,18,9 08-07~5,1,0,0,0 08-22~1,0,0,0,0 07-21~1,0,0,0,0 07-28~1,0,0,0,0 se~401,458,45,20.9,3.04
Uzbekistan|05-05~3,3,0,0,0 06-16~3,2,2,0,0 05-15~2,0,0,0,0 05-04~1,0,0,0,0 2026-08~60,8,5,4,2 06-12~2,0,0,0,0 06-17~2,1,0,0,0 05-25~1,0,0,0,0 05-03~1,0,0,0,0 08-11~2,0,0,0,0 07-06~3,0,0,0,0 07-26~3,2,1,0,0 07-28~2,0,0,0,0 08-23~2,0,0,0,0 07-21~1,0,0,0,0 08-02~4,0,0,0,0 08-15~2,0,0,0,0 07-02~2,1,1,1,1 07-19~2,0,0,0,0 08-19~1,1,1,0,0 05-01~1,0,0,0,0 05-06~2,1,0,0,0 06-08~2,1,1,0,0 08-09~1,0,0,0,0 08-16~2,0,0,0,0 07-01~12,0,0,0,0 06-11~2,0,0,0,0 06-05~3,2,1,0,0 06-30~1,0,0,0,0 05-10~1,0,0,0,0 08-29~1,0,0,0,0 07-18~4,1,1,0,0 07-09~2,1,1,1,0 05-24~1,0,0,0,0 07-11~3,1,0,0,0 08-06~1,0,0,0,0 08-21~2,1,1,1,0 05-31~1,0,0,0,0 06-23~1,0,0,0,0 07-20~2,0,0,0,0 07-23~3,2,0,0,0 06-24~3,1,1,0,0 07-27~3,0,0,0,0 07-04~2,0,0,0,0 08-13~2,1,1,0,0 2026-08M~8,0,0,0,0 08-04~4,0,0,0,0 07-13~1,0,0,0,0 2026-07M~13,1,1,1,1 2026-07~49,10,6,4,1 06-06~1,0,0,0,0 06-07~1,0,0,0,0 06-10~1,1,0,0,0 07-07~2,0,0,0,0 2026-05~19,12,4,3,0 06-13~3,1,1,1,0 05-30~1,0,0,0,0 05-07~2,1,0,0,0 06-09~1,0,0,0,0 08-24~1,0,0,0,0 08-25~1,1,0,0,0 07-30~6,0,0,0,0 08-27~2,0,0,0,0 06-01~1,0,0,0,0 08-12~2,1,1,1,0 07-05~3,0,0,0,0 06-03~1,1,1,0,0 07-25~2,1,1,1,0 06-25~4,0,0,0,0 06-22~1,0,0,0,0 05-22~2,2,1,0,0 05-20~1,0,0,0,0 08-22~4,0,0,0,0 08-07~3,2,0,0,0 07-10~2,0,0,0,0 05-02~2,0,0,0,0 08-03~2,0,0,0,0 07-14~1,0,0,0,0 2026-06~27,14,10,2,0 08-18~1,0,0,0,0 05-17~2,0,0,0,0 06-19~1,0,0,0,0 08-17~2,0,0,0,0 all~147,43,25,13,3 05-26~1,0,0,0,0 07-12~1,0,0,0,0 08-05~3,0,0,0,0 07-03~4,0,0,0,0 08-14~16,0,0,0,0 08-26~1,0,0,0,0 07-31~4,0,0,0,0 05-14~3,3,1,1,0 06-20~2,1,1,0,0 07-16~1,0,0,0,0 08-01~6,0,0,0,0 06-04~2,1,1,0,0 08-20~5,1,1,1,1 07-29~3,0,0,0,0 05-13~2,1,1,1,0 05-16~1,0,0,0,0 06-18~2,0,0,0,0 05-12~1,0,0,0,0 07-22~2,1,1,1,0 06-27~4,1,1,1,0 05-29~1,0,0,0,0 06-21~2,0,0,0,0 05-23~3,0,0,0,0 07-24~1,0,0,0,0 2026-06M~1,0,0,0,0 06-15~5,1,1,0,0 2026-05M~2,0,0,0,0 06-26~1,0,0,0,0 05-28~3,0,0,0,0 05-21~1,0,0,0,0 05-27~1,1,1,1,0 06-29~2,1,0,0,0 se~352,470,64,11.9,2.84
Vanuatu|all~13,1,0,0,0 05-21~1,0,0,0,0 06-11~5,0,0,0,0 06-16~2,0,0,0,0 2026-07~1,0,0,0,0 06-12~1,0,0,0,0 07-07~1,0,0,0,0 2026-05~1,0,0,0,0 06-08~1,0,0,0,0 2026-06~11,1,0,0,0 06-10~2,0,0,0,0 06-05~1,1,0,0,0
Venezuela|06-09~9,0,0,0,0 06-01~4,0,0,0,0 09-01~6,1,0,0,0 05-11~4,1,0,0,0 08-21~7,1,0,0,0 06-10~8,0,0,0,0 06-03~9,1,1,0,0 07-02~9,2,0,0,0 06-14~9,0,0,0,0 05-19~5,0,0,0,0 05-24~6,0,0,0,0 07-15~33,12,7,5,0 2026-08~79,29,11,4,1 08-24~3,1,0,0,0 08-12~4,2,0,0,0 05-01~4,0,0,0,0 08-11~8,3,2,1,0 07-07~7,0,0,0,0 05-31~3,0,0,0,0 06-21~6,1,1,1,0 05-09~2,0,0,0,0 06-26~26,13,11,11,0 06-30~35,17,15,11,0 06-25~11,4,3,3,0 07-27~3,0,0,0,0 08-31~6,2,0,0,0 06-08~6,1,1,0,0 08-01~5,0,0,0,0 08-28~3,0,0,0,0 06-18~5,0,0,0,0 06-20~4,1,0,0,0 05-20~4,0,0,0,0 07-11~25,10,6,5,0 05-07~4,0,0,0,0 05-27~5,0,0,0,0 06-15~11,1,0,0,0 08-05~10,3,2,0,0 05-21~4,1,1,1,0 05-17~4,1,0,0,0 05-13~4,0,0,0,0 2026-09~9,2,0,0,0 06-04~3,0,0,0,0 07-26~11,3,1,0,0 2026-05M~10,0,0,0,0 08-17~3,2,0,0,0 06-29~27,7,5,5,0 05-16~8,0,0,0,0 all~620,266,186,136,5 07-23~23,8,3,1,0 05-23~7,0,0,0,0 07-12~28,11,9,7,0 08-29~3,1,0,0,0 05-03~2,0,0,0,0 08-30~1,0,0,0,0 06-13~4,2,2,2,1 05-29~4,0,0,0,0 2026-07M~32,16,12,6,0 07-31~6,1,1,0,0 07-24~27,7,3,2,0 2026-06M~8,0,0,0,0 05-15~4,0,0,0,0 07-03~13,0,0,0,0 08-25~7,0,0,0,0 2026-07~383,156,99,65,2 08-14~9,2,1,0,0 08-02~5,1,1,0,0 05-18~4,1,1,0,0 06-24~8,1,0,0,0 05-08~7,0,0,0,0 07-17~19,4,2,0,0 08-26~4,1,0,0,0 06-23~6,0,0,0,0 06-07~5,0,0,0,0 05-25~6,1,0,0,0 05-06~7,0,0,0,0 08-22~3,1,0,0,0 07-20~28,6,3,1,0 07-01~26,14,12,6,0 07-06~5,1,0,0,0 08-16~3,1,0,0,0 07-10~25,14,8,6,0 05-22~6,0,0,0,0 08-06~6,2,1,1,1 06-05~5,0,0,0,0 06-28~59,31,26,17,0 08-04~9,0,0,0,0 2026-06~211,94,77,57,1 08-09~1,0,0,0,0 09-02~4,1,0,0,0 05-12~3,0,0,0,0 08-03~12,3,1,1,0 07-13~43,17,11,7,0 07-18~18,4,1,1,0 06-06~6,1,0,0,0 06-17~4,0,0,0,0 05-04~5,1,0,0,0 07-19~22,5,3,1,0 08-10~6,0,0,0,0 07-21~20,3,2,1,0 06-02~6,0,0,0,0 05-14~3,0,0,0,0 2026-09M~9,2,0,0,0 07-08~18,7,5,4,1 08-07~6,0,0,0,0 07-25~17,4,2,0,0 05-05~6,2,0,0,0 05-28~7,0,0,0,0 06-11~8,0,0,0,0 08-20~9,1,0,0,0 07-22~24,5,2,2,0 07-16~19,2,1,1,0 08-19~5,2,1,0,0 07-04~5,0,0,0,0 05-26~5,1,1,1,0 08-23~3,0,0,0,0 06-19~8,1,0,0,0 2026-08M~8,1,1,0,0 05-10~1,0,0,0,0 08-27~4,1,1,0,0 05-02~7,0,0,0,0 06-27~25,12,10,6,0 07-14~56,19,10,5,0 06-12~9,0,0,0,0 08-13~1,0,0,0,0 08-08~7,2,1,0,0 06-22~7,1,0,0,0 08-18~4,0,0,0,0 07-09~26,8,5,3,0 07-30~7,1,1,1,0 05-30~6,0,0,0,0 08-15~3,1,0,0,0 06-16~5,0,0,0,0 2026-05~47,9,3,2,0 07-28~4,0,0,0,0 07-05~9,0,0,0,0 07-29~18,3,2,2,0 sr~634,234 se~1915,434,91,6.8,2.99
Vietnam|06-07~9,0,0,0,0 07-24~12,0,0,0,0 08-12~12,1,1,1,0 06-30~27,2,0,0,0 07-28~27,12,10,2,1 05-14~11,1,0,0,0 07-23~10,0,0,0,0 06-06~15,0,0,0,0 06-16~25,3,0,0,0 05-25~9,2,2,0,0 06-23~20,2,2,2,1 08-07~13,0,0,0,0 07-30~17,0,0,0,0 06-28~19,0,0,0,0 08-30~9,0,0,0,0 05-03~13,0,0,0,0 2026-09M~17,4,1,0,0 05-21~6,1,1,1,0 08-22~17,6,4,2,0 08-09~13,0,0,0,0 06-13~21,0,0,0,0 07-07~20,0,0,0,0 07-22~12,1,0,0,0 06-25~19,1,0,0,0 08-08~13,0,0,0,0 07-14~20,2,1,1,1 07-17~19,4,3,1,0 08-29~9,1,1,0,0 05-26~11,1,1,0,0 07-27~13,1,1,0,0 05-13~11,4,1,1,1 07-29~15,2,2,2,1 06-20~16,2,1,0,0 2026-06M~20,6,5,3,0 08-18~17,2,2,0,0 08-02~13,1,0,0,0 07-02~14,0,0,0,0 06-03~9,0,0,0,0 08-17~14,0,0,0,0 08-28~12,1,0,0,0 05-02~12,1,0,0,0 07-18~12,1,0,0,0 06-09~12,0,0,0,0 07-11~16,4,3,2,2 05-16~7,0,0,0,0 2026-05~151,40,15,10,3 08-20~23,6,4,3,1 05-11~9,0,0,0,0 07-04~16,0,0,0,0 05-23~13,1,1,1,0 05-24~11,1,1,1,0 07-20~21,5,4,1,0 05-09~11,0,0,0,0 07-16~19,2,2,2,1 06-12~22,1,1,1,1 2026-07~221,48,36,20,10 07-06~19,0,0,0,0 05-18~13,2,2,2,0 05-30~10,0,0,0,0 06-24~22,2,1,1,1 07-25~12,2,0,0,0 07-13~16,1,1,0,0 08-01~14,2,0,0,0 06-05~10,0,0,0,0 08-19~13,1,1,1,0 09-01~12,2,1,0,0 2026-08M~21,3,0,0,0 06-29~25,1,1,1,1 07-31~11,1,0,0,0 09-02~12,2,0,0,0 05-01~6,1,0,0,0 07-21~15,3,3,2,0 05-20~8,0,0,0,0 08-25~17,3,2,2,1 06-21~16,1,1,0,0 08-24~16,0,0,0,0 08-26~13,1,1,0,0 08-06~9,2,2,1,1 05-07~9,1,0,0,0 05-17~7,0,0,0,0 2026-05M~14,2,0,0,0 05-19~6,1,0,0,0 08-05~11,1,1,1,1 08-04~12,0,0,0,0 2026-08~143,44,29,20,9 05-10~10,2,0,0,0 06-15~17,1,1,0,0 05-28~16,2,1,0,0 07-12~24,1,0,0,0 06-02~15,6,5,3,0 06-14~22,1,1,1,0 all~666,169,104,67,30 08-23~13,0,0,0,0 2026-09~17,4,1,0,0 06-04~13,3,1,1,0 05-27~9,2,1,1,0 06-01~8,0,0,0,0 07-19~16,0,0,0,0 05-31~10,1,0,0,0 05-04~21,2,0,0,0 06-26~23,5,3,3,1 06-18~13,0,0,0,0 05-08~12,1,0,0,0 08-10~9,1,0,0,0 07-09~23,0,0,0,0 06-11~30,1,1,1,0 2026-06~241,39,24,17,8 06-22~25,3,2,0,0 07-15~17,2,1,1,1 07-10~12,0,0,0,0 06-08~9,1,1,1,0 08-27~13,2,2,2,0 08-13~12,1,1,1,1 05-29~6,0,0,0,0 08-16~13,2,2,1,0 08-03~17,1,0,0,0 08-21~16,1,0,0,0 08-31~9,0,0,0,0 08-14~16,2,0,0,0 05-05~12,2,0,0,0 06-27~16,2,2,1,0 05-12~9,2,0,0,0 08-11~13,4,1,0,0 08-15~16,4,4,3,3 06-10~21,0,0,0,0 07-08~13,0,0,0,0 05-15~13,1,1,1,0 07-05~19,1,1,1,1 07-01~15,0,0,0,0 06-19~21,1,0,0,0 07-03~28,6,4,2,0 06-17~15,0,0,0,0 2026-07M~22,0,0,0,0 07-26~10,0,0,0,0 05-22~14,6,2,1,0 05-06~15,3,0,0,0 sr~712,482 se~4409,918,128,7.4,4.86
Yemen|2026-09~1,1,0,0,0 08-01~1,0,0,0,0 06-30~1,1,0,0,0 06-10~2,0,0,0,0 all~26,13,2,1,0 2026-07M~1,0,0,0,0 08-05~1,0,0,0,0 2026-08~7,4,0,0,0 09-02~1,1,0,0,0 06-22~1,1,0,0,0 07-20~1,0,0,0,0 2026-07~9,2,0,0,0 07-02~1,0,0,0,0 08-26~1,1,0,0,0 08-02~1,0,0,0,0 08-24~1,1,0,0,0 08-07~1,0,0,0,0 2026-05~3,1,1,0,0 06-20~2,2,0,0,0 07-06~1,1,0,0,0 06-15~1,1,0,0,0 08-30~1,1,0,0,0 2026-08M~2,0,0,0,0 2026-06~8,5,1,1,0 07-29~5,1,0,0,0 2026-09M~1,1,0,0,0 05-11~1,0,0,0,0 05-28~1,0,0,0,0 08-18~1,1,0,0,0 06-29~1,0,0,0,0 07-31~1,0,0,0,0 07-21~1,0,0,0,0 06-26~1,1,1,1,0 05-15~1,1,1,0,0
Zambia|08-23~1,0,0,0,0 08-22~2,0,0,0,0 2026-05~10,2,1,1,0 08-29~1,0,0,0,0 05-08~2,0,0,0,0 06-02~1,0,0,0,0 05-04~1,0,0,0,0 2026-08~2,0,0,0,0 2026-08M~1,0,0,0,0 05-15~2,0,0,0,0 08-09~1,0,0,0,0 08-02~1,0,0,0,0 06-06~1,0,0,0,0 2026-06~31,8,3,2,0 2026-09M~2,0,0,0,0 08-06~1,0,0,0,0 08-21~2,0,0,0,0 05-02~1,0,0,0,0 2026-07~17,4,2,1,0 05-28~2,0,0,0,0 06-01~2,0,0,0,0 07-19~1,0,0,0,0 05-18~1,1,1,1,0 08-03~1,0,0,0,0 all~53,14,6,4,0 05-24~2,0,0,0,0 06-25~1,0,0,0,0 08-26~1,0,0,0,0 05-27~1,0,0,0,0 07-23~2,0,0,0,0 09-02~2,0,0,0,0 07-29~5,1,1,0,0 07-02~1,0,0,0,0 07-20~1,0,0,0,0 08-01~1,0,0,0,0 06-13~2,0,0,0,0 05-10~1,0,0,0,0 06-04~2,1,1,0,0 06-03~1,0,0,0,0 07-25~2,1,0,0,0 2026-05M~2,0,0,0,0 06-27~3,0,0,0,0 07-27~1,0,0,0,0 2026-06M~2,0,0,0,0 07-10~1,0,0,0,0 06-14~1,0,0,0,0 06-17~1,0,0,0,0 05-03~1,0,0,0,0 05-22~1,0,0,0,0 08-28~1,0,0,0,0 05-11~3,1,0,0,0 06-26~8,3,1,1,0 06-07~1,0,0,0,0 05-06~2,1,0,0,0 07-21~1,0,0,0,0 2026-09~2,0,0,0,0 06-20~2,0,0,0,0 06-30~10,1,1,1,0 06-29~4,2,0,0,0 07-31~3,0,0,0,0 07-26~1,0,0,0,0 08-25~1,0,0,0,0 05-25~2,0,0,0,0 06-18~2,0,0,0,0 2026-07M~6,1,0,0,0 07-01~6,1,0,0,0 08-31~1,0,0,0,0 07-18~1,0,0,0,0 07-12~1,1,1,1,0 05-01~1,0,0,0,0 08-20~2,0,0,0,0 05-05~1,0,0,0,0 08-18~2,0,0,0,0 07-05~1,0,0,0,0 08-24~1,0,0,0,0 06-15~2,0,0,0,0 07-06~1,0,0,0,0 06-12~1,0,0,0,0 08-05~1,0,0,0,0 07-09~1,0,0,0,0 06-11~1,0,0,0,0 08-17~1,0,0,0,0 07-30~2,0,0,0,0 06-28~7,1,0,0,0 05-19~1,0,0,0,0 06-05~1,0,0,0,0 06-10~2,0,0,0,0 08-16~1,0,0,0,0 07-14~1,0,0,0,0 08-08~1,0,0,0,0 08-19~1,0,0,0,0 se~213,493,82,10.3,3.22
Zimbabwe|2026-06M~1,0,0,0,0 08-15~2,2,0,0,0 07-17~1,1,0,0,0 08-24~1,1,0,0,0 08-02~1,1,0,0,0 08-20~2,2,0,0,0 05-08~1,0,0,0,0 05-28~1,0,0,0,0 06-25~1,1,0,0,0 06-19~1,1,0,0,0 07-01~5,3,0,0,0 08-12~1,1,0,0,0 2026-07M~5,3,0,0,0 05-03~1,1,0,0,0 06-28~12,5,0,0,0 07-30~1,1,0,0,0 07-07~3,2,0,0,0 08-03~1,1,0,0,0 2026-05~8,3,0,0,0 07-18~3,3,0,0,0 2026-05M~1,1,0,0,0 07-24~1,1,0,0,0 08-17~1,1,0,0,0 06-27~7,4,0,0,0 08-10~2,2,0,0,0 08-22~1,1,0,0,0 08-25~1,0,0,0,0 08-19~3,3,0,0,0 all~88,60,3,2,0 08-31~1,1,1,1,0 2026-08~25,25,2,1,0 07-15~1,1,0,0,0 05-01~1,1,0,0,0 07-16~1,1,0,0,0 08-21~1,1,1,0,0 06-26~1,0,0,0,0 05-24~1,0,0,0,0 08-16~1,1,0,0,0 08-18~1,1,0,0,0 05-04~1,0,0,0,0 2026-06~28,14,0,0,0 08-11~1,1,0,0,0 08-26~1,1,0,0,0 06-22~1,0,0,0,0 07-19~3,1,1,1,0 06-01~1,0,0,0,0 08-09~1,1,0,0,0 2026-07~28,19,1,1,0 05-12~2,1,0,0,0 07-09~1,1,0,0,0 08-04~1,1,0,0,0 08-13~1,1,0,0,0 07-29~6,3,0,0,0 08-23~1,1,0,0,0 07-28~1,1,0,0,0 06-30~7,4,0,0,0 07-21~1,0,0,0,0 2026-08M~1,1,0,0,0
Åland Islands|08-08~1,0,0,0,0 2026-07~4,0,0,0,0 09-01~1,0,0,0,0 08-14~1,0,0,0,0 06-21~1,0,0,0,0 08-23~1,0,0,0,0 08-31~1,0,0,0,0 07-31~1,0,0,0,0 07-07~1,0,0,0,0 08-11~4,0,0,0,0 07-08~1,0,0,0,0 06-13~1,0,0,0,0 2026-06~3,0,0,0,0 06-24~1,0,0,0,0 07-27~1,0,0,0,0 2026-08~6,2,2,2,1 08-12~1,0,0,0,0 08-09~2,1,1,1,0 08-15~2,0,0,0,0 08-16~1,0,0,0,0 08-17~1,0,0,0,0 2026-09~1,0,0,0,0 08-30~1,1,0,0,0 08-21~1,0,0,0,0 08-03~1,1,1,1,1 2026-09M~1,0,0,0,0 05-21~1,0,0,0,0 08-10~1,0,0,0,0 08-07~2,0,0,0,0 all~14,2,2,2,1 08-06~1,0,0,0,0 2026-05~1,0,0,0,0
(null)|08-26~2,0,0,0,0 08-16~2,0,0,0,0 08-07~1,0,0,0,0 08-27~4,0,0,0,0 2026-08~11,0,0,0,0 08-28~2,0,0,0,0 07-18~1,0,0,0,0 2026-07~1,0,0,0,0 all~12,0,0,0,0